dataset,model,method,image_id,target,sigma,repeat,seed,status,spearman,top10_jaccard,original_pred,perturbed_pred,prediction_preserved,original_target_score,perturbed_target_score,target_score_abs_delta,perturbation_mae_pixel,attribution_time_ms
imagenet,vgg16,ig,ILSVRC2012_val_00012132,17,0.01,0,1240890485581281775,valid,0.4578373750385924,0.3313876359777129,17,17,True,0.8944293856620789,0.9237810373306274,0.029351651668548584,0.007977155037224293,296.32166399960624
imagenet,vgg16,ig,ILSVRC2012_val_00012132,17,0.01,1,7809966714089166156,valid,0.4496722099378359,0.3241852487135506,17,17,True,0.8944293856620789,0.9387997984886169,0.044370412826538086,0.00797604862600565,296.4814780002598
imagenet,vgg16,ig,ILSVRC2012_val_00012132,17,0.01,2,594568608699110832,valid,0.46514854274095124,0.3310344827586207,17,17,True,0.8944293856620789,0.9324424266815186,0.0380130410194397,0.00797850452363491,298.0507799998122
imagenet,vgg16,ig,ILSVRC2012_val_00012132,17,0.01,3,8272835477805138346,valid,0.45318789978327007,0.3315642828711689,17,17,True,0.8944293856620789,0.9282286167144775,0.03379923105239868,0.00795917771756649,297.4230049999278
imagenet,vgg16,ig,ILSVRC2012_val_00012132,17,0.01,4,5588988483984321074,valid,0.4493729376844918,0.3175790993829592,17,17,True,0.8944293856620789,0.917996883392334,0.023567497730255127,0.007953647524118423,296.580418999838
imagenet,vgg16,ig,ILSVRC2012_val_00012132,17,0.02,0,1240890485581281775,valid,0.2884849496858582,0.24500682297481702,17,17,True,0.8944293856620789,0.9050020575523376,0.010572671890258789,0.01577305607497692,297.18616299987843
imagenet,vgg16,ig,ILSVRC2012_val_00012132,17,0.02,1,7809966714089166156,valid,0.2801074584393112,0.2431561996779388,17,17,True,0.8944293856620789,0.9352478384971619,0.04081845283508301,0.01578219048678875,296.4443770001708
imagenet,vgg16,ig,ILSVRC2012_val_00012132,17,0.02,2,594568608699110832,valid,0.2746766144586384,0.23231827111984282,17,17,True,0.8944293856620789,0.9054471850395203,0.011017799377441406,0.01577969826757908,296.36170399999173
imagenet,vgg16,ig,ILSVRC2012_val_00012132,17,0.02,3,8272835477805138346,valid,0.2851777985044096,0.2352,17,17,True,0.8944293856620789,0.9038301110267639,0.009400725364685059,0.015742696821689606,297.09342900014235
imagenet,vgg16,ig,ILSVRC2012_val_00012132,17,0.02,4,5588988483984321074,valid,0.270531238113233,0.23050514958312898,17,17,True,0.8944293856620789,0.9478992819786072,0.05346989631652832,0.01573066972196102,296.9163929997194
imagenet,vgg16,ig,ILSVRC2012_val_00012132,17,0.05,0,1240890485581281775,valid,0.0994891375232229,0.14802104781514527,17,17,True,0.8944293856620789,0.761306643486023,0.1331227421760559,0.03825867921113968,296.43683599988435
imagenet,vgg16,ig,ILSVRC2012_val_00012132,17,0.05,1,7809966714089166156,valid,0.09803981880126368,0.15555555555555556,17,17,True,0.8944293856620789,0.5974268913269043,0.29700249433517456,0.03828912228345871,297.2448699997585
imagenet,vgg16,ig,ILSVRC2012_val_00012132,17,0.05,2,594568608699110832,valid,0.07955673807396349,0.14305239179954443,17,17,True,0.8944293856620789,0.7551577091217041,0.13927167654037476,0.03823862969875336,296.4783030001854
imagenet,vgg16,ig,ILSVRC2012_val_00012132,17,0.05,3,8272835477805138346,valid,0.09500206371976183,0.15582172060347807,17,17,True,0.8944293856620789,0.9018337726593018,0.0074043869972229,0.03818439319729805,296.42970200029595
imagenet,vgg16,ig,ILSVRC2012_val_00012132,17,0.05,4,5588988483984321074,valid,0.07983890321597989,0.14986251145737856,17,17,True,0.8944293856620789,0.8072702288627625,0.0871591567993164,0.038149602711200714,296.4119060002304
imagenet,vgg16,ig,ILSVRC2012_val_00000140,558,0.01,0,2495375757937344332,valid,0.6972016790743222,0.5497220506485485,251,251,True,7.059310974000255e-06,1.0082803783006966e-05,3.0234928090067115e-06,0.007930428721010685,296.60271200009447
imagenet,vgg16,ig,ILSVRC2012_val_00000140,558,0.01,1,8258382046345720994,valid,0.7017226735885161,0.5518787691356115,251,251,True,7.059310974000255e-06,8.198655450541992e-06,1.139344476541737e-06,0.007931828498840332,296.75019199976305
imagenet,vgg16,ig,ILSVRC2012_val_00000140,558,0.01,2,1986566169149637064,valid,0.6960299642806308,0.5528392387436175,251,251,True,7.059310974000255e-06,2.842506546585355e-06,4.2168044274149e-06,0.007939048111438751,296.9592240001475
imagenet,vgg16,ig,ILSVRC2012_val_00000140,558,0.01,3,781331182807300414,valid,0.6939282651956082,0.5461408103527962,251,251,True,7.059310974000255e-06,7.96487438492477e-06,9.055634109245148e-07,0.00794409029185772,296.4713210003538
imagenet,vgg16,ig,ILSVRC2012_val_00000140,558,0.01,4,821512256087617785,valid,0.7045042501129266,0.5552456221912289,251,251,True,7.059310974000255e-06,4.488189006224275e-06,2.57112196777598e-06,0.007950360886752605,296.55898100008926
imagenet,vgg16,ig,ILSVRC2012_val_00000140,558,0.02,0,2495375757937344332,valid,0.4798719340497954,0.40579913153102676,251,251,True,7.059310974000255e-06,3.3333286410197616e-05,2.627397543619736e-05,0.01566363126039505,297.07009599997036
imagenet,vgg16,ig,ILSVRC2012_val_00000140,558,0.02,1,8258382046345720994,valid,0.4841308672236524,0.4018717698002514,251,251,True,7.059310974000255e-06,2.7547204808797687e-05,2.0487893834797433e-05,0.015672368928790092,296.6336459999184
imagenet,vgg16,ig,ILSVRC2012_val_00000140,558,0.02,2,1986566169149637064,valid,0.48615913214423184,0.40836373842267754,251,251,True,7.059310974000255e-06,6.900594144099159e-06,1.5871682990109548e-07,0.015686212107539177,296.6343009998127
imagenet,vgg16,ig,ILSVRC2012_val_00000140,558,0.02,3,781331182807300414,valid,0.4700557622581806,0.3877212389380531,251,212,False,7.059310974000255e-06,2.360548751312308e-05,1.6546176539122825e-05,0.01568450964987278,297.5538150003558
imagenet,vgg16,ig,ILSVRC2012_val_00000140,558,0.02,4,821512256087617785,valid,0.4908103686520905,0.40639013452914796,251,251,True,7.059310974000255e-06,5.724084530811524e-06,1.3352264431887306e-06,0.015702681615948677,296.63041100002374
imagenet,vgg16,ig,ILSVRC2012_val_00000140,558,0.05,0,2495375757937344332,valid,0.19013246193430372,0.23444034440344402,251,212,False,7.059310974000255e-06,0.0011659555602818727,0.0011588962493078725,0.03772677108645439,296.5974379999352
imagenet,vgg16,ig,ILSVRC2012_val_00000140,558,0.05,1,8258382046345720994,valid,0.18065342917425264,0.2311089303238469,251,212,False,7.059310974000255e-06,0.000220888017793186,0.00021382870681918575,0.03776539862155914,297.6344050002808
imagenet,vgg16,ig,ILSVRC2012_val_00000140,558,0.05,2,1986566169149637064,valid,0.19535629324408815,0.23947140916388787,251,181,False,7.059310974000255e-06,8.240982424467802e-05,7.535051327067777e-05,0.03779557719826698,296.6011309999885
imagenet,vgg16,ig,ILSVRC2012_val_00000140,558,0.05,3,781331182807300414,valid,0.1788952823385733,0.2330753163779334,251,164,False,7.059310974000255e-06,0.00026633922243490815,0.0002592799114609079,0.03776644170284271,296.583635999923
imagenet,vgg16,ig,ILSVRC2012_val_00000140,558,0.05,4,821512256087617785,valid,0.194668570734606,0.23947140916388787,251,212,False,7.059310974000255e-06,8.093949145404622e-05,7.388018048004596e-05,0.037824202328920364,296.7202519998864
imagenet,vgg16,ig,ILSVRC2012_val_00031295,237,0.01,0,7260055080022824154,valid,0.5431285202070972,0.3368855734647662,237,237,True,0.8723140358924866,0.8289263844490051,0.043387651443481445,0.007982752285897732,296.9209249999949
imagenet,vgg16,ig,ILSVRC2012_val_00031295,237,0.01,1,6830589745658477501,valid,0.5442004863739512,0.3436872405944571,237,237,True,0.8723140358924866,0.765518307685852,0.10679572820663452,0.007979998365044594,296.5685289996145
imagenet,vgg16,ig,ILSVRC2012_val_00031295,237,0.01,2,5572588514906466611,valid,0.5526973489249424,0.34965034965034963,237,237,True,0.8723140358924866,0.6026774048805237,0.2696366310119629,0.007962181232869625,297.2719560002588
imagenet,vgg16,ig,ILSVRC2012_val_00031295,237,0.01,3,7784788833784456437,valid,0.5493401630693637,0.35383785242142185,237,237,True,0.8723140358924866,0.7866655588150024,0.08564847707748413,0.00796830840408802,296.9460100002834
imagenet,vgg16,ig,ILSVRC2012_val_00031295,237,0.01,4,205616704339721179,valid,0.5381213428946041,0.34584953734745877,237,237,True,0.8723140358924866,0.7724331021308899,0.09988093376159668,0.007979369722306728,296.74272900001597
imagenet,vgg16,ig,ILSVRC2012_val_00031295,237,0.02,0,7260055080022824154,valid,0.3204855451484415,0.2246491763270287,237,236,False,0.8723140358924866,0.4543849229812622,0.41792911291122437,0.01595899648964405,297.436899999866
imagenet,vgg16,ig,ILSVRC2012_val_00031295,237,0.02,1,6830589745658477501,valid,0.3200279572804528,0.2279456747828215,237,236,False,0.8723140358924866,0.4561719298362732,0.4161421060562134,0.0159539096057415,296.7676009998286
imagenet,vgg16,ig,ILSVRC2012_val_00031295,237,0.02,2,5572588514906466611,valid,0.3223280577317082,0.23125996810207336,237,236,False,0.8723140358924866,0.17495965957641602,0.6973543763160706,0.015918198972940445,296.68277500013573
imagenet,vgg16,ig,ILSVRC2012_val_00031295,237,0.02,3,7784788833784456437,valid,0.32123795981667047,0.22929936305732485,237,236,False,0.8723140358924866,0.334127277135849,0.5381867587566376,0.01593208871781826,297.40489499999967
imagenet,vgg16,ig,ILSVRC2012_val_00031295,237,0.02,4,205616704339721179,valid,0.30754200492353295,0.22524722256134783,237,236,False,0.8723140358924866,0.3220788538455963,0.5502351820468903,0.015952888876199722,299.2867930001921
imagenet,vgg16,ig,ILSVRC2012_val_00031295,237,0.05,0,7260055080022824154,valid,0.11757981590736437,0.14854657816433967,237,236,False,0.8723140358924866,0.43429410457611084,0.43801993131637573,0.03979962691664696,296.61523999993733
imagenet,vgg16,ig,ILSVRC2012_val_00031295,237,0.05,1,6830589745658477501,valid,0.13301775593991627,0.14894104178591872,237,237,True,0.8723140358924866,0.5061747431755066,0.36613929271698,0.039788227528333664,296.7360480001844
imagenet,vgg16,ig,ILSVRC2012_val_00031295,237,0.05,2,5572588514906466611,valid,0.11807380138747237,0.1447473480095814,237,236,False,0.8723140358924866,0.16660231351852417,0.7057117223739624,0.03969388082623482,296.8884860001708
imagenet,vgg16,ig,ILSVRC2012_val_00031295,237,0.05,3,7784788833784456437,valid,0.1198452733382814,0.14986251145737856,237,236,False,0.8723140358924866,0.4775695204734802,0.39474451541900635,0.03973357006907463,296.9312440000067
imagenet,vgg16,ig,ILSVRC2012_val_00031295,237,0.05,4,205616704339721179,valid,0.11705524248857269,0.14775846294602013,237,236,False,0.8723140358924866,0.40987178683280945,0.4624422490596771,0.03978067636489868,296.8155990001833
imagenet,vgg16,ig,ILSVRC2012_val_00004300,330,0.01,0,2062959023804323395,valid,0.7619599833129195,0.5632398753894081,36,36,True,0.008956687524914742,0.007578487507998943,0.0013782000169157982,0.007951412349939346,296.7842019997988
imagenet,vgg16,ig,ILSVRC2012_val_00004300,330,0.01,1,1730914782129674652,valid,0.7673219068319829,0.5732873491142813,36,36,True,0.008956687524914742,0.009150717407464981,0.00019402988255023956,0.007993146777153015,296.6756880000503
imagenet,vgg16,ig,ILSVRC2012_val_00004300,330,0.01,2,2230829393384523700,valid,0.7676095829111844,0.5723014256619144,36,36,True,0.008956687524914742,0.011016624048352242,0.0020599365234375,0.007968250662088394,297.3334140001498
imagenet,vgg16,ig,ILSVRC2012_val_00004300,330,0.01,3,2370168859087342904,valid,0.7646337255480293,0.564214463840399,36,36,True,0.008956687524914742,0.012712600640952587,0.0037559131160378456,0.00795076321810484,296.80675199961115
imagenet,vgg16,ig,ILSVRC2012_val_00004300,330,0.01,4,9172714801131829905,valid,0.7633170352394576,0.5666562597564783,36,36,True,0.008956687524914742,0.011623972095549107,0.002667284570634365,0.007987084798514843,296.8369810000695
imagenet,vgg16,ig,ILSVRC2012_val_00004300,330,0.02,0,2062959023804323395,valid,0.542847636206053,0.40344007831072576,36,618,False,0.008956687524914742,0.0126642482355237,0.003707560710608959,0.01590193435549736,297.2108939998179
imagenet,vgg16,ig,ILSVRC2012_val_00004300,330,0.02,1,1730914782129674652,valid,0.544623413372706,0.4093526190141834,36,331,False,0.008956687524914742,0.0370069183409214,0.02805023081600666,0.015985921025276184,296.7826569997669
imagenet,vgg16,ig,ILSVRC2012_val_00004300,330,0.02,2,2230829393384523700,valid,0.5399093166598599,0.40285155157953595,36,618,False,0.008956687524914742,0.02447977475821972,0.015523087233304977,0.01593547873198986,297.0420520000516
imagenet,vgg16,ig,ILSVRC2012_val_00004300,330,0.02,3,2370168859087342904,valid,0.5435202413688234,0.3979662905697172,36,331,False,0.008956687524914742,0.038700271397829056,0.029743583872914314,0.015901029109954834,297.31106099961835
imagenet,vgg16,ig,ILSVRC2012_val_00004300,330,0.02,4,9172714801131829905,valid,0.5386863827725508,0.40678441267171295,36,331,False,0.008956687524914742,0.0330282524228096,0.02407156489789486,0.015972906723618507,296.57321199965736
imagenet,vgg16,ig,ILSVRC2012_val_00004300,330,0.05,0,2062959023804323395,valid,0.23660428786199297,0.23626508992362652,36,618,False,0.008956687524914742,0.026912836357951164,0.017956148833036423,0.03972576931118965,296.90505299959113
imagenet,vgg16,ig,ILSVRC2012_val_00004300,330,0.05,1,1730914782129674652,valid,0.22993972249986452,0.24300222937825117,36,331,False,0.008956687524914742,0.20580551028251648,0.19684882275760174,0.03993631526827812,296.7443259999527
imagenet,vgg16,ig,ILSVRC2012_val_00004300,330,0.05,2,2230829393384523700,valid,0.22686552774268426,0.24608889992550287,36,331,False,0.008956687524914742,0.1883019208908081,0.17934523336589336,0.03981178253889084,297.58167900035914
imagenet,vgg16,ig,ILSVRC2012_val_00004300,330,0.05,3,2370168859087342904,valid,0.23549136014812924,0.23186448999631767,36,331,False,0.008956687524914742,0.19124528765678406,0.18228860013186932,0.03972280025482178,296.8127330000243
imagenet,vgg16,ig,ILSVRC2012_val_00004300,330,0.05,4,9172714801131829905,valid,0.22976141164442945,0.24748290863890615,36,331,False,0.008956687524914742,0.0775093138217926,0.06855262629687786,0.03989943861961365,296.79171900033907
imagenet,vgg16,ig,ILSVRC2012_val_00007011,140,0.01,0,8693357588706766936,valid,0.5744533214826545,0.38294060906710764,140,140,True,0.9977737069129944,0.9995449185371399,0.0017712116241455078,0.007970251142978668,296.93100099984804
imagenet,vgg16,ig,ILSVRC2012_val_00007011,140,0.01,1,7795033858281793546,valid,0.576155576085556,0.39855072463768115,140,140,True,0.9977737069129944,0.9993181228637695,0.0015444159507751465,0.00799260288476944,296.82146200002535
imagenet,vgg16,ig,ILSVRC2012_val_00007011,140,0.01,2,2820880621722301505,valid,0.5840370185247531,0.400306962466862,140,140,True,0.9977737069129944,0.9993485808372498,0.001574873924255371,0.007961892522871494,297.4991380001484
imagenet,vgg16,ig,ILSVRC2012_val_00007011,140,0.01,3,9156189342167126515,valid,0.5737785694995239,0.38504002208114824,140,140,True,0.9977737069129944,0.9994532465934753,0.001679539680480957,0.007991521619260311,296.79619399985313
imagenet,vgg16,ig,ILSVRC2012_val_00007011,140,0.01,4,2817173590254193893,valid,0.5749610687258583,0.39660450876704706,140,140,True,0.9977737069129944,0.9996545314788818,0.0018808245658874512,0.007971979677677155,296.89137800005483
imagenet,vgg16,ig,ILSVRC2012_val_00007011,140,0.02,0,8693357588706766936,valid,0.36784692779613604,0.27182866556836904,140,140,True,0.9977737069129944,0.9997536540031433,0.0019799470901489258,0.015940502285957336,297.4734119998175
imagenet,vgg16,ig,ILSVRC2012_val_00007011,140,0.02,1,7795033858281793546,valid,0.3646244247009855,0.27847133757961784,140,140,True,0.9977737069129944,0.9996496438980103,0.0018759369850158691,0.01598520576953888,296.91594299993085
imagenet,vgg16,ig,ILSVRC2012_val_00007011,140,0.02,2,2820880621722301505,valid,0.36846490420298134,0.2739273927392739,140,140,True,0.9977737069129944,0.9997479319572449,0.0019742250442504883,0.01592378504574299,296.9299559999854
imagenet,vgg16,ig,ILSVRC2012_val_00007011,140,0.02,3,9156189342167126515,valid,0.35203071053355456,0.26048731474503894,140,140,True,0.9977737069129944,0.9995322227478027,0.0017585158348083496,0.015983043238520622,296.81154799982323
imagenet,vgg16,ig,ILSVRC2012_val_00007011,140,0.02,4,2817173590254193893,valid,0.3624435436340381,0.27619532044760936,140,140,True,0.9977737069129944,0.9997560381889343,0.0019823312759399414,0.01594395935535431,297.4868549999883
imagenet,vgg16,ig,ILSVRC2012_val_00007011,140,0.05,0,8693357588706766936,valid,0.16720373606468236,0.18783287963072554,140,140,True,0.9977737069129944,0.990094006061554,0.00767970085144043,0.039849501103162766,296.74407099992095
imagenet,vgg16,ig,ILSVRC2012_val_00007011,140,0.05,1,7795033858281793546,valid,0.1643150763281183,0.18853623874940786,140,140,True,0.9977737069129944,0.9833807945251465,0.0143929123878479,0.03996222838759422,296.92612899998494
imagenet,vgg16,ig,ILSVRC2012_val_00007011,140,0.05,2,2820880621722301505,valid,0.1743983754969463,0.19192399049881234,140,140,True,0.9977737069129944,0.9926377534866333,0.005135953426361084,0.039808910340070724,297.59068400016986
imagenet,vgg16,ig,ILSVRC2012_val_00007011,140,0.05,3,9156189342167126515,valid,0.1585010694877913,0.18558771411695216,140,140,True,0.9977737069129944,0.9736933708190918,0.024080336093902588,0.03995690494775772,297.0854430000145
imagenet,vgg16,ig,ILSVRC2012_val_00007011,140,0.05,4,2817173590254193893,valid,0.16356893109220272,0.19036887676432215,140,140,True,0.9977737069129944,0.9347032904624939,0.06307041645050049,0.03985891491174698,297.3073699999986
imagenet,vgg16,ig,ILSVRC2012_val_00008228,381,0.01,0,4154338444683056573,valid,0.7277620007486909,0.4854943753700414,381,381,True,0.9006558656692505,0.936378002166748,0.03572213649749756,0.007849621586501598,296.8508809999548
imagenet,vgg16,ig,ILSVRC2012_val_00008228,381,0.01,1,8968172922966999441,valid,0.7380969396398953,0.48242245199409156,381,381,True,0.9006558656692505,0.9209550023078918,0.020299136638641357,0.007862295024096966,296.7753249999987
imagenet,vgg16,ig,ILSVRC2012_val_00008228,381,0.01,2,4537400942497270551,valid,0.7339905073095448,0.48659457858095095,381,381,True,0.9006558656692505,0.9348797798156738,0.03422391414642334,0.007875829935073853,297.40028099968185
imagenet,vgg16,ig,ILSVRC2012_val_00008228,381,0.01,3,650350537098486573,valid,0.7353159578725295,0.49590102846922046,381,381,True,0.9006558656692505,0.9535195231437683,0.05286365747451782,0.00785364955663681,296.8046719997801
imagenet,vgg16,ig,ILSVRC2012_val_00008228,381,0.01,4,4634637524913072090,valid,0.7327130306174762,0.4854943753700414,381,381,True,0.9006558656692505,0.9051475524902344,0.004491686820983887,0.007835465483367443,297.1504070001174
imagenet,vgg16,ig,ILSVRC2012_val_00008228,381,0.02,0,4154338444683056573,valid,0.5216182464608728,0.3406358535933743,381,381,True,0.9006558656692505,0.9266374707221985,0.025981605052947998,0.015573475509881973,298.2836420001149
imagenet,vgg16,ig,ILSVRC2012_val_00008228,381,0.02,1,8968172922966999441,valid,0.5372315672068939,0.3505584712690082,381,381,True,0.9006558656692505,0.927987813949585,0.027331948280334473,0.015593970194458961,297.2361410002122
imagenet,vgg16,ig,ILSVRC2012_val_00008228,381,0.02,2,4537400942497270551,valid,0.5259472987809942,0.3390260173448966,381,381,True,0.9006558656692505,0.9185113310813904,0.017855465412139893,0.01562569849193096,297.08008499983407
imagenet,vgg16,ig,ILSVRC2012_val_00008228,381,0.02,3,650350537098486573,valid,0.5155545093242292,0.3345744680851064,381,381,True,0.9006558656692505,0.9598440527915955,0.05918818712234497,0.015577309764921665,297.0002300003216
imagenet,vgg16,ig,ILSVRC2012_val_00008228,381,0.02,4,4634637524913072090,valid,0.522649506367227,0.33920469709100615,381,381,True,0.9006558656692505,0.9191761016845703,0.018520236015319824,0.01553870178759098,297.50367899987396
imagenet,vgg16,ig,ILSVRC2012_val_00008228,381,0.05,0,4154338444683056573,valid,0.23672262830533664,0.20335731414868105,381,381,True,0.9006558656692505,0.9169721603393555,0.01631629467010498,0.03825114667415619,296.93533499994373
imagenet,vgg16,ig,ILSVRC2012_val_00008228,381,0.05,1,8968172922966999441,valid,0.23127911333199191,0.198900967626329,381,381,True,0.9006558656692505,0.9075878858566284,0.00693202018737793,0.03829391300678253,296.8274009999732
imagenet,vgg16,ig,ILSVRC2012_val_00008228,381,0.05,2,4537400942497270551,valid,0.23554068197130607,0.20465730404513263,381,381,True,0.9006558656692505,0.6562892198562622,0.24436664581298828,0.038379523903131485,297.5373919998674
imagenet,vgg16,ig,ILSVRC2012_val_00008228,381,0.05,3,650350537098486573,valid,0.2259341027930712,0.2030688084392232,381,381,True,0.9006558656692505,0.8908976912498474,0.009758174419403076,0.038231175392866135,297.1195899999657
imagenet,vgg16,ig,ILSVRC2012_val_00008228,381,0.05,4,4634637524913072090,valid,0.225208802764199,0.20451272203552567,381,381,True,0.9006558656692505,0.6408049464225769,0.2598509192466736,0.03816356137394905,296.8617810001888
imagenet,vgg16,ig,ILSVRC2012_val_00016006,732,0.01,0,2689331499638741690,valid,0.4239201370065328,0.2673317338047733,732,732,True,0.8496047258377075,0.9338494539260864,0.0842447280883789,0.007973088882863522,296.9018599997071
imagenet,vgg16,ig,ILSVRC2012_val_00016006,732,0.01,1,8580294959909415158,valid,0.43153744972843044,0.2721510964634301,732,732,True,0.8496047258377075,0.9739986062049866,0.12439388036727905,0.007983085699379444,296.8176240001412
imagenet,vgg16,ig,ILSVRC2012_val_00016006,732,0.01,2,9114965582325127640,valid,0.4244898481771867,0.2631843926998112,732,732,True,0.8496047258377075,0.943282961845398,0.09367823600769043,0.007946940138936043,297.431270999823
imagenet,vgg16,ig,ILSVRC2012_val_00016006,732,0.01,3,6003814197834614244,valid,0.4329949385539719,0.27021895962536385,732,732,True,0.8496047258377075,0.938562273979187,0.08895754814147949,0.007994843646883965,296.97620699971594
imagenet,vgg16,ig,ILSVRC2012_val_00016006,732,0.01,4,2271394598789847604,valid,0.4241987393230296,0.2700582131106049,732,732,True,0.8496047258377075,0.9499893188476562,0.10038459300994873,0.007967531681060791,296.86438500039003
imagenet,vgg16,ig,ILSVRC2012_val_00016006,732,0.02,0,2689331499638741690,valid,0.233979466856015,0.18895865418789243,732,732,True,0.8496047258377075,0.8923619389533997,0.04275721311569214,0.015904182568192482,297.3952199999985
imagenet,vgg16,ig,ILSVRC2012_val_00016006,732,0.02,1,8580294959909415158,valid,0.24342509434631496,0.19390911253866286,732,732,True,0.8496047258377075,0.9794281125068665,0.12982338666915894,0.015923377126455307,297.49816499997905
imagenet,vgg16,ig,ILSVRC2012_val_00016006,732,0.02,2,9114965582325127640,valid,0.23694046597536705,0.18544767304512166,732,732,True,0.8496047258377075,0.8966067433357239,0.04700201749801636,0.015852151438593864,296.9500720000724
imagenet,vgg16,ig,ILSVRC2012_val_00016006,732,0.02,3,6003814197834614244,valid,0.22202457900051825,0.1846081208687441,732,732,True,0.8496047258377075,0.9418731927871704,0.09226846694946289,0.015948506072163582,296.98282000026666
imagenet,vgg16,ig,ILSVRC2012_val_00016006,732,0.02,4,2271394598789847604,valid,0.24432545987580515,0.19149946574854565,732,732,True,0.8496047258377075,0.9609734416007996,0.11136871576309204,0.01589353196322918,297.6739359996827
imagenet,vgg16,ig,ILSVRC2012_val_00016006,732,0.05,0,2689331499638741690,valid,0.11732840458958263,0.13119927862939584,732,732,True,0.8496047258377075,0.8715218901634216,0.02191716432571411,0.039323803037405014,297.11810100025104
imagenet,vgg16,ig,ILSVRC2012_val_00016006,732,0.05,1,8580294959909415158,valid,0.10274506534756493,0.14240182128628343,732,732,True,0.8496047258377075,0.8395035266876221,0.01010119915008545,0.039370857179164886,296.9950940000672
imagenet,vgg16,ig,ILSVRC2012_val_00016006,732,0.05,2,9114965582325127640,valid,0.0892164189372205,0.13094433175569078,732,732,True,0.8496047258377075,0.745090663433075,0.10451406240463257,0.039197489619255066,297.36862399977326
imagenet,vgg16,ig,ILSVRC2012_val_00016006,732,0.05,3,6003814197834614244,valid,0.08632572813320748,0.13018018018018018,732,732,True,0.8496047258377075,0.8667491674423218,0.017144441604614258,0.03944588452577591,296.79770600023403
imagenet,vgg16,ig,ILSVRC2012_val_00016006,732,0.05,4,2271394598789847604,valid,0.10599154262727595,0.13094433175569078,732,732,True,0.8496047258377075,0.9329122304916382,0.08330750465393066,0.039302706718444824,297.1512569997685
imagenet,vgg16,ig,ILSVRC2012_val_00023543,254,0.01,0,270999366333867741,valid,0.6333683025863417,0.4394721744119334,254,254,True,0.9831565022468567,0.9861206412315369,0.0029641389846801758,0.007898950017988682,297.18522999974084
imagenet,vgg16,ig,ILSVRC2012_val_00023543,254,0.01,1,6483725595163808915,valid,0.633802953237011,0.4517575582236366,254,254,True,0.9831565022468567,0.9828537702560425,0.000302731990814209,0.00790777150541544,297.23367500037057
imagenet,vgg16,ig,ILSVRC2012_val_00023543,254,0.01,2,4939728852732550403,valid,0.6352725381435298,0.4544927536231884,254,254,True,0.9831565022468567,0.9853113889694214,0.0021548867225646973,0.00789529550820589,297.75351099988256
imagenet,vgg16,ig,ILSVRC2012_val_00023543,254,0.01,3,4468478742456119862,valid,0.6290800132343721,0.44091888011486,254,254,True,0.9831565022468567,0.9866935610771179,0.0035370588302612305,0.007906647399067879,297.06378799983213
imagenet,vgg16,ig,ILSVRC2012_val_00023543,254,0.01,4,2390165699526937601,valid,0.6371940241796624,0.44402877697841725,254,254,True,0.9831565022468567,0.9746397137641907,0.008516788482666016,0.007896085269749165,296.9223069999316
imagenet,vgg16,ig,ILSVRC2012_val_00023543,254,0.02,0,270999366333867741,valid,0.39816684266787894,0.3043930335326228,254,254,True,0.9831565022468567,0.9809755086898804,0.0021809935569763184,0.015745293349027634,297.1141430002717
imagenet,vgg16,ig,ILSVRC2012_val_00023543,254,0.02,1,6483725595163808915,valid,0.3960816639555155,0.3143006809848088,254,254,True,0.9831565022468567,0.9834659099578857,0.00030940771102905273,0.015765072777867317,297.828705000029
imagenet,vgg16,ig,ILSVRC2012_val_00023543,254,0.02,2,4939728852732550403,valid,0.404300528519538,0.3193111607729723,254,254,True,0.9831565022468567,0.9630799293518066,0.02007657289505005,0.015736518427729607,297.2843960001228
imagenet,vgg16,ig,ILSVRC2012_val_00023543,254,0.02,3,4468478742456119862,valid,0.3821318839371137,0.3035459150539031,254,254,True,0.9831565022468567,0.980599045753479,0.0025574564933776855,0.015763435512781143,296.9943399998556
imagenet,vgg16,ig,ILSVRC2012_val_00023543,254,0.02,4,2390165699526937601,valid,0.39837405878429927,0.30915731802765456,254,254,True,0.9831565022468567,0.9596625566482544,0.023493945598602295,0.01574035920202732,297.8492600000209
imagenet,vgg16,ig,ILSVRC2012_val_00023543,254,0.05,0,270999366333867741,valid,0.14779946986624598,0.21119961380642047,254,254,True,0.9831565022468567,0.7775647044181824,0.20559179782867432,0.03911004215478897,297.1188090000396
imagenet,vgg16,ig,ILSVRC2012_val_00023543,254,0.05,1,6483725595163808915,valid,0.14984050188009504,0.19961749940234283,254,254,True,0.9831565022468567,0.9564976692199707,0.026658833026885986,0.03916078805923462,297.1799110000575
imagenet,vgg16,ig,ILSVRC2012_val_00023543,254,0.05,2,4939728852732550403,valid,0.15822005126964278,0.2192929170210181,254,254,True,0.9831565022468567,0.8638684749603271,0.11928802728652954,0.039074283093214035,298.23473099986586
imagenet,vgg16,ig,ILSVRC2012_val_00023543,254,0.05,3,4468478742456119862,valid,0.14369298289424773,0.2009094172549958,254,254,True,0.9831565022468567,0.9659020304679871,0.01725447177886963,0.03914396092295647,297.06399099995906
imagenet,vgg16,ig,ILSVRC2012_val_00023543,254,0.05,4,2390165699526937601,valid,0.14338012334871514,0.20871973985306516,254,254,True,0.9831565022468567,0.8635756373405457,0.11958086490631104,0.03909092769026756,297.32712199984235
imagenet,vgg16,ig,ILSVRC2012_val_00023347,89,0.01,0,7881334844864196200,valid,0.5278240893657649,0.43823445113212955,89,89,True,1.0,0.9999998807907104,1.1920928955078125e-07,0.007980088703334332,297.166904000278
imagenet,vgg16,ig,ILSVRC2012_val_00023347,89,0.01,1,8223420927206424359,valid,0.5306295518716546,0.44777841892671666,89,89,True,1.0,0.9999998807907104,1.1920928955078125e-07,0.007993086241185665,296.90222799990806
imagenet,vgg16,ig,ILSVRC2012_val_00023347,89,0.01,2,2108301894708548545,valid,0.5289790994583448,0.4369988545246277,89,89,True,1.0,0.9999998807907104,1.1920928955078125e-07,0.007992684841156006,297.1815430000788
imagenet,vgg16,ig,ILSVRC2012_val_00023347,89,0.01,3,2944429311875253943,valid,0.5232138747571711,0.44009183527048357,89,89,True,1.0,0.9999998807907104,1.1920928955078125e-07,0.007973040454089642,297.6960920000238
imagenet,vgg16,ig,ILSVRC2012_val_00023347,89,0.01,4,7481385728545187894,valid,0.531043410062377,0.4308525805531794,89,89,True,1.0,0.9999997615814209,2.384185791015625e-07,0.00796965230256319,297.1863249999842
imagenet,vgg16,ig,ILSVRC2012_val_00023347,89,0.02,0,7881334844864196200,valid,0.2956112040155732,0.30881585811163276,89,89,True,1.0,0.9999984502792358,1.5497207641601562e-06,0.01595492847263813,297.35290200005693
imagenet,vgg16,ig,ILSVRC2012_val_00023347,89,0.02,1,8223420927206424359,valid,0.30869359192110735,0.3144728225278324,89,89,True,1.0,0.9999986886978149,1.3113021850585938e-06,0.01598096638917923,297.7336480003032
imagenet,vgg16,ig,ILSVRC2012_val_00023347,89,0.02,2,2108301894708548545,valid,0.3004952580155281,0.31874917882012876,89,89,True,1.0,0.9999959468841553,4.0531158447265625e-06,0.015980476513504982,300.15645100002075
imagenet,vgg16,ig,ILSVRC2012_val_00023347,89,0.02,3,2944429311875253943,valid,0.2883495308073924,0.3180982400840557,89,89,True,1.0,0.9999980926513672,1.9073486328125e-06,0.015940889716148376,297.13228199989317
imagenet,vgg16,ig,ILSVRC2012_val_00023347,89,0.02,4,7481385728545187894,valid,0.31116167635225983,0.31550661947830644,89,89,True,1.0,0.9999988079071045,1.1920928955078125e-06,0.01593352109193802,297.84372299991446
imagenet,vgg16,ig,ILSVRC2012_val_00023347,89,0.05,0,7881334844864196200,valid,0.11218442973976067,0.2206275845293116,89,89,True,1.0,0.9999593496322632,4.0650367736816406e-05,0.03973989561200142,297.1594330001608
imagenet,vgg16,ig,ILSVRC2012_val_00023347,89,0.05,1,8223420927206424359,valid,0.09213454126868863,0.22345483359746435,89,89,True,1.0,0.9998725652694702,0.00012743473052978516,0.03978583589196205,297.09430899993094
imagenet,vgg16,ig,ILSVRC2012_val_00023347,89,0.05,2,2108301894708548545,valid,0.12662287320613344,0.23186448999631767,89,89,True,1.0,0.999911904335022,8.809566497802734e-05,0.03979448229074478,297.7104960000361
imagenet,vgg16,ig,ILSVRC2012_val_00023347,89,0.05,3,2944429311875253943,valid,0.09316360631130184,0.2212217084448771,89,89,True,1.0,0.9998559951782227,0.00014400482177734375,0.03968992829322815,296.9354540000495
imagenet,vgg16,ig,ILSVRC2012_val_00023347,89,0.05,4,7481385728545187894,valid,0.11309629735595982,0.2181089938099284,89,89,True,1.0,0.9998934268951416,0.00010657310485839844,0.03968685120344162,297.2095069999341
imagenet,vgg16,ig,ILSVRC2012_val_00011253,363,0.01,0,7969622713620301542,valid,0.7623016460291271,0.5494827852400803,270,272,False,0.00012064619659213349,0.0005115304375067353,0.00039088424091460183,0.00790833868086338,297.04432500011535
imagenet,vgg16,ig,ILSVRC2012_val_00011253,363,0.01,1,7338576340922310673,valid,0.7557025947704942,0.5416282642089094,270,104,False,0.00012064619659213349,0.0003926999634131789,0.00027205376682104543,0.007920983247458935,297.17987100002574
imagenet,vgg16,ig,ILSVRC2012_val_00011253,363,0.01,2,3200603612045899266,valid,0.7684247889855739,0.5673902858035296,270,104,False,0.00012064619659213349,0.00038396206218749285,0.00026331586559535936,0.007895284332334995,297.05932699971527
imagenet,vgg16,ig,ILSVRC2012_val_00011253,363,0.01,3,9145090093729942847,valid,0.7654430183769103,0.5451886066204773,270,104,False,0.00012064619659213349,0.0003362382703926414,0.00021559207380050793,0.00789425615221262,297.6019630000337
imagenet,vgg16,ig,ILSVRC2012_val_00011253,363,0.01,4,2178187931079052202,valid,0.7636687991668611,0.5402087170042971,270,269,False,0.00012064619659213349,0.0002977836411446333,0.0001771374445524998,0.007886005565524101,296.9579689997772
imagenet,vgg16,ig,ILSVRC2012_val_00011253,363,0.02,0,7969622713620301542,valid,0.5247107506912257,0.37404162102957283,270,280,False,0.00012064619659213349,0.004108215216547251,0.003987569019955117,0.01578899845480919,297.09944000023825
imagenet,vgg16,ig,ILSVRC2012_val_00011253,363,0.02,1,7338576340922310673,valid,0.5229243614084567,0.38084755090809025,270,279,False,0.00012064619659213349,0.0013759381836280227,0.0012552919870358892,0.015812009572982788,297.8613269997368
imagenet,vgg16,ig,ILSVRC2012_val_00011253,363,0.02,2,3200603612045899266,valid,0.5370019361409394,0.38084755090809025,270,104,False,0.00012064619659213349,0.002097428310662508,0.0019767821140703745,0.015759438276290894,297.2231959997771
imagenet,vgg16,ig,ILSVRC2012_val_00011253,363,0.02,3,9145090093729942847,valid,0.5231371962413528,0.37347748734090597,270,279,False,0.00012064619659213349,0.0008654359844513237,0.0007447897878591903,0.01576133258640766,297.2258800000418
imagenet,vgg16,ig,ILSVRC2012_val_00011253,363,0.02,4,2178187931079052202,valid,0.5414543746712759,0.3746062183262567,270,104,False,0.00012064619659213349,0.0013648259919136763,0.0012441797953215428,0.01574300229549408,297.5155489998542
imagenet,vgg16,ig,ILSVRC2012_val_00011253,363,0.05,0,7969622713620301542,valid,0.20635932676847463,0.21988574206879785,270,280,False,0.00012064619659213349,0.13699549436569214,0.1368748481691,0.03885333985090256,297.26316100004624
imagenet,vgg16,ig,ILSVRC2012_val_00011253,363,0.05,1,7338576340922310673,valid,0.22137106764264639,0.23156215486562767,270,280,False,0.00012064619659213349,0.047571610659360886,0.04745096446276875,0.03889232128858566,297.23162100026457
imagenet,vgg16,ig,ILSVRC2012_val_00011253,363,0.05,2,3200603612045899266,valid,0.2160202986239101,0.22839657282741738,270,280,False,0.00012064619659213349,0.01109017338603735,0.010969527189445216,0.03875995799899101,297.84924799969303
imagenet,vgg16,ig,ILSVRC2012_val_00011253,363,0.05,3,9145090093729942847,valid,0.21103350009937255,0.2276452599388379,270,280,False,0.00012064619659213349,0.02734999544918537,0.027229349252593238,0.038816627115011215,297.31932799995775
imagenet,vgg16,ig,ILSVRC2012_val_00011253,363,0.05,4,2178187931079052202,valid,0.22844175895346444,0.22524722256134783,270,280,False,0.00012064619659213349,0.10487358272075653,0.1047529365241644,0.03875745087862015,297.17707800000426
imagenet,vgg16,gradcam,ILSVRC2012_val_00012132,17,0.01,0,1240890485581281775,valid,0.7387727288459676,0.49567809239940386,17,17,True,0.8944293856620789,0.9237810373306274,0.029351651668548584,0.007977155037224293,9.987857999931293
imagenet,vgg16,gradcam,ILSVRC2012_val_00012132,17,0.01,1,7809966714089166156,valid,0.7251536965949174,0.5598383587193037,17,17,True,0.8944293856620789,0.9387997984886169,0.044370412826538086,0.00797604862600565,10.020688000167866
imagenet,vgg16,gradcam,ILSVRC2012_val_00012132,17,0.01,2,594568608699110832,valid,0.7116764158385476,0.47675103001765745,17,17,True,0.8944293856620789,0.9324424266815186,0.0380130410194397,0.00797850452363491,10.065611000300123
imagenet,vgg16,gradcam,ILSVRC2012_val_00012132,17,0.01,3,8272835477805138346,valid,0.7557966942367574,0.509777376654633,17,17,True,0.8944293856620789,0.9282286167144775,0.03379923105239868,0.00795917771756649,10.0857319998795
imagenet,vgg16,gradcam,ILSVRC2012_val_00012132,17,0.01,4,5588988483984321074,valid,0.7705340256440055,0.46078859304524955,17,17,True,0.8944293856620789,0.917996883392334,0.023567497730255127,0.007953647524118423,10.024037000221142
imagenet,vgg16,gradcam,ILSVRC2012_val_00012132,17,0.02,0,1240890485581281775,valid,0.5803518656680601,0.24841398183853713,17,17,True,0.8944293856620789,0.9050020575523376,0.010572671890258789,0.01577305607497692,10.02850099985153
imagenet,vgg16,gradcam,ILSVRC2012_val_00012132,17,0.02,1,7809966714089166156,valid,0.5598856474815358,0.2865017305473657,17,17,True,0.8944293856620789,0.9352478384971619,0.04081845283508301,0.01578219048678875,10.015053000188345
imagenet,vgg16,gradcam,ILSVRC2012_val_00012132,17,0.02,2,594568608699110832,valid,0.43807340358731434,0.31688754756593623,17,17,True,0.8944293856620789,0.9054471850395203,0.011017799377441406,0.01577969826757908,10.002332999647479
imagenet,vgg16,gradcam,ILSVRC2012_val_00012132,17,0.02,3,8272835477805138346,valid,0.49310166203745437,0.336173612035681,17,17,True,0.8944293856620789,0.9038301110267639,0.009400725364685059,0.015742696821689606,10.006769000028726
imagenet,vgg16,gradcam,ILSVRC2012_val_00012132,17,0.02,4,5588988483984321074,valid,0.494618113458179,0.2814096016343207,17,17,True,0.8944293856620789,0.9478992819786072,0.05346989631652832,0.01573066972196102,9.991645999889442
imagenet,vgg16,gradcam,ILSVRC2012_val_00012132,17,0.05,0,1240890485581281775,valid,-0.12245186856682666,0.010471204188481676,17,17,True,0.8944293856620789,0.761306643486023,0.1331227421760559,0.03825867921113968,10.001391000059812
imagenet,vgg16,gradcam,ILSVRC2012_val_00012132,17,0.05,1,7809966714089166156,valid,0.09443754207554782,0.08053402239448751,17,17,True,0.8944293856620789,0.5974268913269043,0.29700249433517456,0.03828912228345871,10.010718999637902
imagenet,vgg16,gradcam,ILSVRC2012_val_00012132,17,0.05,2,594568608699110832,valid,0.2206858340106551,0.09954007884362681,17,17,True,0.8944293856620789,0.7551577091217041,0.13927167654037476,0.03823862969875336,10.01354399977572
imagenet,vgg16,gradcam,ILSVRC2012_val_00012132,17,0.05,3,8272835477805138346,valid,0.1898061777651512,0.07832814010959493,17,17,True,0.8944293856620789,0.9018337726593018,0.0074043869972229,0.03818439319729805,10.017301000061707
imagenet,vgg16,gradcam,ILSVRC2012_val_00012132,17,0.05,4,5588988483984321074,valid,0.23240368541328613,0.15889145496535798,17,17,True,0.8944293856620789,0.8072702288627625,0.0871591567993164,0.038149602711200714,9.999532000165345
imagenet,vgg16,gradcam,ILSVRC2012_val_00000140,558,0.01,0,2495375757937344332,valid,0.615147753940425,0.4336523353806599,251,251,True,7.059310974000255e-06,1.0082803783006966e-05,3.0234928090067115e-06,0.007930428721010685,9.996432000207278
imagenet,vgg16,gradcam,ILSVRC2012_val_00000140,558,0.01,1,8258382046345720994,valid,0.684828759625251,0.6095253367543297,251,251,True,7.059310974000255e-06,8.198655450541992e-06,1.139344476541737e-06,0.007931828498840332,10.015478000241274
imagenet,vgg16,gradcam,ILSVRC2012_val_00000140,558,0.01,2,1986566169149637064,valid,0.5159572649372933,0.32975622681505035,251,251,True,7.059310974000255e-06,2.842506546585355e-06,4.2168044274149e-06,0.007939048111438751,10.002321999763808
imagenet,vgg16,gradcam,ILSVRC2012_val_00000140,558,0.01,3,781331182807300414,valid,0.6891112945491598,0.5245976313392043,251,251,True,7.059310974000255e-06,7.96487438492477e-06,9.055634109245148e-07,0.00794409029185772,10.030211999946914
imagenet,vgg16,gradcam,ILSVRC2012_val_00000140,558,0.01,4,821512256087617785,valid,0.7999256320936716,0.5786410821012897,251,251,True,7.059310974000255e-06,4.488189006224275e-06,2.57112196777598e-06,0.007950360886752605,10.02114899984008
imagenet,vgg16,gradcam,ILSVRC2012_val_00000140,558,0.02,0,2495375757937344332,valid,0.2931476810607611,0.2522455089820359,251,251,True,7.059310974000255e-06,3.3333286410197616e-05,2.627397543619736e-05,0.01566363126039505,10.0107719999869
imagenet,vgg16,gradcam,ILSVRC2012_val_00000140,558,0.02,1,8258382046345720994,valid,0.36563680711805624,0.2734186842438839,251,251,True,7.059310974000255e-06,2.7547204808797687e-05,2.0487893834797433e-05,0.015672368928790092,10.012816999733332
imagenet,vgg16,gradcam,ILSVRC2012_val_00000140,558,0.02,2,1986566169149637064,valid,0.2863489712331736,0.15540462760446644,251,251,True,7.059310974000255e-06,6.900594144099159e-06,1.5871682990109548e-07,0.015686212107539177,10.021187999882386
imagenet,vgg16,gradcam,ILSVRC2012_val_00000140,558,0.02,3,781331182807300414,valid,0.3758744613761081,0.25871582643591673,251,212,False,7.059310974000255e-06,2.360548751312308e-05,1.6546176539122825e-05,0.01568450964987278,10.021458999744937
imagenet,vgg16,gradcam,ILSVRC2012_val_00000140,558,0.02,4,821512256087617785,valid,0.5919209060783954,0.42855109592940505,251,251,True,7.059310974000255e-06,5.724084530811524e-06,1.3352264431887306e-06,0.015702681615948677,10.00582899996516
imagenet,vgg16,gradcam,ILSVRC2012_val_00000140,558,0.05,0,2495375757937344332,valid,0.2943329482519148,0.2406674907292954,251,212,False,7.059310974000255e-06,0.0011659555602818727,0.0011588962493078725,0.03772677108645439,10.007115000007616
imagenet,vgg16,gradcam,ILSVRC2012_val_00000140,558,0.05,1,8258382046345720994,valid,0.5208739677925165,0.3525131383910524,251,212,False,7.059310974000255e-06,0.000220888017793186,0.00021382870681918575,0.03776539862155914,10.015810999902897
imagenet,vgg16,gradcam,ILSVRC2012_val_00000140,558,0.05,2,1986566169149637064,valid,0.3397650270752524,0.20232390991854338,251,181,False,7.059310974000255e-06,8.240982424467802e-05,7.535051327067777e-05,0.03779557719826698,10.005934000218986
imagenet,vgg16,gradcam,ILSVRC2012_val_00000140,558,0.05,3,781331182807300414,valid,0.40186300163194894,0.23699778161202859,251,164,False,7.059310974000255e-06,0.00026633922243490815,0.0002592799114609079,0.03776644170284271,10.023264999745152
imagenet,vgg16,gradcam,ILSVRC2012_val_00000140,558,0.05,4,821512256087617785,valid,0.37948382988501494,0.32606973058637084,251,212,False,7.059310974000255e-06,8.093949145404622e-05,7.388018048004596e-05,0.037824202328920364,10.007875000155764
imagenet,vgg16,gradcam,ILSVRC2012_val_00031295,237,0.01,0,7260055080022824154,valid,0.903061046002348,0.6073030108904548,237,237,True,0.8723140358924866,0.8289263844490051,0.043387651443481445,0.007982752285897732,9.999259999858623
imagenet,vgg16,gradcam,ILSVRC2012_val_00031295,237,0.01,1,6830589745658477501,valid,0.885629260935131,0.5704005006257822,237,237,True,0.8723140358924866,0.765518307685852,0.10679572820663452,0.007979998365044594,10.002359000282013
imagenet,vgg16,gradcam,ILSVRC2012_val_00031295,237,0.01,2,5572588514906466611,valid,0.862617185373131,0.6623053991387877,237,237,True,0.8723140358924866,0.6026774048805237,0.2696366310119629,0.007962181232869625,10.01279499996599
imagenet,vgg16,gradcam,ILSVRC2012_val_00031295,237,0.01,3,7784788833784456437,valid,0.884435451453805,0.6281635301752109,237,237,True,0.8723140358924866,0.7866655588150024,0.08564847707748413,0.00796830840408802,10.004414999912115
imagenet,vgg16,gradcam,ILSVRC2012_val_00031295,237,0.01,4,205616704339721179,valid,0.9251560361332495,0.6652844584508211,237,237,True,0.8723140358924866,0.7724331021308899,0.09988093376159668,0.007979369722306728,10.019737999755307
imagenet,vgg16,gradcam,ILSVRC2012_val_00031295,237,0.02,0,7260055080022824154,valid,0.6813789591100078,0.35310772549548336,237,236,False,0.8723140358924866,0.4543849229812622,0.41792911291122437,0.01595899648964405,10.018353999839746
imagenet,vgg16,gradcam,ILSVRC2012_val_00031295,237,0.02,1,6830589745658477501,valid,0.7226637143933566,0.39707724425887264,237,236,False,0.8723140358924866,0.4561719298362732,0.4161421060562134,0.0159539096057415,10.001295000165555
imagenet,vgg16,gradcam,ILSVRC2012_val_00031295,237,0.02,2,5572588514906466611,valid,0.7102057549184883,0.36026023312550826,237,236,False,0.8723140358924866,0.17495965957641602,0.6973543763160706,0.015918198972940445,10.01463500006139
imagenet,vgg16,gradcam,ILSVRC2012_val_00031295,237,0.02,3,7784788833784456437,valid,0.7139913913553334,0.429364853318143,237,236,False,0.8723140358924866,0.334127277135849,0.5381867587566376,0.01593208871781826,10.011673999997583
imagenet,vgg16,gradcam,ILSVRC2012_val_00031295,237,0.02,4,205616704339721179,valid,0.7109986571046991,0.35570560432140447,237,236,False,0.8723140358924866,0.3220788538455963,0.5502351820468903,0.015952888876199722,10.008431000187556
imagenet,vgg16,gradcam,ILSVRC2012_val_00031295,237,0.05,0,7260055080022824154,valid,0.5226803005360314,0.18718221591580939,237,236,False,0.8723140358924866,0.43429410457611084,0.43801993131637573,0.03979962691664696,10.013087000061205
imagenet,vgg16,gradcam,ILSVRC2012_val_00031295,237,0.05,1,6830589745658477501,valid,0.429984352684299,0.19995219313971554,237,237,True,0.8723140358924866,0.5061747431755066,0.36613929271698,0.039788227528333664,10.012089000156266
imagenet,vgg16,gradcam,ILSVRC2012_val_00031295,237,0.05,2,5572588514906466611,valid,0.4799934994124236,0.18346893055064262,237,236,False,0.8723140358924866,0.16660231351852417,0.7057117223739624,0.03969388082623482,10.005525999986276
imagenet,vgg16,gradcam,ILSVRC2012_val_00031295,237,0.05,3,7784788833784456437,valid,0.48936624630901016,0.28518376232552184,237,236,False,0.8723140358924866,0.4775695204734802,0.39474451541900635,0.03973357006907463,10.019824999744742
imagenet,vgg16,gradcam,ILSVRC2012_val_00031295,237,0.05,4,205616704339721179,valid,0.4441324986265091,0.15010885756846568,237,236,False,0.8723140358924866,0.40987178683280945,0.4624422490596771,0.03978067636489868,10.007426999891322
imagenet,vgg16,gradcam,ILSVRC2012_val_00004300,330,0.01,0,2062959023804323395,valid,0.8982109190411289,0.7273666092943202,36,36,True,0.008956687524914742,0.007578487507998943,0.0013782000169157982,0.007951412349939346,9.9948739998581
imagenet,vgg16,gradcam,ILSVRC2012_val_00004300,330,0.01,1,1730914782129674652,valid,0.9325450714800437,0.74176205341658,36,36,True,0.008956687524914742,0.009150717407464981,0.00019402988255023956,0.007993146777153015,9.997430999646895
imagenet,vgg16,gradcam,ILSVRC2012_val_00004300,330,0.01,2,2230829393384523700,valid,0.9028624882009949,0.8307187157971543,36,36,True,0.008956687524914742,0.011016624048352242,0.0020599365234375,0.007968250662088394,10.016661999998178
imagenet,vgg16,gradcam,ILSVRC2012_val_00004300,330,0.01,3,2370168859087342904,valid,0.8313201098779969,0.6593915343915344,36,36,True,0.008956687524914742,0.012712600640952587,0.0037559131160378456,0.00795076321810484,10.010577999764791
imagenet,vgg16,gradcam,ILSVRC2012_val_00004300,330,0.01,4,9172714801131829905,valid,0.839865524400993,0.7722055447642592,36,36,True,0.008956687524914742,0.011623972095549107,0.002667284570634365,0.007987084798514843,10.002106000229105
imagenet,vgg16,gradcam,ILSVRC2012_val_00004300,330,0.02,0,2062959023804323395,valid,0.817462435966355,0.46789527570571887,36,618,False,0.008956687524914742,0.0126642482355237,0.003707560710608959,0.01590193435549736,10.004087000197615
imagenet,vgg16,gradcam,ILSVRC2012_val_00004300,330,0.02,1,1730914782129674652,valid,0.9537209935769074,0.6967032967032967,36,331,False,0.008956687524914742,0.0370069183409214,0.02805023081600666,0.015985921025276184,9.99766599989016
imagenet,vgg16,gradcam,ILSVRC2012_val_00004300,330,0.02,2,2230829393384523700,valid,0.8873986382976569,0.7027485578554462,36,618,False,0.008956687524914742,0.02447977475821972,0.015523087233304977,0.01593547873198986,10.009286999775213
imagenet,vgg16,gradcam,ILSVRC2012_val_00004300,330,0.02,3,2370168859087342904,valid,0.6749551684688565,0.47870929718579636,36,331,False,0.008956687524914742,0.038700271397829056,0.029743583872914314,0.015901029109954834,10.007415000018227
imagenet,vgg16,gradcam,ILSVRC2012_val_00004300,330,0.02,4,9172714801131829905,valid,0.8462385699809003,0.6127269805560019,36,331,False,0.008956687524914742,0.0330282524228096,0.02407156489789486,0.015972906723618507,10.005449999880511
imagenet,vgg16,gradcam,ILSVRC2012_val_00004300,330,0.05,0,2062959023804323395,valid,0.639105842560893,0.30253082414016874,36,618,False,0.008956687524914742,0.026912836357951164,0.017956148833036423,0.03972576931118965,10.001925000324263
imagenet,vgg16,gradcam,ILSVRC2012_val_00004300,330,0.05,1,1730914782129674652,valid,0.3812543023837453,0.21870066788099574,36,331,False,0.008956687524914742,0.20580551028251648,0.19684882275760174,0.03993631526827812,10.002643000007083
imagenet,vgg16,gradcam,ILSVRC2012_val_00004300,330,0.05,2,2230829393384523700,valid,0.4631363746672895,0.39816104764558374,36,331,False,0.008956687524914742,0.1883019208908081,0.17934523336589336,0.03981178253889084,10.007085000324878
imagenet,vgg16,gradcam,ILSVRC2012_val_00004300,330,0.05,3,2370168859087342904,valid,0.5479029012503199,0.4072049341183067,36,331,False,0.008956687524914742,0.19124528765678406,0.18228860013186932,0.03972280025482178,10.006503000113298
imagenet,vgg16,gradcam,ILSVRC2012_val_00004300,330,0.05,4,9172714801131829905,valid,0.6139948653227294,0.3139565331238544,36,331,False,0.008956687524914742,0.0775093138217926,0.06855262629687786,0.03989943861961365,10.012183000071673
imagenet,vgg16,gradcam,ILSVRC2012_val_00007011,140,0.01,0,8693357588706766936,valid,0.8718325971141879,0.37738438314807193,140,140,True,0.9977737069129944,0.9995449185371399,0.0017712116241455078,0.007970251142978668,9.982850000142207
imagenet,vgg16,gradcam,ILSVRC2012_val_00007011,140,0.01,1,7795033858281793546,valid,0.8279571220734356,0.3435492505353319,140,140,True,0.9977737069129944,0.9993181228637695,0.0015444159507751465,0.00799260288476944,10.003319999668747
imagenet,vgg16,gradcam,ILSVRC2012_val_00007011,140,0.01,2,2820880621722301505,valid,0.8324689026036287,0.3755482456140351,140,140,True,0.9977737069129944,0.9993485808372498,0.001574873924255371,0.007961892522871494,10.00376599995434
imagenet,vgg16,gradcam,ILSVRC2012_val_00007011,140,0.01,3,9156189342167126515,valid,0.8391123930461643,0.35259259259259257,140,140,True,0.9977737069129944,0.9994532465934753,0.001679539680480957,0.007991521619260311,10.00327500014464
imagenet,vgg16,gradcam,ILSVRC2012_val_00007011,140,0.01,4,2817173590254193893,valid,0.7937373082077925,0.37517127980268566,140,140,True,0.9977737069129944,0.9996545314788818,0.0018808245658874512,0.007971979677677155,10.027865000211023
imagenet,vgg16,gradcam,ILSVRC2012_val_00007011,140,0.02,0,8693357588706766936,valid,0.686502684983903,0.30253082414016874,140,140,True,0.9977737069129944,0.9997536540031433,0.0019799470901489258,0.015940502285957336,10.017837999839685
imagenet,vgg16,gradcam,ILSVRC2012_val_00007011,140,0.02,1,7795033858281793546,valid,0.6692750111388768,0.2792861695347355,140,140,True,0.9977737069129944,0.9996496438980103,0.0018759369850158691,0.01598520576953888,10.014898999997968
imagenet,vgg16,gradcam,ILSVRC2012_val_00007011,140,0.02,2,2820880621722301505,valid,0.6436058335169482,0.2797042325344212,140,140,True,0.9977737069129944,0.9997479319572449,0.0019742250442504883,0.01592378504574299,10.018227999808005
imagenet,vgg16,gradcam,ILSVRC2012_val_00007011,140,0.02,3,9156189342167126515,valid,0.561982585269014,0.21515922024458167,140,140,True,0.9977737069129944,0.9995322227478027,0.0017585158348083496,0.015983043238520622,10.00577400009206
imagenet,vgg16,gradcam,ILSVRC2012_val_00007011,140,0.02,4,2817173590254193893,valid,0.6407955948920332,0.25474762618690655,140,140,True,0.9977737069129944,0.9997560381889343,0.0019823312759399414,0.01594395935535431,10.017526999945403
imagenet,vgg16,gradcam,ILSVRC2012_val_00007011,140,0.05,0,8693357588706766936,valid,0.5983343066528316,0.17779603332942143,140,140,True,0.9977737069129944,0.990094006061554,0.00767970085144043,0.039849501103162766,10.0041229998169
imagenet,vgg16,gradcam,ILSVRC2012_val_00007011,140,0.05,1,7795033858281793546,valid,0.5588680417626177,0.12878191429535485,140,140,True,0.9977737069129944,0.9833807945251465,0.0143929123878479,0.03996222838759422,10.009904000071401
imagenet,vgg16,gradcam,ILSVRC2012_val_00007011,140,0.05,2,2820880621722301505,valid,0.48778185490645115,0.2066851028014909,140,140,True,0.9977737069129944,0.9926377534866333,0.005135953426361084,0.039808910340070724,10.018329000104131
imagenet,vgg16,gradcam,ILSVRC2012_val_00007011,140,0.05,3,9156189342167126515,valid,0.37316055055743214,0.1327313769751693,140,140,True,0.9977737069129944,0.9736933708190918,0.024080336093902588,0.03995690494775772,10.009326000272267
imagenet,vgg16,gradcam,ILSVRC2012_val_00007011,140,0.05,4,2817173590254193893,valid,0.5384308182230704,0.1448448905109489,140,140,True,0.9977737069129944,0.9347032904624939,0.06307041645050049,0.03985891491174698,10.01662499993472
imagenet,vgg16,gradcam,ILSVRC2012_val_00008228,381,0.01,0,4154338444683056573,valid,0.9579065319608077,0.7613197613197613,381,381,True,0.9006558656692505,0.936378002166748,0.03572213649749756,0.007849621586501598,9.986515000036889
imagenet,vgg16,gradcam,ILSVRC2012_val_00008228,381,0.01,1,8968172922966999441,valid,0.9599835622902645,0.787673672960456,381,381,True,0.9006558656692505,0.9209550023078918,0.020299136638641357,0.007862295024096966,10.025290999692515
imagenet,vgg16,gradcam,ILSVRC2012_val_00008228,381,0.01,2,4537400942497270551,valid,0.9673094697796017,0.7718926553672316,381,381,True,0.9006558656692505,0.9348797798156738,0.03422391414642334,0.007875829935073853,10.008039999775065
imagenet,vgg16,gradcam,ILSVRC2012_val_00008228,381,0.01,3,650350537098486573,valid,0.9831796929618288,0.8307187157971543,381,381,True,0.9006558656692505,0.9535195231437683,0.05286365747451782,0.00785364955663681,10.021546999723796
imagenet,vgg16,gradcam,ILSVRC2012_val_00008228,381,0.01,4,4634637524913072090,valid,0.978188637277755,0.7697055193087639,381,381,True,0.9006558656692505,0.9051475524902344,0.004491686820983887,0.007835465483367443,10.01837700005126
imagenet,vgg16,gradcam,ILSVRC2012_val_00008228,381,0.02,0,4154338444683056573,valid,0.9075380520774209,0.6465955701394586,381,381,True,0.9006558656692505,0.9266374707221985,0.025981605052947998,0.015573475509881973,10.014014999796927
imagenet,vgg16,gradcam,ILSVRC2012_val_00008228,381,0.02,1,8968172922966999441,valid,0.9108218484341134,0.7393414211438475,381,381,True,0.9006558656692505,0.927987813949585,0.027331948280334473,0.015593970194458961,10.0215939996815
imagenet,vgg16,gradcam,ILSVRC2012_val_00008228,381,0.02,2,4537400942497270551,valid,0.9069782784097579,0.7536257207758169,381,381,True,0.9006558656692505,0.9185113310813904,0.017855465412139893,0.01562569849193096,10.007116999986465
imagenet,vgg16,gradcam,ILSVRC2012_val_00008228,381,0.02,3,650350537098486573,valid,0.9134684508420454,0.7860829329062111,381,381,True,0.9006558656692505,0.9598440527915955,0.05918818712234497,0.015577309764921665,10.012514999743871
imagenet,vgg16,gradcam,ILSVRC2012_val_00008228,381,0.02,4,4634637524913072090,valid,0.9460055003987125,0.6643449419568822,381,381,True,0.9006558656692505,0.9191761016845703,0.018520236015319824,0.01553870178759098,10.02166899979784
imagenet,vgg16,gradcam,ILSVRC2012_val_00008228,381,0.05,0,4154338444683056573,valid,0.8234946807214372,0.6194933032112312,381,381,True,0.9006558656692505,0.9169721603393555,0.01631629467010498,0.03825114667415619,10.029360999851633
imagenet,vgg16,gradcam,ILSVRC2012_val_00008228,381,0.05,1,8968172922966999441,valid,0.8560863807719983,0.6161030595813205,381,381,True,0.9006558656692505,0.9075878858566284,0.00693202018737793,0.03829391300678253,10.013828999944963
imagenet,vgg16,gradcam,ILSVRC2012_val_00008228,381,0.05,2,4537400942497270551,valid,0.8454181522266572,0.5231446349977235,381,381,True,0.9006558656692505,0.6562892198562622,0.24436664581298828,0.038379523903131485,10.018630000104167
imagenet,vgg16,gradcam,ILSVRC2012_val_00008228,381,0.05,3,650350537098486573,valid,0.8367537395228963,0.679384203480589,381,381,True,0.9006558656692505,0.8908976912498474,0.009758174419403076,0.038231175392866135,10.016622999955871
imagenet,vgg16,gradcam,ILSVRC2012_val_00008228,381,0.05,4,4634637524913072090,valid,0.8366144050349197,0.44861431870669743,381,381,True,0.9006558656692505,0.6408049464225769,0.2598509192466736,0.03816356137394905,10.005231999912212
imagenet,vgg16,gradcam,ILSVRC2012_val_00016006,732,0.01,0,2689331499638741690,valid,0.869008593591106,0.623422840504691,732,732,True,0.8496047258377075,0.9338494539260864,0.0842447280883789,0.007973088882863522,9.994185999858018
imagenet,vgg16,gradcam,ILSVRC2012_val_00016006,732,0.01,1,8580294959909415158,valid,0.8878251168967712,0.6192320103259116,732,732,True,0.8496047258377075,0.9739986062049866,0.12439388036727905,0.007983085699379444,10.001387000102113
imagenet,vgg16,gradcam,ILSVRC2012_val_00016006,732,0.01,2,9114965582325127640,valid,0.8644518135584619,0.6568174314955431,732,732,True,0.8496047258377075,0.943282961845398,0.09367823600769043,0.007946940138936043,10.01169699975435
imagenet,vgg16,gradcam,ILSVRC2012_val_00016006,732,0.01,3,6003814197834614244,valid,0.9098632367434525,0.5274691827727895,732,732,True,0.8496047258377075,0.938562273979187,0.08895754814147949,0.007994843646883965,10.005301000092004
imagenet,vgg16,gradcam,ILSVRC2012_val_00016006,732,0.01,4,2271394598789847604,valid,0.8775425090472619,0.6683283482884679,732,732,True,0.8496047258377075,0.9499893188476562,0.10038459300994873,0.007967531681060791,10.019492000083119
imagenet,vgg16,gradcam,ILSVRC2012_val_00016006,732,0.02,0,2689331499638741690,valid,0.6545293028307533,0.447296322999279,732,732,True,0.8496047258377075,0.8923619389533997,0.04275721311569214,0.015904182568192482,10.000926999964577
imagenet,vgg16,gradcam,ILSVRC2012_val_00016006,732,0.02,1,8580294959909415158,valid,0.758208531510545,0.4446523679286023,732,732,True,0.8496047258377075,0.9794281125068665,0.12982338666915894,0.015923377126455307,10.002318999795534
imagenet,vgg16,gradcam,ILSVRC2012_val_00016006,732,0.02,2,9114965582325127640,valid,0.7373170078587772,0.49738922870356556,732,732,True,0.8496047258377075,0.8966067433357239,0.04700201749801636,0.015852151438593864,10.01781100012522
imagenet,vgg16,gradcam,ILSVRC2012_val_00016006,732,0.02,3,6003814197834614244,valid,0.7221238199427985,0.3904128567470213,732,732,True,0.8496047258377075,0.9418731927871704,0.09226846694946289,0.015948506072163582,10.00712300037776
imagenet,vgg16,gradcam,ILSVRC2012_val_00016006,732,0.02,4,2271394598789847604,valid,0.6958132218703877,0.46832479882955375,732,732,True,0.8496047258377075,0.9609734416007996,0.11136871576309204,0.01589353196322918,9.999788999721204
imagenet,vgg16,gradcam,ILSVRC2012_val_00016006,732,0.05,0,2689331499638741690,valid,0.4127759752111831,0.404082774049217,732,732,True,0.8496047258377075,0.8715218901634216,0.02191716432571411,0.039323803037405014,10.017762999723345
imagenet,vgg16,gradcam,ILSVRC2012_val_00016006,732,0.05,1,8580294959909415158,valid,0.4011044899466907,0.4005023723137036,732,732,True,0.8496047258377075,0.8395035266876221,0.01010119915008545,0.039370857179164886,10.006736999912391
imagenet,vgg16,gradcam,ILSVRC2012_val_00016006,732,0.05,2,9114965582325127640,valid,0.43673180860579836,0.3067708333333333,732,732,True,0.8496047258377075,0.745090663433075,0.10451406240463257,0.039197489619255066,10.024347999660677
imagenet,vgg16,gradcam,ILSVRC2012_val_00016006,732,0.05,3,6003814197834614244,valid,0.39833246844135983,0.34675254965110036,732,732,True,0.8496047258377075,0.8667491674423218,0.017144441604614258,0.03944588452577591,10.002370000165683
imagenet,vgg16,gradcam,ILSVRC2012_val_00016006,732,0.05,4,2271394598789847604,valid,0.5731698387609877,0.41093771966821313,732,732,True,0.8496047258377075,0.9329122304916382,0.08330750465393066,0.039302706718444824,10.01206099999763
imagenet,vgg16,gradcam,ILSVRC2012_val_00023543,254,0.01,0,270999366333867741,valid,0.9607408231458243,0.8237325095402508,254,254,True,0.9831565022468567,0.9861206412315369,0.0029641389846801758,0.007898950017988682,10.009974999775295
imagenet,vgg16,gradcam,ILSVRC2012_val_00023543,254,0.01,1,6483725595163808915,valid,0.9142882065998562,0.8220769789397241,254,254,True,0.9831565022468567,0.9828537702560425,0.000302731990814209,0.00790777150541544,10.005013999943912
imagenet,vgg16,gradcam,ILSVRC2012_val_00023543,254,0.01,2,4939728852732550403,valid,0.9618989092433664,0.8613274008157211,254,254,True,0.9831565022468567,0.9853113889694214,0.0021548867225646973,0.00789529550820589,10.00330099986968
imagenet,vgg16,gradcam,ILSVRC2012_val_00023543,254,0.01,3,4468478742456119862,valid,0.964015948724491,0.8910872432636141,254,254,True,0.9831565022468567,0.9866935610771179,0.0035370588302612305,0.007906647399067879,10.001100999943446
imagenet,vgg16,gradcam,ILSVRC2012_val_00023543,254,0.01,4,2390165699526937601,valid,0.9696125945969067,0.8864661654135338,254,254,True,0.9831565022468567,0.9746397137641907,0.008516788482666016,0.007896085269749165,10.006559999965248
imagenet,vgg16,gradcam,ILSVRC2012_val_00023543,254,0.02,0,270999366333867741,valid,0.8683874467650922,0.8082882882882882,254,254,True,0.9831565022468567,0.9809755086898804,0.0021809935569763184,0.015745293349027634,9.999303000313375
imagenet,vgg16,gradcam,ILSVRC2012_val_00023543,254,0.02,1,6483725595163808915,valid,0.9076741602125611,0.7769121813031161,254,254,True,0.9831565022468567,0.9834659099578857,0.00030940771102905273,0.015765072777867317,10.005868000007467
imagenet,vgg16,gradcam,ILSVRC2012_val_00023543,254,0.02,2,4939728852732550403,valid,0.8573249014799633,0.7905441570026762,254,254,True,0.9831565022468567,0.9630799293518066,0.02007657289505005,0.015736518427729607,10.00668599999699
imagenet,vgg16,gradcam,ILSVRC2012_val_00023543,254,0.02,3,4468478742456119862,valid,0.8543990790763981,0.7542387694459011,254,254,True,0.9831565022468567,0.980599045753479,0.0025574564933776855,0.015763435512781143,10.016929999892454
imagenet,vgg16,gradcam,ILSVRC2012_val_00023543,254,0.02,4,2390165699526937601,valid,0.9053745315983334,0.732827062478426,254,254,True,0.9831565022468567,0.9596625566482544,0.023493945598602295,0.01574035920202732,10.021426000093925
imagenet,vgg16,gradcam,ILSVRC2012_val_00023543,254,0.05,0,270999366333867741,valid,0.7312393798076486,0.6981387478849408,254,254,True,0.9831565022468567,0.7775647044181824,0.20559179782867432,0.03911004215478897,10.006991999944148
imagenet,vgg16,gradcam,ILSVRC2012_val_00023543,254,0.05,1,6483725595163808915,valid,0.5053761642679077,0.4040559440559441,254,254,True,0.9831565022468567,0.9564976692199707,0.026658833026885986,0.03916078805923462,10.014306000357465
imagenet,vgg16,gradcam,ILSVRC2012_val_00023543,254,0.05,2,4939728852732550403,valid,0.657029708213332,0.5038179368168888,254,254,True,0.9831565022468567,0.8638684749603271,0.11928802728652954,0.039074283093214035,10.020287000315875
imagenet,vgg16,gradcam,ILSVRC2012_val_00023543,254,0.05,3,4468478742456119862,valid,0.5984789603758363,0.5304971027752363,254,254,True,0.9831565022468567,0.9659020304679871,0.01725447177886963,0.03914396092295647,10.000199999922188
imagenet,vgg16,gradcam,ILSVRC2012_val_00023543,254,0.05,4,2390165699526937601,valid,0.7021843817775723,0.5037458795325143,254,254,True,0.9831565022468567,0.8635756373405457,0.11958086490631104,0.03909092769026756,10.009365999849251
imagenet,vgg16,gradcam,ILSVRC2012_val_00023347,89,0.01,0,7881334844864196200,valid,0.7887708507176188,0.5457903647837463,89,89,True,1.0,0.9999998807907104,1.1920928955078125e-07,0.007980088703334332,10.00101999989056
imagenet,vgg16,gradcam,ILSVRC2012_val_00023347,89,0.01,1,8223420927206424359,valid,0.5193110867971242,0.2945346738850219,89,89,True,1.0,0.9999998807907104,1.1920928955078125e-07,0.007993086241185665,10.020527000051516
imagenet,vgg16,gradcam,ILSVRC2012_val_00023347,89,0.01,2,2108301894708548545,valid,0.7783098671798887,0.5386854603952811,89,89,True,1.0,0.9999998807907104,1.1920928955078125e-07,0.007992684841156006,10.016922999966482
imagenet,vgg16,gradcam,ILSVRC2012_val_00023347,89,0.01,3,2944429311875253943,valid,0.7599246521195104,0.4088041497266227,89,89,True,1.0,0.9999998807907104,1.1920928955078125e-07,0.007973040454089642,10.105543000008765
imagenet,vgg16,gradcam,ILSVRC2012_val_00023347,89,0.01,4,7481385728545187894,valid,0.7738468656748371,0.4814924052499631,89,89,True,1.0,0.9999997615814209,2.384185791015625e-07,0.00796965230256319,10.019086000284005
imagenet,vgg16,gradcam,ILSVRC2012_val_00023347,89,0.02,0,7881334844864196200,valid,0.7102352175449947,0.2873990514036662,89,89,True,1.0,0.9999984502792358,1.5497207641601562e-06,0.01595492847263813,10.01782399998774
imagenet,vgg16,gradcam,ILSVRC2012_val_00023347,89,0.02,1,8223420927206424359,valid,0.41421057097535396,0.17887703668971985,89,89,True,1.0,0.9999986886978149,1.3113021850585938e-06,0.01598096638917923,10.020777999670827
imagenet,vgg16,gradcam,ILSVRC2012_val_00023347,89,0.02,2,2108301894708548545,valid,0.6442385786451854,0.32967032967032966,89,89,True,1.0,0.9999959468841553,4.0531158447265625e-06,0.015980476513504982,10.033148999809782
imagenet,vgg16,gradcam,ILSVRC2012_val_00023347,89,0.02,3,2944429311875253943,valid,0.44840977491237166,0.20045421945971792,89,89,True,1.0,0.9999980926513672,1.9073486328125e-06,0.015940889716148376,10.006139000324765
imagenet,vgg16,gradcam,ILSVRC2012_val_00023347,89,0.02,4,7481385728545187894,valid,0.6656987334741398,0.30090673575129534,89,89,True,1.0,0.9999988079071045,1.1920928955078125e-06,0.01593352109193802,10.017180999966513
imagenet,vgg16,gradcam,ILSVRC2012_val_00023347,89,0.05,0,7881334844864196200,valid,0.5186143263801717,0.17579588014981273,89,89,True,1.0,0.9999593496322632,4.0650367736816406e-05,0.03973989561200142,10.012017999997624
imagenet,vgg16,gradcam,ILSVRC2012_val_00023347,89,0.05,1,8223420927206424359,valid,0.49943262379604536,0.18276024493641074,89,89,True,1.0,0.9998725652694702,0.00012743473052978516,0.03978583589196205,10.02064500016786
imagenet,vgg16,gradcam,ILSVRC2012_val_00023347,89,0.05,2,2108301894708548545,valid,0.3446836339715774,0.14646118721461188,89,89,True,1.0,0.999911904335022,8.809566497802734e-05,0.03979448229074478,10.01759700011462
imagenet,vgg16,gradcam,ILSVRC2012_val_00023347,89,0.05,3,2944429311875253943,valid,0.40927490185330473,0.15000572540936677,89,89,True,1.0,0.9998559951782227,0.00014400482177734375,0.03968992829322815,10.010606999912852
imagenet,vgg16,gradcam,ILSVRC2012_val_00023347,89,0.05,4,7481385728545187894,valid,0.32826794038324475,0.1460520310360566,89,89,True,1.0,0.9998934268951416,0.00010657310485839844,0.03968685120344162,10.011364000092726
imagenet,vgg16,gradcam,ILSVRC2012_val_00011253,363,0.01,0,7969622713620301542,valid,0.9252522292918138,0.5587824196303773,270,272,False,0.00012064619659213349,0.0005115304375067353,0.00039088424091460183,0.00790833868086338,9.99711299982664
imagenet,vgg16,gradcam,ILSVRC2012_val_00011253,363,0.01,1,7338576340922310673,valid,0.8507157497174163,0.5087191822008419,270,104,False,0.00012064619659213349,0.0003926999634131789,0.00027205376682104543,0.007920983247458935,10.017590999723325
imagenet,vgg16,gradcam,ILSVRC2012_val_00011253,363,0.01,2,3200603612045899266,valid,0.9242776462628344,0.6208010335917312,270,104,False,0.00012064619659213349,0.00038396206218749285,0.00026331586559535936,0.007895284332334995,10.018366000167589
imagenet,vgg16,gradcam,ILSVRC2012_val_00011253,363,0.01,3,9145090093729942847,valid,0.9416406475641347,0.601148691767709,270,104,False,0.00012064619659213349,0.0003362382703926414,0.00021559207380050793,0.00789425615221262,10.014040999976714
imagenet,vgg16,gradcam,ILSVRC2012_val_00011253,363,0.01,4,2178187931079052202,valid,0.9405502756744121,0.5456645618358232,270,269,False,0.00012064619659213349,0.0002977836411446333,0.0001771374445524998,0.007886005565524101,10.026861000369536
imagenet,vgg16,gradcam,ILSVRC2012_val_00011253,363,0.02,0,7969622713620301542,valid,0.6198870477610504,0.2814096016343207,270,280,False,0.00012064619659213349,0.004108215216547251,0.003987569019955117,0.01578899845480919,10.005715999795939
imagenet,vgg16,gradcam,ILSVRC2012_val_00011253,363,0.02,1,7338576340922310673,valid,0.5586940551255993,0.2846902201740911,270,279,False,0.00012064619659213349,0.0013759381836280227,0.0012552919870358892,0.015812009572982788,10.011127999860037
imagenet,vgg16,gradcam,ILSVRC2012_val_00011253,363,0.02,2,3200603612045899266,valid,0.6716573143028819,0.2916344916344916,270,104,False,0.00012064619659213349,0.002097428310662508,0.0019767821140703745,0.015759438276290894,10.007668000071135
imagenet,vgg16,gradcam,ILSVRC2012_val_00011253,363,0.02,3,9145090093729942847,valid,0.7808594701593891,0.3821787632557499,270,279,False,0.00012064619659213349,0.0008654359844513237,0.0007447897878591903,0.01576133258640766,10.001863000070443
imagenet,vgg16,gradcam,ILSVRC2012_val_00011253,363,0.02,4,2178187931079052202,valid,0.5886048517456688,0.39002770083102495,270,104,False,0.00012064619659213349,0.0013648259919136763,0.0012441797953215428,0.01574300229549408,10.013243000230432
imagenet,vgg16,gradcam,ILSVRC2012_val_00011253,363,0.05,0,7969622713620301542,valid,0.1436525648488076,0.09935370796363238,270,280,False,0.00012064619659213349,0.13699549436569214,0.1368748481691,0.03885333985090256,10.0119620001351
imagenet,vgg16,gradcam,ILSVRC2012_val_00011253,363,0.05,1,7338576340922310673,valid,0.3019885701564901,0.1511814636384492,270,280,False,0.00012064619659213349,0.047571610659360886,0.04745096446276875,0.03889232128858566,10.007301000314328
imagenet,vgg16,gradcam,ILSVRC2012_val_00011253,363,0.05,2,3200603612045899266,valid,0.4244179733697256,0.20019134178426215,270,280,False,0.00012064619659213349,0.01109017338603735,0.010969527189445216,0.03875995799899101,10.024044000147114
imagenet,vgg16,gradcam,ILSVRC2012_val_00011253,363,0.05,3,9145090093729942847,valid,0.33278739843023225,0.13285923919178236,270,280,False,0.00012064619659213349,0.02734999544918537,0.027229349252593238,0.038816627115011215,10.013670999796886
imagenet,vgg16,gradcam,ILSVRC2012_val_00011253,363,0.05,4,2178187931079052202,valid,0.2770455202347562,0.19192399049881234,270,280,False,0.00012064619659213349,0.10487358272075653,0.1047529365241644,0.03875745087862015,10.021786999914184
imagenet,resnet50,ig,ILSVRC2012_val_00012132,17,0.01,0,1240890485581281775,valid,0.30004720626165793,0.2036459582633725,17,17,True,0.4837387204170227,0.5052613615989685,0.0215226411819458,0.007977155037224293,167.69070400005148
imagenet,resnet50,ig,ILSVRC2012_val_00012132,17,0.01,1,7809966714089166156,valid,0.30232724736308564,0.20191616766467066,17,17,True,0.4837387204170227,0.49784448742866516,0.014105767011642456,0.00797604862600565,167.38191000013103
imagenet,resnet50,ig,ILSVRC2012_val_00012132,17,0.01,2,594568608699110832,valid,0.2992551075858246,0.21032320308731306,17,17,True,0.4837387204170227,0.4894220530986786,0.005683332681655884,0.00797850452363491,167.30118899977242
imagenet,resnet50,ig,ILSVRC2012_val_00012132,17,0.01,3,8272835477805138346,valid,0.31382296805209187,0.2079922965816081,17,17,True,0.4837387204170227,0.503409743309021,0.01967102289199829,0.00795917771756649,167.9651759995977
imagenet,resnet50,ig,ILSVRC2012_val_00012132,17,0.01,4,5588988483984321074,valid,0.3083141562543684,0.2079922965816081,17,17,True,0.4837387204170227,0.5035229921340942,0.019784271717071533,0.007953647524118423,167.38078099979248
imagenet,resnet50,ig,ILSVRC2012_val_00012132,17,0.02,0,1240890485581281775,valid,0.2026266250295036,0.15144561725562183,17,17,True,0.4837387204170227,0.49815845489501953,0.014419734477996826,0.01577305607497692,167.45424599957914
imagenet,resnet50,ig,ILSVRC2012_val_00012132,17,0.02,1,7809966714089166156,valid,0.21117976058450966,0.15369582710656396,17,17,True,0.4837387204170227,0.4652303159236908,0.01850840449333191,0.01578219048678875,167.42683399979796
imagenet,resnet50,ig,ILSVRC2012_val_00012132,17,0.02,2,594568608699110832,valid,0.19753887587638752,0.16265060240963855,17,17,True,0.4837387204170227,0.48736414313316345,0.003625422716140747,0.01577969826757908,167.24632500017833
imagenet,resnet50,ig,ILSVRC2012_val_00012132,17,0.02,3,8272835477805138346,valid,0.20525219670755626,0.1511814636384492,17,17,True,0.4837387204170227,0.5013127326965332,0.017574012279510498,0.015742696821689606,167.24918399995659
imagenet,resnet50,ig,ILSVRC2012_val_00012132,17,0.02,4,5588988483984321074,valid,0.20026422828222198,0.14762721555174385,17,17,True,0.4837387204170227,0.49291887879371643,0.009180158376693726,0.01573066972196102,168.19847099986873
imagenet,resnet50,ig,ILSVRC2012_val_00012132,17,0.05,0,1240890485581281775,valid,0.08814586195002536,0.10055927184998355,17,17,True,0.4837387204170227,0.46411317586898804,0.019625544548034668,0.03825867921113968,167.231219000314
imagenet,resnet50,ig,ILSVRC2012_val_00012132,17,0.05,1,7809966714089166156,valid,0.08718624675795529,0.10273596308098011,17,17,True,0.4837387204170227,0.3986658751964569,0.0850728452205658,0.03828912228345871,167.3629069996423
imagenet,resnet50,ig,ILSVRC2012_val_00012132,17,0.05,2,594568608699110832,valid,0.074521093632701,0.10104223806911684,17,17,True,0.4837387204170227,0.4202492833137512,0.06348943710327148,0.03823862969875336,167.33864999969228
imagenet,resnet50,ig,ILSVRC2012_val_00012132,17,0.05,3,8272835477805138346,valid,0.08884741637204642,0.09815078236130868,17,17,True,0.4837387204170227,0.4470376670360565,0.036701053380966187,0.03818439319729805,167.28266500012978
imagenet,resnet50,ig,ILSVRC2012_val_00012132,17,0.05,4,5588988483984321074,valid,0.07278801414354545,0.09098815088596586,17,17,True,0.4837387204170227,0.4061691462993622,0.07756957411766052,0.038149602711200714,167.88831399981063
imagenet,resnet50,ig,ILSVRC2012_val_00000140,558,0.01,0,2495375757937344332,valid,0.5888741196935574,0.4498699797746316,251,251,True,0.017541905865073204,0.01352601032704115,0.004015895538032055,0.007930428721010685,167.34756899995773
imagenet,resnet50,ig,ILSVRC2012_val_00000140,558,0.01,1,8258382046345720994,valid,0.587440467547945,0.4589329844454136,251,251,True,0.017541905865073204,0.02284429408609867,0.005302388221025467,0.007931828498840332,167.29418699969756
imagenet,resnet50,ig,ILSVRC2012_val_00000140,558,0.01,2,1986566169149637064,valid,0.5811058781579704,0.4504986269692152,251,251,True,0.017541905865073204,0.023259833455085754,0.00571792759001255,0.007939048111438751,167.2352159998809
imagenet,resnet50,ig,ILSVRC2012_val_00000140,558,0.01,3,781331182807300414,valid,0.5927750268198645,0.46382730455075843,251,251,True,0.017541905865073204,0.011171373538672924,0.00637053232640028,0.00794409029185772,167.18601799993849
imagenet,resnet50,ig,ILSVRC2012_val_00000140,558,0.01,4,821512256087617785,valid,0.5920835082567214,0.46276053053490745,251,251,True,0.017541905865073204,0.022381622344255447,0.004839716479182243,0.007950360886752605,167.8524170001765
imagenet,resnet50,ig,ILSVRC2012_val_00000140,558,0.02,0,2495375757937344332,valid,0.374205916975712,0.3319177173191772,251,251,True,0.017541905865073204,0.02111607789993286,0.0035741720348596573,0.01566363126039505,167.270052999811
imagenet,resnet50,ig,ILSVRC2012_val_00000140,558,0.02,1,8258382046345720994,valid,0.37195842093969833,0.3144728225278324,251,251,True,0.017541905865073204,0.041792310774326324,0.02425040490925312,0.015672368928790092,167.2882650000247
imagenet,resnet50,ig,ILSVRC2012_val_00000140,558,0.02,2,1986566169149637064,valid,0.37749415992447416,0.3322713394397982,251,251,True,0.017541905865073204,0.03435130789875984,0.016809402033686638,0.015686212107539177,167.25503199995728
imagenet,resnet50,ig,ILSVRC2012_val_00000140,558,0.02,3,781331182807300414,valid,0.37600458398055286,0.3310344827586207,251,251,True,0.017541905865073204,0.01639348827302456,0.001148417592048645,0.01568450964987278,167.2481800001151
imagenet,resnet50,ig,ILSVRC2012_val_00000140,558,0.02,4,821512256087617785,valid,0.3877279928338142,0.33884738527214514,251,251,True,0.017541905865073204,0.02788461372256279,0.010342707857489586,0.015702681615948677,167.79416100007438
imagenet,resnet50,ig,ILSVRC2012_val_00000140,558,0.05,0,2495375757937344332,valid,0.16696602367642716,0.21796116504854368,251,212,False,0.017541905865073204,0.022849125787615776,0.005307219922542572,0.03772677108645439,167.24135899994508
imagenet,resnet50,ig,ILSVRC2012_val_00000140,558,0.05,1,8258382046345720994,valid,0.17762407029289223,0.22824623669073552,251,212,False,0.017541905865073204,0.028739625588059425,0.011197719722986221,0.03776539862155914,167.17346499990526
imagenet,resnet50,ig,ILSVRC2012_val_00000140,558,0.05,2,1986566169149637064,valid,0.17909633943801168,0.22330570453437348,251,212,False,0.017541905865073204,0.030560718849301338,0.013018812984228134,0.03779557719826698,167.297365000195
imagenet,resnet50,ig,ILSVRC2012_val_00000140,558,0.05,3,781331182807300414,valid,0.17180813231180087,0.22300755544723372,251,212,False,0.017541905865073204,0.014633498154580593,0.002908407710492611,0.03776644170284271,167.25592800003142
imagenet,resnet50,ig,ILSVRC2012_val_00000140,558,0.05,4,821512256087617785,valid,0.17890017912147022,0.22854694577059614,251,212,False,0.017541905865073204,0.015792399644851685,0.0017495062202215195,0.037824202328920364,167.26631599976827
imagenet,resnet50,ig,ILSVRC2012_val_00031295,237,0.01,0,7260055080022824154,valid,0.44200239764959753,0.2989904219518509,237,237,True,0.5567220449447632,0.594072163105011,0.0373501181602478,0.007982752285897732,167.37525400003506
imagenet,resnet50,ig,ILSVRC2012_val_00031295,237,0.01,1,6830589745658477501,valid,0.44299856698700574,0.3026998961578401,237,237,True,0.5567220449447632,0.5413051843643188,0.015416860580444336,0.007979998365044594,167.27369599993835
imagenet,resnet50,ig,ILSVRC2012_val_00031295,237,0.01,2,5572588514906466611,valid,0.44416608985001166,0.3052412537391078,237,237,True,0.5567220449447632,0.585702657699585,0.028980612754821777,0.007962181232869625,167.1952629999396
imagenet,resnet50,ig,ILSVRC2012_val_00031295,237,0.01,3,7784788833784456437,valid,0.44824527822296817,0.3035459150539031,237,237,True,0.5567220449447632,0.5733159184455872,0.016593873500823975,0.00796830840408802,167.28015000035157
imagenet,resnet50,ig,ILSVRC2012_val_00031295,237,0.01,4,205616704339721179,valid,0.4449424620807661,0.30084251458198313,237,237,True,0.5567220449447632,0.5440629124641418,0.012659132480621338,0.007979369722306728,167.74427399968772
imagenet,resnet50,ig,ILSVRC2012_val_00031295,237,0.02,0,7260055080022824154,valid,0.26730510289163606,0.21178459309345568,237,237,True,0.5567220449447632,0.623478889465332,0.06675684452056885,0.01595899648964405,167.58128399987982
imagenet,resnet50,ig,ILSVRC2012_val_00031295,237,0.02,1,6830589745658477501,valid,0.2732293404438108,0.21825685846079146,237,237,True,0.5567220449447632,0.5672009587287903,0.0104789137840271,0.0159539096057415,167.2943909998139
imagenet,resnet50,ig,ILSVRC2012_val_00031295,237,0.02,2,5572588514906466611,valid,0.2776335379879429,0.21796116504854368,237,237,True,0.5567220449447632,0.5989935994148254,0.042271554470062256,0.015918198972940445,167.2597849997146
imagenet,resnet50,ig,ILSVRC2012_val_00031295,237,0.02,3,7784788833784456437,valid,0.26860961115285537,0.20683020683020684,237,237,True,0.5567220449447632,0.5685862898826599,0.011864244937896729,0.01593208871781826,167.75559999996403
imagenet,resnet50,ig,ILSVRC2012_val_00031295,237,0.02,4,205616704339721179,valid,0.2782844402078254,0.2158953234795251,237,237,True,0.5567220449447632,0.549647331237793,0.007074713706970215,0.015952888876199722,167.27033300003313
imagenet,resnet50,ig,ILSVRC2012_val_00031295,237,0.05,0,7260055080022824154,valid,0.11360293167678938,0.14775846294602013,237,237,True,0.5567220449447632,0.5083558559417725,0.04836618900299072,0.03979962691664696,167.9157779999514
imagenet,resnet50,ig,ILSVRC2012_val_00031295,237,0.05,1,6830589745658477501,valid,0.12184338473720764,0.15807084342909888,237,237,True,0.5567220449447632,0.41754692792892456,0.13917511701583862,0.039788227528333664,167.38282599999366
imagenet,resnet50,ig,ILSVRC2012_val_00031295,237,0.05,2,5572588514906466611,valid,0.13017776199540593,0.15250344510794672,237,237,True,0.5567220449447632,0.5438783168792725,0.012843728065490723,0.03969388082623482,167.36475500010783
imagenet,resnet50,ig,ILSVRC2012_val_00031295,237,0.05,3,7784788833784456437,valid,0.12192098915424192,0.1513135252953998,237,237,True,0.5567220449447632,0.478561669588089,0.0781603753566742,0.03973357006907463,167.20511099993018
imagenet,resnet50,ig,ILSVRC2012_val_00031295,237,0.05,4,205616704339721179,valid,0.12645410658163445,0.15822273514137333,237,237,True,0.5567220449447632,0.5341753363609314,0.022546708583831787,0.03978067636489868,167.26875399990604
imagenet,resnet50,ig,ILSVRC2012_val_00004300,330,0.01,0,2062959023804323395,valid,0.600227272857235,0.41931834252580963,331,331,True,0.06397595256567001,0.06317967176437378,0.0007962808012962341,0.007951412349939346,167.30257500012158
imagenet,resnet50,ig,ILSVRC2012_val_00004300,330,0.01,1,1730914782129674652,valid,0.6178145164488592,0.43638185201087737,331,331,True,0.06397595256567001,0.05937805399298668,0.004597898572683334,0.007993146777153015,167.28228800002398
imagenet,resnet50,ig,ILSVRC2012_val_00004300,330,0.01,2,2230829393384523700,valid,0.6089579087886862,0.42637862421830586,331,331,True,0.06397595256567001,0.09505366533994675,0.031077712774276733,0.007968250662088394,167.25853600019036
imagenet,resnet50,ig,ILSVRC2012_val_00004300,330,0.01,3,2370168859087342904,valid,0.6148620869656178,0.42983330958826044,331,331,True,0.06397595256567001,0.05120372772216797,0.012772224843502045,0.00795076321810484,167.3118019998583
imagenet,resnet50,ig,ILSVRC2012_val_00004300,330,0.01,4,9172714801131829905,valid,0.6209704948676575,0.43269093504639544,331,331,True,0.06397595256567001,0.07319417595863342,0.00921822339296341,0.007987084798514843,167.28114300030938
imagenet,resnet50,ig,ILSVRC2012_val_00004300,330,0.02,0,2062959023804323395,valid,0.36958596884432965,0.2909698996655518,331,331,True,0.06397595256567001,0.07105772197246552,0.007081769406795502,0.01590193435549736,167.8995180000129
imagenet,resnet50,ig,ILSVRC2012_val_00004300,330,0.02,1,1730914782129674652,valid,0.38403922392438017,0.29047190433329045,331,331,True,0.06397595256567001,0.07457233220338821,0.0105963796377182,0.015985921025276184,167.26379300007466
imagenet,resnet50,ig,ILSVRC2012_val_00004300,330,0.02,2,2230829393384523700,valid,0.3755715724050232,0.2783084957330276,331,331,True,0.06397595256567001,0.110525943338871,0.04654999077320099,0.01593547873198986,167.15492499997708
imagenet,resnet50,ig,ILSVRC2012_val_00004300,330,0.02,3,2370168859087342904,valid,0.3819224666310713,0.2886492039034412,331,331,True,0.06397595256567001,0.05173492431640625,0.012241028249263763,0.015901029109954834,167.26035400006367
imagenet,resnet50,ig,ILSVRC2012_val_00004300,330,0.02,4,9172714801131829905,valid,0.39325520611195786,0.29246619446233096,331,331,True,0.06397595256567001,0.08063264936208725,0.016656696796417236,0.015972906723618507,167.27002900006482
imagenet,resnet50,ig,ILSVRC2012_val_00004300,330,0.05,0,2062959023804323395,valid,0.10508090771224916,0.16562137049941927,331,331,True,0.06397595256567001,0.14576078951358795,0.08178483694791794,0.03972576931118965,167.2068110001419
imagenet,resnet50,ig,ILSVRC2012_val_00004300,330,0.05,1,1730914782129674652,valid,0.10603303689685302,0.16238128329858698,331,331,True,0.06397595256567001,0.16680368781089783,0.10282773524522781,0.03993631526827812,167.93942499998593
imagenet,resnet50,ig,ILSVRC2012_val_00004300,330,0.05,2,2230829393384523700,valid,0.101067830942251,0.15223880597014924,331,331,True,0.06397595256567001,0.19156934320926666,0.12759339064359665,0.03981178253889084,167.3037129999102
imagenet,resnet50,ig,ILSVRC2012_val_00004300,330,0.05,3,2370168859087342904,valid,0.12696488786626628,0.17545092527524012,331,331,True,0.06397595256567001,0.09421727061271667,0.03024131804704666,0.03972280025482178,167.25335399996766
imagenet,resnet50,ig,ILSVRC2012_val_00004300,330,0.05,4,9172714801131829905,valid,0.12932988988205238,0.1650801021592756,331,330,False,0.06397595256567001,0.22078381478786469,0.15680786222219467,0.03989943861961365,167.2910120000779
imagenet,resnet50,ig,ILSVRC2012_val_00007011,140,0.01,0,8693357588706766936,valid,0.38563956929904486,0.22614538790470373,140,140,True,0.517528235912323,0.5070931315422058,0.010435104370117188,0.007970251142978668,167.8437400000803
imagenet,resnet50,ig,ILSVRC2012_val_00007011,140,0.01,1,7795033858281793546,valid,0.4079919162790969,0.24207920792079207,140,140,True,0.517528235912323,0.5164644122123718,0.0010638236999511719,0.00799260288476944,167.3612320000757
imagenet,resnet50,ig,ILSVRC2012_val_00007011,140,0.01,2,2820880621722301505,valid,0.4052041871783261,0.23794251881090417,140,140,True,0.517528235912323,0.5113845467567444,0.006143689155578613,0.007961892522871494,167.41975800005093
imagenet,resnet50,ig,ILSVRC2012_val_00007011,140,0.01,3,9156189342167126515,valid,0.419273248392006,0.24996886287208867,140,140,True,0.517528235912323,0.5155806541442871,0.0019475817680358887,0.007991521619260311,167.30535800024882
imagenet,resnet50,ig,ILSVRC2012_val_00007011,140,0.01,4,2817173590254193893,valid,0.3956158430616769,0.23368162261831593,140,140,True,0.517528235912323,0.4941132366657257,0.02341499924659729,0.007971979677677155,167.2072449996449
imagenet,resnet50,ig,ILSVRC2012_val_00007011,140,0.02,0,8693357588706766936,valid,0.24388297052675548,0.1728409489307,140,140,True,0.517528235912323,0.48778003454208374,0.029748201370239258,0.015940502285957336,167.27876999993896
imagenet,resnet50,ig,ILSVRC2012_val_00007011,140,0.02,1,7795033858281793546,valid,0.2624037060643043,0.17931844888366627,140,140,True,0.517528235912323,0.5076674222946167,0.009860813617706299,0.01598520576953888,167.89148600037151
imagenet,resnet50,ig,ILSVRC2012_val_00007011,140,0.02,2,2820880621722301505,valid,0.25110967855119726,0.17311513734658096,140,140,True,0.517528235912323,0.52337646484375,0.005848228931427002,0.01592378504574299,167.32686800014562
imagenet,resnet50,ig,ILSVRC2012_val_00007011,140,0.02,3,9156189342167126515,valid,0.26127089762934874,0.17834918398497124,140,140,True,0.517528235912323,0.5169526934623718,0.0005755424499511719,0.015983043238520622,167.22977899962643
imagenet,resnet50,ig,ILSVRC2012_val_00007011,140,0.02,4,2817173590254193893,valid,0.24808269483397336,0.1625159272558786,140,140,True,0.517528235912323,0.5145089030265808,0.0030193328857421875,0.01594395935535431,167.37755099984497
imagenet,resnet50,ig,ILSVRC2012_val_00007011,140,0.05,0,8693357588706766936,valid,0.09965226513145833,0.1158550144540805,140,140,True,0.517528235912323,0.4713578224182129,0.04617041349411011,0.039849501103162766,167.37706699996124
imagenet,resnet50,ig,ILSVRC2012_val_00007011,140,0.05,1,7795033858281793546,valid,0.11010303960047337,0.12272066226647275,140,140,True,0.517528235912323,0.4749065041542053,0.042621731758117676,0.03996222838759422,168.02381700017577
imagenet,resnet50,ig,ILSVRC2012_val_00007011,140,0.05,2,2820880621722301505,valid,0.09236867987852006,0.11313220940550132,140,140,True,0.517528235912323,0.4852777421474457,0.03225049376487732,0.039808910340070724,167.37171900012981
imagenet,resnet50,ig,ILSVRC2012_val_00007011,140,0.05,3,9156189342167126515,valid,0.10609092396614281,0.11066843736166446,140,140,True,0.517528235912323,0.5023723840713501,0.0151558518409729,0.03995690494775772,167.3257239999657
imagenet,resnet50,ig,ILSVRC2012_val_00007011,140,0.05,4,2817173590254193893,valid,0.11659269334956128,0.11983932158000446,140,140,True,0.517528235912323,0.4617560803890228,0.05577215552330017,0.03985891491174698,167.2716810003294
imagenet,resnet50,ig,ILSVRC2012_val_00008228,381,0.01,0,4154338444683056573,valid,0.6549128665423791,0.4310566091544275,381,381,True,0.2238118052482605,0.24080790579319,0.016996100544929504,0.007849621586501598,167.67037299996446
imagenet,resnet50,ig,ILSVRC2012_val_00008228,381,0.01,1,8968172922966999441,valid,0.6366646568723899,0.41992076966610076,381,381,True,0.2238118052482605,0.2709704637527466,0.047158658504486084,0.007862295024096966,167.88706999977876
imagenet,resnet50,ig,ILSVRC2012_val_00008228,381,0.01,2,4537400942497270551,valid,0.6382628317192474,0.4127252252252252,381,381,True,0.2238118052482605,0.32411274313926697,0.10030093789100647,0.007875829935073853,167.3494730002858
imagenet,resnet50,ig,ILSVRC2012_val_00008228,381,0.01,3,650350537098486573,valid,0.6482943271339185,0.41791466515964965,381,381,True,0.2238118052482605,0.25277969241142273,0.02896788716316223,0.00785364955663681,167.3101780002071
imagenet,resnet50,ig,ILSVRC2012_val_00008228,381,0.01,4,4634637524913072090,valid,0.6529187984322312,0.427799117939963,381,381,True,0.2238118052482605,0.2339191436767578,0.010107338428497314,0.007835465483367443,167.24588600027346
imagenet,resnet50,ig,ILSVRC2012_val_00008228,381,0.02,0,4154338444683056573,valid,0.47386895908011895,0.30898656580148687,381,381,True,0.2238118052482605,0.3298792541027069,0.10606744885444641,0.015573475509881973,167.25317500004167
imagenet,resnet50,ig,ILSVRC2012_val_00008228,381,0.02,1,8968172922966999441,valid,0.4471725163467762,0.29296573048183455,381,381,True,0.2238118052482605,0.36487001180648804,0.14105820655822754,0.015593970194458961,167.1809250001388
imagenet,resnet50,ig,ILSVRC2012_val_00008228,381,0.02,2,4537400942497270551,valid,0.4600238394676573,0.29047190433329045,381,381,True,0.2238118052482605,0.38999518752098083,0.16618338227272034,0.01562569849193096,167.29528400037452
imagenet,resnet50,ig,ILSVRC2012_val_00008228,381,0.02,3,650350537098486573,valid,0.4615851748747773,0.3067708333333333,381,381,True,0.2238118052482605,0.340053915977478,0.11624211072921753,0.015577309764921665,167.24132199988162
imagenet,resnet50,ig,ILSVRC2012_val_00008228,381,0.02,4,4634637524913072090,valid,0.47755952353802417,0.3047321892875715,381,381,True,0.2238118052482605,0.29776886105537415,0.07395705580711365,0.01553870178759098,167.20175499995094
imagenet,resnet50,ig,ILSVRC2012_val_00008228,381,0.05,0,4154338444683056573,valid,0.22437504322179988,0.19476190476190477,381,381,True,0.2238118052482605,0.35787859559059143,0.13406679034233093,0.03825114667415619,167.18016699996952
imagenet,resnet50,ig,ILSVRC2012_val_00008228,381,0.05,1,8968172922966999441,valid,0.2352009629808358,0.19447750535586766,381,381,True,0.2238118052482605,0.3801838755607605,0.1563720703125,0.03829391300678253,167.27326600039305
imagenet,resnet50,ig,ILSVRC2012_val_00008228,381,0.05,2,4537400942497270551,valid,0.2265485538287059,0.19961749940234283,381,381,True,0.2238118052482605,0.47259625792503357,0.24878445267677307,0.038379523903131485,167.867822000062
imagenet,resnet50,ig,ILSVRC2012_val_00008228,381,0.05,3,650350537098486573,valid,0.21626871240957057,0.19405116002379535,381,381,True,0.2238118052482605,0.42968183755874634,0.20587003231048584,0.038231175392866135,167.21287500013204
imagenet,resnet50,ig,ILSVRC2012_val_00008228,381,0.05,4,4634637524913072090,valid,0.2534696308460644,0.20930232558139536,381,381,True,0.2238118052482605,0.32639673352241516,0.10258492827415466,0.03816356137394905,167.44642399999066
imagenet,resnet50,ig,ILSVRC2012_val_00016006,732,0.01,0,2689331499638741690,valid,0.34049768105862727,0.25152762189799227,732,732,True,0.34440913796424866,0.3499744236469269,0.005565285682678223,0.007973088882863522,167.16148499972405
imagenet,resnet50,ig,ILSVRC2012_val_00016006,732,0.01,1,8580294959909415158,valid,0.34708932145185317,0.249813200498132,732,732,True,0.34440913796424866,0.31413355469703674,0.030275583267211914,0.007983085699379444,167.23153100019772
imagenet,resnet50,ig,ILSVRC2012_val_00016006,732,0.01,2,9114965582325127640,valid,0.3411167611582081,0.2538730634682659,732,732,True,0.34440913796424866,0.36111965775489807,0.016710519790649414,0.007946940138936043,167.86247399977583
imagenet,resnet50,ig,ILSVRC2012_val_00016006,732,0.01,3,6003814197834614244,valid,0.35348692667872506,0.26973684210526316,732,732,True,0.34440913796424866,0.31241780519485474,0.03199133276939392,0.007994843646883965,167.28390299977036
imagenet,resnet50,ig,ILSVRC2012_val_00016006,732,0.01,4,2271394598789847604,valid,0.3506769658541779,0.25481370342585646,732,732,True,0.34440913796424866,0.3737891614437103,0.02938002347946167,0.007967531681060791,167.34399300003133
imagenet,resnet50,ig,ILSVRC2012_val_00016006,732,0.02,0,2689331499638741690,valid,0.19630130145553204,0.188114123357405,732,732,True,0.34440913796424866,0.35216477513313293,0.007755637168884277,0.015904182568192482,167.26385699985258
imagenet,resnet50,ig,ILSVRC2012_val_00016006,732,0.02,1,8580294959909415158,valid,0.2119215200099332,0.19647114926084883,732,732,True,0.34440913796424866,0.3604367673397064,0.016027629375457764,0.015923377126455307,167.30564399995274
imagenet,resnet50,ig,ILSVRC2012_val_00016006,732,0.02,2,9114965582325127640,valid,0.19484544629461517,0.19206556598170804,732,732,True,0.34440913796424866,0.33931630849838257,0.005092829465866089,0.015852151438593864,167.9680389997884
imagenet,resnet50,ig,ILSVRC2012_val_00016006,732,0.02,3,6003814197834614244,valid,0.20556750678926616,0.20105313547151749,732,732,True,0.34440913796424866,0.32179296016693115,0.022616177797317505,0.015948506072163582,167.28450400023576
imagenet,resnet50,ig,ILSVRC2012_val_00016006,732,0.02,4,2271394598789847604,valid,0.20862671417168716,0.19192399049881234,732,732,True,0.34440913796424866,0.355170339345932,0.01076120138168335,0.01589353196322918,167.21683200012194
imagenet,resnet50,ig,ILSVRC2012_val_00016006,732,0.05,0,2689331499638741690,valid,0.08186501170242114,0.14383405516298153,732,732,True,0.34440913796424866,0.40624547004699707,0.06183633208274841,0.039323803037405014,167.27641299985407
imagenet,resnet50,ig,ILSVRC2012_val_00016006,732,0.05,1,8580294959909415158,valid,0.07880119043730863,0.149204168098019,732,732,True,0.34440913796424866,0.32132548093795776,0.023083657026290894,0.039370857179164886,167.27790100003403
imagenet,resnet50,ig,ILSVRC2012_val_00016006,732,0.05,2,9114965582325127640,valid,0.08149551432318669,0.14946741495819493,732,732,True,0.34440913796424866,0.32835662364959717,0.01605251431465149,0.039197489619255066,167.3254590000397
imagenet,resnet50,ig,ILSVRC2012_val_00016006,732,0.05,3,6003814197834614244,valid,0.08079632598461965,0.15343064015630387,732,732,True,0.34440913796424866,0.3468874990940094,0.002478361129760742,0.03944588452577591,167.93559099960476
imagenet,resnet50,ig,ILSVRC2012_val_00016006,732,0.05,4,2271394598789847604,valid,0.08306114620321063,0.14762721555174385,732,732,True,0.34440913796424866,0.32446086406707764,0.01994827389717102,0.039302706718444824,167.34433300007368
imagenet,resnet50,ig,ILSVRC2012_val_00023543,254,0.01,0,270999366333867741,valid,0.4933600658562175,0.3338649654439128,254,254,True,0.3786291778087616,0.3762466311454773,0.0023825466632843018,0.007898950017988682,167.2261260000596
imagenet,resnet50,ig,ILSVRC2012_val_00023543,254,0.01,1,6483725595163808915,valid,0.4935505873656161,0.3345744680851064,254,254,True,0.3786291778087616,0.34194883704185486,0.03668034076690674,0.00790777150541544,167.30171500012148
imagenet,resnet50,ig,ILSVRC2012_val_00023543,254,0.01,2,4939728852732550403,valid,0.48317384787244844,0.3347519616970342,254,254,True,0.3786291778087616,0.3245890438556671,0.05404013395309448,0.00789529550820589,167.94177600013427
imagenet,resnet50,ig,ILSVRC2012_val_00023543,254,0.01,3,4468478742456119862,valid,0.48482736474211585,0.32558446704530447,254,254,True,0.3786291778087616,0.38686996698379517,0.00824078917503357,0.007906647399067879,167.2805379998863
imagenet,resnet50,ig,ILSVRC2012_val_00023543,254,0.01,4,2390165699526937601,valid,0.4907247604720316,0.3377765929085577,254,254,True,0.3786291778087616,0.38425907492637634,0.005629897117614746,0.007896085269749165,167.2795770000448
imagenet,resnet50,ig,ILSVRC2012_val_00023543,254,0.02,0,270999366333867741,valid,0.291990489978458,0.2335299901671583,254,254,True,0.3786291778087616,0.3486173450946808,0.03001183271408081,0.015745293349027634,167.31512700016538
imagenet,resnet50,ig,ILSVRC2012_val_00023543,254,0.02,1,6483725595163808915,valid,0.29074167215380947,0.22914880587875078,254,254,True,0.3786291778087616,0.3644047677516937,0.014224410057067871,0.015765072777867317,167.34439599986217
imagenet,resnet50,ig,ILSVRC2012_val_00023543,254,0.02,2,4939728852732550403,valid,0.26247538762526273,0.21944106925880924,254,254,True,0.3786291778087616,0.29393288493156433,0.08469629287719727,0.015736518427729607,167.30082199956087
imagenet,resnet50,ig,ILSVRC2012_val_00023543,254,0.02,3,4468478742456119862,valid,0.30132166769368685,0.24085064292779426,254,254,True,0.3786291778087616,0.3725878894329071,0.006041288375854492,0.015763435512781143,167.88775200029704
imagenet,resnet50,ig,ILSVRC2012_val_00023543,254,0.02,4,2390165699526937601,valid,0.29435367968234266,0.2338332923530858,254,254,True,0.3786291778087616,0.3290260136127472,0.049603164196014404,0.01574035920202732,167.29063599996152
imagenet,resnet50,ig,ILSVRC2012_val_00023543,254,0.05,0,270999366333867741,valid,0.08565318584596306,0.14487793748574035,254,254,True,0.3786291778087616,0.31955015659332275,0.05907902121543884,0.03911004215478897,167.51374199975544
imagenet,resnet50,ig,ILSVRC2012_val_00023543,254,0.05,1,6483725595163808915,valid,0.09415010549769559,0.1455313320397215,254,254,True,0.3786291778087616,0.34781381487846375,0.03081536293029785,0.03916078805923462,167.46913199995106
imagenet,resnet50,ig,ILSVRC2012_val_00023543,254,0.05,2,4939728852732550403,valid,0.07939284042742821,0.141881897826829,254,254,True,0.3786291778087616,0.2840006351470947,0.09462854266166687,0.039074283093214035,167.29253099993002
imagenet,resnet50,ig,ILSVRC2012_val_00023543,254,0.05,3,4468478742456119862,valid,0.10034451482066965,0.14999427065429127,254,254,True,0.3786291778087616,0.34869614243507385,0.029933035373687744,0.03914396092295647,167.92095199980395
imagenet,resnet50,ig,ILSVRC2012_val_00023543,254,0.05,4,2390165699526937601,valid,0.09607693118785943,0.15025787965616047,254,254,True,0.3786291778087616,0.26911646127700806,0.10951271653175354,0.03909092769026756,167.18571299998075
imagenet,resnet50,ig,ILSVRC2012_val_00023347,89,0.01,0,7881334844864196200,valid,0.4154388141766292,0.3285676462801165,89,89,True,0.4085824489593506,0.41860389709472656,0.010021448135375977,0.007980088703334332,167.20122300012008
imagenet,resnet50,ig,ILSVRC2012_val_00023347,89,0.01,1,8223420927206424359,valid,0.4251222241285565,0.322266139657444,89,89,True,0.4085824489593506,0.4178524315357208,0.00926998257637024,0.007993086241185665,167.26116600011665
imagenet,resnet50,ig,ILSVRC2012_val_00023347,89,0.01,2,2108301894708548545,valid,0.4241263823299823,0.33831177490332043,89,89,True,0.4085824489593506,0.4069367051124573,0.0016457438468933105,0.007992684841156006,167.19484000032026
imagenet,resnet50,ig,ILSVRC2012_val_00023347,89,0.01,3,2944429311875253943,valid,0.42938828618427083,0.33528472591804154,89,89,True,0.4085824489593506,0.420586496591568,0.012004047632217407,0.007973040454089642,167.777999000009
imagenet,resnet50,ig,ILSVRC2012_val_00023347,89,0.01,4,7481385728545187894,valid,0.4231131127003069,0.33085797639570347,89,89,True,0.4085824489593506,0.4198637008666992,0.011281251907348633,0.00796965230256319,167.27111599993805
imagenet,resnet50,ig,ILSVRC2012_val_00023347,89,0.02,0,7881334844864196200,valid,0.21895720917543132,0.22285853539661266,89,89,True,0.4085824489593506,0.4862309396266937,0.07764849066734314,0.01595492847263813,167.17614699973637
imagenet,resnet50,ig,ILSVRC2012_val_00023347,89,0.02,1,8223420927206424359,valid,0.23555243368241047,0.2321669736034377,89,89,True,0.4085824489593506,0.4683680236339569,0.05978557467460632,0.01598096638917923,167.3293509998075
imagenet,resnet50,ig,ILSVRC2012_val_00023347,89,0.02,2,2108301894708548545,valid,0.22884425781701764,0.227194913181707,89,89,True,0.4085824489593506,0.4783613085746765,0.06977885961532593,0.015980476513504982,167.27933799984385
imagenet,resnet50,ig,ILSVRC2012_val_00023347,89,0.02,3,2944429311875253943,valid,0.23806038971992316,0.23277238668468248,89,89,True,0.4085824489593506,0.4640272259712219,0.05544477701187134,0.015940889716148376,167.24849100000938
imagenet,resnet50,ig,ILSVRC2012_val_00023347,89,0.02,4,7481385728545187894,valid,0.2228501070050363,0.23095792959646755,89,89,True,0.4085824489593506,0.46558791399002075,0.057005465030670166,0.01593352109193802,167.3261599999023
imagenet,resnet50,ig,ILSVRC2012_val_00023347,89,0.05,0,7881334844864196200,valid,0.09487303745248879,0.17627754336615095,89,89,True,0.4085824489593506,0.5396166443824768,0.13103419542312622,0.03973989561200142,167.21260899976187
imagenet,resnet50,ig,ILSVRC2012_val_00023347,89,0.05,1,8223420927206424359,valid,0.08300543686759475,0.17531326853261506,89,89,True,0.4085824489593506,0.4880477786064148,0.07946532964706421,0.03978583589196205,167.22720999996454
imagenet,resnet50,ig,ILSVRC2012_val_00023347,89,0.05,2,2108301894708548545,valid,0.09396243948213243,0.17448800468110007,89,89,True,0.4085824489593506,0.4949030578136444,0.08632060885429382,0.03979448229074478,167.3094749999109
imagenet,resnet50,ig,ILSVRC2012_val_00023347,89,0.05,3,2944429311875253943,valid,0.08301058242353467,0.1724299065420561,89,89,True,0.4085824489593506,0.49482324719429016,0.08624079823493958,0.03968992829322815,167.30632299959325
imagenet,resnet50,ig,ILSVRC2012_val_00023347,89,0.05,4,7481385728545187894,valid,0.09383238477470035,0.17531326853261506,89,89,True,0.4085824489593506,0.49750176072120667,0.08891931176185608,0.03968685120344162,167.83395399988876
imagenet,resnet50,ig,ILSVRC2012_val_00011253,363,0.01,0,7969622713620301542,valid,0.6085584911752255,0.4597818181818182,363,363,True,0.16493193805217743,0.4331112205982208,0.2681792825460434,0.00790833868086338,167.19149499976993
imagenet,resnet50,ig,ILSVRC2012_val_00011253,363,0.01,1,7338576340922310673,valid,0.6194709799889231,0.48110979929161746,363,363,True,0.16493193805217743,0.5154380798339844,0.35050614178180695,0.007920983247458935,167.37697400003526
imagenet,resnet50,ig,ILSVRC2012_val_00011253,363,0.01,2,3200603612045899266,valid,0.6094083032023633,0.4625473622850481,363,363,True,0.16493193805217743,0.4924881160259247,0.32755617797374725,0.007895284332334995,167.28980800007776
imagenet,resnet50,ig,ILSVRC2012_val_00011253,363,0.01,3,9145090093729942847,valid,0.6251081434519961,0.48242245199409156,363,363,True,0.16493193805217743,0.529177188873291,0.3642452508211136,0.00789425615221262,167.31552300007024
imagenet,resnet50,ig,ILSVRC2012_val_00011253,363,0.01,4,2178187931079052202,valid,0.6412704320998381,0.49500968270519885,363,363,True,0.16493193805217743,0.4665137231349945,0.3015817850828171,0.007886005565524101,167.92839700019613
imagenet,resnet50,ig,ILSVRC2012_val_00011253,363,0.02,0,7969622713620301542,valid,0.35469032411108126,0.31275343361674296,363,363,True,0.16493193805217743,0.5188179016113281,0.3538859635591507,0.01578899845480919,167.2784719999072
imagenet,resnet50,ig,ILSVRC2012_val_00011253,363,0.02,1,7338576340922310673,valid,0.34877085814407993,0.31326877780685686,363,363,True,0.16493193805217743,0.47456440329551697,0.30963246524333954,0.015812009572982788,167.25010499976634
imagenet,resnet50,ig,ILSVRC2012_val_00011253,363,0.02,2,3200603612045899266,valid,0.3610431749144551,0.3129251700680272,363,363,True,0.16493193805217743,0.5212066769599915,0.356274738907814,0.015759438276290894,168.78403500004424
imagenet,resnet50,ig,ILSVRC2012_val_00011253,363,0.02,3,9145090093729942847,valid,0.3578775712432991,0.31792514773473407,363,363,True,0.16493193805217743,0.5458887815475464,0.38095684349536896,0.01576133258640766,167.2338410003249
imagenet,resnet50,ig,ILSVRC2012_val_00011253,363,0.02,4,2178187931079052202,valid,0.4088914291046269,0.34207007221182134,363,363,True,0.16493193805217743,0.527065098285675,0.3621331602334976,0.01574300229549408,167.8829460001907
imagenet,resnet50,ig,ILSVRC2012_val_00011253,363,0.05,0,7969622713620301542,valid,0.14141297786077467,0.21707494542808634,363,363,True,0.16493193805217743,0.31249144673347473,0.1475595086812973,0.03885333985090256,167.27387800028737
imagenet,resnet50,ig,ILSVRC2012_val_00011253,363,0.05,1,7338576340922310673,valid,0.13048134345887882,0.20509125840537945,363,363,True,0.16493193805217743,0.34410354495048523,0.1791716068983078,0.03889232128858566,167.26155199967252
imagenet,resnet50,ig,ILSVRC2012_val_00011253,363,0.05,2,3200603612045899266,valid,0.16768657565430595,0.23092960510179053,363,363,True,0.16493193805217743,0.18859392404556274,0.023661985993385315,0.03875995799899101,167.29805299974032
imagenet,resnet50,ig,ILSVRC2012_val_00011253,363,0.05,3,9145090093729942847,valid,0.1277175144693103,0.20625,363,363,True,0.16493193805217743,0.2636041045188904,0.09867216646671295,0.038816627115011215,167.2374029999446
imagenet,resnet50,ig,ILSVRC2012_val_00011253,363,0.05,4,2178187931079052202,valid,0.13969900159320903,0.20842865743527994,363,363,True,0.16493193805217743,0.3277300298213959,0.16279809176921844,0.03875745087862015,167.2706599997582
imagenet,resnet50,gradcam,ILSVRC2012_val_00012132,17,0.01,0,1240890485581281775,valid,0.9397939172848578,0.9908748264233287,17,17,True,0.4837387204170227,0.5052613615989685,0.0215226411819458,0.007977155037224293,7.8568270000687335
imagenet,resnet50,gradcam,ILSVRC2012_val_00012132,17,0.01,1,7809966714089166156,valid,0.90852533277653,0.9783165779617583,17,17,True,0.4837387204170227,0.49784448742866516,0.014105767011642456,0.00797604862600565,8.015944000362651
imagenet,resnet50,gradcam,ILSVRC2012_val_00012132,17,0.01,2,594568608699110832,valid,0.9542980862986132,0.9822239778787281,17,17,True,0.4837387204170227,0.4894220530986786,0.005683332681655884,0.00797850452363491,7.961759999943752
imagenet,resnet50,gradcam,ILSVRC2012_val_00012132,17,0.01,3,8272835477805138346,valid,0.9422908097074846,0.9845758354755784,17,17,True,0.4837387204170227,0.503409743309021,0.01967102289199829,0.00795917771756649,7.9670209997857455
imagenet,resnet50,gradcam,ILSVRC2012_val_00012132,17,0.01,4,5588988483984321074,valid,0.9645399745667221,0.967843137254902,17,17,True,0.4837387204170227,0.5035229921340942,0.019784271717071533,0.007953647524118423,8.039529999678052
imagenet,resnet50,gradcam,ILSVRC2012_val_00012132,17,0.02,0,1240890485581281775,valid,0.9024127943677392,0.967843137254902,17,17,True,0.4837387204170227,0.49815845489501953,0.014419734477996826,0.01577305607497692,8.002193999800511
imagenet,resnet50,gradcam,ILSVRC2012_val_00012132,17,0.02,1,7809966714089166156,valid,0.9084089557849864,0.9609222352481438,17,17,True,0.4837387204170227,0.4652303159236908,0.01850840449333191,0.01578219048678875,7.9423420002058265
imagenet,resnet50,gradcam,ILSVRC2012_val_00012132,17,0.02,2,594568608699110832,valid,0.8697555390622544,0.9655307481394438,17,17,True,0.4837387204170227,0.48736414313316345,0.003625422716140747,0.01577969826757908,8.021453999845107
imagenet,resnet50,gradcam,ILSVRC2012_val_00012132,17,0.02,3,8272835477805138346,valid,0.9395609644564372,0.9822239778787281,17,17,True,0.4837387204170227,0.5013127326965332,0.017574012279510498,0.015742696821689606,7.947271000375622
imagenet,resnet50,gradcam,ILSVRC2012_val_00012132,17,0.02,4,5588988483984321074,valid,0.9012762728116724,0.9525291828793774,17,17,True,0.4837387204170227,0.49291887879371643,0.009180158376693726,0.01573066972196102,7.94973799975196
imagenet,resnet50,gradcam,ILSVRC2012_val_00012132,17,0.05,0,1240890485581281775,valid,0.8575624086022479,0.9047257544126021,17,17,True,0.4837387204170227,0.46411317586898804,0.019625544548034668,0.03825867921113968,8.142530999975861
imagenet,resnet50,gradcam,ILSVRC2012_val_00012132,17,0.05,1,7809966714089166156,valid,0.8924055392942801,0.9189292543021033,17,17,True,0.4837387204170227,0.3986658751964569,0.0850728452205658,0.03828912228345871,8.117881000089255
imagenet,resnet50,gradcam,ILSVRC2012_val_00012132,17,0.05,2,594568608699110832,valid,0.8528060078748431,0.9348370927318296,17,17,True,0.4837387204170227,0.4202492833137512,0.06348943710327148,0.03823862969875336,7.947068999783369
imagenet,resnet50,gradcam,ILSVRC2012_val_00012132,17,0.05,3,8272835477805138346,valid,0.8794618147465648,0.8889516280820629,17,17,True,0.4837387204170227,0.4470376670360565,0.036701053380966187,0.03818439319729805,8.044355000038195
imagenet,resnet50,gradcam,ILSVRC2012_val_00012132,17,0.05,4,5588988483984321074,valid,0.8650954402584892,0.825723121702747,17,17,True,0.4837387204170227,0.4061691462993622,0.07756957411766052,0.038149602711200714,7.974127000125009
imagenet,resnet50,gradcam,ILSVRC2012_val_00000140,558,0.01,0,2495375757937344332,valid,0.9678339933156209,0.8861116331516632,251,251,True,0.017541905865073204,0.01352601032704115,0.004015895538032055,0.007930428721010685,7.878848000018479
imagenet,resnet50,gradcam,ILSVRC2012_val_00000140,558,0.01,1,8258382046345720994,valid,0.9747566383312899,0.8882408278457197,251,251,True,0.017541905865073204,0.02284429408609867,0.005302388221025467,0.007931828498840332,7.934708999982831
imagenet,resnet50,gradcam,ILSVRC2012_val_00000140,558,0.01,2,1986566169149637064,valid,0.9701379516258454,0.8675102344622255,251,251,True,0.017541905865073204,0.023259833455085754,0.00571792759001255,0.007939048111438751,8.059286999923643
imagenet,resnet50,gradcam,ILSVRC2012_val_00000140,558,0.01,3,781331182807300414,valid,0.9678091016279327,0.8407923697725606,251,251,True,0.017541905865073204,0.011171373538672924,0.00637053232640028,0.00794409029185772,7.980199000030552
imagenet,resnet50,gradcam,ILSVRC2012_val_00000140,558,0.01,4,821512256087617785,valid,0.9671796090610952,0.8896629636603276,251,251,True,0.017541905865073204,0.022381622344255447,0.004839716479182243,0.007950360886752605,7.964588000049844
imagenet,resnet50,gradcam,ILSVRC2012_val_00000140,558,0.02,0,2495375757937344332,valid,0.9397456714542068,0.8935849056603774,251,251,True,0.017541905865073204,0.02111607789993286,0.0035741720348596573,0.01566363126039505,7.959997999932966
imagenet,resnet50,gradcam,ILSVRC2012_val_00000140,558,0.02,1,8258382046345720994,valid,0.9289212185106162,0.8300510576221736,251,251,True,0.017541905865073204,0.041792310774326324,0.02425040490925312,0.015672368928790092,7.994605000021693
imagenet,resnet50,gradcam,ILSVRC2012_val_00000140,558,0.02,2,1986566169149637064,valid,0.944890659539375,0.8428204186558942,251,251,True,0.017541905865073204,0.03435130789875984,0.016809402033686638,0.015686212107539177,7.961815000271599
imagenet,resnet50,gradcam,ILSVRC2012_val_00000140,558,0.02,3,781331182807300414,valid,0.9513237122584661,0.9189292543021033,251,251,True,0.017541905865073204,0.01639348827302456,0.001148417592048645,0.01568450964987278,7.9442040000685665
imagenet,resnet50,gradcam,ILSVRC2012_val_00000140,558,0.02,4,821512256087617785,valid,0.9335327380728023,0.9025592417061611,251,251,True,0.017541905865073204,0.02788461372256279,0.010342707857489586,0.015702681615948677,7.9570500001864275
imagenet,resnet50,gradcam,ILSVRC2012_val_00000140,558,0.05,0,2495375757937344332,valid,0.9182496030944284,0.8609308362692379,251,212,False,0.017541905865073204,0.022849125787615776,0.005307219922542572,0.03772677108645439,7.998888000201987
imagenet,resnet50,gradcam,ILSVRC2012_val_00000140,558,0.05,1,8258382046345720994,valid,0.8794299341069668,0.8063354931605472,251,212,False,0.017541905865073204,0.028739625588059425,0.011197719722986221,0.03776539862155914,8.033581999825401
imagenet,resnet50,gradcam,ILSVRC2012_val_00000140,558,0.05,2,1986566169149637064,valid,0.9019661946878293,0.8293838862559242,251,212,False,0.017541905865073204,0.030560718849301338,0.013018812984228134,0.03779557719826698,7.983764000073279
imagenet,resnet50,gradcam,ILSVRC2012_val_00000140,558,0.05,3,781331182807300414,valid,0.9047704475329644,0.7921428571428571,251,212,False,0.017541905865073204,0.014633498154580593,0.002908407710492611,0.03776644170284271,7.971034000092914
imagenet,resnet50,gradcam,ILSVRC2012_val_00000140,558,0.05,4,821512256087617785,valid,0.9002717801217576,0.8489314664701547,251,212,False,0.017541905865073204,0.015792399644851685,0.0017495062202215195,0.037824202328920364,7.963005000419798
imagenet,resnet50,gradcam,ILSVRC2012_val_00031295,237,0.01,0,7260055080022824154,valid,0.9816281106895932,0.9251870324189526,237,237,True,0.5567220449447632,0.594072163105011,0.0373501181602478,0.007982752285897732,7.821118999800092
imagenet,resnet50,gradcam,ILSVRC2012_val_00031295,237,0.01,1,6830589745658477501,valid,0.9815156956721419,0.7610107036322161,237,237,True,0.5567220449447632,0.5413051843643188,0.015416860580444336,0.007979998365044594,7.962399000007281
imagenet,resnet50,gradcam,ILSVRC2012_val_00031295,237,0.01,2,5572588514906466611,valid,0.974277047659214,0.7591586327782647,237,237,True,0.5567220449447632,0.585702657699585,0.028980612754821777,0.007962181232869625,8.011025000087102
imagenet,resnet50,gradcam,ILSVRC2012_val_00031295,237,0.01,3,7784788833784456437,valid,0.9828739505177327,0.8438361197868822,237,237,True,0.5567220449447632,0.5733159184455872,0.016593873500823975,0.00796830840408802,7.962589999806369
imagenet,resnet50,gradcam,ILSVRC2012_val_00031295,237,0.01,4,205616704339721179,valid,0.9834055905819968,0.7956700662014672,237,237,True,0.5567220449447632,0.5440629124641418,0.012659132480621338,0.007979369722306728,7.967811000071379
imagenet,resnet50,gradcam,ILSVRC2012_val_00031295,237,0.02,0,7260055080022824154,valid,0.9605207854224823,0.8407923697725606,237,237,True,0.5567220449447632,0.623478889465332,0.06675684452056885,0.01595899648964405,7.982771000115463
imagenet,resnet50,gradcam,ILSVRC2012_val_00031295,237,0.02,1,6830589745658477501,valid,0.9462026574829305,0.6361265079882621,237,237,True,0.5567220449447632,0.5672009587287903,0.0104789137840271,0.0159539096057415,7.944000000406959
imagenet,resnet50,gradcam,ILSVRC2012_val_00031295,237,0.02,2,5572588514906466611,valid,0.940769207960219,0.7039049235993209,237,237,True,0.5567220449447632,0.5989935994148254,0.042271554470062256,0.015918198972940445,7.954469000196696
imagenet,resnet50,gradcam,ILSVRC2012_val_00031295,237,0.02,3,7784788833784456437,valid,0.9628068592109661,0.7056424201223658,237,237,True,0.5567220449447632,0.5685862898826599,0.011864244937896729,0.01593208871781826,7.938250000279368
imagenet,resnet50,gradcam,ILSVRC2012_val_00031295,237,0.02,4,205616704339721179,valid,0.9593610315364309,0.7214408233276158,237,237,True,0.5567220449447632,0.549647331237793,0.007074713706970215,0.015952888876199722,7.9359159999512485
imagenet,resnet50,gradcam,ILSVRC2012_val_00031295,237,0.05,0,7260055080022824154,valid,0.9098022508695358,0.7662794790566702,237,237,True,0.5567220449447632,0.5083558559417725,0.04836618900299072,0.03979962691664696,7.9527309999321005
imagenet,resnet50,gradcam,ILSVRC2012_val_00031295,237,0.05,1,6830589745658477501,valid,0.8989260008957242,0.42354609929078013,237,237,True,0.5567220449447632,0.41754692792892456,0.13917511701583862,0.039788227528333664,7.953198999985034
imagenet,resnet50,gradcam,ILSVRC2012_val_00031295,237,0.05,2,5572588514906466611,valid,0.920645784891792,0.7420586703697275,237,237,True,0.5567220449447632,0.5438783168792725,0.012843728065490723,0.03969388082623482,8.017891999770654
imagenet,resnet50,gradcam,ILSVRC2012_val_00031295,237,0.05,3,7784788833784456437,valid,0.9052803376171777,0.45766158315177924,237,237,True,0.5567220449447632,0.478561669588089,0.0781603753566742,0.03973357006907463,7.9457430001639295
imagenet,resnet50,gradcam,ILSVRC2012_val_00031295,237,0.05,4,205616704339721179,valid,0.9527278879153613,0.6358598207008965,237,237,True,0.5567220449447632,0.5341753363609314,0.022546708583831787,0.03978067636489868,7.983222999882855
imagenet,resnet50,gradcam,ILSVRC2012_val_00004300,330,0.01,0,2062959023804323395,valid,0.9865514138667539,0.8350703967818613,331,331,True,0.06397595256567001,0.06317967176437378,0.0007962808012962341,0.007951412349939346,7.855777000258968
imagenet,resnet50,gradcam,ILSVRC2012_val_00004300,330,0.01,1,1730914782129674652,valid,0.967127582683677,0.9068972069162075,331,331,True,0.06397595256567001,0.05937805399298668,0.004597898572683334,0.007993146777153015,7.965219999732653
imagenet,resnet50,gradcam,ILSVRC2012_val_00004300,330,0.01,2,2230829393384523700,valid,0.9607454103307549,0.9025592417061611,331,331,True,0.06397595256567001,0.09505366533994675,0.031077712774276733,0.007968250662088394,7.954366999911144
imagenet,resnet50,gradcam,ILSVRC2012_val_00004300,330,0.01,3,2370168859087342904,valid,0.9796700172866326,0.9367039752991123,331,331,True,0.06397595256567001,0.05120372772216797,0.012772224843502045,0.00795076321810484,7.990664999852015
imagenet,resnet50,gradcam,ILSVRC2012_val_00004300,330,0.01,4,9172714801131829905,valid,0.9798140061531065,0.9705478107205969,331,331,True,0.06397595256567001,0.07319417595863342,0.00921822339296341,0.007987084798514843,7.970797999860224
imagenet,resnet50,gradcam,ILSVRC2012_val_00004300,330,0.02,0,2062959023804323395,valid,0.9591984367646834,0.7152623483165271,331,331,True,0.06397595256567001,0.07105772197246552,0.007081769406795502,0.01590193435549736,8.026904000416835
imagenet,resnet50,gradcam,ILSVRC2012_val_00004300,330,0.02,1,1730914782129674652,valid,0.9716591874396273,0.8543976348854397,331,331,True,0.06397595256567001,0.07457233220338821,0.0105963796377182,0.015985921025276184,7.972944000357529
imagenet,resnet50,gradcam,ILSVRC2012_val_00004300,330,0.02,2,2230829393384523700,valid,0.9453115137624586,0.7690816146659616,331,331,True,0.06397595256567001,0.110525943338871,0.04654999077320099,0.01593547873198986,7.972920000156591
imagenet,resnet50,gradcam,ILSVRC2012_val_00004300,330,0.02,3,2370168859087342904,valid,0.952455536130175,0.8595516027422643,331,331,True,0.06397595256567001,0.05173492431640625,0.012241028249263763,0.015901029109954834,7.946652000100585
imagenet,resnet50,gradcam,ILSVRC2012_val_00004300,330,0.02,4,9172714801131829905,valid,0.9499172033381547,0.8367496339677891,331,331,True,0.06397595256567001,0.08063264936208725,0.016656696796417236,0.015972906723618507,8.00706000018181
imagenet,resnet50,gradcam,ILSVRC2012_val_00004300,330,0.05,0,2062959023804323395,valid,0.847400013063121,0.557901272896616,331,331,True,0.06397595256567001,0.14576078951358795,0.08178483694791794,0.03972576931118965,7.961663000060071
imagenet,resnet50,gradcam,ILSVRC2012_val_00004300,330,0.05,1,1730914782129674652,valid,0.8195501559974359,0.7895863052781741,331,331,True,0.06397595256567001,0.16680368781089783,0.10282773524522781,0.03993631526827812,8.249535000231845
imagenet,resnet50,gradcam,ILSVRC2012_val_00004300,330,0.05,2,2230829393384523700,valid,0.809328522159545,0.6055031195008799,331,331,True,0.06397595256567001,0.19156934320926666,0.12759339064359665,0.03981178253889084,7.964847000039299
imagenet,resnet50,gradcam,ILSVRC2012_val_00004300,330,0.05,3,2370168859087342904,valid,0.837651688537691,0.6946977372509288,331,331,True,0.06397595256567001,0.09421727061271667,0.03024131804704666,0.03972280025482178,7.9622470002505
imagenet,resnet50,gradcam,ILSVRC2012_val_00004300,330,0.05,4,9172714801131829905,valid,0.7791764859718462,0.669883527454243,331,330,False,0.06397595256567001,0.22078381478786469,0.15680786222219467,0.03989943861961365,7.963367000229482
imagenet,resnet50,gradcam,ILSVRC2012_val_00007011,140,0.01,0,8693357588706766936,valid,0.9788794888167258,0.9389489953632149,140,140,True,0.517528235912323,0.5070931315422058,0.010435104370117188,0.007970251142978668,7.8412120001303265
imagenet,resnet50,gradcam,ILSVRC2012_val_00007011,140,0.01,1,7795033858281793546,valid,0.9882157203168815,0.9532892175943947,140,140,True,0.517528235912323,0.5164644122123718,0.0010638236999511719,0.00799260288476944,7.957239000006666
imagenet,resnet50,gradcam,ILSVRC2012_val_00007011,140,0.01,2,2820880621722301505,valid,0.9894025920355535,0.93,140,140,True,0.517528235912323,0.5113845467567444,0.006143689155578613,0.007961892522871494,8.046674000070198
imagenet,resnet50,gradcam,ILSVRC2012_val_00007011,140,0.01,3,9156189342167126515,valid,0.9863592169023716,0.9453382438457065,140,140,True,0.517528235912323,0.5155806541442871,0.0019475817680358887,0.007991521619260311,7.975520999934815
imagenet,resnet50,gradcam,ILSVRC2012_val_00007011,140,0.01,4,2817173590254193893,valid,0.9755821676729273,0.9597734817418473,140,140,True,0.517528235912323,0.4941132366657257,0.02341499924659729,0.007971979677677155,7.973597000273003
imagenet,resnet50,gradcam,ILSVRC2012_val_00007011,140,0.02,0,8693357588706766936,valid,0.9817887137821579,0.9215010530346545,140,140,True,0.517528235912323,0.48778003454208374,0.029748201370239258,0.015940502285957336,7.994323000275472
imagenet,resnet50,gradcam,ILSVRC2012_val_00007011,140,0.02,1,7795033858281793546,valid,0.9788067897030263,0.9222371193257997,140,140,True,0.517528235912323,0.5076674222946167,0.009860813617706299,0.01598520576953888,7.976585000051273
imagenet,resnet50,gradcam,ILSVRC2012_val_00007011,140,0.02,2,2820880621722301505,valid,0.9845360564039776,0.8818676167260454,140,140,True,0.517528235912323,0.52337646484375,0.005848228931427002,0.01592378504574299,7.970598000156315
imagenet,resnet50,gradcam,ILSVRC2012_val_00007011,140,0.02,3,9156189342167126515,valid,0.9892791376627,0.918562416363984,140,140,True,0.517528235912323,0.5169526934623718,0.0005755424499511719,0.015983043238520622,7.939908000025753
imagenet,resnet50,gradcam,ILSVRC2012_val_00007011,140,0.02,4,2817173590254193893,valid,0.9799377343055689,0.8769403403777819,140,140,True,0.517528235912323,0.5145089030265808,0.0030193328857421875,0.01594395935535431,8.018601999992825
imagenet,resnet50,gradcam,ILSVRC2012_val_00007011,140,0.05,0,8693357588706766936,valid,0.9490763806816573,0.9065349544072948,140,140,True,0.517528235912323,0.4713578224182129,0.04617041349411011,0.039849501103162766,8.008051000160776
imagenet,resnet50,gradcam,ILSVRC2012_val_00007011,140,0.05,1,7795033858281793546,valid,0.9512276926853724,0.8861116331516632,140,140,True,0.517528235912323,0.4749065041542053,0.042621731758117676,0.03996222838759422,7.985761000327329
imagenet,resnet50,gradcam,ILSVRC2012_val_00007011,140,0.05,2,2820880621722301505,valid,0.9552481688290628,0.857830433172899,140,140,True,0.517528235912323,0.4852777421474457,0.03225049376487732,0.039808910340070724,7.936661000258027
imagenet,resnet50,gradcam,ILSVRC2012_val_00007011,140,0.05,3,9156189342167126515,valid,0.958090104248548,0.8878856282919488,140,140,True,0.517528235912323,0.5023723840713501,0.0151558518409729,0.03995690494775772,7.95176800011177
imagenet,resnet50,gradcam,ILSVRC2012_val_00007011,140,0.05,4,2817173590254193893,valid,0.9559628452232926,0.8758878504672897,140,140,True,0.517528235912323,0.4617560803890228,0.05577215552330017,0.03985891491174698,7.969074999891745
imagenet,resnet50,gradcam,ILSVRC2012_val_00008228,381,0.01,0,4154338444683056573,valid,0.9529808018362027,0.9058108621344474,381,381,True,0.2238118052482605,0.24080790579319,0.016996100544929504,0.007849621586501598,7.919027999832906
imagenet,resnet50,gradcam,ILSVRC2012_val_00008228,381,0.01,1,8968172922966999441,valid,0.9352449445321512,0.954811063498247,381,381,True,0.2238118052482605,0.2709704637527466,0.047158658504486084,0.007862295024096966,8.034913000301458
imagenet,resnet50,gradcam,ILSVRC2012_val_00008228,381,0.01,2,4537400942497270551,valid,0.9630996434224963,0.9277756434882828,381,381,True,0.2238118052482605,0.32411274313926697,0.10030093789100647,0.007875829935073853,7.946341000206303
imagenet,resnet50,gradcam,ILSVRC2012_val_00008228,381,0.01,3,650350537098486573,valid,0.9763965624451323,0.9355834136933462,381,381,True,0.2238118052482605,0.25277969241142273,0.02896788716316223,0.00785364955663681,7.95796500005963
imagenet,resnet50,gradcam,ILSVRC2012_val_00008228,381,0.01,4,4634637524913072090,valid,0.9607463307767965,0.9025592417061611,381,381,True,0.2238118052482605,0.2339191436767578,0.010107338428497314,0.007835465483367443,7.956477999869094
imagenet,resnet50,gradcam,ILSVRC2012_val_00008228,381,0.02,0,4154338444683056573,valid,0.8881745722678307,0.8878856282919488,381,381,True,0.2238118052482605,0.3298792541027069,0.10606744885444641,0.015573475509881973,7.938260000173614
imagenet,resnet50,gradcam,ILSVRC2012_val_00008228,381,0.02,1,8968172922966999441,valid,0.868107807008157,0.8986000756715853,381,381,True,0.2238118052482605,0.36487001180648804,0.14105820655822754,0.015593970194458961,7.9434419999415695
imagenet,resnet50,gradcam,ILSVRC2012_val_00008228,381,0.02,2,4537400942497270551,valid,0.9206805377624749,0.8861116331516632,381,381,True,0.2238118052482605,0.38999518752098083,0.16618338227272034,0.01562569849193096,8.016119999865623
imagenet,resnet50,gradcam,ILSVRC2012_val_00008228,381,0.02,3,650350537098486573,valid,0.8978532953590849,0.9014778325123153,381,381,True,0.2238118052482605,0.340053915977478,0.11624211072921753,0.015577309764921665,7.949429000291275
imagenet,resnet50,gradcam,ILSVRC2012_val_00008228,381,0.02,4,4634637524913072090,valid,0.8912715704605987,0.8370858502654219,381,381,True,0.2238118052482605,0.29776886105537415,0.07395705580711365,0.01553870178759098,7.940895000047021
imagenet,resnet50,gradcam,ILSVRC2012_val_00008228,381,0.05,0,4154338444683056573,valid,0.9087842154010572,0.9098001902949572,381,381,True,0.2238118052482605,0.35787859559059143,0.13406679034233093,0.03825114667415619,8.009902000139846
imagenet,resnet50,gradcam,ILSVRC2012_val_00008228,381,0.05,1,8968172922966999441,valid,0.8708624167052951,0.8283840408088905,381,381,True,0.2238118052482605,0.3801838755607605,0.1563720703125,0.03829391300678253,7.956181999816181
imagenet,resnet50,gradcam,ILSVRC2012_val_00008228,381,0.05,2,4537400942497270551,valid,0.9313398794302626,0.8612759643916914,381,381,True,0.2238118052482605,0.47259625792503357,0.24878445267677307,0.038379523903131485,7.941747999666404
imagenet,resnet50,gradcam,ILSVRC2012_val_00008228,381,0.05,3,650350537098486573,valid,0.887467245957116,0.8772914328469884,381,381,True,0.2238118052482605,0.42968183755874634,0.20587003231048584,0.038231175392866135,7.96193799988032
imagenet,resnet50,gradcam,ILSVRC2012_val_00008228,381,0.05,4,4634637524913072090,valid,0.8741144104748567,0.8141720896601591,381,381,True,0.2238118052482605,0.32639673352241516,0.10258492827415466,0.03816356137394905,7.9576230000384385
imagenet,resnet50,gradcam,ILSVRC2012_val_00016006,732,0.01,0,2689331499638741690,valid,0.9511756133770295,0.9483595418365366,732,732,True,0.34440913796424866,0.3499744236469269,0.005565285682678223,0.007973088882863522,7.8139770002962905
imagenet,resnet50,gradcam,ILSVRC2012_val_00016006,732,0.01,1,8580294959909415158,valid,0.953463480011167,0.8664682908685141,732,732,True,0.34440913796424866,0.31413355469703674,0.030275583267211914,0.007983085699379444,8.006520999970235
imagenet,resnet50,gradcam,ILSVRC2012_val_00016006,732,0.01,2,9114965582325127640,valid,0.9609830789073309,0.9340913470803623,732,732,True,0.34440913796424866,0.36111965775489807,0.016710519790649414,0.007946940138936043,7.976972000051319
imagenet,resnet50,gradcam,ILSVRC2012_val_00016006,732,0.01,3,6003814197834614244,valid,0.947260918930655,0.8942997357493394,732,732,True,0.34440913796424866,0.31241780519485474,0.03199133276939392,0.007994843646883965,7.980931000020064
imagenet,resnet50,gradcam,ILSVRC2012_val_00016006,732,0.01,4,2271394598789847604,valid,0.938562299020392,0.9281460134486071,732,732,True,0.34440913796424866,0.3737891614437103,0.02938002347946167,0.007967531681060791,7.959034000123211
imagenet,resnet50,gradcam,ILSVRC2012_val_00016006,732,0.02,0,2689331499638741690,valid,0.9234632644527309,0.8661212346597248,732,732,True,0.34440913796424866,0.35216477513313293,0.007755637168884277,0.015904182568192482,8.006092999949033
imagenet,resnet50,gradcam,ILSVRC2012_val_00016006,732,0.02,1,8580294959909415158,valid,0.9358283920412216,0.8118794006138292,732,732,True,0.34440913796424866,0.3604367673397064,0.016027629375457764,0.015923377126455307,7.971083000029466
imagenet,resnet50,gradcam,ILSVRC2012_val_00016006,732,0.02,2,9114965582325127640,valid,0.9129573477368478,0.8530280649926145,732,732,True,0.34440913796424866,0.33931630849838257,0.005092829465866089,0.015852151438593864,7.993017999979202
imagenet,resnet50,gradcam,ILSVRC2012_val_00016006,732,0.02,3,6003814197834614244,valid,0.9328617079604046,0.8391057357522448,732,732,True,0.34440913796424866,0.32179296016693115,0.022616177797317505,0.015948506072163582,8.102572000098007
imagenet,resnet50,gradcam,ILSVRC2012_val_00016006,732,0.02,4,2271394598789847604,valid,0.9353443265267228,0.8533702677746999,732,732,True,0.34440913796424866,0.355170339345932,0.01076120138168335,0.01589353196322918,7.9868100001476705
imagenet,resnet50,gradcam,ILSVRC2012_val_00016006,732,0.05,0,2689331499638741690,valid,0.8800221848137356,0.7737716507599859,732,732,True,0.34440913796424866,0.40624547004699707,0.06183633208274841,0.039323803037405014,10.504343999855337
imagenet,resnet50,gradcam,ILSVRC2012_val_00016006,732,0.05,1,8580294959909415158,valid,0.884518316661607,0.6696057228414574,732,732,True,0.34440913796424866,0.32132548093795776,0.023083657026290894,0.039370857179164886,8.022567999887542
imagenet,resnet50,gradcam,ILSVRC2012_val_00016006,732,0.05,2,9114965582325127640,valid,0.9176655852140634,0.7438748913987837,732,732,True,0.34440913796424866,0.32835662364959717,0.01605251431465149,0.039197489619255066,7.9736859997865395
imagenet,resnet50,gradcam,ILSVRC2012_val_00016006,732,0.05,3,6003814197834614244,valid,0.9349106422498827,0.7085461355124276,732,732,True,0.34440913796424866,0.3468874990940094,0.002478361129760742,0.03944588452577591,7.99307899978885
imagenet,resnet50,gradcam,ILSVRC2012_val_00016006,732,0.05,4,2271394598789847604,valid,0.9105079930051263,0.6921261170123082,732,732,True,0.34440913796424866,0.32446086406707764,0.01994827389717102,0.039302706718444824,7.958297999721253
imagenet,resnet50,gradcam,ILSVRC2012_val_00023543,254,0.01,0,270999366333867741,valid,0.9822527779887719,0.9255564082885649,254,254,True,0.3786291778087616,0.3762466311454773,0.0023825466632843018,0.007898950017988682,7.877742000346188
imagenet,resnet50,gradcam,ILSVRC2012_val_00023543,254,0.01,1,6483725595163808915,valid,0.9796128869797751,0.9555728760717069,254,254,True,0.3786291778087616,0.34194883704185486,0.03668034076690674,0.00790777150541544,8.043720999921788
imagenet,resnet50,gradcam,ILSVRC2012_val_00023543,254,0.01,2,4939728852732550403,valid,0.9809084506105648,0.956716708910119,254,254,True,0.3786291778087616,0.3245890438556671,0.05404013395309448,0.00789529550820589,7.972965000135446
imagenet,resnet50,gradcam,ILSVRC2012_val_00023543,254,0.01,3,4468478742456119862,valid,0.9793878696043148,0.9570982839313572,254,254,True,0.3786291778087616,0.38686996698379517,0.00824078917503357,0.007906647399067879,7.947770000100718
imagenet,resnet50,gradcam,ILSVRC2012_val_00023543,254,0.01,4,2390165699526937601,valid,0.9798379076788849,0.9423263015289336,254,254,True,0.3786291778087616,0.38425907492637634,0.005629897117614746,0.007896085269749165,7.9798719998507295
imagenet,resnet50,gradcam,ILSVRC2012_val_00023543,254,0.02,0,270999366333867741,valid,0.9419544583906209,0.918562416363984,254,254,True,0.3786291778087616,0.3486173450946808,0.03001183271408081,0.015745293349027634,7.98022300023149
imagenet,resnet50,gradcam,ILSVRC2012_val_00023543,254,0.02,1,6483725595163808915,valid,0.9461166477701415,0.9597734817418473,254,254,True,0.3786291778087616,0.3644047677516937,0.014224410057067871,0.015765072777867317,8.02432399996178
imagenet,resnet50,gradcam,ILSVRC2012_val_00023543,254,0.02,2,4939728852732550403,valid,0.9745010204988421,0.9222371193257997,254,254,True,0.3786291778087616,0.29393288493156433,0.08469629287719727,0.015736518427729607,8.020205999855534
imagenet,resnet50,gradcam,ILSVRC2012_val_00023543,254,0.02,3,4468478742456119862,valid,0.9763851620460399,0.9307425933051173,254,254,True,0.3786291778087616,0.3725878894329071,0.006041288375854492,0.015763435512781143,8.023352000236628
imagenet,resnet50,gradcam,ILSVRC2012_val_00023543,254,0.02,4,2390165699526937601,valid,0.9471390517917545,0.9525291828793774,254,254,True,0.3786291778087616,0.3290260136127472,0.049603164196014404,0.01574035920202732,7.952278999709961
imagenet,resnet50,gradcam,ILSVRC2012_val_00023543,254,0.05,0,270999366333867741,valid,0.9052195434407658,0.8438361197868822,254,254,True,0.3786291778087616,0.31955015659332275,0.05907902121543884,0.03911004215478897,7.996931000434415
imagenet,resnet50,gradcam,ILSVRC2012_val_00023543,254,0.05,1,6483725595163808915,valid,0.9033731925857565,0.8438361197868822,254,254,True,0.3786291778087616,0.34781381487846375,0.03081536293029785,0.03916078805923462,8.007875999737735
imagenet,resnet50,gradcam,ILSVRC2012_val_00023543,254,0.05,2,4939728852732550403,valid,0.8613527797217111,0.8323899945225488,254,254,True,0.3786291778087616,0.2840006351470947,0.09462854266166687,0.039074283093214035,7.984841000052256
imagenet,resnet50,gradcam,ILSVRC2012_val_00023543,254,0.05,3,4468478742456119862,valid,0.8874286521220983,0.8320554947060971,254,254,True,0.3786291778087616,0.34869614243507385,0.029933035373687744,0.03914396092295647,7.97531699981846
imagenet,resnet50,gradcam,ILSVRC2012_val_00023543,254,0.05,4,2390165699526937601,valid,0.9161879517608341,0.8154848046309696,254,254,True,0.3786291778087616,0.26911646127700806,0.10951271653175354,0.03909092769026756,7.98097200004122
imagenet,resnet50,gradcam,ILSVRC2012_val_00023347,89,0.01,0,7881334844864196200,valid,0.9905660763542524,0.9632237871674492,89,89,True,0.4085824489593506,0.41860389709472656,0.010021448135375977,0.007980088703334332,7.915981000223837
imagenet,resnet50,gradcam,ILSVRC2012_val_00023347,89,0.01,1,8223420927206424359,valid,0.9914145894155608,0.9593908629441624,89,89,True,0.4085824489593506,0.4178524315357208,0.00926998257637024,0.007993086241185665,8.005648000107612
imagenet,resnet50,gradcam,ILSVRC2012_val_00023347,89,0.01,2,2108301894708548545,valid,0.9896110115284036,0.9620723362658846,89,89,True,0.4085824489593506,0.4069367051124573,0.0016457438468933105,0.007992684841156006,7.9380490001312864
imagenet,resnet50,gradcam,ILSVRC2012_val_00023347,89,0.01,3,2944429311875253943,valid,0.9951891823288933,0.9510108864696734,89,89,True,0.4085824489593506,0.420586496591568,0.012004047632217407,0.007973040454089642,8.08108799992624
imagenet,resnet50,gradcam,ILSVRC2012_val_00023347,89,0.01,4,7481385728545187894,valid,0.9911778534140179,0.9536694568814483,89,89,True,0.4085824489593506,0.4198637008666992,0.011281251907348633,0.00796965230256319,7.948136000322847
imagenet,resnet50,gradcam,ILSVRC2012_val_00023347,89,0.02,0,7881334844864196200,valid,0.9752496051723046,0.9307425933051173,89,89,True,0.4085824489593506,0.4862309396266937,0.07764849066734314,0.01595492847263813,7.9620709998380335
imagenet,resnet50,gradcam,ILSVRC2012_val_00023347,89,0.02,1,8223420927206424359,valid,0.984054074610423,0.9427022841656988,89,89,True,0.4085824489593506,0.4683680236339569,0.05978557467460632,0.01598096638917923,7.985198999904242
imagenet,resnet50,gradcam,ILSVRC2012_val_00023347,89,0.02,2,2108301894708548545,valid,0.9826933409918535,0.9047257544126021,89,89,True,0.4085824489593506,0.4783613085746765,0.06977885961532593,0.015980476513504982,7.968522999817651
imagenet,resnet50,gradcam,ILSVRC2012_val_00023347,89,0.02,3,2944429311875253943,valid,0.985807086976993,0.9079847908745247,89,89,True,0.4085824489593506,0.4640272259712219,0.05544477701187134,0.015940889716148376,7.966376000240416
imagenet,resnet50,gradcam,ILSVRC2012_val_00023347,89,0.02,4,7481385728545187894,valid,0.9873532249670487,0.9083475945997338,89,89,True,0.4085824489593506,0.46558791399002075,0.057005465030670166,0.01593352109193802,7.984467000369477
imagenet,resnet50,gradcam,ILSVRC2012_val_00023347,89,0.05,0,7881334844864196200,valid,0.9384539668543465,0.8975231612781244,89,89,True,0.4085824489593506,0.5396166443824768,0.13103419542312622,0.03973989561200142,8.05404200036719
imagenet,resnet50,gradcam,ILSVRC2012_val_00023347,89,0.05,1,8223420927206424359,valid,0.9221369596054986,0.8850488354620586,89,89,True,0.4085824489593506,0.4880477786064148,0.07946532964706421,0.03978583589196205,7.991998999841599
imagenet,resnet50,gradcam,ILSVRC2012_val_00023347,89,0.05,2,2108301894708548545,valid,0.9381620504388059,0.8716896680343156,89,89,True,0.4085824489593506,0.4949030578136444,0.08632060885429382,0.03979448229074478,7.971571999860316
imagenet,resnet50,gradcam,ILSVRC2012_val_00023347,89,0.05,3,2944429311875253943,valid,0.9713582470776833,0.9340913470803623,89,89,True,0.4085824489593506,0.49482324719429016,0.08624079823493958,0.03968992829322815,7.964145000187273
imagenet,resnet50,gradcam,ILSVRC2012_val_00023347,89,0.05,4,7481385728545187894,valid,0.9196097724959174,0.9058108621344474,89,89,True,0.4085824489593506,0.49750176072120667,0.08891931176185608,0.03968685120344162,8.012073999907443
imagenet,resnet50,gradcam,ILSVRC2012_val_00011253,363,0.01,0,7969622713620301542,valid,0.964173786535225,0.855083179297597,363,363,True,0.16493193805217743,0.4331112205982208,0.2681792825460434,0.00790833868086338,7.853444999909698
imagenet,resnet50,gradcam,ILSVRC2012_val_00011253,363,0.01,1,7338576340922310673,valid,0.9580192423551505,0.8605858361142009,363,363,True,0.16493193805217743,0.5154380798339844,0.35050614178180695,0.007920983247458935,8.053078999637364
imagenet,resnet50,gradcam,ILSVRC2012_val_00011253,363,0.01,2,3200603612045899266,valid,0.9700720946514522,0.8280510018214936,363,363,True,0.16493193805217743,0.4924881160259247,0.32755617797374725,0.007895284332334995,7.960654999806138
imagenet,resnet50,gradcam,ILSVRC2012_val_00011253,363,0.01,3,9145090093729942847,valid,0.9650112376942747,0.8595516027422643,363,363,True,0.16493193805217743,0.529177188873291,0.3642452508211136,0.00789425615221262,7.9644720003670955
imagenet,resnet50,gradcam,ILSVRC2012_val_00011253,363,0.01,4,2178187931079052202,valid,0.9647909138744428,0.7979218917950556,363,363,True,0.16493193805217743,0.4665137231349945,0.3015817850828171,0.007886005565524101,7.967107000240503
imagenet,resnet50,gradcam,ILSVRC2012_val_00011253,363,0.02,0,7969622713620301542,valid,0.955110154142217,0.8692493946731235,363,363,True,0.16493193805217743,0.5188179016113281,0.3538859635591507,0.01578899845480919,7.962442999996711
imagenet,resnet50,gradcam,ILSVRC2012_val_00011253,363,0.02,1,7338576340922310673,valid,0.948329222101129,0.8187749184487133,363,363,True,0.16493193805217743,0.47456440329551697,0.30963246524333954,0.015812009572982788,8.026628999687091
imagenet,resnet50,gradcam,ILSVRC2012_val_00011253,363,0.02,2,3200603612045899266,valid,0.9629006251265229,0.8300510576221736,363,363,True,0.16493193805217743,0.5212066769599915,0.356274738907814,0.015759438276290894,8.074579000094673
imagenet,resnet50,gradcam,ILSVRC2012_val_00011253,363,0.02,3,9145090093729942847,valid,0.9475518360476849,0.8191045858256298,363,363,True,0.16493193805217743,0.5458887815475464,0.38095684349536896,0.01576133258640766,7.940077000057499
imagenet,resnet50,gradcam,ILSVRC2012_val_00011253,363,0.02,4,2178187931079052202,valid,0.946353748812801,0.7557732680195941,363,363,True,0.16493193805217743,0.527065098285675,0.3621331602334976,0.01574300229549408,7.945335999920644
imagenet,resnet50,gradcam,ILSVRC2012_val_00011253,363,0.05,0,7969622713620301542,valid,0.916907697983131,0.817457442955451,363,363,True,0.16493193805217743,0.31249144673347473,0.1475595086812973,0.03885333985090256,7.924513000034494
imagenet,resnet50,gradcam,ILSVRC2012_val_00011253,363,0.05,1,7338576340922310673,valid,0.9033311511333699,0.7675237759774568,363,363,True,0.16493193805217743,0.34410354495048523,0.1791716068983078,0.03889232128858566,7.961123999848496
imagenet,resnet50,gradcam,ILSVRC2012_val_00011253,363,0.05,2,3200603612045899266,valid,0.9148078543112453,0.8280510018214936,363,363,True,0.16493193805217743,0.18859392404556274,0.023661985993385315,0.03875995799899101,7.955836000292038
imagenet,resnet50,gradcam,ILSVRC2012_val_00011253,363,0.05,3,9145090093729942847,valid,0.9224055615656127,0.8647342995169082,363,363,True,0.16493193805217743,0.2636041045188904,0.09867216646671295,0.038816627115011215,8.222744000249804
imagenet,resnet50,gradcam,ILSVRC2012_val_00011253,363,0.05,4,2178187931079052202,valid,0.92219157833302,0.7684581497797357,363,363,True,0.16493193805217743,0.3277300298213959,0.16279809176921844,0.03875745087862015,8.027563999803533
imagenet,densenet121,ig,ILSVRC2012_val_00012132,17,0.01,0,1240890485581281775,valid,0.3820403174729949,0.23517105587004677,17,17,True,0.9872965812683105,0.9902917742729187,0.0029951930046081543,0.007977155037224293,190.9093889998985
imagenet,densenet121,ig,ILSVRC2012_val_00012132,17,0.01,1,7809966714089166156,valid,0.3853382032458151,0.23687453783583928,17,17,True,0.9872965812683105,0.9892314076423645,0.001934826374053955,0.00797604862600565,190.95404600011534
imagenet,densenet121,ig,ILSVRC2012_val_00012132,17,0.01,2,594568608699110832,valid,0.3856975312964282,0.24069724316973667,17,17,True,0.9872965812683105,0.993427038192749,0.0061304569244384766,0.00797850452363491,191.54094699979396
imagenet,densenet121,ig,ILSVRC2012_val_00012132,17,0.01,3,8272835477805138346,valid,0.3930944238037109,0.24300222937825117,17,17,True,0.9872965812683105,0.9932889342308044,0.0059923529624938965,0.00795917771756649,192.51530400015326
imagenet,densenet121,ig,ILSVRC2012_val_00012132,17,0.01,4,5588988483984321074,valid,0.39410111405327836,0.23171330387825234,17,17,True,0.9872965812683105,0.988657534122467,0.0013609528541564941,0.007953647524118423,190.89755400000286
imagenet,densenet121,ig,ILSVRC2012_val_00012132,17,0.02,0,1240890485581281775,valid,0.24898733580575136,0.1765533411488863,17,17,True,0.9872965812683105,0.9839451909065247,0.0033513903617858887,0.01577305607497692,190.94631200005097
imagenet,densenet121,ig,ILSVRC2012_val_00012132,17,0.02,1,7809966714089166156,valid,0.2550751805482528,0.16359420289855073,17,17,True,0.9872965812683105,0.9865178465843201,0.0007787346839904785,0.01578219048678875,190.87761199989473
imagenet,densenet121,ig,ILSVRC2012_val_00012132,17,0.02,2,594568608699110832,valid,0.24803910934325146,0.17448800468110007,17,17,True,0.9872965812683105,0.9900386333465576,0.0027420520782470703,0.01577969826757908,190.97250899994833
imagenet,densenet121,ig,ILSVRC2012_val_00012132,17,0.02,3,8272835477805138346,valid,0.25263042413480563,0.1832115067201132,17,17,True,0.9872965812683105,0.9895738959312439,0.0022773146629333496,0.015742696821689606,192.22827500016137
imagenet,densenet121,ig,ILSVRC2012_val_00012132,17,0.02,4,5588988483984321074,valid,0.2515348239159423,0.1812617702448211,17,17,True,0.9872965812683105,0.9830412864685059,0.0042552947998046875,0.01573066972196102,191.10333800017543
imagenet,densenet121,ig,ILSVRC2012_val_00012132,17,0.05,0,1240890485581281775,valid,0.1163040883153223,0.12549063586407985,17,17,True,0.9872965812683105,0.9289983510971069,0.05829823017120361,0.03825867921113968,190.95682699980898
imagenet,densenet121,ig,ILSVRC2012_val_00012132,17,0.05,1,7809966714089166156,valid,0.13324995484160745,0.12650129082949826,17,17,True,0.9872965812683105,0.9751154184341431,0.01218116283416748,0.03828912228345871,190.8838320000541
imagenet,densenet121,ig,ILSVRC2012_val_00012132,17,0.05,2,594568608699110832,valid,0.11154024338431807,0.1193397278608075,17,17,True,0.9872965812683105,0.9736250042915344,0.013671576976776123,0.03823862969875336,190.94846200005122
imagenet,densenet121,ig,ILSVRC2012_val_00012132,17,0.05,3,8272835477805138346,valid,0.12975699449529346,0.1273871040215682,17,17,True,0.9872965812683105,0.9689610600471497,0.01833552122116089,0.03818439319729805,193.16804200025217
imagenet,densenet121,ig,ILSVRC2012_val_00012132,17,0.05,4,5588988483984321074,valid,0.13097350744776312,0.1251121076233184,17,17,True,0.9872965812683105,0.9263442754745483,0.06095230579376221,0.038149602711200714,190.94357699987086
imagenet,densenet121,ig,ILSVRC2012_val_00000140,558,0.01,0,2495375757937344332,valid,0.6954266580566946,0.5201454104816722,251,251,True,8.067062253758195e-07,8.279986900561198e-07,2.1292464680300327e-08,0.007930428721010685,190.9022240001832
imagenet,densenet121,ig,ILSVRC2012_val_00000140,558,0.01,1,8258382046345720994,valid,0.6985313806085642,0.5229135053110774,251,251,True,8.067062253758195e-07,1.3967904806122533e-06,5.900842552364338e-07,0.007931828498840332,191.57309799993527
imagenet,densenet121,ig,ILSVRC2012_val_00000140,558,0.01,2,1986566169149637064,valid,0.7008344688582985,0.5249962011852302,251,251,True,8.067062253758195e-07,1.4408383322006557e-06,6.341321068248362e-07,0.007939048111438751,191.04008800013617
imagenet,densenet121,ig,ILSVRC2012_val_00000140,558,0.01,3,781331182807300414,valid,0.7076576355942252,0.5206060606060606,251,251,True,8.067062253758195e-07,1.2620805591723183e-06,4.5537433379649883e-07,0.00794409029185772,191.37645099999645
imagenet,densenet121,ig,ILSVRC2012_val_00000140,558,0.01,4,821512256087617785,valid,0.7030517818483101,0.5296448712086572,251,251,True,8.067062253758195e-07,9.116064916270261e-07,1.0490026625120663e-07,0.007950360886752605,191.01104899982602
imagenet,densenet121,ig,ILSVRC2012_val_00000140,558,0.02,0,2495375757937344332,valid,0.511677584300756,0.38236914600550964,251,251,True,8.067062253758195e-07,1.9314588826091494e-06,1.12475265723333e-06,0.01566363126039505,190.89763299962215
imagenet,densenet121,ig,ILSVRC2012_val_00000140,558,0.02,1,8258382046345720994,valid,0.5187591042018587,0.3929215822345593,251,251,True,8.067062253758195e-07,1.894740307761822e-06,1.0880340823860024e-06,0.015672368928790092,191.5666700001566
imagenet,densenet121,ig,ILSVRC2012_val_00000140,558,0.02,2,1986566169149637064,valid,0.5265151624951515,0.400893355667225,251,251,True,8.067062253758195e-07,3.269774424552452e-06,2.4630681991766323e-06,0.015686212107539177,191.07561999999234
imagenet,densenet121,ig,ILSVRC2012_val_00000140,558,0.02,3,781331182807300414,valid,0.5270677925114117,0.3936953200944313,251,251,True,8.067062253758195e-07,4.045160949317506e-06,3.238454723941686e-06,0.01568450964987278,190.941753000061
imagenet,densenet121,ig,ILSVRC2012_val_00000140,558,0.02,4,821512256087617785,valid,0.5297123368277387,0.3944699180213978,251,251,True,8.067062253758195e-07,1.3690290643353364e-06,5.62322838959517e-07,0.015702681615948677,190.9079320003002
imagenet,densenet121,ig,ILSVRC2012_val_00000140,558,0.05,0,2495375757937344332,valid,0.2597314830047638,0.24841398183853713,251,251,True,8.067062253758195e-07,2.2901097054273123e-06,1.4834034800514928e-06,0.03772677108645439,192.87876700036577
imagenet,densenet121,ig,ILSVRC2012_val_00000140,558,0.05,1,8258382046345720994,valid,0.2765282129679518,0.2620724346076459,251,251,True,8.067062253758195e-07,2.6194006750301924e-06,1.8126944496543729e-06,0.03776539862155914,192.32221899983415
imagenet,densenet121,ig,ILSVRC2012_val_00000140,558,0.05,2,1986566169149637064,valid,0.25493912830495113,0.2495019920318725,251,212,False,8.067062253758195e-07,1.6917421817197464e-05,1.6110715591821645e-05,0.03779557719826698,191.1137680003776
imagenet,densenet121,ig,ILSVRC2012_val_00000140,558,0.05,3,781331182807300414,valid,0.2833124685920705,0.25340327213688024,251,212,False,8.067062253758195e-07,7.113365882105427e-06,6.306659656729607e-06,0.03776644170284271,190.80409500020323
imagenet,densenet121,ig,ILSVRC2012_val_00000140,558,0.05,4,821512256087617785,valid,0.29261974533439766,0.2625487482702227,251,212,False,8.067062253758195e-07,9.715331543702632e-06,8.908625318326813e-06,0.037824202328920364,192.21307399993748
imagenet,densenet121,ig,ILSVRC2012_val_00031295,237,0.01,0,7260055080022824154,valid,0.5738254706539302,0.3673024523160763,237,237,True,0.9356824159622192,0.9750604629516602,0.03937804698944092,0.007982752285897732,191.32906200002253
imagenet,densenet121,ig,ILSVRC2012_val_00031295,237,0.01,1,6830589745658477501,valid,0.5740955619567585,0.3695414847161572,237,237,True,0.9356824159622192,0.9383795261383057,0.0026971101760864258,0.007979998365044594,192.7715960000569
imagenet,densenet121,ig,ILSVRC2012_val_00031295,237,0.01,2,5572588514906466611,valid,0.5714598163968494,0.36044462518639014,237,237,True,0.9356824159622192,0.9398837089538574,0.004201292991638184,0.007962181232869625,190.98893399996086
imagenet,densenet121,ig,ILSVRC2012_val_00031295,237,0.01,3,7784788833784456437,valid,0.5829522770530857,0.3757368060315284,237,237,True,0.9356824159622192,0.9416508674621582,0.005968451499938965,0.00796830840408802,190.94599399977596
imagenet,densenet121,ig,ILSVRC2012_val_00031295,237,0.01,4,205616704339721179,valid,0.5790694527823234,0.3783820903722016,237,237,True,0.9356824159622192,0.9537980556488037,0.018115639686584473,0.007979369722306728,191.56909200000882
imagenet,densenet121,ig,ILSVRC2012_val_00031295,237,0.02,0,7260055080022824154,valid,0.36766861806168266,0.25309027344237733,237,237,True,0.9356824159622192,0.983596682548523,0.04791426658630371,0.01595899648964405,190.8878160002132
imagenet,densenet121,ig,ILSVRC2012_val_00031295,237,0.02,1,6830589745658477501,valid,0.37232166436065706,0.25938009787928223,237,237,True,0.9356824159622192,0.9359461069107056,0.0002636909484863281,0.0159539096057415,190.86817700008396
imagenet,densenet121,ig,ILSVRC2012_val_00031295,237,0.02,2,5572588514906466611,valid,0.3624532880070734,0.2516837116487902,237,237,True,0.9356824159622192,0.9591143727302551,0.02343195676803589,0.015918198972940445,190.83831200032364
imagenet,densenet121,ig,ILSVRC2012_val_00031295,237,0.02,3,7784788833784456437,valid,0.37481866279725384,0.26223116589108286,237,237,True,0.9356824159622192,0.9518716931343079,0.016189277172088623,0.01593208871781826,190.83246100035467
imagenet,densenet121,ig,ILSVRC2012_val_00031295,237,0.02,4,205616704339721179,valid,0.38398789020039165,0.2681324235531969,237,237,True,0.9356824159622192,0.9668533205986023,0.031170904636383057,0.015952888876199722,191.40763399991556
imagenet,densenet121,ig,ILSVRC2012_val_00031295,237,0.05,0,7260055080022824154,valid,0.1544025577563943,0.1650801021592756,237,237,True,0.9356824159622192,0.9803789854049683,0.04469656944274902,0.03979962691664696,190.84066000004896
imagenet,densenet121,ig,ILSVRC2012_val_00031295,237,0.05,1,6830589745658477501,valid,0.16760585765209604,0.17325227963525835,237,237,True,0.9356824159622192,0.9691555500030518,0.03347313404083252,0.039788227528333664,190.83950300000652
imagenet,densenet121,ig,ILSVRC2012_val_00031295,237,0.05,2,5572588514906466611,valid,0.14563964191600265,0.15675426463808206,237,237,True,0.9356824159622192,0.9861131310462952,0.05043071508407593,0.03969388082623482,190.81568299998253
imagenet,densenet121,ig,ILSVRC2012_val_00031295,237,0.05,3,7784788833784456437,valid,0.15607498012248008,0.16292004634994206,237,237,True,0.9356824159622192,0.9688702821731567,0.0331878662109375,0.03973357006907463,190.81505299982382
imagenet,densenet121,ig,ILSVRC2012_val_00031295,237,0.05,4,205616704339721179,valid,0.16709933001905136,0.17531326853261506,237,237,True,0.9356824159622192,0.9813404679298401,0.04565805196762085,0.03978067636489868,191.3070420000622
imagenet,densenet121,ig,ILSVRC2012_val_00004300,330,0.01,0,2062959023804323395,valid,0.7431840563604101,0.4621212121212121,330,330,True,0.8613166213035583,0.8698984980583191,0.008581876754760742,0.007951412349939346,190.74634900016463
imagenet,densenet121,ig,ILSVRC2012_val_00004300,330,0.01,1,1730914782129674652,valid,0.736314490813569,0.4715542521994135,330,330,True,0.8613166213035583,0.8939464688301086,0.03262984752655029,0.007993146777153015,190.81978500025798
imagenet,densenet121,ig,ILSVRC2012_val_00004300,330,0.01,2,2230829393384523700,valid,0.7439230933289575,0.46318705350634204,330,330,True,0.8613166213035583,0.8504220247268677,0.010894596576690674,0.007968250662088394,190.81489700010934
imagenet,densenet121,ig,ILSVRC2012_val_00004300,330,0.01,3,2370168859087342904,valid,0.7355792737442212,0.46276053053490745,330,330,True,0.8613166213035583,0.8574817180633545,0.0038349032402038574,0.00795076321810484,192.39511900013895
imagenet,densenet121,ig,ILSVRC2012_val_00004300,330,0.01,4,9172714801131829905,valid,0.7396158309357223,0.46468184471687096,330,330,True,0.8613166213035583,0.866519033908844,0.0052024126052856445,0.007987084798514843,190.7851290002327
imagenet,densenet121,ig,ILSVRC2012_val_00004300,330,0.02,0,2062959023804323395,valid,0.5294005624111078,0.3338649654439128,330,330,True,0.8613166213035583,0.9038954377174377,0.042578816413879395,0.01590193435549736,191.22478000008414
imagenet,densenet121,ig,ILSVRC2012_val_00004300,330,0.02,1,1730914782129674652,valid,0.525185293914274,0.33581791561293756,330,330,True,0.8613166213035583,0.9082350730895996,0.04691845178604126,0.015985921025276184,190.73277400002553
imagenet,densenet121,ig,ILSVRC2012_val_00004300,330,0.02,2,2230829393384523700,valid,0.5398396856913934,0.3250594137839979,330,330,True,0.8613166213035583,0.8849242925643921,0.02360767126083374,0.01593547873198986,190.73804200024824
imagenet,densenet121,ig,ILSVRC2012_val_00004300,330,0.02,3,2370168859087342904,valid,0.5216846737578699,0.32470960929250264,330,330,True,0.8613166213035583,0.8499399423599243,0.011376678943634033,0.015901029109954834,190.98805600015112
imagenet,densenet121,ig,ILSVRC2012_val_00004300,330,0.02,4,9172714801131829905,valid,0.5353516535375266,0.3287435456110155,330,330,True,0.8613166213035583,0.8571581840515137,0.004158437252044678,0.015972906723618507,190.76711099978638
imagenet,densenet121,ig,ILSVRC2012_val_00004300,330,0.05,0,2062959023804323395,valid,0.23790580154903176,0.18825479516931093,330,330,True,0.8613166213035583,0.8392651677131653,0.022051453590393066,0.03972576931118965,190.8559039998181
imagenet,densenet121,ig,ILSVRC2012_val_00004300,330,0.05,1,1730914782129674652,valid,0.22362720353852827,0.18895865418789243,330,330,True,0.8613166213035583,0.830811083316803,0.03050553798675537,0.03993631526827812,190.74725600012243
imagenet,densenet121,ig,ILSVRC2012_val_00004300,330,0.05,2,2230829393384523700,valid,0.2518609694041596,0.20177224284516823,330,330,True,0.8613166213035583,0.8358280062675476,0.025488615036010742,0.03981178253889084,191.3553839999622
imagenet,densenet121,ig,ILSVRC2012_val_00004300,330,0.05,3,2370168859087342904,valid,0.2353328760355435,0.19008656468635124,330,330,True,0.8613166213035583,0.7084260582923889,0.15289056301116943,0.03972280025482178,190.81000699998185
imagenet,densenet121,ig,ILSVRC2012_val_00004300,330,0.05,4,9172714801131829905,valid,0.24148626668127984,0.1946196881323652,330,330,True,0.8613166213035583,0.763323962688446,0.0979926586151123,0.03989943861961365,190.8215069997823
imagenet,densenet121,ig,ILSVRC2012_val_00007011,140,0.01,0,8693357588706766936,valid,0.5462159317334442,0.3136125654450262,140,140,True,0.9624544978141785,0.968056321144104,0.005601823329925537,0.007970251142978668,190.7846240001163
imagenet,densenet121,ig,ILSVRC2012_val_00007011,140,0.01,1,7795033858281793546,valid,0.5534045889354647,0.31464500916950483,140,140,True,0.9624544978141785,0.9720355868339539,0.00958108901977539,0.00799260288476944,191.34401999963302
imagenet,densenet121,ig,ILSVRC2012_val_00007011,140,0.01,2,2820880621722301505,valid,0.559820888301637,0.32453477629668737,140,140,True,0.9624544978141785,0.9708545804023743,0.0084000825881958,0.007961892522871494,190.82202900017364
imagenet,densenet121,ig,ILSVRC2012_val_00007011,140,0.01,3,9156189342167126515,valid,0.5641681120713857,0.3292715231788079,140,140,True,0.9624544978141785,0.9743205904960632,0.011866092681884766,0.007991521619260311,190.6518259997938
imagenet,densenet121,ig,ILSVRC2012_val_00007011,140,0.01,4,2817173590254193893,valid,0.5510880951598601,0.31913774973711884,140,140,True,0.9624544978141785,0.9735860228538513,0.011131525039672852,0.007971979677677155,190.91199599961328
imagenet,densenet121,ig,ILSVRC2012_val_00007011,140,0.02,0,8693357588706766936,valid,0.37093567356685403,0.22300755544723372,140,140,True,0.9624544978141785,0.9632753133773804,0.0008208155632019043,0.015940502285957336,190.7758110000941
imagenet,densenet121,ig,ILSVRC2012_val_00007011,140,0.02,1,7795033858281793546,valid,0.3644798839214032,0.22809593734703867,140,140,True,0.9624544978141785,0.9734317064285278,0.010977208614349365,0.01598520576953888,191.34090699981243
imagenet,densenet121,ig,ILSVRC2012_val_00007011,140,0.02,2,2820880621722301505,valid,0.3865019420796214,0.23125996810207336,140,140,True,0.9624544978141785,0.9738286733627319,0.011374175548553467,0.01592378504574299,190.8030059998964
imagenet,densenet121,ig,ILSVRC2012_val_00007011,140,0.02,3,9156189342167126515,valid,0.38633449530186526,0.23535204332840964,140,140,True,0.9624544978141785,0.9723811745643616,0.009926676750183105,0.015983043238520622,190.82570999989912
imagenet,densenet121,ig,ILSVRC2012_val_00007011,140,0.02,4,2817173590254193893,valid,0.38484706065105573,0.2286973555337904,140,140,True,0.9624544978141785,0.9707913398742676,0.008336842060089111,0.01594395935535431,190.90378600003532
imagenet,densenet121,ig,ILSVRC2012_val_00007011,140,0.05,0,8693357588706766936,valid,0.17523619930266235,0.1459237268782827,140,140,True,0.9624544978141785,0.9646257162094116,0.0021712183952331543,0.039849501103162766,190.80383999971673
imagenet,densenet121,ig,ILSVRC2012_val_00007011,140,0.05,1,7795033858281793546,valid,0.1834615684702443,0.15475779542055,140,140,True,0.9624544978141785,0.9759490489959717,0.013494551181793213,0.03996222838759422,191.54084700039675
imagenet,densenet121,ig,ILSVRC2012_val_00007011,140,0.05,2,2820880621722301505,valid,0.19127689936677697,0.15502359304868224,140,140,True,0.9624544978141785,0.9802058935165405,0.01775139570236206,0.039808910340070724,190.85202999985995
imagenet,densenet121,ig,ILSVRC2012_val_00007011,140,0.05,3,9156189342167126515,valid,0.1930093596697401,0.15555555555555556,140,140,True,0.9624544978141785,0.981240451335907,0.018785953521728516,0.03995690494775772,190.8262580000155
imagenet,densenet121,ig,ILSVRC2012_val_00007011,140,0.05,4,2817173590254193893,valid,0.1931125948349945,0.1507854603829836,140,140,True,0.9624544978141785,0.9741715788841248,0.011717081069946289,0.03985891491174698,190.82918900039658
imagenet,densenet121,ig,ILSVRC2012_val_00008228,381,0.01,0,4154338444683056573,valid,0.7465579576693452,0.48990498812351546,381,381,True,0.6121732592582703,0.6734887361526489,0.06131547689437866,0.007849621586501598,191.31182099999933
imagenet,densenet121,ig,ILSVRC2012_val_00008228,381,0.01,1,8968172922966999441,valid,0.7422663853512378,0.4879169755374351,381,381,True,0.6121732592582703,0.6291561722755432,0.01698291301727295,0.007862295024096966,190.8261130001847
imagenet,densenet121,ig,ILSVRC2012_val_00008228,381,0.01,2,4537400942497270551,valid,0.7470248595008744,0.48990498812351546,381,381,True,0.6121732592582703,0.5695037841796875,0.042669475078582764,0.007875829935073853,190.78647000014826
imagenet,densenet121,ig,ILSVRC2012_val_00008228,381,0.01,3,650350537098486573,valid,0.7439575585353745,0.49612403100775193,381,381,True,0.6121732592582703,0.6578215956687927,0.04564833641052246,0.00785364955663681,190.83855100006986
imagenet,densenet121,ig,ILSVRC2012_val_00008228,381,0.01,4,4634637524913072090,valid,0.7430141916144273,0.4841762792073351,381,381,True,0.6121732592582703,0.6683225631713867,0.056149303913116455,0.007835465483367443,191.3603189996138
imagenet,densenet121,ig,ILSVRC2012_val_00008228,381,0.02,0,4154338444683056573,valid,0.5717322522584681,0.3492874428609841,381,381,True,0.6121732592582703,0.7336643934249878,0.12149113416671753,0.015573475509881973,190.80963899978087
imagenet,densenet121,ig,ILSVRC2012_val_00008228,381,0.02,1,8968172922966999441,valid,0.5717836596488131,0.3680479825517993,381,381,True,0.6121732592582703,0.7024821043014526,0.09030884504318237,0.015593970194458961,190.76126299978569
imagenet,densenet121,ig,ILSVRC2012_val_00008228,381,0.02,2,4537400942497270551,valid,0.580749196290927,0.35731674330538277,381,381,True,0.6121732592582703,0.5924474596977234,0.019725799560546875,0.01562569849193096,191.1795260002691
imagenet,densenet121,ig,ILSVRC2012_val_00008228,381,0.02,3,650350537098486573,valid,0.5680279433815922,0.35548352242031334,381,381,True,0.6121732592582703,0.7800600528717041,0.16788679361343384,0.015577309764921665,190.75662099976398
imagenet,densenet121,ig,ILSVRC2012_val_00008228,381,0.02,4,4634637524913072090,valid,0.5749327455484609,0.3521961735381299,381,381,True,0.6121732592582703,0.7561942934989929,0.14402103424072266,0.01553870178759098,191.37984000008146
imagenet,densenet121,ig,ILSVRC2012_val_00008228,381,0.05,0,4154338444683056573,valid,0.306383331518862,0.22241169305724726,381,381,True,0.6121732592582703,0.7442588806152344,0.1320856213569641,0.03825114667415619,190.766831000019
imagenet,densenet121,ig,ILSVRC2012_val_00008228,381,0.05,1,8968172922966999441,valid,0.2858691324894388,0.2189967205150006,381,381,True,0.6121732592582703,0.7309417128562927,0.11876845359802246,0.03829391300678253,190.79675800003315
imagenet,densenet121,ig,ILSVRC2012_val_00008228,381,0.05,2,4537400942497270551,valid,0.2886417871343709,0.20335731414868105,381,381,True,0.6121732592582703,0.6576374769210815,0.04546421766281128,0.038379523903131485,190.7741420000093
imagenet,densenet121,ig,ILSVRC2012_val_00008228,381,0.05,3,650350537098486573,valid,0.2731326906559521,0.20828316879364314,381,381,True,0.6121732592582703,0.8101240992546082,0.1979508399963379,0.038231175392866135,190.94951499982926
imagenet,densenet121,ig,ILSVRC2012_val_00008228,381,0.05,4,4634637524913072090,valid,0.28374576532645,0.2126631222812953,381,381,True,0.6121732592582703,0.6920554637908936,0.07988220453262329,0.03816356137394905,191.35172299957048
imagenet,densenet121,ig,ILSVRC2012_val_00016006,732,0.01,0,2689331499638741690,valid,0.48721567799677584,0.3187910643889619,732,732,True,0.9732236862182617,0.9747719764709473,0.0015482902526855469,0.007973088882863522,190.76945500000875
imagenet,densenet121,ig,ILSVRC2012_val_00016006,732,0.01,1,8580294959909415158,valid,0.4725419389973031,0.3052412537391078,732,732,True,0.9732236862182617,0.9720331430435181,0.0011905431747436523,0.007983085699379444,190.83022499989966
imagenet,densenet121,ig,ILSVRC2012_val_00016006,732,0.01,2,9114965582325127640,valid,0.46410380826547337,0.2996632996632997,732,732,True,0.9732236862182617,0.972725510597229,0.0004981756210327148,0.007946940138936043,190.79156699990563
imagenet,densenet121,ig,ILSVRC2012_val_00016006,732,0.01,3,6003814197834614244,valid,0.47173441700515234,0.303884630375471,732,732,True,0.9732236862182617,0.9795412421226501,0.006317555904388428,0.007994843646883965,191.35157400023672
imagenet,densenet121,ig,ILSVRC2012_val_00016006,732,0.01,4,2271394598789847604,valid,0.4801036854408473,0.30643061702681595,732,732,True,0.9732236862182617,0.9726497530937195,0.0005739331245422363,0.007967531681060791,191.12042599999768
imagenet,densenet121,ig,ILSVRC2012_val_00016006,732,0.02,0,2689331499638741690,valid,0.31258990803948744,0.22944995712360652,732,732,True,0.9732236862182617,0.9668983221054077,0.006325364112854004,0.015904182568192482,190.6992409999475
imagenet,densenet121,ig,ILSVRC2012_val_00016006,732,0.02,1,8580294959909415158,valid,0.3023175274560489,0.21633741364683068,732,732,True,0.9732236862182617,0.9524288773536682,0.020794808864593506,0.015923377126455307,190.76420900000812
imagenet,densenet121,ig,ILSVRC2012_val_00016006,732,0.02,2,9114965582325127640,valid,0.296657570944341,0.21633741364683068,732,732,True,0.9732236862182617,0.9351508617401123,0.038072824478149414,0.015852151438593864,190.79679200012833
imagenet,densenet121,ig,ILSVRC2012_val_00016006,732,0.02,3,6003814197834614244,valid,0.2946359129132324,0.21442400774443368,732,732,True,0.9732236862182617,0.9805733561515808,0.007349669933319092,0.015948506072163582,193.23421599983703
imagenet,densenet121,ig,ILSVRC2012_val_00016006,732,0.02,4,2271394598789847604,valid,0.3055786354227176,0.21471798595981603,732,732,True,0.9732236862182617,0.9482918977737427,0.024931788444519043,0.01589353196322918,190.76273399969068
imagenet,densenet121,ig,ILSVRC2012_val_00016006,732,0.05,0,2689331499638741690,valid,0.14667478652821545,0.15038972948188903,732,732,True,0.9732236862182617,0.9057217240333557,0.067501962184906,0.039323803037405014,190.7370250000895
imagenet,densenet121,ig,ILSVRC2012_val_00016006,732,0.05,1,8580294959909415158,valid,0.1430630698189478,0.15582172060347807,732,732,True,0.9732236862182617,0.8113130927085876,0.16191059350967407,0.039370857179164886,190.74619200000598
imagenet,densenet121,ig,ILSVRC2012_val_00016006,732,0.05,2,9114965582325127640,valid,0.13551858087822083,0.15849013043980145,732,732,True,0.9732236862182617,0.6088526248931885,0.36437106132507324,0.039197489619255066,191.25790199996118
imagenet,densenet121,ig,ILSVRC2012_val_00016006,732,0.05,3,6003814197834614244,valid,0.14547381461303213,0.15702098224579203,732,732,True,0.9732236862182617,0.9567044973373413,0.01651918888092041,0.03944588452577591,190.71932399992875
imagenet,densenet121,ig,ILSVRC2012_val_00016006,732,0.05,4,2271394598789847604,valid,0.13827569490403177,0.14422528788051533,732,732,True,0.9732236862182617,0.8548187017440796,0.11840498447418213,0.039302706718444824,190.7307189999301
imagenet,densenet121,ig,ILSVRC2012_val_00023543,254,0.01,0,270999366333867741,valid,0.61328445084469,0.42072480181200456,254,254,True,0.979292631149292,0.9831284284591675,0.0038357973098754883,0.007898950017988682,190.718614999696
imagenet,densenet121,ig,ILSVRC2012_val_00023543,254,0.01,1,6483725595163808915,valid,0.6144836908176929,0.41791466515964965,254,254,True,0.979292631149292,0.9834949374198914,0.004202306270599365,0.00790777150541544,191.32624900021256
imagenet,densenet121,ig,ILSVRC2012_val_00023543,254,0.01,2,4939728852732550403,valid,0.6109334661723225,0.41651376146788993,254,254,True,0.979292631149292,0.9810906052589417,0.0017979741096496582,0.00789529550820589,190.88840200038248
imagenet,densenet121,ig,ILSVRC2012_val_00023543,254,0.01,3,4468478742456119862,valid,0.6112510756066983,0.4195190947666195,254,254,True,0.979292631149292,0.9787943363189697,0.0004982948303222656,0.007906647399067879,190.77831799995693
imagenet,densenet121,ig,ILSVRC2012_val_00023543,254,0.01,4,2390165699526937601,valid,0.6301390136810575,0.42213405129658493,254,254,True,0.979292631149292,0.981262743473053,0.0019701123237609863,0.007896085269749165,190.71732300017175
imagenet,densenet121,ig,ILSVRC2012_val_00023543,254,0.02,0,270999366333867741,valid,0.4071259187338581,0.3103538320929625,254,254,True,0.979292631149292,0.9877581000328064,0.008465468883514404,0.015745293349027634,190.74864999993224
imagenet,densenet121,ig,ILSVRC2012_val_00023543,254,0.02,1,6483725595163808915,valid,0.4275724669838764,0.30762214983713354,254,254,True,0.979292631149292,0.9917570948600769,0.012464463710784912,0.015765072777867317,191.36434799975177
imagenet,densenet121,ig,ILSVRC2012_val_00023543,254,0.02,2,4939728852732550403,valid,0.4095480771331334,0.3010111485610578,254,254,True,0.979292631149292,0.9845786094665527,0.005285978317260742,0.015736518427729607,191.02844100007133
imagenet,densenet121,ig,ILSVRC2012_val_00023543,254,0.02,3,4468478742456119862,valid,0.41283284817425353,0.31464500916950483,254,254,True,0.979292631149292,0.9838292002677917,0.004536569118499756,0.015763435512781143,190.78924099994765
imagenet,densenet121,ig,ILSVRC2012_val_00023543,254,0.02,4,2390165699526937601,valid,0.4088709782616821,0.2983182406209573,254,254,True,0.979292631149292,0.987183690071106,0.007891058921813965,0.01574035920202732,190.70307800029695
imagenet,densenet121,ig,ILSVRC2012_val_00023543,254,0.05,0,270999366333867741,valid,0.17468435112855776,0.20465730404513263,254,254,True,0.979292631149292,0.9882093667984009,0.008916735649108887,0.03911004215478897,191.08303199982402
imagenet,densenet121,ig,ILSVRC2012_val_00023543,254,0.05,1,6483725595163808915,valid,0.18663017429476075,0.20596010574381157,254,254,True,0.979292631149292,0.9934554696083069,0.014162838459014893,0.03916078805923462,191.22137299973474
imagenet,densenet121,ig,ILSVRC2012_val_00023543,254,0.05,2,4939728852732550403,valid,0.1692801511416267,0.19832835820895522,254,254,True,0.979292631149292,0.9707726836204529,0.008519947528839111,0.039074283093214035,191.0428010000942
imagenet,densenet121,ig,ILSVRC2012_val_00023543,254,0.05,3,4468478742456119862,valid,0.18097293094232983,0.19847145927871984,254,254,True,0.979292631149292,0.9908673763275146,0.011574745178222656,0.03914396092295647,190.75257599979523
imagenet,densenet121,ig,ILSVRC2012_val_00023543,254,0.05,4,2390165699526937601,valid,0.17042433594838932,0.18895865418789243,254,254,True,0.979292631149292,0.9888837337493896,0.009591102600097656,0.03909092769026756,190.78136600001017
imagenet,densenet121,ig,ILSVRC2012_val_00023347,89,0.01,0,7881334844864196200,valid,0.5893717426983215,0.41034288926363127,89,89,True,0.9743596315383911,0.966764509677887,0.00759512186050415,0.007980088703334332,191.2685990000682
imagenet,densenet121,ig,ILSVRC2012_val_00023347,89,0.01,1,8223420927206424359,valid,0.5860641846313562,0.4129241165704632,89,89,True,0.9743596315383911,0.9744279980659485,6.836652755737305e-05,0.007993086241185665,190.82402999993064
imagenet,densenet121,ig,ILSVRC2012_val_00023347,89,0.01,2,2108301894708548545,valid,0.5868235984011115,0.41871642635001416,89,89,True,0.9743596315383911,0.9741257429122925,0.0002338886260986328,0.007992684841156006,190.73553899988838
imagenet,densenet121,ig,ILSVRC2012_val_00023347,89,0.01,3,2944429311875253943,valid,0.585430126474038,0.4036363636363636,89,89,True,0.9743596315383911,0.98019939661026,0.0058397650718688965,0.007973040454089642,190.7185519999075
imagenet,densenet121,ig,ILSVRC2012_val_00023347,89,0.01,4,7481385728545187894,valid,0.6066927120925697,0.4107393871239809,89,89,True,0.9743596315383911,0.9720350503921509,0.0023245811462402344,0.00796965230256319,191.3180739998097
imagenet,densenet121,ig,ILSVRC2012_val_00023347,89,0.02,0,7881334844864196200,valid,0.38549003679346466,0.3028690120732182,89,89,True,0.9743596315383911,0.9778876900672913,0.0035280585289001465,0.01595492847263813,190.8362060003128
imagenet,densenet121,ig,ILSVRC2012_val_00023347,89,0.02,1,8223420927206424359,valid,0.390291966703111,0.30117982626734086,89,89,True,0.9743596315383911,0.9829182624816895,0.00855863094329834,0.01598096638917923,191.05629599971508
imagenet,densenet121,ig,ILSVRC2012_val_00023347,89,0.02,2,2108301894708548545,valid,0.38668320551150287,0.3066007030334592,89,89,True,0.9743596315383911,0.983401894569397,0.00904226303100586,0.015980476513504982,190.7166370001505
imagenet,densenet121,ig,ILSVRC2012_val_00023347,89,0.02,3,2944429311875253943,valid,0.3769288113310784,0.289145793192036,89,89,True,0.9743596315383911,0.990007758140564,0.01564812660217285,0.015940889716148376,190.69197899989376
imagenet,densenet121,ig,ILSVRC2012_val_00023347,89,0.02,4,7481385728545187894,valid,0.4109479628634361,0.30898656580148687,89,89,True,0.9743596315383911,0.9741515517234802,0.00020807981491088867,0.01593352109193802,191.39524899992466
imagenet,densenet121,ig,ILSVRC2012_val_00023347,89,0.05,0,7881334844864196200,valid,0.16513561717827924,0.20842865743527994,89,89,True,0.9743596315383911,0.9917816519737244,0.017422020435333252,0.03973989561200142,190.81395699959103
imagenet,densenet121,ig,ILSVRC2012_val_00023347,89,0.05,1,8223420927206424359,valid,0.16440245641101556,0.2098854731766124,89,89,True,0.9743596315383911,0.9912232160568237,0.016863584518432617,0.03978583589196205,190.81282399974953
imagenet,densenet121,ig,ILSVRC2012_val_00023347,89,0.05,2,2108301894708548545,valid,0.1568599770163704,0.20538073504684123,89,89,True,0.9743596315383911,0.9927865862846375,0.018426954746246338,0.03979448229074478,190.76637099988147
imagenet,densenet121,ig,ILSVRC2012_val_00023347,89,0.05,3,2944429311875253943,valid,0.15931581154719168,0.20610503545246966,89,89,True,0.9743596315383911,0.991295337677002,0.01693570613861084,0.03968992829322815,190.80254399978003
imagenet,densenet121,ig,ILSVRC2012_val_00023347,89,0.05,4,7481385728545187894,valid,0.17064870469791385,0.2066851028014909,89,89,True,0.9743596315383911,0.9891273379325867,0.014767706394195557,0.03968685120344162,191.26013799996144
imagenet,densenet121,ig,ILSVRC2012_val_00011253,363,0.01,0,7969622713620301542,valid,0.7566869089784818,0.5802235868367186,104,104,True,0.03567151352763176,0.014240593649446964,0.021430919878184795,0.00790833868086338,190.73863899984644
imagenet,densenet121,ig,ILSVRC2012_val_00011253,363,0.01,1,7338576340922310673,valid,0.7548567468451737,0.5879746835443038,104,104,True,0.03567151352763176,0.025684218853712082,0.009987294673919678,0.007920983247458935,190.71935200008738
imagenet,densenet121,ig,ILSVRC2012_val_00011253,363,0.01,2,3200603612045899266,valid,0.7542218093929491,0.5844647931796653,104,104,True,0.03567151352763176,0.013275840319693089,0.02239567320793867,0.007895284332334995,190.80325899994932
imagenet,densenet121,ig,ILSVRC2012_val_00011253,363,0.01,3,9145090093729942847,valid,0.7559152731945743,0.5752629100612149,104,104,True,0.03567151352763176,0.008571215905249119,0.02710029762238264,0.00789425615221262,191.31617699986236
imagenet,densenet121,ig,ILSVRC2012_val_00011253,363,0.01,4,2178187931079052202,valid,0.7580760022147209,0.5862177967441126,104,104,True,0.03567151352763176,0.0050790635868906975,0.030592449940741062,0.007886005565524101,190.81727399998272
imagenet,densenet121,ig,ILSVRC2012_val_00011253,363,0.02,0,7969622713620301542,valid,0.5596577884892457,0.4294260076912121,104,104,True,0.03567151352763176,0.006650836206972599,0.02902067732065916,0.01578899845480919,191.2811959996361
imagenet,densenet121,ig,ILSVRC2012_val_00011253,363,0.02,1,7338576340922310673,valid,0.5747442344570098,0.44299065420560746,104,104,True,0.03567151352763176,0.026426667347550392,0.009244846180081367,0.015812009572982788,190.87225800012675
imagenet,densenet121,ig,ILSVRC2012_val_00011253,363,0.02,2,3200603612045899266,valid,0.5679635335364341,0.4427832087406556,104,104,True,0.03567151352763176,0.008231567218899727,0.027439946308732033,0.015759438276290894,190.73211300019466
imagenet,densenet121,ig,ILSVRC2012_val_00011253,363,0.02,3,9145090093729942847,valid,0.5629291126064779,0.42556818181818185,104,104,True,0.03567151352763176,0.003111780621111393,0.03255973290652037,0.01576133258640766,191.4561930002492
imagenet,densenet121,ig,ILSVRC2012_val_00011253,363,0.02,4,2178187931079052202,valid,0.5693416327525724,0.4411257897759908,104,104,True,0.03567151352763176,0.0012565819779410958,0.034414931549690664,0.01574300229549408,193.00570999985212
imagenet,densenet121,ig,ILSVRC2012_val_00011253,363,0.05,0,7969622713620301542,valid,0.2746019063326027,0.27489837398373984,104,104,True,0.03567151352763176,0.006904277950525284,0.028767235577106476,0.03885333985090256,190.8316859999104
imagenet,densenet121,ig,ILSVRC2012_val_00011253,363,0.05,1,7338576340922310673,valid,0.3074058066966686,0.28782240472218656,104,104,True,0.03567151352763176,0.18597301840782166,0.1503015048801899,0.03889232128858566,192.10443100018892
imagenet,densenet121,ig,ILSVRC2012_val_00011253,363,0.05,2,3200603612045899266,valid,0.2901523102623635,0.2814096016343207,104,104,True,0.03567151352763176,0.006193486973643303,0.029478026553988457,0.03875995799899101,191.80398600019544
imagenet,densenet121,ig,ILSVRC2012_val_00011253,363,0.05,3,9145090093729942847,valid,0.27648471777172956,0.26793835270338556,104,104,True,0.03567151352763176,0.0038192938081920147,0.031852219719439745,0.038816627115011215,190.73428000001513
imagenet,densenet121,ig,ILSVRC2012_val_00011253,363,0.05,4,2178187931079052202,valid,0.2975661606646078,0.2758708365115688,104,104,True,0.03567151352763176,0.006303892470896244,0.029367621056735516,0.03875745087862015,190.79410400036068
imagenet,densenet121,gradcam,ILSVRC2012_val_00012132,17,0.01,0,1240890485581281775,valid,0.9976930723238917,0.9266653868304857,17,17,True,0.9872965812683105,0.9902917742729187,0.0029951930046081543,0.007977155037224293,19.29819299994051
imagenet,densenet121,gradcam,ILSVRC2012_val_00012132,17,0.01,1,7809966714089166156,valid,0.9975287481845386,0.9248177982355198,17,17,True,0.9872965812683105,0.9892314076423645,0.001934826374053955,0.00797604862600565,19.43562899987228
imagenet,densenet121,gradcam,ILSVRC2012_val_00012132,17,0.01,2,594568608699110832,valid,0.997107055523742,0.9222371193257997,17,17,True,0.9872965812683105,0.993427038192749,0.0061304569244384766,0.00797850452363491,19.421029000113776
imagenet,densenet121,gradcam,ILSVRC2012_val_00012132,17,0.01,3,8272835477805138346,valid,0.9979581587125003,0.9555728760717069,17,17,True,0.9872965812683105,0.9932889342308044,0.0059923529624938965,0.00795917771756649,19.467420000182756
imagenet,densenet121,gradcam,ILSVRC2012_val_00012132,17,0.01,4,5588988483984321074,valid,0.9962899613110002,0.9582439024390244,17,17,True,0.9872965812683105,0.988657534122467,0.0013609528541564941,0.007953647524118423,19.469284000024345
imagenet,densenet121,gradcam,ILSVRC2012_val_00012132,17,0.02,0,1240890485581281775,valid,0.992291401038662,0.8585185185185186,17,17,True,0.9872965812683105,0.9839451909065247,0.0033513903617858887,0.01577305607497692,19.4548310000755
imagenet,densenet121,gradcam,ILSVRC2012_val_00012132,17,0.02,1,7809966714089166156,valid,0.9933917541503179,0.8946573532188031,17,17,True,0.9872965812683105,0.9865178465843201,0.0007787346839904785,0.01578219048678875,19.370782999885705
imagenet,densenet121,gradcam,ILSVRC2012_val_00012132,17,0.02,2,594568608699110832,valid,0.9959532495135106,0.8921568627450981,17,17,True,0.9872965812683105,0.9900386333465576,0.0027420520782470703,0.01577969826757908,19.41796599976442
imagenet,densenet121,gradcam,ILSVRC2012_val_00012132,17,0.02,3,8272835477805138346,valid,0.9959348777291458,0.9251870324189526,17,17,True,0.9872965812683105,0.9895738959312439,0.0022773146629333496,0.015742696821689606,19.389348999993672
imagenet,densenet121,gradcam,ILSVRC2012_val_00012132,17,0.02,4,5588988483984321074,valid,0.9966306765028919,0.913441372735939,17,17,True,0.9872965812683105,0.9830412864685059,0.0042552947998046875,0.01573066972196102,19.38463500027865
imagenet,densenet121,gradcam,ILSVRC2012_val_00012132,17,0.05,0,1240890485581281775,valid,0.9745114984800057,0.7791171778053536,17,17,True,0.9872965812683105,0.9289983510971069,0.05829823017120361,0.03825867921113968,19.296453000151814
imagenet,densenet121,gradcam,ILSVRC2012_val_00012132,17,0.05,1,7809966714089166156,valid,0.9879344891357883,0.8557692307692307,17,17,True,0.9872965812683105,0.9751154184341431,0.01218116283416748,0.03828912228345871,19.4117850001021
imagenet,densenet121,gradcam,ILSVRC2012_val_00012132,17,0.05,2,594568608699110832,valid,0.9909320677724782,0.8533702677746999,17,17,True,0.9872965812683105,0.9736250042915344,0.013671576976776123,0.03823862969875336,19.452661000286753
imagenet,densenet121,gradcam,ILSVRC2012_val_00012132,17,0.05,3,8272835477805138346,valid,0.987580554230735,0.8089401586157173,17,17,True,0.9872965812683105,0.9689610600471497,0.01833552122116089,0.03818439319729805,19.390491000194743
imagenet,densenet121,gradcam,ILSVRC2012_val_00012132,17,0.05,4,5588988483984321074,valid,0.9883061227364605,0.8571428571428571,17,17,True,0.9872965812683105,0.9263442754745483,0.06095230579376221,0.038149602711200714,19.71505499977866
imagenet,densenet121,gradcam,ILSVRC2012_val_00000140,558,0.01,0,2495375757937344332,valid,0.9708986001410923,0.7423611111111111,251,251,True,8.067062253758195e-07,8.279986900561198e-07,2.1292464680300327e-08,0.007930428721010685,19.256848000168247
imagenet,densenet121,gradcam,ILSVRC2012_val_00000140,558,0.01,1,8258382046345720994,valid,0.9670625197276076,0.5899873257287706,251,251,True,8.067062253758195e-07,1.3967904806122533e-06,5.900842552364338e-07,0.007931828498840332,19.359070000064094
imagenet,densenet121,gradcam,ILSVRC2012_val_00000140,558,0.01,2,1986566169149637064,valid,0.968490123260014,0.6898467755514396,251,251,True,8.067062253758195e-07,1.4408383322006557e-06,6.341321068248362e-07,0.007939048111438751,19.430973999988055
imagenet,densenet121,gradcam,ILSVRC2012_val_00000140,558,0.01,3,781331182807300414,valid,0.9853622776830206,0.7056424201223658,251,251,True,8.067062253758195e-07,1.2620805591723183e-06,4.5537433379649883e-07,0.00794409029185772,19.38468299977103
imagenet,densenet121,gradcam,ILSVRC2012_val_00000140,558,0.01,4,821512256087617785,valid,0.9595157513795353,0.4578855649143189,251,251,True,8.067062253758195e-07,9.116064916270261e-07,1.0490026625120663e-07,0.007950360886752605,19.43380900002012
imagenet,densenet121,gradcam,ILSVRC2012_val_00000140,558,0.02,0,2495375757937344332,valid,0.9496456753608695,0.6008932844153773,251,251,True,8.067062253758195e-07,1.9314588826091494e-06,1.12475265723333e-06,0.01566363126039505,19.362590000127966
imagenet,densenet121,gradcam,ILSVRC2012_val_00000140,558,0.02,1,8258382046345720994,valid,0.9246905298704816,0.327337653749504,251,251,True,8.067062253758195e-07,1.894740307761822e-06,1.0880340823860024e-06,0.015672368928790092,19.446052000148484
imagenet,densenet121,gradcam,ILSVRC2012_val_00000140,558,0.02,2,1986566169149637064,valid,0.9690039046872545,0.4997011356843993,251,251,True,8.067062253758195e-07,3.269774424552452e-06,2.4630681991766323e-06,0.015686212107539177,19.540188000064518
imagenet,densenet121,gradcam,ILSVRC2012_val_00000140,558,0.02,3,781331182807300414,valid,0.9679336258619411,0.5044221256183481,251,251,True,8.067062253758195e-07,4.045160949317506e-06,3.238454723941686e-06,0.01568450964987278,19.346128000051976
imagenet,densenet121,gradcam,ILSVRC2012_val_00000140,558,0.02,4,821512256087617785,valid,0.9382714298691348,0.35347269049224544,251,251,True,8.067062253758195e-07,1.3690290643353364e-06,5.62322838959517e-07,0.015702681615948677,19.329298000229755
imagenet,densenet121,gradcam,ILSVRC2012_val_00000140,558,0.05,0,2495375757937344332,valid,0.897904667088347,0.30185497470489037,251,251,True,8.067062253758195e-07,2.2901097054273123e-06,1.4834034800514928e-06,0.03772677108645439,19.390316999761126
imagenet,densenet121,gradcam,ILSVRC2012_val_00000140,558,0.05,1,8258382046345720994,valid,0.8692476411262484,0.27723401550781746,251,251,True,8.067062253758195e-07,2.6194006750301924e-06,1.8126944496543729e-06,0.03776539862155914,19.497657000101754
imagenet,densenet121,gradcam,ILSVRC2012_val_00000140,558,0.05,2,1986566169149637064,valid,0.8936627277101261,0.21619001454192924,251,212,False,8.067062253758195e-07,1.6917421817197464e-05,1.6110715591821645e-05,0.03779557719826698,19.469500000013795
imagenet,densenet121,gradcam,ILSVRC2012_val_00000140,558,0.05,3,781331182807300414,valid,0.9201569541405353,0.3217437113130515,251,212,False,8.067062253758195e-07,7.113365882105427e-06,6.306659656729607e-06,0.03776644170284271,19.386770999972214
imagenet,densenet121,gradcam,ILSVRC2012_val_00000140,558,0.05,4,821512256087617785,valid,0.8580856819666738,0.2658930373360242,251,212,False,8.067062253758195e-07,9.715331543702632e-06,8.908625318326813e-06,0.037824202328920364,19.375903000309336
imagenet,densenet121,gradcam,ILSVRC2012_val_00031295,237,0.01,0,7260055080022824154,valid,0.9995152877270098,0.9790968250838099,237,237,True,0.9356824159622192,0.9750604629516602,0.03937804698944092,0.007982752285897732,19.39128100002563
imagenet,densenet121,gradcam,ILSVRC2012_val_00031295,237,0.01,1,6830589745658477501,valid,0.9994361027475104,0.9837912630954734,237,237,True,0.9356824159622192,0.9383795261383057,0.0026971101760864258,0.007979998365044594,19.388230000004114
imagenet,densenet121,gradcam,ILSVRC2012_val_00031295,237,0.01,2,5572588514906466611,valid,0.9989807203848566,0.9775369458128079,237,237,True,0.9356824159622192,0.9398837089538574,0.004201292991638184,0.007962181232869625,19.594452000092133
imagenet,densenet121,gradcam,ILSVRC2012_val_00031295,237,0.01,3,7784788833784456437,valid,0.999415282560162,0.9763686490744388,237,237,True,0.9356824159622192,0.9416508674621582,0.005968451499938965,0.00796830840408802,19.334688000071765
imagenet,densenet121,gradcam,ILSVRC2012_val_00031295,237,0.01,4,205616704339721179,valid,0.9994653473764151,0.9892963330029733,237,237,True,0.9356824159622192,0.9537980556488037,0.018115639686584473,0.007979369722306728,19.269590000021708
imagenet,densenet121,gradcam,ILSVRC2012_val_00031295,237,0.02,0,7260055080022824154,valid,0.998730897512836,0.9647611589663273,237,237,True,0.9356824159622192,0.983596682548523,0.04791426658630371,0.01595899648964405,19.304288000057568
imagenet,densenet121,gradcam,ILSVRC2012_val_00031295,237,0.02,1,6830589745658477501,valid,0.9976210623792269,0.9344641480339244,237,237,True,0.9356824159622192,0.9359461069107056,0.0002636909484863281,0.0159539096057415,19.283206000181963
imagenet,densenet121,gradcam,ILSVRC2012_val_00031295,237,0.02,2,5572588514906466611,valid,0.9968780675838642,0.9307425933051173,237,237,True,0.9356824159622192,0.9591143727302551,0.02343195676803589,0.015918198972940445,19.274111999948218
imagenet,densenet121,gradcam,ILSVRC2012_val_00031295,237,0.02,3,7784788833784456437,valid,0.9984001537057615,0.9559540050672384,237,237,True,0.9356824159622192,0.9518716931343079,0.016189277172088623,0.01593208871781826,19.384966999950848
imagenet,densenet121,gradcam,ILSVRC2012_val_00031295,237,0.02,4,205616704339721179,valid,0.9982142283102119,0.9434546862896979,237,237,True,0.9356824159622192,0.9668533205986023,0.031170904636383057,0.015952888876199722,19.420806000198354
imagenet,densenet121,gradcam,ILSVRC2012_val_00031295,237,0.05,0,7260055080022824154,valid,0.9970817879874875,0.9651458782063834,237,237,True,0.9356824159622192,0.9803789854049683,0.04469656944274902,0.03979962691664696,19.367033999969863
imagenet,densenet121,gradcam,ILSVRC2012_val_00031295,237,0.05,1,6830589745658477501,valid,0.9963115834941598,0.9222371193257997,237,237,True,0.9356824159622192,0.9691555500030518,0.03347313404083252,0.039788227528333664,19.322705000377027
imagenet,densenet121,gradcam,ILSVRC2012_val_00031295,237,0.05,2,5572588514906466611,valid,0.9932239823262865,0.8458708846790509,237,237,True,0.9356824159622192,0.9861131310462952,0.05043071508407593,0.03969388082623482,19.598045000293496
imagenet,densenet121,gradcam,ILSVRC2012_val_00031295,237,0.05,3,7784788833784456437,valid,0.9960964806395185,0.933718689788054,237,237,True,0.9356824159622192,0.9688702821731567,0.0331878662109375,0.03973357006907463,19.362086999990424
imagenet,densenet121,gradcam,ILSVRC2012_val_00031295,237,0.05,4,205616704339721179,valid,0.9948414619358965,0.9149017363098645,237,237,True,0.9356824159622192,0.9813404679298401,0.04565805196762085,0.03978067636489868,19.314219000079902
imagenet,densenet121,gradcam,ILSVRC2012_val_00004300,330,0.01,0,2062959023804323395,valid,0.998877870687449,0.9728720267348142,330,330,True,0.8613166213035583,0.8698984980583191,0.008581876754760742,0.007951412349939346,19.19493599962152
imagenet,densenet121,gradcam,ILSVRC2012_val_00004300,330,0.01,1,1730914782129674652,valid,0.9994357566271078,0.9861468434593311,330,330,True,0.8613166213035583,0.8939464688301086,0.03262984752655029,0.007993146777153015,19.380532000013773
imagenet,densenet121,gradcam,ILSVRC2012_val_00004300,330,0.01,2,2230829393384523700,valid,0.9966315396580803,0.9748130657221566,330,330,True,0.8613166213035583,0.8504220247268677,0.010894596576690674,0.007968250662088394,19.36685300006502
imagenet,densenet121,gradcam,ILSVRC2012_val_00004300,330,0.01,3,2370168859087342904,valid,0.998646357379763,0.9686151431934091,330,330,True,0.8613166213035583,0.8574817180633545,0.0038349032402038574,0.00795076321810484,19.429441999818664
imagenet,densenet121,gradcam,ILSVRC2012_val_00004300,330,0.01,4,9172714801131829905,valid,0.9993076244465692,0.9709347996857817,330,330,True,0.8613166213035583,0.866519033908844,0.0052024126052856445,0.007987084798514843,19.299279999813734
imagenet,densenet121,gradcam,ILSVRC2012_val_00004300,330,0.02,0,2062959023804323395,valid,0.9955101689945514,0.9363303106309088,330,330,True,0.8613166213035583,0.9038954377174377,0.042578816413879395,0.01590193435549736,19.283125000129075
imagenet,densenet121,gradcam,ILSVRC2012_val_00004300,330,0.02,1,1730914782129674652,valid,0.9985992880431982,0.9636079045196635,330,330,True,0.8613166213035583,0.9082350730895996,0.04691845178604126,0.015985921025276184,19.337715999881766
imagenet,densenet121,gradcam,ILSVRC2012_val_00004300,330,0.02,2,2230829393384523700,valid,0.9955226752995785,0.926295585412668,330,330,True,0.8613166213035583,0.8849242925643921,0.02360767126083374,0.01593547873198986,19.314868999572354
imagenet,densenet121,gradcam,ILSVRC2012_val_00004300,330,0.02,3,2370168859087342904,valid,0.9938432746368396,0.9226053639846743,330,330,True,0.8613166213035583,0.8499399423599243,0.011376678943634033,0.015901029109954834,19.318326999837154
imagenet,densenet121,gradcam,ILSVRC2012_val_00004300,330,0.02,4,9172714801131829905,valid,0.9961284365299413,0.9559540050672384,330,330,True,0.8613166213035583,0.8571581840515137,0.004158437252044678,0.015972906723618507,19.325351000134106
imagenet,densenet121,gradcam,ILSVRC2012_val_00004300,330,0.05,0,2062959023804323395,valid,0.9838278061923286,0.8882408278457197,330,330,True,0.8613166213035583,0.8392651677131653,0.022051453590393066,0.03972576931118965,19.316588000037882
imagenet,densenet121,gradcam,ILSVRC2012_val_00004300,330,0.05,1,1730914782129674652,valid,0.9813878818732037,0.8177866328563665,330,330,True,0.8613166213035583,0.830811083316803,0.03050553798675537,0.03993631526827812,19.316802000048483
imagenet,densenet121,gradcam,ILSVRC2012_val_00004300,330,0.05,2,2230829393384523700,valid,0.9908965455540832,0.8187749184487133,330,330,True,0.8613166213035583,0.8358280062675476,0.025488615036010742,0.03981178253889084,19.305902999803948
imagenet,densenet121,gradcam,ILSVRC2012_val_00004300,330,0.05,3,2370168859087342904,valid,0.9703110716798458,0.817457442955451,330,330,True,0.8613166213035583,0.7084260582923889,0.15289056301116943,0.03972280025482178,19.39425399996253
imagenet,densenet121,gradcam,ILSVRC2012_val_00004300,330,0.05,4,9172714801131829905,valid,0.9720827177523516,0.8194343727338651,330,330,True,0.8613166213035583,0.763323962688446,0.0979926586151123,0.03989943861961365,19.325413000387925
imagenet,densenet121,gradcam,ILSVRC2012_val_00007011,140,0.01,0,8693357588706766936,valid,0.9986756092402777,0.9896907216494846,140,140,True,0.9624544978141785,0.968056321144104,0.005601823329925537,0.007970251142978668,19.164370999988023
imagenet,densenet121,gradcam,ILSVRC2012_val_00007011,140,0.01,1,7795033858281793546,valid,0.997531199641658,0.9643765903307888,140,140,True,0.9624544978141785,0.9720355868339539,0.00958108901977539,0.00799260288476944,19.30117199981396
imagenet,densenet121,gradcam,ILSVRC2012_val_00007011,140,0.01,2,2820880621722301505,valid,0.999047429795925,0.967843137254902,140,140,True,0.9624544978141785,0.9708545804023743,0.0084000825881958,0.007961892522871494,19.305625000015425
imagenet,densenet121,gradcam,ILSVRC2012_val_00007011,140,0.01,3,9156189342167126515,valid,0.9990988603793063,0.9632237871674492,140,140,True,0.9624544978141785,0.9743205904960632,0.011866092681884766,0.007991521619260311,19.26489199968273
imagenet,densenet121,gradcam,ILSVRC2012_val_00007011,140,0.01,4,2817173590254193893,valid,0.9993383213061763,0.9810501381760758,140,140,True,0.9624544978141785,0.9735860228538513,0.011131525039672852,0.007971979677677155,19.343139000284282
imagenet,densenet121,gradcam,ILSVRC2012_val_00007011,140,0.02,0,8693357588706766936,valid,0.9922867230537353,0.8946573532188031,140,140,True,0.9624544978141785,0.9632753133773804,0.0008208155632019043,0.015940502285957336,19.27594800008592
imagenet,densenet121,gradcam,ILSVRC2012_val_00007011,140,0.02,1,7795033858281793546,valid,0.9927307072654107,0.9170964660936007,140,140,True,0.9624544978141785,0.9734317064285278,0.010977208614349365,0.01598520576953888,19.343562999893038
imagenet,densenet121,gradcam,ILSVRC2012_val_00007011,140,0.02,2,2820880621722301505,valid,0.9956667781811437,0.9487378640776699,140,140,True,0.9624544978141785,0.9738286733627319,0.011374175548553467,0.01592378504574299,19.30685200022708
imagenet,densenet121,gradcam,ILSVRC2012_val_00007011,140,0.02,3,9156189342167126515,valid,0.995727014764976,0.9472254559565386,140,140,True,0.9624544978141785,0.9723811745643616,0.009926676750183105,0.015983043238520622,19.265335999989475
imagenet,densenet121,gradcam,ILSVRC2012_val_00007011,140,0.02,4,2817173590254193893,valid,0.9949581599246158,0.9468477206595538,140,140,True,0.9624544978141785,0.9707913398742676,0.008336842060089111,0.01594395935535431,19.35349999985192
imagenet,densenet121,gradcam,ILSVRC2012_val_00007011,140,0.05,0,8693357588706766936,valid,0.9855413410367599,0.8027663014190767,140,140,True,0.9624544978141785,0.9646257162094116,0.0021712183952331543,0.039849501103162766,19.616504999703466
imagenet,densenet121,gradcam,ILSVRC2012_val_00007011,140,0.05,1,7795033858281793546,valid,0.9682916355660605,0.7816438842535062,140,140,True,0.9624544978141785,0.9759490489959717,0.013494551181793213,0.03996222838759422,19.644802999664535
imagenet,densenet121,gradcam,ILSVRC2012_val_00007011,140,0.05,2,2820880621722301505,valid,0.9687086852907721,0.7420586703697275,140,140,True,0.9624544978141785,0.9802058935165405,0.01775139570236206,0.039808910340070724,19.360448000043107
imagenet,densenet121,gradcam,ILSVRC2012_val_00007011,140,0.05,3,9156189342167126515,valid,0.9685140656112762,0.7892672490640043,140,140,True,0.9624544978141785,0.981240451335907,0.018785953521728516,0.03995690494775772,19.296756999665376
imagenet,densenet121,gradcam,ILSVRC2012_val_00007011,140,0.05,4,2817173590254193893,valid,0.970675008810804,0.8135164438019515,140,140,True,0.9624544978141785,0.9741715788841248,0.011717081069946289,0.03985891491174698,19.335193999722833
imagenet,densenet121,gradcam,ILSVRC2012_val_00008228,381,0.01,0,4154338444683056573,valid,0.9991878265474365,0.9479813664596274,381,381,True,0.6121732592582703,0.6734887361526489,0.06131547689437866,0.007849621586501598,19.18918700039285
imagenet,densenet121,gradcam,ILSVRC2012_val_00008228,381,0.01,1,8968172922966999441,valid,0.9992501200133864,0.9472254559565386,381,381,True,0.6121732592582703,0.6291561722755432,0.01698291301727295,0.007862295024096966,19.422982999913074
imagenet,densenet121,gradcam,ILSVRC2012_val_00008228,381,0.01,2,4537400942497270551,valid,0.9992259686734254,0.9438311059461554,381,381,True,0.6121732592582703,0.5695037841796875,0.042669475078582764,0.007875829935073853,19.378811000024143
imagenet,densenet121,gradcam,ILSVRC2012_val_00008228,381,0.01,3,650350537098486573,valid,0.9993463844165383,0.9396984924623115,381,381,True,0.6121732592582703,0.6578215956687927,0.04564833641052246,0.00785364955663681,19.266225999672315
imagenet,densenet121,gradcam,ILSVRC2012_val_00008228,381,0.01,4,4634637524913072090,valid,0.9994142174538767,0.9457153935633966,381,381,True,0.6121732592582703,0.6683225631713867,0.056149303913116455,0.007835465483367443,19.345842999882734
imagenet,densenet121,gradcam,ILSVRC2012_val_00008228,381,0.02,0,4154338444683056573,valid,0.9969337195296955,0.9303712252356222,381,381,True,0.6121732592582703,0.7336643934249878,0.12149113416671753,0.015573475509881973,19.287557000097877
imagenet,densenet121,gradcam,ILSVRC2012_val_00008228,381,0.02,1,8968172922966999441,valid,0.997002340565618,0.9098001902949572,381,381,True,0.6121732592582703,0.7024821043014526,0.09030884504318237,0.015593970194458961,19.320783999773994
imagenet,densenet121,gradcam,ILSVRC2012_val_00008228,381,0.02,2,4537400942497270551,valid,0.9973192765067191,0.8786971171845751,381,381,True,0.6121732592582703,0.5924474596977234,0.019725799560546875,0.01562569849193096,19.341474999691854
imagenet,densenet121,gradcam,ILSVRC2012_val_00008228,381,0.02,3,650350537098486573,valid,0.9972753936088821,0.9296289175158623,381,381,True,0.6121732592582703,0.7800600528717041,0.16788679361343384,0.015577309764921665,19.27897199993822
imagenet,densenet121,gradcam,ILSVRC2012_val_00008228,381,0.02,4,4634637524913072090,valid,0.9974553821615948,0.8960891743812582,381,381,True,0.6121732592582703,0.7561942934989929,0.14402103424072266,0.01553870178759098,19.31388999992123
imagenet,densenet121,gradcam,ILSVRC2012_val_00008228,381,0.05,0,4154338444683056573,valid,0.9845932264534057,0.9408238251788822,381,381,True,0.6121732592582703,0.7442588806152344,0.1320856213569641,0.03825114667415619,20.314372000029834
imagenet,densenet121,gradcam,ILSVRC2012_val_00008228,381,0.05,1,8968172922966999441,valid,0.9840647396520564,0.8247272727272728,381,381,True,0.6121732592582703,0.7309417128562927,0.11876845359802246,0.03829391300678253,19.469610000214743
imagenet,densenet121,gradcam,ILSVRC2012_val_00008228,381,0.05,2,4537400942497270551,valid,0.9849287563399827,0.7937444146559428,381,381,True,0.6121732592582703,0.6576374769210815,0.04546421766281128,0.038379523903131485,19.386061999739468
imagenet,densenet121,gradcam,ILSVRC2012_val_00008228,381,0.05,3,650350537098486573,valid,0.9908347192305311,0.8907309721175584,381,381,True,0.6121732592582703,0.8101240992546082,0.1979508399963379,0.038231175392866135,19.34611099977701
imagenet,densenet121,gradcam,ILSVRC2012_val_00008228,381,0.05,4,4634637524913072090,valid,0.9857675129406483,0.833729216152019,381,381,True,0.6121732592582703,0.6920554637908936,0.07988220453262329,0.03816356137394905,19.28997499999241
imagenet,densenet121,gradcam,ILSVRC2012_val_00016006,732,0.01,0,2689331499638741690,valid,0.99485850832883,0.9442076714451763,732,732,True,0.9732236862182617,0.9747719764709473,0.0015482902526855469,0.007973088882863522,19.120946999919397
imagenet,densenet121,gradcam,ILSVRC2012_val_00016006,732,0.01,1,8580294959909415158,valid,0.9956810353829845,0.9393236714975846,732,732,True,0.9732236862182617,0.9720331430435181,0.0011905431747436523,0.007983085699379444,20.530969999981608
imagenet,densenet121,gradcam,ILSVRC2012_val_00016006,732,0.01,2,9114965582325127640,valid,0.9955492484844214,0.9570982839313572,732,732,True,0.9732236862182617,0.972725510597229,0.0004981756210327148,0.007946940138936043,19.34082399975523
imagenet,densenet121,gradcam,ILSVRC2012_val_00016006,732,0.01,3,6003814197834614244,valid,0.9968551446881803,0.9690013733568766,732,732,True,0.9732236862182617,0.9795412421226501,0.006317555904388428,0.007994843646883965,19.399091000195767
imagenet,densenet121,gradcam,ILSVRC2012_val_00016006,732,0.01,4,2271394598789847604,valid,0.9944543324543045,0.9570982839313572,732,732,True,0.9732236862182617,0.9726497530937195,0.0005739331245422363,0.007967531681060791,19.347801999629155
imagenet,densenet121,gradcam,ILSVRC2012_val_00016006,732,0.02,0,2689331499638741690,valid,0.9755236254967448,0.9087105363255991,732,732,True,0.9732236862182617,0.9668983221054077,0.006325364112854004,0.015904182568192482,19.36094199982108
imagenet,densenet121,gradcam,ILSVRC2012_val_00016006,732,0.02,1,8580294959909415158,valid,0.9682333261951619,0.8592071137458318,732,732,True,0.9732236862182617,0.9524288773536682,0.020794808864593506,0.015923377126455307,19.331594000050245
imagenet,densenet121,gradcam,ILSVRC2012_val_00016006,732,0.02,2,9114965582325127640,valid,0.9805310002088631,0.9311141042909371,732,732,True,0.9732236862182617,0.9351508617401123,0.038072824478149414,0.015852151438593864,19.376132000161306
imagenet,densenet121,gradcam,ILSVRC2012_val_00016006,732,0.02,3,6003814197834614244,valid,0.9646214842310653,0.8462104488594555,732,732,True,0.9732236862182617,0.9805733561515808,0.007349669933319092,0.015948506072163582,19.554926000182604
imagenet,densenet121,gradcam,ILSVRC2012_val_00016006,732,0.02,4,2271394598789847604,valid,0.968219082985124,0.9355834136933462,732,732,True,0.9732236862182617,0.9482918977737427,0.024931788444519043,0.01589353196322918,19.38153199989756
imagenet,densenet121,gradcam,ILSVRC2012_val_00016006,732,0.05,0,2689331499638741690,valid,0.9233369597391902,0.7613197613197613,732,732,True,0.9732236862182617,0.9057217240333557,0.067501962184906,0.039323803037405014,19.33487199994488
imagenet,densenet121,gradcam,ILSVRC2012_val_00016006,732,0.05,1,8580294959909415158,valid,0.905307729763689,0.5673902858035296,732,732,True,0.9732236862182617,0.8113130927085876,0.16191059350967407,0.039370857179164886,19.361916999969253
imagenet,densenet121,gradcam,ILSVRC2012_val_00016006,732,0.05,2,9114965582325127640,valid,0.9210706684544498,0.6520164609053498,732,732,True,0.9732236862182617,0.6088526248931885,0.36437106132507324,0.039197489619255066,19.44256700016922
imagenet,densenet121,gradcam,ILSVRC2012_val_00016006,732,0.05,3,6003814197834614244,valid,0.924199885619979,0.6895622895622896,732,732,True,0.9732236862182617,0.9567044973373413,0.01651918888092041,0.03944588452577591,19.352687999798945
imagenet,densenet121,gradcam,ILSVRC2012_val_00016006,732,0.05,4,2271394598789847604,valid,0.9325951257117471,0.8882408278457197,732,732,True,0.9732236862182617,0.8548187017440796,0.11840498447418213,0.039302706718444824,19.388915000035922
imagenet,densenet121,gradcam,ILSVRC2012_val_00023543,254,0.01,0,270999366333867741,valid,0.9955655628685582,0.9555728760717069,254,254,True,0.979292631149292,0.9831284284591675,0.0038357973098754883,0.007898950017988682,19.149513999764167
imagenet,densenet121,gradcam,ILSVRC2012_val_00023543,254,0.01,1,6483725595163808915,valid,0.9978571901976065,0.9663009404388715,254,254,True,0.979292631149292,0.9834949374198914,0.004202306270599365,0.00790777150541544,19.299960999887844
imagenet,densenet121,gradcam,ILSVRC2012_val_00023543,254,0.01,2,4939728852732550403,valid,0.9943727820244208,0.9814412635735439,254,254,True,0.979292631149292,0.9810906052589417,0.0017979741096496582,0.00789529550820589,19.321423999826948
imagenet,densenet121,gradcam,ILSVRC2012_val_00023543,254,0.01,3,4468478742456119862,valid,0.9960865567394932,0.9775369458128079,254,254,True,0.979292631149292,0.9787943363189697,0.0004982948303222656,0.007906647399067879,19.417356999838375
imagenet,densenet121,gradcam,ILSVRC2012_val_00023543,254,0.01,4,2390165699526937601,valid,0.9978969305197037,0.9697742885181551,254,254,True,0.979292631149292,0.981262743473053,0.0019701123237609863,0.007896085269749165,19.36766400012857
imagenet,densenet121,gradcam,ILSVRC2012_val_00023543,254,0.02,0,270999366333867741,valid,0.99329213115393,0.9307425933051173,254,254,True,0.979292631149292,0.9877581000328064,0.008465468883514404,0.015745293349027634,19.285066000065854
imagenet,densenet121,gradcam,ILSVRC2012_val_00023543,254,0.02,1,6483725595163808915,valid,0.9944482032491946,0.9453382438457065,254,254,True,0.979292631149292,0.9917570948600769,0.012464463710784912,0.015765072777867317,19.342071999744803
imagenet,densenet121,gradcam,ILSVRC2012_val_00023543,254,0.02,2,4939728852732550403,valid,0.9912856068489594,0.9123475609756098,254,254,True,0.979292631149292,0.9845786094665527,0.005285978317260742,0.015736518427729607,19.31810599990058
imagenet,densenet121,gradcam,ILSVRC2012_val_00023543,254,0.02,3,4468478742456119862,valid,0.9937908733056299,0.9540498442367601,254,254,True,0.979292631149292,0.9838292002677917,0.004536569118499756,0.015763435512781143,19.308641999941756
imagenet,densenet121,gradcam,ILSVRC2012_val_00023543,254,0.02,4,2390165699526937601,valid,0.9936344353425032,0.9149017363098645,254,254,True,0.979292631149292,0.987183690071106,0.007891058921813965,0.01574035920202732,19.373767000161024
imagenet,densenet121,gradcam,ILSVRC2012_val_00023543,254,0.05,0,270999366333867741,valid,0.977345018457272,0.8875305623471883,254,254,True,0.979292631149292,0.9882093667984009,0.008916735649108887,0.03911004215478897,19.258808999893517
imagenet,densenet121,gradcam,ILSVRC2012_val_00023543,254,0.05,1,6483725595163808915,valid,0.970993439779966,0.9018381656244078,254,254,True,0.979292631149292,0.9934554696083069,0.014162838459014893,0.03916078805923462,19.427988000188634
imagenet,densenet121,gradcam,ILSVRC2012_val_00023543,254,0.05,2,4939728852732550403,valid,0.9767676307003907,0.8797527626896423,254,254,True,0.979292631149292,0.9707726836204529,0.008519947528839111,0.039074283093214035,19.36506099991675
imagenet,densenet121,gradcam,ILSVRC2012_val_00023543,254,0.05,3,4468478742456119862,valid,0.9932612347731457,0.9540498442367601,254,254,True,0.979292631149292,0.9908673763275146,0.011574745178222656,0.03914396092295647,19.35854300018036
imagenet,densenet121,gradcam,ILSVRC2012_val_00023543,254,0.05,4,2390165699526937601,valid,0.9759082446612508,0.8482504604051565,254,254,True,0.979292631149292,0.9888837337493896,0.009591102600097656,0.03909092769026756,19.30257599997276
imagenet,densenet121,gradcam,ILSVRC2012_val_00023347,89,0.01,0,7881334844864196200,valid,0.9980690138134184,0.9105273177232058,89,89,True,0.9743596315383911,0.966764509677887,0.00759512186050415,0.007980088703334332,19.186253000043507
imagenet,densenet121,gradcam,ILSVRC2012_val_00023347,89,0.01,1,8223420927206424359,valid,0.9963560801234497,0.9138062547673532,89,89,True,0.9743596315383911,0.9744279980659485,6.836652755737305e-05,0.007993086241185665,19.346547000168357
imagenet,densenet121,gradcam,ILSVRC2012_val_00023347,89,0.01,2,2108301894708548545,valid,0.9968622216723919,0.9318575553416747,89,89,True,0.9743596315383911,0.9741257429122925,0.0002338886260986328,0.007992684841156006,19.389489999866782
imagenet,densenet121,gradcam,ILSVRC2012_val_00023347,89,0.01,3,2944429311875253943,valid,0.9969731454964271,0.9609222352481438,89,89,True,0.9743596315383911,0.98019939661026,0.0058397650718688965,0.007973040454089642,19.34754600006272
imagenet,densenet121,gradcam,ILSVRC2012_val_00023347,89,0.01,4,7481385728545187894,valid,0.9955243342817595,0.870294446515095,89,89,True,0.9743596315383911,0.9720350503921509,0.0023245811462402344,0.00796965230256319,19.384812000225793
imagenet,densenet121,gradcam,ILSVRC2012_val_00023347,89,0.02,0,7881334844864196200,valid,0.9935154438900506,0.9285165257494236,89,89,True,0.9743596315383911,0.9778876900672913,0.0035280585289001465,0.01595492847263813,19.309407999571704
imagenet,densenet121,gradcam,ILSVRC2012_val_00023347,89,0.02,1,8223420927206424359,valid,0.984076085490393,0.8939422532553312,89,89,True,0.9743596315383911,0.9829182624816895,0.00855863094329834,0.01598096638917923,19.372972999917693
imagenet,densenet121,gradcam,ILSVRC2012_val_00023347,89,0.02,2,2108301894708548545,valid,0.9845358676407432,0.9218690157027959,89,89,True,0.9743596315383911,0.983401894569397,0.00904226303100586,0.015980476513504982,19.345737000094232
imagenet,densenet121,gradcam,ILSVRC2012_val_00023347,89,0.02,3,2944429311875253943,valid,0.9930240066817232,0.9449612403100776,89,89,True,0.9743596315383911,0.990007758140564,0.01564812660217285,0.015940889716148376,19.293737999760197
imagenet,densenet121,gradcam,ILSVRC2012_val_00023347,89,0.02,4,7481385728545187894,valid,0.9837392550105165,0.8027663014190767,89,89,True,0.9743596315383911,0.9741515517234802,0.00020807981491088867,0.01593352109193802,19.369045000075857
imagenet,densenet121,gradcam,ILSVRC2012_val_00023347,89,0.05,0,7881334844864196200,valid,0.978309911069224,0.847910145461241,89,89,True,0.9743596315383911,0.9917816519737244,0.017422020435333252,0.03973989561200142,19.38005800002429
imagenet,densenet121,gradcam,ILSVRC2012_val_00023347,89,0.05,1,8223420927206424359,valid,0.9769783615796377,0.8790488672533233,89,89,True,0.9743596315383911,0.9912232160568237,0.016863584518432617,0.03978583589196205,19.329942999775085
imagenet,densenet121,gradcam,ILSVRC2012_val_00023347,89,0.05,2,2108301894708548545,valid,0.9850525947275334,0.9105273177232058,89,89,True,0.9743596315383911,0.9927865862846375,0.018426954746246338,0.03979448229074478,19.425730999955704
imagenet,densenet121,gradcam,ILSVRC2012_val_00023347,89,0.05,3,2944429311875253943,valid,0.9844137571875137,0.8829268292682927,89,89,True,0.9743596315383911,0.991295337677002,0.01693570613861084,0.03968992829322815,19.368794999991223
imagenet,densenet121,gradcam,ILSVRC2012_val_00023347,89,0.05,4,7481385728545187894,valid,0.9812474898854108,0.9156327543424317,89,89,True,0.9743596315383911,0.9891273379325867,0.014767706394195557,0.03968685120344162,19.391154000004462
imagenet,densenet121,gradcam,ILSVRC2012_val_00011253,363,0.01,0,7969622713620301542,valid,0.9882275420745076,0.8387687797728105,104,104,True,0.03567151352763176,0.014240593649446964,0.021430919878184795,0.00790833868086338,19.189070999800606
imagenet,densenet121,gradcam,ILSVRC2012_val_00011253,363,0.01,1,7338576340922310673,valid,0.9915255314943094,0.8794007490636704,104,104,True,0.03567151352763176,0.025684218853712082,0.009987294673919678,0.007920983247458935,19.27114799991614
imagenet,densenet121,gradcam,ILSVRC2012_val_00011253,363,0.01,2,3200603612045899266,valid,0.9915020329594263,0.9014778325123153,104,104,True,0.03567151352763176,0.013275840319693089,0.02239567320793867,0.007895284332334995,19.34160700011489
imagenet,densenet121,gradcam,ILSVRC2012_val_00011253,363,0.01,3,9145090093729942847,valid,0.9856152249244449,0.8516605166051661,104,104,True,0.03567151352763176,0.008571215905249119,0.02710029762238264,0.00789425615221262,19.27418500008571
imagenet,densenet121,gradcam,ILSVRC2012_val_00011253,363,0.01,4,2178187931079052202,valid,0.9834567020273378,0.8609308362692379,104,104,True,0.03567151352763176,0.0050790635868906975,0.030592449940741062,0.007886005565524101,19.357114999820624
imagenet,densenet121,gradcam,ILSVRC2012_val_00011253,363,0.02,0,7969622713620301542,valid,0.9677824820660776,0.7684581497797357,104,104,True,0.03567151352763176,0.006650836206972599,0.02902067732065916,0.01578899845480919,19.338880999839603
imagenet,densenet121,gradcam,ILSVRC2012_val_00011253,363,0.02,1,7338576340922310673,valid,0.9633973595637604,0.8056854983807125,104,104,True,0.03567151352763176,0.026426667347550392,0.009244846180081367,0.015812009572982788,19.332736999785993
imagenet,densenet121,gradcam,ILSVRC2012_val_00011253,363,0.02,2,3200603612045899266,valid,0.9753389672999163,0.8118794006138292,104,104,True,0.03567151352763176,0.008231567218899727,0.027439946308732033,0.015759438276290894,19.29271199969662
imagenet,densenet121,gradcam,ILSVRC2012_val_00011253,363,0.02,3,9145090093729942847,valid,0.9488417306531058,0.7315389924085576,104,104,True,0.03567151352763176,0.003111780621111393,0.03255973290652037,0.01576133258640766,19.377066999823
imagenet,densenet121,gradcam,ILSVRC2012_val_00011253,363,0.02,4,2178187931079052202,valid,0.9729464926310792,0.7600841809891267,104,104,True,0.03567151352763176,0.0012565819779410958,0.034414931549690664,0.01574300229549408,19.37024199969528
imagenet,densenet121,gradcam,ILSVRC2012_val_00011253,363,0.05,0,7969622713620301542,valid,0.9749901933015429,0.836077570435419,104,104,True,0.03567151352763176,0.006904277950525284,0.028767235577106476,0.03885333985090256,19.32163399987985
imagenet,densenet121,gradcam,ILSVRC2012_val_00011253,363,0.05,1,7338576340922310673,valid,0.9711880476966175,0.8250591016548463,104,104,True,0.03567151352763176,0.18597301840782166,0.1503015048801899,0.03889232128858566,19.388796999919578
imagenet,densenet121,gradcam,ILSVRC2012_val_00011253,363,0.05,2,3200603612045899266,valid,0.9848522755617866,0.8914436486995854,104,104,True,0.03567151352763176,0.006193486973643303,0.029478026553988457,0.03875995799899101,19.309189000068727
imagenet,densenet121,gradcam,ILSVRC2012_val_00011253,363,0.05,3,9145090093729942847,valid,0.9836811120852932,0.776283185840708,104,104,True,0.03567151352763176,0.0038192938081920147,0.031852219719439745,0.038816627115011215,19.321455999943282
imagenet,densenet121,gradcam,ILSVRC2012_val_00011253,363,0.05,4,2178187931079052202,valid,0.9851049038068724,0.8079625292740047,104,104,True,0.03567151352763176,0.006303892470896244,0.029367621056735516,0.03875745087862015,19.328799000049912
voc,vgg16,ig,8173,18,0.01,0,2568184002337986066,valid,0.840257347491236,0.5844647931796653,18,18,True,0.9999691247940063,0.9999535083770752,1.5616416931152344e-05,0.0079937893897295,296.724488000109
voc,vgg16,ig,8173,18,0.01,1,2700930089002217196,valid,0.8347316853770599,0.5772434386295773,18,18,True,0.9999691247940063,0.999967098236084,2.0265579223632812e-06,0.007999799214303493,296.73647199979314
voc,vgg16,ig,8173,18,0.01,2,6274773280352562869,valid,0.8436783262712463,0.5970719287078294,18,18,True,0.9999691247940063,0.999948263168335,2.086162567138672e-05,0.007960746064782143,296.76482400009263
voc,vgg16,ig,8173,18,0.01,3,7384397133206063386,valid,0.8387816053848334,0.5755102040816327,18,18,True,0.9999691247940063,0.9999580383300781,1.1086463928222656e-05,0.007985936477780342,296.6949459996613
voc,vgg16,ig,8173,18,0.01,4,7207923362354915897,valid,0.8433083842929899,0.5965637925548839,18,18,True,0.9999691247940063,0.9999512434005737,1.7881393432617188e-05,0.007974105887115002,296.995729000173
voc,vgg16,ig,8173,18,0.02,0,2568184002337986066,valid,0.6621576454172913,0.42597328786587096,18,18,True,0.9999691247940063,0.9998670816421509,0.00010204315185546875,0.015986844897270203,297.38734200009276
voc,vgg16,ig,8173,18,0.02,1,2700930089002217196,valid,0.6455558388618777,0.4065872459705676,18,18,True,0.9999691247940063,0.9999266862869263,4.2438507080078125e-05,0.0159994475543499,296.7240960001618
voc,vgg16,ig,8173,18,0.02,2,6274773280352562869,valid,0.6665973306807491,0.4294260076912121,18,18,True,0.9999691247940063,0.9999021291732788,6.699562072753906e-05,0.015921199694275856,296.6934639998726
voc,vgg16,ig,8173,18,0.02,3,7384397133206063386,valid,0.6584917797060134,0.41451726568005637,18,18,True,0.9999691247940063,0.9998810291290283,8.809566497802734e-05,0.01597117818892002,297.3903480001354
voc,vgg16,ig,8173,18,0.02,4,7207923362354915897,valid,0.6575021465853259,0.4247586598523566,18,18,True,0.9999691247940063,0.9999185800552368,5.054473876953125e-05,0.015947604551911354,301.7054570000255
voc,vgg16,ig,8173,18,0.05,0,2568184002337986066,valid,0.3062598762036149,0.22884780213052527,18,18,True,0.9999691247940063,0.987598717212677,0.012370407581329346,0.039922621101140976,297.47553000015614
voc,vgg16,ig,8173,18,0.05,1,2700930089002217196,valid,0.3000670808952038,0.22960058809115413,18,18,True,0.9999691247940063,0.9973347783088684,0.0026343464851379395,0.03995046019554138,298.1294210003398
voc,vgg16,ig,8173,18,0.05,2,6274773280352562869,valid,0.3165345397004513,0.24300222937825117,18,18,True,0.9999691247940063,0.9985383749008179,0.0014307498931884766,0.03976215422153473,297.5108719997479
voc,vgg16,ig,8173,18,0.05,3,7384397133206063386,valid,0.3157767629331,0.2387064922241422,18,18,True,0.9999691247940063,0.9983991980552673,0.0015699267387390137,0.03988462686538696,297.50148399989484
voc,vgg16,ig,8173,18,0.05,4,7207923362354915897,valid,0.3015689885361315,0.22884780213052527,18,18,True,0.9999691247940063,0.9974108338356018,0.002558290958404541,0.03982752934098244,298.2360539999718
voc,vgg16,ig,8927,9,0.01,0,2972210994312305306,valid,0.6821558572117986,0.4616953102242936,16,16,True,0.026238370686769485,0.003702764632180333,0.022535606054589152,0.007874696515500546,297.5153119996321
voc,vgg16,ig,8927,9,0.01,1,3098727151507634343,valid,0.6851307599371306,0.47004540793906546,16,16,True,0.026238370686769485,0.005893987137824297,0.02034438354894519,0.007880324497818947,297.49960800018016
voc,vgg16,ig,8927,9,0.01,2,3156827023830551964,valid,0.6757624047182675,0.46382730455075843,16,16,True,0.026238370686769485,0.005615622736513615,0.02062274795025587,0.00786841195076704,298.07303699999466
voc,vgg16,ig,8927,9,0.01,3,2568375632386903713,valid,0.6811073986886853,0.4653234048766243,16,16,True,0.026238370686769485,0.005171083379536867,0.02106728730723262,0.007866031490266323,297.52968599996166
voc,vgg16,ig,8927,9,0.01,4,487923459527200765,valid,0.681611597675166,0.4602066055579805,16,16,True,0.026238370686769485,0.00998894963413477,0.016249421052634716,0.007851235568523407,297.85318999984156
voc,vgg16,ig,8927,9,0.02,0,2972210994312305306,valid,0.49936621823595195,0.33050510406999867,16,16,True,0.026238370686769485,0.0009222887456417084,0.025316081941127777,0.015645310282707214,298.20270399977744
voc,vgg16,ig,8927,9,0.02,1,3098727151507634343,valid,0.5104893987480602,0.3444072337575352,16,16,True,0.026238370686769485,0.004126857966184616,0.02211151272058487,0.01565573737025261,298.30691500001194
voc,vgg16,ig,8927,9,0.02,2,3156827023830551964,valid,0.49863422402683477,0.3250594137839979,16,16,True,0.026238370686769485,0.0017693924019113183,0.024468978284858167,0.015634359791874886,297.46951100014485
voc,vgg16,ig,8927,9,0.02,3,2568375632386903713,valid,0.5112756038377346,0.3433275331280953,16,16,True,0.026238370686769485,0.0014750753762200475,0.024763295310549438,0.015630396082997322,298.3190239997384
voc,vgg16,ig,8927,9,0.02,4,487923459527200765,valid,0.506021873447259,0.34081496325985305,16,16,True,0.026238370686769485,0.0036357999779284,0.022602570708841085,0.015598692931234837,297.6129230000879
voc,vgg16,ig,8927,9,0.05,0,2972210994312305306,valid,0.2532200513829289,0.20451272203552567,16,6,False,0.026238370686769485,0.001558091607876122,0.024680279078893363,0.03866233676671982,297.58731099991564
voc,vgg16,ig,8927,9,0.05,1,3098727151507634343,valid,0.24580580763059423,0.19362511893434825,16,6,False,0.026238370686769485,0.013810664415359497,0.012427706271409988,0.03869455307722092,298.16391599979397
voc,vgg16,ig,8927,9,0.05,2,3156827023830551964,valid,0.24556467250917527,0.19291572566266493,16,6,False,0.026238370686769485,0.0017216721316799521,0.024516698555089533,0.03862766548991203,297.5351639997825
voc,vgg16,ig,8927,9,0.05,3,2568375632386903713,valid,0.25515576335066326,0.2081377151799687,16,6,False,0.026238370686769485,0.0015711996238678694,0.024667171062901616,0.038631781935691833,297.5682610003787
voc,vgg16,ig,8927,9,0.05,4,487923459527200765,valid,0.2569002285110378,0.20234814903558165,16,6,False,0.026238370686769485,0.011728599667549133,0.014509771019220352,0.03853814676403999,298.25500900005864
voc,vgg16,ig,5803,10,0.01,0,3852546974185743096,valid,0.48458823965256037,0.3113811577159284,8,8,True,0.9876433610916138,0.9638757705688477,0.023767590522766113,0.007959626615047455,297.56597300001886
voc,vgg16,ig,5803,10,0.01,1,2371425837951975359,valid,0.4756146967991928,0.31309695145885125,8,8,True,0.9876433610916138,0.9563830494880676,0.03126031160354614,0.007964682765305042,297.6136669999505
voc,vgg16,ig,5803,10,0.01,2,6461432094931278540,valid,0.48293582174353583,0.2996632996632997,8,8,True,0.9876433610916138,0.9748240113258362,0.012819349765777588,0.007959211245179176,302.3753749998832
voc,vgg16,ig,5803,10,0.01,3,7926371796250851087,valid,0.4840340838907263,0.31275343361674296,8,8,True,0.9876433610916138,0.9695587754249573,0.018084585666656494,0.007983485236763954,297.5714760000301
voc,vgg16,ig,5803,10,0.01,4,2273525925788181717,valid,0.48279481394258633,0.3103538320929625,8,8,True,0.9876433610916138,0.9718974232673645,0.015745937824249268,0.007958859205245972,297.5242870002148
voc,vgg16,ig,5803,10,0.02,0,3852546974185743096,valid,0.27403787896112763,0.2078469129859189,8,8,True,0.9876433610916138,0.862859845161438,0.12478351593017578,0.015908069908618927,298.7004410001646
voc,vgg16,ig,5803,10,0.02,1,2371425837951975359,valid,0.2678918119723789,0.2094480597734394,8,8,True,0.9876433610916138,0.8491185903549194,0.13852477073669434,0.015916859731078148,297.476824000114
voc,vgg16,ig,5803,10,0.02,2,6461432094931278540,valid,0.28495226432260595,0.21870066788099574,8,8,True,0.9876433610916138,0.9106498956680298,0.07699346542358398,0.015904279425740242,297.51253099993846
voc,vgg16,ig,5803,10,0.02,3,7926371796250851087,valid,0.2780401744400584,0.20683020683020684,8,8,True,0.9876433610916138,0.8699288368225098,0.117714524269104,0.015955382958054543,298.11663899999985
voc,vgg16,ig,5803,10,0.02,4,2273525925788181717,valid,0.26612601145820197,0.20335731414868105,8,8,True,0.9876433610916138,0.929669201374054,0.057974159717559814,0.015904858708381653,297.4926140000207
voc,vgg16,ig,5803,10,0.05,0,3852546974185743096,valid,0.11522843282401785,0.1416221135251962,8,8,True,0.9876433610916138,0.5826941728591919,0.4049491882324219,0.03945458307862282,297.5900639999054
voc,vgg16,ig,5803,10,0.05,1,2371425837951975359,valid,0.11604938417121845,0.1392893631513225,8,8,True,0.9876433610916138,0.435203492641449,0.5524398684501648,0.03948044404387474,298.0704159999732
voc,vgg16,ig,5803,10,0.05,2,6461432094931278540,valid,0.12111028404474303,0.1482837528604119,8,8,True,0.9876433610916138,0.6022660136222839,0.38537734746932983,0.03945866972208023,297.4968210000952
voc,vgg16,ig,5803,10,0.05,3,7926371796250851087,valid,0.11159459554591825,0.1446167883211679,8,8,True,0.9876433610916138,0.6610656976699829,0.32657766342163086,0.03957448899745941,298.0165799999668
voc,vgg16,ig,5803,10,0.05,4,2273525925788181717,valid,0.10159766863552437,0.14175199089874857,8,8,True,0.9876433610916138,0.666086733341217,0.32155662775039673,0.03945562615990639,297.6262450001741
voc,vgg16,ig,39,19,0.01,0,2479825858614679456,valid,0.42854618701290764,0.25969624701895316,19,19,True,0.9999816417694092,0.9999676942825317,1.3947486877441406e-05,0.007968374527990818,297.5962420000542
voc,vgg16,ig,39,19,0.01,1,2409326931739155617,valid,0.43974864856986157,0.2753844198754607,19,19,True,0.9999816417694092,0.9999557733535767,2.586841583251953e-05,0.007987383753061295,297.62758200013195
voc,vgg16,ig,39,19,0.01,2,6067917643963702541,valid,0.44064972242992484,0.2631843926998112,19,19,True,0.9999816417694092,0.9999690055847168,1.2636184692382812e-05,0.007974721491336823,298.0999400001565
voc,vgg16,ig,39,19,0.01,3,3836945159140576186,valid,0.44231366964470326,0.2690945877592312,19,19,True,0.9999816417694092,0.999963641166687,1.800060272216797e-05,0.00796017237007618,297.55289500008075
voc,vgg16,ig,39,19,0.01,4,2894779989879545488,valid,0.4544932643650868,0.2797755674572813,19,19,True,0.9999816417694092,0.9999566078186035,2.5033950805664062e-05,0.007952241227030754,297.53426800016314
voc,vgg16,ig,39,19,0.02,0,2479825858614679456,valid,0.24997624140899344,0.18028930965541573,19,19,True,0.9999816417694092,0.9999035596847534,7.808208465576172e-05,0.015936193987727165,298.336866000227
voc,vgg16,ig,39,19,0.02,1,2409326931739155617,valid,0.2610094359810321,0.185027748258354,19,19,True,0.9999816417694092,0.9998997449874878,8.189678192138672e-05,0.015974445268511772,297.6538640000399
voc,vgg16,ig,39,19,0.02,2,6067917643963702541,valid,0.2639822411289053,0.19291572566266493,19,19,True,0.9999816417694092,0.9999299049377441,5.173683166503906e-05,0.015948740765452385,297.55490600018675
voc,vgg16,ig,39,19,0.02,3,3836945159140576186,valid,0.25937659051624423,0.19008656468635124,19,19,True,0.9999816417694092,0.9999076128005981,7.402896881103516e-05,0.01591968908905983,298.25383099978353
voc,vgg16,ig,39,19,0.02,4,2894779989879545488,valid,0.27637452771932414,0.1927739481816021,19,19,True,0.9999816417694092,0.9998834133148193,9.822845458984375e-05,0.015903783962130547,297.71922600002654
voc,vgg16,ig,39,19,0.05,0,2479825858614679456,valid,0.09297566204358,0.11821727019498607,19,19,True,0.9999816417694092,0.9986971020698547,0.0012845396995544434,0.03981241211295128,297.5399379997725
voc,vgg16,ig,39,19,0.05,1,2409326931739155617,valid,0.1063073221199882,0.12284627433430298,19,19,True,0.9999816417694092,0.9989938139915466,0.0009878277778625488,0.039907168596982956,298.2743889997437
voc,vgg16,ig,39,19,0.05,2,6067917643963702541,valid,0.10728285185397612,0.12878191429535485,19,19,True,0.9999816417694092,0.9993657469749451,0.0006158947944641113,0.03984615579247475,297.6684679997561
voc,vgg16,ig,39,19,0.05,3,3836945159140576186,valid,0.10427235119518646,0.12372634643377002,19,19,True,0.9999816417694092,0.9990293979644775,0.0009522438049316406,0.039770208299160004,297.6315060000161
voc,vgg16,ig,39,19,0.05,4,2894779989879545488,valid,0.10902409918216527,0.12903588705141186,19,19,True,0.9999816417694092,0.9988388419151306,0.0011427998542785645,0.039730824530124664,297.5236140000561
voc,vgg16,ig,1686,14,0.01,0,2407452988058933126,valid,0.8566498231608831,0.594787859526458,14,14,True,0.9959312081336975,0.9957555532455444,0.00017565488815307617,0.007966757752001286,297.48241199968106
voc,vgg16,ig,1686,14,0.01,1,1416983024301229683,valid,0.8556738075073069,0.6006379585326954,14,14,True,0.9959312081336975,0.9956051707267761,0.0003260374069213867,0.00797212403267622,297.70949400017344
voc,vgg16,ig,1686,14,0.01,2,329098390142242351,valid,0.8547126906730779,0.5993625498007968,14,14,True,0.9959312081336975,0.995867133140564,6.407499313354492e-05,0.007979354821145535,298.3331469999939
voc,vgg16,ig,1686,14,0.01,3,8332520142723992066,valid,0.8523835566185007,0.6003827140806889,14,14,True,0.9959312081336975,0.9961020946502686,0.00017088651657104492,0.007971532642841339,297.6303469999948
voc,vgg16,ig,1686,14,0.01,4,4678094734876851399,valid,0.8525366917889643,0.6044764188649081,14,14,True,0.9959312081336975,0.9945751428604126,0.0013560652732849121,0.00796749908477068,297.9452750000746
voc,vgg16,ig,1686,14,0.02,0,2407452988058933126,valid,0.6872515732886976,0.43453401943967984,14,14,True,0.9959312081336975,0.9957829713821411,0.00014823675155639648,0.015924200415611267,298.89430899993386
voc,vgg16,ig,1686,14,0.02,1,1416983024301229683,valid,0.6854292635558189,0.4357653791130186,14,14,True,0.9959312081336975,0.9956207871437073,0.0003104209899902344,0.015933610498905182,297.96669600000314
voc,vgg16,ig,1686,14,0.02,2,329098390142242351,valid,0.6929458095109586,0.4376163873370577,14,14,True,0.9959312081336975,0.9953149557113647,0.0006162524223327637,0.015948176383972168,297.5404819999312
voc,vgg16,ig,1686,14,0.02,3,8332520142723992066,valid,0.6801843279875982,0.4292224437482199,14,14,True,0.9959312081336975,0.9965773224830627,0.0006461143493652344,0.015932364389300346,298.2521640001323
voc,vgg16,ig,1686,14,0.02,4,4678094734876851399,valid,0.6885103131627116,0.4322820037105751,14,14,True,0.9959312081336975,0.9932327270507812,0.0026984810829162598,0.015926174819469452,297.55356499981644
voc,vgg16,ig,1686,14,0.05,0,2407452988058933126,valid,0.3254029438064867,0.23672211953173136,14,14,True,0.9959312081336975,0.9963752627372742,0.00044405460357666016,0.03975142538547516,297.6411240001653
voc,vgg16,ig,1686,14,0.05,1,1416983024301229683,valid,0.3423208540703926,0.23687453783583928,14,14,True,0.9959312081336975,0.9970974922180176,0.0011662840843200684,0.039765309542417526,298.2872570000836
voc,vgg16,ig,1686,14,0.05,2,329098390142242351,valid,0.34408801863696625,0.2341367437284801,14,14,True,0.9959312081336975,0.989197313785553,0.006733894348144531,0.039804235100746155,298.00674900025115
voc,vgg16,ig,1686,14,0.05,3,8332520142723992066,valid,0.3376961705141338,0.2387064922241422,14,14,True,0.9959312081336975,0.9955246448516846,0.00040656328201293945,0.03977079316973686,297.53828399998383
voc,vgg16,ig,1686,14,0.05,4,4678094734876851399,valid,0.32657004304361975,0.22270955165692008,14,14,True,0.9959312081336975,0.9925191402435303,0.0034120678901672363,0.039751797914505005,297.62348100030067
voc,vgg16,ig,5544,18,0.01,0,7605300728157470724,valid,0.561859282903482,0.3877212389380531,18,18,True,0.9977865219116211,0.9853695034980774,0.012417018413543701,0.007968038320541382,297.4729600000501
voc,vgg16,ig,5544,18,0.01,1,7713127228031362199,valid,0.5534765886441283,0.3863793341621771,18,18,True,0.9977865219116211,0.9919971823692322,0.005789339542388916,0.007966979406774044,297.53351799990924
voc,vgg16,ig,5544,18,0.01,2,3269339992068861176,valid,0.5658171053478617,0.3973823447507658,18,18,True,0.9977865219116211,0.9980944991111755,0.00030797719955444336,0.007948676124215126,298.1881980003891
voc,vgg16,ig,5544,18,0.01,3,3089590639899074028,valid,0.5634584369935597,0.39913564756726616,18,18,True,0.9977865219116211,0.9874704480171204,0.010316073894500732,0.007983219809830189,297.71180699981414
voc,vgg16,ig,5544,18,0.01,4,6201695411679841990,valid,0.564367362917038,0.38868133388681336,18,18,True,0.9977865219116211,0.9945300221443176,0.003256499767303467,0.0079830726608634,297.5727820003158
voc,vgg16,ig,5544,18,0.02,0,7605300728157470724,valid,0.3613293917097707,0.27668235593435947,18,18,True,0.9977865219116211,0.9429973363876343,0.054789185523986816,0.015858670696616173,298.18756499980736
voc,vgg16,ig,5544,18,0.02,1,7713127228031362199,valid,0.3596912088288393,0.2726350494547299,18,18,True,0.9977865219116211,0.9779647588729858,0.019821763038635254,0.01586063764989376,297.82542399971135
voc,vgg16,ig,5544,18,0.02,2,3269339992068861176,valid,0.3691002494527401,0.28042868078591476,18,18,True,0.9977865219116211,0.9963117241859436,0.0014747977256774902,0.01582384668290615,297.64086500017584
voc,vgg16,ig,5544,18,0.02,3,3089590639899074028,valid,0.37016831392938165,0.28617198513392283,18,18,True,0.9977865219116211,0.9802496433258057,0.01753687858581543,0.015888629481196404,298.1093339999461
voc,vgg16,ig,5544,18,0.02,4,6201695411679841990,valid,0.3670602463010683,0.28206438426162495,18,18,True,0.9977865219116211,0.9797770380973816,0.018009483814239502,0.01589089259505272,297.63246999982584
voc,vgg16,ig,5544,18,0.05,0,7605300728157470724,valid,0.15144212116820308,0.18251443383999058,18,18,True,0.9977865219116211,0.7039276361465454,0.2938588857650757,0.03881167620420456,297.685859000012
voc,vgg16,ig,5544,18,0.05,1,7713127228031362199,valid,0.1335997437666229,0.17531326853261506,18,18,True,0.9977865219116211,0.5960168242454529,0.4017696976661682,0.038804858922958374,298.0747730002804
voc,vgg16,ig,5544,18,0.05,2,3269339992068861176,valid,0.1617127731779156,0.1846081208687441,18,18,True,0.9977865219116211,0.953462541103363,0.04432398080825806,0.03869638592004776,298.2429650000995
voc,vgg16,ig,5544,18,0.05,3,3089590639899074028,valid,0.15971641192558073,0.19107524329456443,18,18,True,0.9977865219116211,0.7444756031036377,0.2533109188079834,0.03885634243488312,297.722745000101
voc,vgg16,ig,5544,18,0.05,4,6201695411679841990,valid,0.16011887083669937,0.1868495742667928,18,18,True,0.9977865219116211,0.782450795173645,0.21533572673797607,0.038869645446538925,297.56780999969124
voc,vgg16,ig,3784,1,0.01,0,568371097838651679,valid,0.7818030907450811,0.5557277941404434,1,1,True,0.9999548196792603,0.9999417066574097,1.3113021850585938e-05,0.007813572883605957,297.7197579998574
voc,vgg16,ig,3784,1,0.01,1,8730973129268750908,valid,0.7878961979566127,0.5518787691356115,1,1,True,0.9999548196792603,0.999940037727356,1.4781951904296875e-05,0.007821787148714066,297.49267099987264
voc,vgg16,ig,3784,1,0.01,2,4988815491858760642,valid,0.77854696289958,0.5449507389162561,1,1,True,0.9999548196792603,0.9999333620071411,2.1457672119140625e-05,0.007830729708075523,298.095941000156
voc,vgg16,ig,3784,1,0.01,3,4107072592214049901,valid,0.7815582373305023,0.5506798516687268,1,1,True,0.9999548196792603,0.9999456405639648,9.179115295410156e-06,0.007802864536643028,297.6548299998285
voc,vgg16,ig,3784,1,0.01,4,2770030334258850844,valid,0.7770612233158829,0.5569345330437481,1,1,True,0.9999548196792603,0.9999412298202515,1.3589859008789062e-05,0.007841264829039574,297.59822999994867
voc,vgg16,ig,3784,1,0.02,0,568371097838651679,valid,0.620249868548072,0.41691373711704083,1,1,True,0.9999548196792603,0.9998663663864136,8.845329284667969e-05,0.015436496585607529,298.1609799999205
voc,vgg16,ig,3784,1,0.02,1,8730973129268750908,valid,0.6287830112038527,0.41212888701280426,1,1,True,0.9999548196792603,0.9998657703399658,8.90493392944336e-05,0.015449882484972477,297.62611500018465
voc,vgg16,ig,3784,1,0.02,2,4988815491858760642,valid,0.6116725380686773,0.40069783670621073,1,1,True,0.9999548196792603,0.9998326301574707,0.00012218952178955078,0.015467796474695206,297.6847660002022
voc,vgg16,ig,3784,1,0.02,3,4107072592214049901,valid,0.6158536405614208,0.40639013452914796,1,1,True,0.9999548196792603,0.9998936653137207,6.115436553955078e-05,0.0154164619743824,298.3084009997583
voc,vgg16,ig,3784,1,0.02,4,2770030334258850844,valid,0.6096194737406249,0.4014802401899176,1,1,True,0.9999548196792603,0.9998776912689209,7.712841033935547e-05,0.015484331175684929,297.5396639999417
voc,vgg16,ig,3784,1,0.05,0,568371097838651679,valid,0.3421173971216156,0.249813200498132,1,1,True,0.9999548196792603,0.999512791633606,0.0004420280456542969,0.03768782317638397,297.6969229998758
voc,vgg16,ig,3784,1,0.05,1,8730973129268750908,valid,0.35057241748592893,0.25152762189799227,1,1,True,0.9999548196792603,0.9997511506080627,0.00020366907119750977,0.03770771622657776,297.61399900007746
voc,vgg16,ig,3784,1,0.05,2,4988815491858760642,valid,0.33652332900159093,0.2457795431976167,1,1,True,0.9999548196792603,0.9996801614761353,0.000274658203125,0.03775530308485031,298.1648629997835
voc,vgg16,ig,3784,1,0.05,3,4107072592214049901,valid,0.3501229708412373,0.25183984033927903,1,1,True,0.9999548196792603,0.9997761845588684,0.0001786351203918457,0.037643466144800186,297.54908599988994
voc,vgg16,ig,3784,1,0.05,4,2770030334258850844,valid,0.33907861150743973,0.25152762189799227,1,1,True,0.9999548196792603,0.9995549321174622,0.0003998875617980957,0.03777756914496422,297.64010400003826
voc,vgg16,ig,6304,3,0.01,0,7830137365422260441,valid,0.48107991577280634,0.2953020134228188,3,3,True,0.9284529089927673,0.7803845405578613,0.148068368434906,0.007777805905789137,297.69534499973815
voc,vgg16,ig,6304,3,0.01,1,4661326768319657430,valid,0.46716499025141445,0.289145793192036,3,3,True,0.9284529089927673,0.7990077137947083,0.12944519519805908,0.007801047991961241,297.63321600012205
voc,vgg16,ig,6304,3,0.01,2,6619020526136302124,valid,0.4787685373267226,0.2971435957089311,3,3,True,0.9284529089927673,0.8875653147697449,0.04088759422302246,0.007769848220050335,298.5709009999482
voc,vgg16,ig,6304,3,0.01,3,6800945400057756425,valid,0.46676596960860606,0.28436140261069875,3,3,True,0.9284529089927673,0.8244629502296448,0.10398995876312256,0.0077906036749482155,297.61686699976053
voc,vgg16,ig,6304,3,0.01,4,7042581768829889240,valid,0.4724467594644883,0.2876571721837311,3,3,True,0.9284529089927673,0.8511744737625122,0.07727843523025513,0.007799931801855564,297.5717730000724
voc,vgg16,ig,6304,3,0.02,0,7830137365422260441,valid,0.28562576092218583,0.20047846889952153,3,3,True,0.9284529089927673,0.5682672262191772,0.3601856827735901,0.015163382515311241,298.3372009998675
voc,vgg16,ig,6304,3,0.02,1,4661326768319657430,valid,0.2613727205852056,0.16847130050064035,3,3,True,0.9284529089927673,0.6181734204292297,0.3102794885635376,0.01521262340247631,297.5798689999465
voc,vgg16,ig,6304,3,0.02,2,6619020526136302124,valid,0.27525790068002487,0.18642865586948812,3,3,True,0.9284529089927673,0.6216028928756714,0.30685001611709595,0.015144380740821362,297.8622219998215
voc,vgg16,ig,6304,3,0.02,3,6800945400057756425,valid,0.2639398229302823,0.18153991052507654,3,3,True,0.9284529089927673,0.6774377226829529,0.25101518630981445,0.015190238133072853,298.0553689999397
voc,vgg16,ig,6304,3,0.02,4,7042581768829889240,valid,0.2857572661471491,0.18938136999288932,3,3,True,0.9284529089927673,0.6261804699897766,0.3022724390029907,0.015201279893517494,297.6285510003436
voc,vgg16,ig,6304,3,0.05,0,7830137365422260441,valid,0.07651825408858813,0.10176748270940827,3,0,False,0.9284529089927673,0.05712204426527023,0.8713308647274971,0.03608463332056999,297.6238309997825
voc,vgg16,ig,6304,3,0.05,1,4661326768319657430,valid,0.07985111084772077,0.1030995823257859,3,0,False,0.9284529089927673,0.1399371176958084,0.7885157912969589,0.036187026649713516,297.6405929998691
voc,vgg16,ig,6304,3,0.05,2,6619020526136302124,valid,0.08654029853823089,0.10188844971453667,3,0,False,0.9284529089927673,0.10697956383228302,0.8214733451604843,0.036047544330358505,298.3013109997046
voc,vgg16,ig,6304,3,0.05,3,6800945400057756425,valid,0.08721023640258783,0.1095632946379215,3,0,False,0.9284529089927673,0.10149267315864563,0.8269602358341217,0.0361393466591835,297.69218100000217
voc,vgg16,ig,6304,3,0.05,4,7042581768829889240,valid,0.08691791754145797,0.1026148099318831,3,0,False,0.9284529089927673,0.13610826432704926,0.7923446446657181,0.03616848587989807,297.6539500000399
voc,vgg16,ig,158,2,0.01,0,3522680649187379204,valid,0.2221827621498043,0.25764411027568923,2,2,True,0.9998774528503418,0.9998953342437744,1.7881393432617188e-05,0.007975605316460133,297.57574799987196
voc,vgg16,ig,158,2,0.01,1,419294351200179885,valid,0.22876751543952298,0.2608040201005025,2,2,True,0.9998774528503418,0.9999167919158936,3.933906555175781e-05,0.00796718429774046,297.57000599965977
voc,vgg16,ig,158,2,0.01,2,3028218364960125082,valid,0.22906500140231628,0.26302542159577147,2,2,True,0.9998774528503418,0.9998643398284912,1.3113021850585938e-05,0.007969053462147713,298.2475339999837
voc,vgg16,ig,158,2,0.01,3,6052761022673377132,valid,0.23305481663850908,0.2631843926998112,2,2,True,0.9998774528503418,0.9999198913574219,4.2438507080078125e-05,0.007990062236785889,297.6270009999098
voc,vgg16,ig,158,2,0.01,4,3347453041863134171,valid,0.2382533681548979,0.2636615462100227,2,2,True,0.9998774528503418,0.9998594522476196,1.800060272216797e-05,0.007959375157952309,297.60485599990716
voc,vgg16,ig,158,2,0.02,0,3522680649187379204,valid,0.11439959646561419,0.20712051960548472,2,2,True,0.9998774528503418,0.9998457431793213,3.170967102050781e-05,0.015928965061903,298.1896950000191
voc,vgg16,ig,158,2,0.02,1,419294351200179885,valid,0.12266615893450668,0.20726572837724047,2,2,True,0.9998774528503418,0.9999312162399292,5.3763389587402344e-05,0.015908291563391685,297.7028620002784
voc,vgg16,ig,158,2,0.02,2,3028218364960125082,valid,0.12228363086992772,0.21530636958101235,2,2,True,0.9998774528503418,0.9997838139533997,9.363889694213867e-05,0.01591516099870205,297.7530440002738
voc,vgg16,ig,158,2,0.02,3,6052761022673377132,valid,0.12463717099740731,0.21870066788099574,2,2,True,0.9998774528503418,0.9999135732650757,3.612041473388672e-05,0.01595572754740715,297.50482600002215
voc,vgg16,ig,158,2,0.02,4,3347453041863134171,valid,0.13503712525406378,0.21633741364683068,2,2,True,0.9998774528503418,0.9998261332511902,5.131959915161133e-05,0.015894820913672447,298.86427000019467
voc,vgg16,ig,158,2,0.05,0,3522680649187379204,valid,0.042928428259305304,0.17160868550081718,2,2,True,0.9998774528503418,0.9874861836433411,0.012391269207000732,0.039649490267038345,297.6612480001677
voc,vgg16,ig,158,2,0.05,1,419294351200179885,valid,0.0477353576063602,0.17119850624343563,2,2,True,0.9998774528503418,0.9992554783821106,0.0006219744682312012,0.03958715498447418,297.5796690002426
voc,vgg16,ig,158,2,0.05,2,3028218364960125082,valid,0.059509632015300025,0.18335101992689543,2,2,True,0.9998774528503418,0.994691789150238,0.00518566370010376,0.039615146815776825,298.36496799998713
voc,vgg16,ig,158,2,0.05,3,6052761022673377132,valid,0.04912706996972333,0.18153991052507654,2,2,True,0.9998774528503418,0.9980467557907104,0.0018306970596313477,0.03971414640545845,297.66540699984034
voc,vgg16,ig,158,2,0.05,4,3347453041863134171,valid,0.05411212606679255,0.18153991052507654,2,2,True,0.9998774528503418,0.9976763129234314,0.0022011399269104004,0.03955967351794243,297.53854199998386
voc,vgg16,ig,9571,0,0.01,0,2590450077393174903,valid,0.2072467051703676,0.15065351983490025,3,0,False,0.6186216473579407,0.9038004875183105,0.2851788401603699,0.007966489531099796,297.89337900001556
voc,vgg16,ig,9571,0,0.01,1,7132724899960905381,valid,0.2209081513277239,0.15582172060347807,3,3,True,0.6186216473579407,0.8177565336227417,0.19913488626480103,0.007969462312757969,297.6246479997826
voc,vgg16,ig,9571,0,0.01,2,1120045858359378571,valid,0.22785136983058013,0.1519742883379247,3,0,False,0.6186216473579407,0.8116029500961304,0.1929813027381897,0.007957957684993744,298.3207899997069
voc,vgg16,ig,9571,0,0.01,3,3030323471833644395,valid,0.22167086586914825,0.15369582710656396,3,0,False,0.6186216473579407,0.8203833699226379,0.20176172256469727,0.007967817597091198,297.5780400001895
voc,vgg16,ig,9571,0,0.01,4,3981683401082662910,valid,0.21967698389191434,0.15502359304868224,3,0,False,0.6186216473579407,0.8201923966407776,0.20157074928283691,0.007993013598024845,297.5142700001925
voc,vgg16,ig,9571,0,0.02,0,2590450077393174903,valid,0.0936800952780189,0.10540808459081397,3,0,False,0.6186216473579407,0.8348654508590698,0.21624380350112915,0.015918999910354614,298.2054600001902
voc,vgg16,ig,9571,0,0.02,1,7132724899960905381,valid,0.08695259411744725,0.10699316126185748,3,0,False,0.6186216473579407,0.748634397983551,0.13001275062561035,0.015923870727419853,297.69031299974813
voc,vgg16,ig,9571,0,0.02,2,1120045858359378571,valid,0.10243113707413436,0.11029981192609802,3,0,False,0.6186216473579407,0.7470533847808838,0.12843173742294312,0.015901245176792145,297.67819100015913
voc,vgg16,ig,9571,0,0.02,3,3030323471833644395,valid,0.09657872500190244,0.11079136690647481,3,0,False,0.6186216473579407,0.8212843537330627,0.20266270637512207,0.01591871678829193,297.92597799996656
voc,vgg16,ig,9571,0,0.02,4,3981683401082662910,valid,0.09951249744779896,0.11029981192609802,3,0,False,0.6186216473579407,0.7962886691093445,0.1776670217514038,0.015971817076206207,298.1370090001292
voc,vgg16,ig,9571,0,0.05,0,2590450077393174903,valid,0.0321918872373651,0.08933029414957126,3,0,False,0.6186216473579407,0.3975788950920105,0.22104275226593018,0.039323944598436356,297.6329610000903
voc,vgg16,ig,9571,0,0.05,1,7132724899960905381,valid,0.031387231381076984,0.08450399827101794,3,0,False,0.6186216473579407,0.47123050689697266,0.14739114046096802,0.03933391720056534,297.6793220000218
voc,vgg16,ig,9571,0,0.05,2,1120045858359378571,valid,0.040503423987582575,0.09098815088596586,3,0,False,0.6186216473579407,0.44186830520629883,0.17675334215164185,0.03928672522306442,298.3590200001345
voc,vgg16,ig,9571,0,0.05,3,3030323471833644395,valid,0.0301859434805168,0.08661758336942399,3,0,False,0.6186216473579407,0.4992990791797638,0.11932256817817688,0.039305128157138824,297.6471310003035
voc,vgg16,ig,9571,0,0.05,4,3981683401082662910,valid,0.03718735183578934,0.0937227550130776,3,0,False,0.6186216473579407,0.5154529809951782,0.10316866636276245,0.03946685418486595,297.68700100021306
voc,vgg16,gradcam,8173,18,0.01,0,2568184002337986066,valid,0.9921653606084313,0.8918001885014137,18,18,True,0.9999691247940063,0.9999535083770752,1.5616416931152344e-05,0.0079937893897295,9.969879999971454
voc,vgg16,gradcam,8173,18,0.01,1,2700930089002217196,valid,0.9906426349336026,0.9311141042909371,18,18,True,0.9999691247940063,0.999967098236084,2.0265579223632812e-06,0.007999799214303493,9.994433999963803
voc,vgg16,gradcam,8173,18,0.01,2,6274773280352562869,valid,0.9911226554375784,0.9314857582755967,18,18,True,0.9999691247940063,0.999948263168335,2.086162567138672e-05,0.007960746064782143,9.980598000311147
voc,vgg16,gradcam,8173,18,0.01,3,7384397133206063386,valid,0.9900833730757015,0.9472254559565386,18,18,True,0.9999691247940063,0.9999580383300781,1.1086463928222656e-05,0.007985936477780342,9.992648999741505
voc,vgg16,gradcam,8173,18,0.01,4,7207923362354915897,valid,0.9878958692393159,0.9389489953632149,18,18,True,0.9999691247940063,0.9999512434005737,1.7881393432617188e-05,0.007974105887115002,10.022512999967148
voc,vgg16,gradcam,8173,18,0.02,0,2568184002337986066,valid,0.9708968676631055,0.8762385492615442,18,18,True,0.9999691247940063,0.9998670816421509,0.00010204315185546875,0.015986844897270203,9.989503999804583
voc,vgg16,gradcam,8173,18,0.02,1,2700930089002217196,valid,0.9831352754976769,0.9116190476190477,18,18,True,0.9999691247940063,0.9999266862869263,4.2438507080078125e-05,0.0159994475543499,10.0019589999647
voc,vgg16,gradcam,8173,18,0.02,2,6274773280352562869,valid,0.9824738328163873,0.8561124468281857,18,18,True,0.9999691247940063,0.9999021291732788,6.699562072753906e-05,0.015921199694275856,9.997022999868932
voc,vgg16,gradcam,8173,18,0.02,3,7384397133206063386,valid,0.9351347043898076,0.8626577579806979,18,18,True,0.9999691247940063,0.9998810291290283,8.809566497802734e-05,0.01597117818892002,9.98866400004772
voc,vgg16,gradcam,8173,18,0.02,4,7207923362354915897,valid,0.9782598039277679,0.8896629636603276,18,18,True,0.9999691247940063,0.9999185800552368,5.054473876953125e-05,0.015947604551911354,9.985042999687721
voc,vgg16,gradcam,8173,18,0.05,0,2568184002337986066,valid,0.6907823488816364,0.48659457858095095,18,18,True,0.9999691247940063,0.987598717212677,0.012370407581329346,0.039922621101140976,9.989753999889217
voc,vgg16,gradcam,8173,18,0.05,1,2700930089002217196,valid,0.6968186199889375,0.42637862421830586,18,18,True,0.9999691247940063,0.9973347783088684,0.0026343464851379395,0.03995046019554138,9.998813000038353
voc,vgg16,gradcam,8173,18,0.05,2,6274773280352562869,valid,0.7056547114858619,0.5671455340412243,18,18,True,0.9999691247940063,0.9985383749008179,0.0014307498931884766,0.03976215422153473,10.005936999732512
voc,vgg16,gradcam,8173,18,0.05,3,7384397133206063386,valid,0.734094927711711,0.5390277564790676,18,18,True,0.9999691247940063,0.9983991980552673,0.0015699267387390137,0.03988462686538696,9.998710999752802
voc,vgg16,gradcam,8173,18,0.05,4,7207923362354915897,valid,0.7725898763991282,0.5530795419374807,18,18,True,0.9999691247940063,0.9974108338356018,0.002558290958404541,0.03982752934098244,9.99458499973116
voc,vgg16,gradcam,8927,9,0.01,0,2972210994312305306,valid,0.9254297657330882,0.6679408343028087,16,16,True,0.026238370686769485,0.003702764632180333,0.022535606054589152,0.007874696515500546,9.9669679998442
voc,vgg16,gradcam,8927,9,0.01,1,3098727151507634343,valid,0.9189257074495547,0.7273666092943202,16,16,True,0.026238370686769485,0.005893987137824297,0.02034438354894519,0.007880324497818947,9.98253499983548
voc,vgg16,gradcam,8927,9,0.01,2,3156827023830551964,valid,0.9091543209762177,0.6313394018205462,16,16,True,0.026238370686769485,0.005615622736513615,0.02062274795025587,0.00786841195076704,9.987573000216798
voc,vgg16,gradcam,8927,9,0.01,3,2568375632386903713,valid,0.9407488399220792,0.7797481823018265,16,16,True,0.026238370686769485,0.005171083379536867,0.02106728730723262,0.007866031490266323,9.990236000248842
voc,vgg16,gradcam,8927,9,0.01,4,487923459527200765,valid,0.9121402501698941,0.6577469441691444,16,16,True,0.026238370686769485,0.00998894963413477,0.016249421052634716,0.007851235568523407,9.986119000132021
voc,vgg16,gradcam,8927,9,0.02,0,2972210994312305306,valid,0.8205280656304961,0.5362008265727843,16,16,True,0.026238370686769485,0.0009222887456417084,0.025316081941127777,0.015645310282707214,9.999464999964403
voc,vgg16,gradcam,8927,9,0.02,1,3098727151507634343,valid,0.8686658300442082,0.5217589082638362,16,16,True,0.026238370686769485,0.004126857966184616,0.02211151272058487,0.01565573737025261,9.994845000164787
voc,vgg16,gradcam,8927,9,0.02,2,3156827023830551964,valid,0.8034361020637977,0.4797994691831318,16,16,True,0.026238370686769485,0.0017693924019113183,0.024468978284858167,0.015634359791874886,9.986182999909943
voc,vgg16,gradcam,8927,9,0.02,3,2568375632386903713,valid,0.8337770822033539,0.5005980861244019,16,16,True,0.026238370686769485,0.0014750753762200475,0.024763295310549438,0.015630396082997322,9.981213000173739
voc,vgg16,gradcam,8927,9,0.02,4,487923459527200765,valid,0.8112883428194457,0.4555474981870921,16,16,True,0.026238370686769485,0.0036357999779284,0.022602570708841085,0.015598692931234837,9.987662000185082
voc,vgg16,gradcam,8927,9,0.05,0,2972210994312305306,valid,0.6875308748538991,0.438028370826766,16,6,False,0.026238370686769485,0.001558091607876122,0.024680279078893363,0.03866233676671982,9.992108000005828
voc,vgg16,gradcam,8927,9,0.05,1,3098727151507634343,valid,0.8469491679195997,0.4921201308355635,16,6,False,0.026238370686769485,0.013810664415359497,0.012427706271409988,0.03869455307722092,10.000851999848237
voc,vgg16,gradcam,8927,9,0.05,2,3156827023830551964,valid,0.6955749859653755,0.3764915649430805,16,6,False,0.026238370686769485,0.0017216721316799521,0.024516698555089533,0.03862766548991203,9.995360000175424
voc,vgg16,gradcam,8927,9,0.05,3,2568375632386903713,valid,0.790430849556853,0.37310165549322755,16,6,False,0.026238370686769485,0.0015711996238678694,0.024667171062901616,0.038631781935691833,9.99493800009077
voc,vgg16,gradcam,8927,9,0.05,4,487923459527200765,valid,0.7117045390842,0.3669299918278398,16,6,False,0.026238370686769485,0.011728599667549133,0.014509771019220352,0.03853814676403999,9.991028000058577
voc,vgg16,gradcam,5803,10,0.01,0,3852546974185743096,valid,0.7747608085037153,0.2774949083503055,8,8,True,0.9876433610916138,0.9638757705688477,0.023767590522766113,0.007959626615047455,9.969087999706971
voc,vgg16,gradcam,5803,10,0.01,1,2371425837951975359,valid,0.8151987389678211,0.3175790993829592,8,8,True,0.9876433610916138,0.9563830494880676,0.03126031160354614,0.007964682765305042,9.992813999815553
voc,vgg16,gradcam,5803,10,0.01,2,6461432094931278540,valid,0.7709218641352589,0.4292224437482199,8,8,True,0.9876433610916138,0.9748240113258362,0.012819349765777588,0.007959211245179176,9.996360000059212
voc,vgg16,gradcam,5803,10,0.01,3,7926371796250851087,valid,0.8702273656279013,0.5362008265727843,8,8,True,0.9876433610916138,0.9695587754249573,0.018084585666656494,0.007983485236763954,9.994807000111905
voc,vgg16,gradcam,5803,10,0.01,4,2273525925788181717,valid,0.8550970185720423,0.5206786850477201,8,8,True,0.9876433610916138,0.9718974232673645,0.015745937824249268,0.007958859205245972,9.983442000248033
voc,vgg16,gradcam,5803,10,0.02,0,3852546974185743096,valid,0.3746879232026343,0.08718726307808947,8,8,True,0.9876433610916138,0.862859845161438,0.12478351593017578,0.015908069908618927,9.987451999677432
voc,vgg16,gradcam,5803,10,0.02,1,2371425837951975359,valid,0.49772834175978786,0.11079136690647481,8,8,True,0.9876433610916138,0.8491185903549194,0.13852477073669434,0.015916859731078148,9.991099000217218
voc,vgg16,gradcam,5803,10,0.02,2,6461432094931278540,valid,0.4315911508633693,0.14331282752335384,8,8,True,0.9876433610916138,0.9106498956680298,0.07699346542358398,0.015904279425740242,9.993819000101212
voc,vgg16,gradcam,5803,10,0.02,3,7926371796250851087,valid,0.5947333113270354,0.18418879056047197,8,8,True,0.9876433610916138,0.8699288368225098,0.117714524269104,0.015955382958054543,9.993716000280983
voc,vgg16,gradcam,5803,10,0.02,4,2273525925788181717,valid,0.5666633748410229,0.13993639254884144,8,8,True,0.9876433610916138,0.929669201374054,0.057974159717559814,0.015904858708381653,9.989737999603676
voc,vgg16,gradcam,5803,10,0.05,0,3852546974185743096,valid,0.011814112625733519,0.024709005513579744,8,8,True,0.9876433610916138,0.5826941728591919,0.4049491882324219,0.03945458307862282,9.987885000100505
voc,vgg16,gradcam,5803,10,0.05,1,2371425837951975359,valid,0.15044714143763707,0.03752713739274269,8,8,True,0.9876433610916138,0.435203492641449,0.5524398684501648,0.03948044404387474,9.992321000027005
voc,vgg16,gradcam,5803,10,0.05,2,6461432094931278540,valid,0.03796134832095997,0.01098015513246701,8,8,True,0.9876433610916138,0.6022660136222839,0.38537734746932983,0.03945866972208023,10.005609000018012
voc,vgg16,gradcam,5803,10,0.05,3,7926371796250851087,valid,0.27973413873840475,0.04140292622185327,8,8,True,0.9876433610916138,0.6610656976699829,0.32657766342163086,0.03957448899745941,9.996231000059197
voc,vgg16,gradcam,5803,10,0.05,4,2273525925788181717,valid,0.19116305487545004,0.04302639783828726,8,8,True,0.9876433610916138,0.666086733341217,0.32155662775039673,0.03945562615990639,10.00608899994404
voc,vgg16,gradcam,39,19,0.01,0,2479825858614679456,valid,0.8632250413555776,0.8166515837104072,19,19,True,0.9999816417694092,0.9999676942825317,1.3947486877441406e-05,0.007968374527990818,9.981465000237222
voc,vgg16,gradcam,39,19,0.01,1,2409326931739155617,valid,0.8808083786463223,0.7961703650680029,19,19,True,0.9999816417694092,0.9999557733535767,2.586841583251953e-05,0.007987383753061295,9.998936000101821
voc,vgg16,gradcam,39,19,0.01,2,6067917643963702541,valid,0.8879532149317121,0.7920014283163721,19,19,True,0.9999816417694092,0.9999690055847168,1.2636184692382812e-05,0.007974721491336823,9.9867109997831
voc,vgg16,gradcam,39,19,0.01,3,3836945159140576186,valid,0.8601579514259895,0.8159942102406369,19,19,True,0.9999816417694092,0.999963641166687,1.800060272216797e-05,0.00796017237007618,9.989706999931514
voc,vgg16,gradcam,39,19,0.01,4,2894779989879545488,valid,0.8791322604705337,0.793602573266619,19,19,True,0.9999816417694092,0.9999566078186035,2.5033950805664062e-05,0.007952241227030754,9.978730000057112
voc,vgg16,gradcam,39,19,0.02,0,2479825858614679456,valid,0.7066399521261724,0.5590062111801242,19,19,True,0.9999816417694092,0.9999035596847534,7.808208465576172e-05,0.015936193987727165,9.983743000248069
voc,vgg16,gradcam,39,19,0.02,1,2409326931739155617,valid,0.7320232519850325,0.5347094801223241,19,19,True,0.9999816417694092,0.9998997449874878,8.189678192138672e-05,0.015974445268511772,9.989258000132395
voc,vgg16,gradcam,39,19,0.02,2,6067917643963702541,valid,0.7957095931610186,0.6270059977305884,19,19,True,0.9999816417694092,0.9999299049377441,5.173683166503906e-05,0.015948740765452385,9.992535000037606
voc,vgg16,gradcam,39,19,0.02,3,3836945159140576186,valid,0.6898986778601803,0.5712273011897308,19,19,True,0.9999816417694092,0.9999076128005981,7.402896881103516e-05,0.01591968908905983,10.64815700010513
voc,vgg16,gradcam,39,19,0.02,4,2894779989879545488,valid,0.7348738651574738,0.6061769883181309,19,19,True,0.9999816417694092,0.9998834133148193,9.822845458984375e-05,0.015903783962130547,9.991271999751916
voc,vgg16,gradcam,39,19,0.05,0,2479825858614679456,valid,0.1829706501013878,0.07520085698982325,19,19,True,0.9999816417694092,0.9986971020698547,0.0012845396995544434,0.03981241211295128,9.994578000259935
voc,vgg16,gradcam,39,19,0.05,1,2409326931739155617,valid,0.26795680967686947,0.06833422032996275,19,19,True,0.9999816417694092,0.9989938139915466,0.0009878277778625488,0.039907168596982956,9.996698000122706
voc,vgg16,gradcam,39,19,0.05,2,6067917643963702541,valid,0.3938946636885088,0.1101648047782325,19,19,True,0.9999816417694092,0.9993657469749451,0.0006158947944641113,0.03984615579247475,9.991212999921117
voc,vgg16,gradcam,39,19,0.05,3,3836945159140576186,valid,0.32672653380655003,0.16007859454461396,19,19,True,0.9999816417694092,0.9990293979644775,0.0009522438049316406,0.039770208299160004,9.983792999719299
voc,vgg16,gradcam,39,19,0.05,4,2894779989879545488,valid,0.2556714988409401,0.05987328405491024,19,19,True,0.9999816417694092,0.9988388419151306,0.0011427998542785645,0.039730824530124664,9.98434700022699
voc,vgg16,gradcam,1686,14,0.01,0,2407452988058933126,both_constant,,,14,14,True,0.9959312081336975,0.9957555532455444,0.00017565488815307617,0.007966757752001286,9.960222000245267
voc,vgg16,gradcam,1686,14,0.01,1,1416983024301229683,both_constant,,,14,14,True,0.9959312081336975,0.9956051707267761,0.0003260374069213867,0.00797212403267622,9.95277999982136
voc,vgg16,gradcam,1686,14,0.01,2,329098390142242351,both_constant,,,14,14,True,0.9959312081336975,0.995867133140564,6.407499313354492e-05,0.007979354821145535,9.966033999717183
voc,vgg16,gradcam,1686,14,0.01,3,8332520142723992066,both_constant,,,14,14,True,0.9959312081336975,0.9961020946502686,0.00017088651657104492,0.007971532642841339,9.963282000171603
voc,vgg16,gradcam,1686,14,0.01,4,4678094734876851399,both_constant,,,14,14,True,0.9959312081336975,0.9945751428604126,0.0013560652732849121,0.00796749908477068,9.950791999926878
voc,vgg16,gradcam,1686,14,0.02,0,2407452988058933126,both_constant,,,14,14,True,0.9959312081336975,0.9957829713821411,0.00014823675155639648,0.015924200415611267,9.961436000139656
voc,vgg16,gradcam,1686,14,0.02,1,1416983024301229683,both_constant,,,14,14,True,0.9959312081336975,0.9956207871437073,0.0003104209899902344,0.015933610498905182,9.947460000148567
voc,vgg16,gradcam,1686,14,0.02,2,329098390142242351,both_constant,,,14,14,True,0.9959312081336975,0.9953149557113647,0.0006162524223327637,0.015948176383972168,9.971601999950508
voc,vgg16,gradcam,1686,14,0.02,3,8332520142723992066,both_constant,,,14,14,True,0.9959312081336975,0.9965773224830627,0.0006461143493652344,0.015932364389300346,9.960140000202955
voc,vgg16,gradcam,1686,14,0.02,4,4678094734876851399,both_constant,,,14,14,True,0.9959312081336975,0.9932327270507812,0.0026984810829162598,0.015926174819469452,9.956915999737248
voc,vgg16,gradcam,1686,14,0.05,0,2407452988058933126,both_constant,,,14,14,True,0.9959312081336975,0.9963752627372742,0.00044405460357666016,0.03975142538547516,9.953677999874344
voc,vgg16,gradcam,1686,14,0.05,1,1416983024301229683,reference_constant,,,14,14,True,0.9959312081336975,0.9970974922180176,0.0011662840843200684,0.039765309542417526,9.962822000034066
voc,vgg16,gradcam,1686,14,0.05,2,329098390142242351,reference_constant,,,14,14,True,0.9959312081336975,0.989197313785553,0.006733894348144531,0.039804235100746155,9.94543499973588
voc,vgg16,gradcam,1686,14,0.05,3,8332520142723992066,both_constant,,,14,14,True,0.9959312081336975,0.9955246448516846,0.00040656328201293945,0.03977079316973686,9.945688000243535
voc,vgg16,gradcam,1686,14,0.05,4,4678094734876851399,reference_constant,,,14,14,True,0.9959312081336975,0.9925191402435303,0.0034120678901672363,0.039751797914505005,9.97984700006782
voc,vgg16,gradcam,5544,18,0.01,0,7605300728157470724,valid,0.9524223910793747,0.7992111868053066,18,18,True,0.9977865219116211,0.9853695034980774,0.012417018413543701,0.007968038320541382,10.027517000253283
voc,vgg16,gradcam,5544,18,0.01,1,7713127228031362199,valid,0.9549689349586031,0.8434974283614989,18,18,True,0.9977865219116211,0.9919971823692322,0.005789339542388916,0.007966979406774044,9.978862000025401
voc,vgg16,gradcam,5544,18,0.01,2,3269339992068861176,valid,0.983241469888637,0.9340913470803623,18,18,True,0.9977865219116211,0.9980944991111755,0.00030797719955444336,0.007948676124215126,9.980946000268887
voc,vgg16,gradcam,5544,18,0.01,3,3089590639899074028,valid,0.9457127097279681,0.7864008543965824,18,18,True,0.9977865219116211,0.9874704480171204,0.010316073894500732,0.007983219809830189,9.966744999928778
voc,vgg16,gradcam,5544,18,0.01,4,6201695411679841990,valid,0.9565814354791563,0.9058108621344474,18,18,True,0.9977865219116211,0.9945300221443176,0.003256499767303467,0.0079830726608634,9.977447999972355
voc,vgg16,gradcam,5544,18,0.02,0,7605300728157470724,valid,0.9115525631110765,0.7152623483165271,18,18,True,0.9977865219116211,0.9429973363876343,0.054789185523986816,0.015858670696616173,9.987702000216814
voc,vgg16,gradcam,5544,18,0.02,1,7713127228031362199,valid,0.9266693387435428,0.8194343727338651,18,18,True,0.9977865219116211,0.9779647588729858,0.019821763038635254,0.01586063764989376,9.977525000067544
voc,vgg16,gradcam,5544,18,0.02,2,3269339992068861176,valid,0.9327532429113907,0.8441749356854098,18,18,True,0.9977865219116211,0.9963117241859436,0.0014747977256774902,0.01582384668290615,10.025459999724262
voc,vgg16,gradcam,5544,18,0.02,3,3089590639899074028,valid,0.9120499599383928,0.8128612716763006,18,18,True,0.9977865219116211,0.9802496433258057,0.01753687858581543,0.015888629481196404,10.012542999902507
voc,vgg16,gradcam,5544,18,0.02,4,6201695411679841990,valid,0.9177934183848697,0.8131887985546522,18,18,True,0.9977865219116211,0.9797770380973816,0.018009483814239502,0.01589089259505272,9.997985000154586
voc,vgg16,gradcam,5544,18,0.05,0,7605300728157470724,valid,0.8652226024346152,0.6881412952060555,18,18,True,0.9977865219116211,0.7039276361465454,0.2938588857650757,0.03881167620420456,9.99685299984776
voc,vgg16,gradcam,5544,18,0.05,1,7713127228031362199,valid,0.8132509790899497,0.68445787176905,18,18,True,0.9977865219116211,0.5960168242454529,0.4017696976661682,0.038804858922958374,9.98426499972993
voc,vgg16,gradcam,5544,18,0.05,2,3269339992068861176,valid,0.8309756018825305,0.7426636568848759,18,18,True,0.9977865219116211,0.953462541103363,0.04432398080825806,0.03869638592004776,10.000091000165412
voc,vgg16,gradcam,5544,18,0.05,3,3089590639899074028,valid,0.8359124732519351,0.7117516629711752,18,18,True,0.9977865219116211,0.7444756031036377,0.2533109188079834,0.03885634243488312,9.983222999835561
voc,vgg16,gradcam,5544,18,0.05,4,6201695411679841990,valid,0.7735261569954771,0.7070930430345297,18,18,True,0.9977865219116211,0.782450795173645,0.21533572673797607,0.038869645446538925,9.985942999719555
voc,vgg16,gradcam,3784,1,0.01,0,568371097838651679,valid,0.9838962435402249,0.9032808647828561,1,1,True,0.9999548196792603,0.9999417066574097,1.3113021850585938e-05,0.007813572883605957,9.9611220002771
voc,vgg16,gradcam,3784,1,0.01,1,8730973129268750908,valid,0.9700933532766239,0.8716896680343156,1,1,True,0.9999548196792603,0.999940037727356,1.4781951904296875e-05,0.007821787148714066,9.986601000036899
voc,vgg16,gradcam,3784,1,0.01,2,4988815491858760642,valid,0.9839614615312412,0.8928706148623161,1,1,True,0.9999548196792603,0.9999333620071411,2.1457672119140625e-05,0.007830729708075523,9.987908999846695
voc,vgg16,gradcam,3784,1,0.01,3,4107072592214049901,valid,0.971880294710499,0.850977499077831,1,1,True,0.9999548196792603,0.9999456405639648,9.179115295410156e-06,0.007802864536643028,9.98355999990963
voc,vgg16,gradcam,3784,1,0.01,4,2770030334258850844,valid,0.976858988448815,0.8889516280820629,1,1,True,0.9999548196792603,0.9999412298202515,1.3589859008789062e-05,0.007841264829039574,9.971743000278366
voc,vgg16,gradcam,3784,1,0.02,0,568371097838651679,valid,0.9486536100746975,0.7963128691605513,1,1,True,0.9999548196792603,0.9998663663864136,8.845329284667969e-05,0.015436496585607529,9.97395400008827
voc,vgg16,gradcam,3784,1,0.02,1,8730973129268750908,valid,0.9493962649592,0.8230699364214351,1,1,True,0.9999548196792603,0.9998657703399658,8.90493392944336e-05,0.015449882484972477,9.974197000246932
voc,vgg16,gradcam,3784,1,0.02,2,4988815491858760642,valid,0.9489059563509189,0.7591586327782647,1,1,True,0.9999548196792603,0.9998326301574707,0.00012218952178955078,0.015467796474695206,9.98724199962453
voc,vgg16,gradcam,3784,1,0.02,3,4107072592214049901,valid,0.9387362421895898,0.7943858394421598,1,1,True,0.9999548196792603,0.9998936653137207,6.115436553955078e-05,0.0154164619743824,9.986385000047449
voc,vgg16,gradcam,3784,1,0.02,4,2770030334258850844,valid,0.9431069507905558,0.7883107626514612,1,1,True,0.9999548196792603,0.9998776912689209,7.712841033935547e-05,0.015484331175684929,9.979634000046644
voc,vgg16,gradcam,3784,1,0.05,0,568371097838651679,valid,0.8973615448977144,0.6907008086253369,1,1,True,0.9999548196792603,0.999512791633606,0.0004420280456542969,0.03768782317638397,9.982214000046952
voc,vgg16,gradcam,3784,1,0.05,1,8730973129268750908,valid,0.911249509676325,0.6952702702702702,1,1,True,0.9999548196792603,0.9997511506080627,0.00020366907119750977,0.03770771622657776,9.986416000174358
voc,vgg16,gradcam,3784,1,0.05,2,4988815491858760642,valid,0.8817338903145928,0.7056424201223658,1,1,True,0.9999548196792603,0.9996801614761353,0.000274658203125,0.03775530308485031,9.987502000058157
voc,vgg16,gradcam,3784,1,0.05,3,4107072592214049901,valid,0.8846241536596945,0.6782608695652174,1,1,True,0.9999548196792603,0.9997761845588684,0.0001786351203918457,0.037643466144800186,9.98080299996218
voc,vgg16,gradcam,3784,1,0.05,4,2770030334258850844,valid,0.8803393825700842,0.6957109084768659,1,1,True,0.9999548196792603,0.9995549321174622,0.0003998875617980957,0.03777756914496422,9.977695000088715
voc,vgg16,gradcam,6304,3,0.01,0,7830137365422260441,valid,0.9058777388434107,0.8031962650386065,3,3,True,0.9284529089927673,0.7803845405578613,0.148068368434906,0.007777805905789137,9.967593000055786
voc,vgg16,gradcam,6304,3,0.01,1,4661326768319657430,valid,0.9360817265911503,0.8041681638519583,3,3,True,0.9284529089927673,0.7990077137947083,0.12944519519805908,0.007801047991961241,9.984746000100131
voc,vgg16,gradcam,6304,3,0.01,2,6619020526136302124,valid,0.9256418287551167,0.8264823572208075,3,3,True,0.9284529089927673,0.8875653147697449,0.04088759422302246,0.007769848220050335,9.966618999897037
voc,vgg16,gradcam,6304,3,0.01,3,6800945400057756425,valid,0.9118231062565486,0.7827090360376353,3,3,True,0.9284529089927673,0.8244629502296448,0.10398995876312256,0.0077906036749482155,9.991445000196109
voc,vgg16,gradcam,6304,3,0.01,4,7042581768829889240,valid,0.92769313002489,0.821512787955741,3,3,True,0.9284529089927673,0.8511744737625122,0.07727843523025513,0.007799931801855564,9.980778000226564
voc,vgg16,gradcam,6304,3,0.02,0,7830137365422260441,valid,0.7186518837636381,0.5914421553090333,3,3,True,0.9284529089927673,0.5682672262191772,0.3601856827735901,0.015163382515311241,9.971893000056298
voc,vgg16,gradcam,6304,3,0.02,1,4661326768319657430,valid,0.6896797235274458,0.5766996388758047,3,3,True,0.9284529089927673,0.6181734204292297,0.3102794885635376,0.01521262340247631,9.980000000268774
voc,vgg16,gradcam,6304,3,0.02,2,6619020526136302124,valid,0.6841082421002043,0.6072343149807938,3,3,True,0.9284529089927673,0.6216028928756714,0.30685001611709595,0.015144380740821362,9.994669000207068
voc,vgg16,gradcam,6304,3,0.02,3,6800945400057756425,valid,0.6366480337885062,0.5954877661264697,3,3,True,0.9284529089927673,0.6774377226829529,0.25101518630981445,0.015190238133072853,9.978081999634014
voc,vgg16,gradcam,6304,3,0.02,4,7042581768829889240,valid,0.6876164090453343,0.5641744548286605,3,3,True,0.9284529089927673,0.6261804699897766,0.3022724390029907,0.015201279893517494,9.988932999931421
voc,vgg16,gradcam,6304,3,0.05,0,7830137365422260441,valid,0.4764178664753979,0.2426679866353174,3,0,False,0.9284529089927673,0.05712204426527023,0.8713308647274971,0.03608463332056999,9.990434999963327
voc,vgg16,gradcam,6304,3,0.05,1,4661326768319657430,valid,0.6919130438942536,0.6126545688132327,3,0,False,0.9284529089927673,0.1399371176958084,0.7885157912969589,0.036187026649713516,10.002795000218612
voc,vgg16,gradcam,6304,3,0.05,2,6619020526136302124,valid,0.4789743775474889,0.30619146722164414,3,0,False,0.9284529089927673,0.10697956383228302,0.8214733451604843,0.036047544330358505,9.985785000026226
voc,vgg16,gradcam,6304,3,0.05,3,6800945400057756425,valid,0.6388703557672879,0.4092057255122088,3,0,False,0.9284529089927673,0.10149267315864563,0.8269602358341217,0.0361393466591835,9.974043999591231
voc,vgg16,gradcam,6304,3,0.05,4,7042581768829889240,valid,0.607746516525103,0.5300929452994058,3,0,False,0.9284529089927673,0.13610826432704926,0.7923446446657181,0.03616848587989807,9.97626800017315
voc,vgg16,gradcam,158,2,0.01,0,3522680649187379204,valid,0.8321975689253431,0.8200943054044251,2,2,True,0.9998774528503418,0.9998953342437744,1.7881393432617188e-05,0.007975605316460133,9.97034000010899
voc,vgg16,gradcam,158,2,0.01,1,419294351200179885,valid,0.8786638206732705,0.8935849056603774,2,2,True,0.9998774528503418,0.9999167919158936,3.933906555175781e-05,0.00796718429774046,9.986870999910025
voc,vgg16,gradcam,158,2,0.01,2,3028218364960125082,valid,0.9122407488518484,0.8910872432636141,2,2,True,0.9998774528503418,0.9998643398284912,1.3113021850585938e-05,0.007969053462147713,9.986095999920508
voc,vgg16,gradcam,158,2,0.01,3,6052761022673377132,valid,0.8698770695261445,0.8250591016548463,2,2,True,0.9998774528503418,0.9999198913574219,4.2438507080078125e-05,0.007990062236785889,9.990677999667241
voc,vgg16,gradcam,158,2,0.01,4,3347453041863134171,valid,0.8733319651469378,0.8723880597014926,2,2,True,0.9998774528503418,0.9998594522476196,1.800060272216797e-05,0.007959375157952309,9.989473999667098
voc,vgg16,gradcam,158,2,0.02,0,3522680649187379204,valid,0.8515357672575237,0.8682055100521221,2,2,True,0.9998774528503418,0.9998457431793213,3.170967102050781e-05,0.015928965061903,9.989850999772898
voc,vgg16,gradcam,158,2,0.02,1,419294351200179885,valid,0.809074259018692,0.8164705882352942,2,2,True,0.9998774528503418,0.9999312162399292,5.3763389587402344e-05,0.015908291563391685,9.982804000173928
voc,vgg16,gradcam,158,2,0.02,2,3028218364960125082,valid,0.8032271706408813,0.8184453705381409,2,2,True,0.9998774528503418,0.9997838139533997,9.363889694213867e-05,0.01591516099870205,9.981982999761385
voc,vgg16,gradcam,158,2,0.02,3,6052761022673377132,valid,0.8632715245612149,0.8404547955253988,2,2,True,0.9998774528503418,0.9999135732650757,3.612041473388672e-05,0.01595572754740715,9.985988000153156
voc,vgg16,gradcam,158,2,0.02,4,3347453041863134171,valid,0.8185871247179236,0.8741363211951447,2,2,True,0.9998774528503418,0.9998261332511902,5.131959915161133e-05,0.015894820913672447,9.975242999644252
voc,vgg16,gradcam,158,2,0.05,0,3522680649187379204,valid,0.642866208522092,0.7956700662014672,2,2,True,0.9998774528503418,0.9874861836433411,0.012391269207000732,0.039649490267038345,9.981581999909395
voc,vgg16,gradcam,158,2,0.05,1,419294351200179885,valid,0.7290387474007534,0.7563878193909696,2,2,True,0.9998774528503418,0.9992554783821106,0.0006219744682312012,0.03958715498447418,9.982784999920113
voc,vgg16,gradcam,158,2,0.05,2,3028218364960125082,valid,0.6552834154298458,0.7146762344097044,2,2,True,0.9998774528503418,0.994691789150238,0.00518566370010376,0.039615146815776825,9.99194099995293
voc,vgg16,gradcam,158,2,0.05,3,6052761022673377132,valid,0.7077525399577825,0.7610107036322161,2,2,True,0.9998774528503418,0.9980467557907104,0.0018306970596313477,0.03971414640545845,9.987752000142791
voc,vgg16,gradcam,158,2,0.05,4,3347453041863134171,valid,0.6951460193708647,0.7969561324977619,2,2,True,0.9998774528503418,0.9976763129234314,0.0022011399269104004,0.03955967351794243,9.998472999996011
voc,vgg16,gradcam,9571,0,0.01,0,2590450077393174903,valid,0.6995859625932959,0.09098815088596586,3,0,False,0.6186216473579407,0.9038004875183105,0.2851788401603699,0.007966489531099796,9.969922999971459
voc,vgg16,gradcam,9571,0,0.01,1,7132724899960905381,valid,0.7937039158296606,0.14019541013406045,3,3,True,0.6186216473579407,0.8177565336227417,0.19913488626480103,0.007969462312757969,9.989898000185349
voc,vgg16,gradcam,9571,0,0.01,2,1120045858359378571,valid,0.733006502837087,0.14305239179954443,3,0,False,0.6186216473579407,0.8116029500961304,0.1929813027381897,0.007957957684993744,9.97918099983508
voc,vgg16,gradcam,9571,0,0.01,3,3030323471833644395,valid,0.8141366214689343,0.17297802711547453,3,0,False,0.6186216473579407,0.8203833699226379,0.20176172256469727,0.007967817597091198,9.976441000162595
voc,vgg16,gradcam,9571,0,0.01,4,3981683401082662910,valid,0.7333338738622938,0.09599213716282626,3,0,False,0.6186216473579407,0.8201923966407776,0.20157074928283691,0.007993013598024845,10.000062000017351
voc,vgg16,gradcam,9571,0,0.02,0,2590450077393174903,valid,0.6520236625753988,0.12221849491222185,3,0,False,0.6186216473579407,0.8348654508590698,0.21624380350112915,0.015918999910354614,9.978685000078258
voc,vgg16,gradcam,9571,0,0.02,1,7132724899960905381,valid,0.5972280186484226,0.09298780487804878,3,0,False,0.6186216473579407,0.748634397983551,0.13001275062561035,0.015923870727419853,9.991578000153822
voc,vgg16,gradcam,9571,0,0.02,2,1120045858359378571,valid,0.5418207200898749,0.09539401877319363,3,0,False,0.6186216473579407,0.7470533847808838,0.12843173742294312,0.015901245176792145,9.978082000088762
voc,vgg16,gradcam,9571,0,0.02,3,3030323471833644395,valid,0.607484615906647,0.103220842035836,3,0,False,0.6186216473579407,0.8212843537330627,0.20266270637512207,0.01591871678829193,9.98169800004689
voc,vgg16,gradcam,9571,0,0.02,4,3981683401082662910,valid,0.5599163447472856,0.08158206703308546,3,0,False,0.6186216473579407,0.7962886691093445,0.1776670217514038,0.015971817076206207,9.985919999962789
voc,vgg16,gradcam,9571,0,0.05,0,2590450077393174903,valid,0.4445294676338452,0.3595231644540775,3,0,False,0.6186216473579407,0.3975788950920105,0.22104275226593018,0.039323944598436356,9.99429900002724
voc,vgg16,gradcam,9571,0,0.05,1,7132724899960905381,valid,0.2992176008476713,0.15025787965616047,3,0,False,0.6186216473579407,0.47123050689697266,0.14739114046096802,0.03933391720056534,9.983284000099957
voc,vgg16,gradcam,9571,0,0.05,2,1120045858359378571,valid,0.5686840440436827,0.20842865743527994,3,0,False,0.6186216473579407,0.44186830520629883,0.17675334215164185,0.03928672522306442,9.987180000280205
voc,vgg16,gradcam,9571,0,0.05,3,3030323471833644395,valid,0.5025562428386939,0.32383590555335706,3,0,False,0.6186216473579407,0.4992990791797638,0.11932256817817688,0.039305128157138824,9.997606000069936
voc,vgg16,gradcam,9571,0,0.05,4,3981683401082662910,valid,0.35158686076145645,0.0977904178516736,3,0,False,0.6186216473579407,0.5154529809951782,0.10316866636276245,0.03946685418486595,10.000601000228926
voc,resnet50,ig,8173,18,0.01,0,2568184002337986066,valid,0.6520578899836388,0.39894061890158905,18,18,True,0.9120569229125977,0.9003903269767761,0.011666595935821533,0.0079937893897295,168.09856500003661
voc,resnet50,ig,8173,18,0.01,1,2700930089002217196,valid,0.6676148650402125,0.4135211267605634,18,18,True,0.9120569229125977,0.9092952609062195,0.002761662006378174,0.007999799214303493,168.01011600000493
voc,resnet50,ig,8173,18,0.01,2,6274773280352562869,valid,0.6629319774667363,0.42032267195018397,18,18,True,0.9120569229125977,0.8972561955451965,0.014800727367401123,0.007960746064782143,168.60958400002346
voc,resnet50,ig,8173,18,0.01,3,7384397133206063386,valid,0.6644519155688595,0.41093771966821313,18,18,True,0.9120569229125977,0.9031753540039062,0.008881568908691406,0.007985936477780342,168.02460300004896
voc,resnet50,ig,8173,18,0.01,4,7207923362354915897,valid,0.6524749291816856,0.4117316078210719,18,18,True,0.9120569229125977,0.907998263835907,0.004058659076690674,0.007974105887115002,167.94408499981728
voc,resnet50,ig,8173,18,0.02,0,2568184002337986066,valid,0.4074560258850252,0.2619137432415441,18,18,True,0.9120569229125977,0.8877795934677124,0.024277329444885254,0.015986844897270203,167.9191000002902
voc,resnet50,ig,8173,18,0.02,1,2700930089002217196,valid,0.41328648011678976,0.25827482447342026,18,18,True,0.9120569229125977,0.901524007320404,0.010532915592193604,0.0159994475543499,167.93041499977335
voc,resnet50,ig,8173,18,0.02,2,6274773280352562869,valid,0.42198749234166893,0.28337595907928387,18,18,True,0.9120569229125977,0.883841335773468,0.02821558713912964,0.015921199694275856,167.97820400006458
voc,resnet50,ig,8173,18,0.02,3,7384397133206063386,valid,0.4243759538161081,0.2650951720660532,18,18,True,0.9120569229125977,0.8666033744812012,0.045453548431396484,0.01597117818892002,168.52489799975956
voc,resnet50,ig,8173,18,0.02,4,7207923362354915897,valid,0.4301904161757157,0.27070144340339325,18,18,True,0.9120569229125977,0.89149010181427,0.020566821098327637,0.015947604551911354,168.0450710000514
voc,resnet50,ig,8173,18,0.05,0,2568184002337986066,valid,0.13358815105987695,0.13980692788188528,18,18,True,0.9120569229125977,0.8323749303817749,0.07968199253082275,0.039922621101140976,168.083366999781
voc,resnet50,ig,8173,18,0.05,1,2700930089002217196,valid,0.14565043835035024,0.13761051915665382,18,18,True,0.9120569229125977,0.8181718587875366,0.09388506412506104,0.03995046019554138,168.01488700002665
voc,resnet50,ig,8173,18,0.05,2,6274773280352562869,valid,0.1446640577273323,0.13722379603399434,18,18,True,0.9120569229125977,0.73525071144104,0.17680621147155762,0.03976215422153473,168.17545200001405
voc,resnet50,ig,8173,18,0.05,3,7384397133206063386,valid,0.15278511520086469,0.14959908361970217,18,18,True,0.9120569229125977,0.8216752409934998,0.0903816819190979,0.03988462686538696,168.6327050001637
voc,resnet50,ig,8173,18,0.05,4,7207923362354915897,valid,0.13142818677647303,0.1341394507853995,18,18,True,0.9120569229125977,0.8148831725120544,0.09717375040054321,0.03982752934098244,168.04254099997706
voc,resnet50,ig,8927,9,0.01,0,2972210994312305306,valid,0.4049604402179022,0.2719898605830165,9,9,True,0.8023180961608887,0.7989686727523804,0.0033494234085083008,0.007874696515500546,167.93772800019724
voc,resnet50,ig,8927,9,0.01,1,3098727151507634343,valid,0.3816362347315,0.26302542159577147,9,9,True,0.8023180961608887,0.7931466698646545,0.00917142629623413,0.007880324497818947,168.0659089997789
voc,resnet50,ig,8927,9,0.01,2,3156827023830551964,valid,0.3893747811927879,0.2678120262758969,9,9,True,0.8023180961608887,0.7773630619049072,0.024955034255981445,0.00786841195076704,167.9977199996756
voc,resnet50,ig,8927,9,0.01,3,2568375632386903713,valid,0.39317490769279334,0.2698975072757181,9,9,True,0.8023180961608887,0.789556622505188,0.012761473655700684,0.007866031490266323,168.63745499995275
voc,resnet50,ig,8927,9,0.01,4,487923459527200765,valid,0.412514553493265,0.2781456953642384,9,9,True,0.8023180961608887,0.7954735159873962,0.006844580173492432,0.007851235568523407,168.02803900009167
voc,resnet50,ig,8927,9,0.02,0,2972210994312305306,valid,0.2398736527279741,0.191782448640304,9,9,True,0.8023180961608887,0.8013591766357422,0.0009589195251464844,0.015645310282707214,168.4434229996441
voc,resnet50,ig,8927,9,0.02,1,3098727151507634343,valid,0.24458363338976732,0.1934831727910572,9,9,True,0.8023180961608887,0.7887252569198608,0.013592839241027832,0.01565573737025261,167.98877000019274
voc,resnet50,ig,8927,9,0.02,2,3156827023830551964,valid,0.2484576006125996,0.19761336515513125,9,9,True,0.8023180961608887,0.7790072560310364,0.023310840129852295,0.015634359791874886,167.99595800011957
voc,resnet50,ig,8927,9,0.02,3,2568375632386903713,valid,0.22893568374030737,0.19390911253866286,9,9,True,0.8023180961608887,0.8218619227409363,0.019543826580047607,0.015630396082997322,168.67081899999903
voc,resnet50,ig,8927,9,0.02,4,487923459527200765,valid,0.2557203020061598,0.20509125840537945,9,9,True,0.8023180961608887,0.7887504696846008,0.013567626476287842,0.015598692931234837,168.25248699979056
voc,resnet50,ig,8927,9,0.05,0,2972210994312305306,valid,0.10410773847275724,0.135551029644716,9,16,False,0.8023180961608887,0.6089769601821899,0.19334113597869873,0.03866233676671982,167.98887200002355
voc,resnet50,ig,8927,9,0.05,1,3098727151507634343,valid,0.1071238012986626,0.1347806422433288,9,16,False,0.8023180961608887,0.5392105579376221,0.2631075382232666,0.03869455307722092,168.04228399996646
voc,resnet50,ig,8927,9,0.05,2,3156827023830551964,valid,0.10672588925398294,0.1392893631513225,9,16,False,0.8023180961608887,0.6551372408866882,0.14718085527420044,0.03862766548991203,168.0522789997667
voc,resnet50,ig,8927,9,0.05,3,2568375632386903713,valid,0.09766648794789157,0.1349089675449508,9,9,True,0.8023180961608887,0.7427765727043152,0.059541523456573486,0.038631781935691833,167.98573899995972
voc,resnet50,ig,8927,9,0.05,4,487923459527200765,valid,0.11673716443090958,0.1392893631513225,9,9,True,0.8023180961608887,0.718119740486145,0.08419835567474365,0.03853814676403999,168.5877739996613
voc,resnet50,ig,5803,10,0.01,0,3852546974185743096,valid,0.23988420593852477,0.19447750535586766,8,8,True,0.8585192561149597,0.8632813096046448,0.004762053489685059,0.007959626615047455,167.91592599975047
voc,resnet50,ig,5803,10,0.01,1,2371425837951975359,valid,0.25004275070743776,0.20174808429118773,8,8,True,0.8585192561149597,0.8616070747375488,0.0030878186225891113,0.007964682765305042,168.06167100003222
voc,resnet50,ig,5803,10,0.01,2,6461432094931278540,valid,0.24954968795126725,0.20407918416316737,8,8,True,0.8585192561149597,0.8776903748512268,0.01917111873626709,0.007959211245179176,167.92166200002612
voc,resnet50,ig,5803,10,0.01,3,7926371796250851087,valid,0.2461130074020717,0.1977562955006564,8,8,True,0.8585192561149597,0.8896238207817078,0.031104564666748047,0.007983485236763954,168.03208000010272
voc,resnet50,ig,5803,10,0.01,4,2273525925788181717,valid,0.23865938602483766,0.19504643962848298,8,8,True,0.8585192561149597,0.871742844581604,0.013223588466644287,0.007958859205245972,168.1600150000122
voc,resnet50,ig,5803,10,0.02,0,3852546974185743096,valid,0.10610318876306926,0.1484151504748827,8,8,True,0.8585192561149597,0.8134123086929321,0.04510694742202759,0.015908069908618927,167.98256099991704
voc,resnet50,ig,5803,10,0.02,1,2371425837951975359,valid,0.11798610455253718,0.14670932358318098,8,8,True,0.8585192561149597,0.832683801651001,0.02583545446395874,0.015916859731078148,167.94296399984887
voc,resnet50,ig,5803,10,0.02,2,6461432094931278540,valid,0.12697880580758183,0.14788974036371955,8,8,True,0.8585192561149597,0.8582205176353455,0.0002987384796142578,0.015904279425740242,167.98859399978028
voc,resnet50,ig,5803,10,0.02,3,7926371796250851087,valid,0.11821500525847316,0.1482837528604119,8,8,True,0.8585192561149597,0.8497999310493469,0.008719325065612793,0.015955382958054543,167.97802499968384
voc,resnet50,ig,5803,10,0.02,4,2273525925788181717,valid,0.11116536319650877,0.15052160953800298,8,8,True,0.8585192561149597,0.823093056678772,0.035426199436187744,0.015904858708381653,168.6780700001691
voc,resnet50,ig,5803,10,0.05,0,3852546974185743096,valid,0.03684428994090199,0.1109143236661501,8,8,True,0.8585192561149597,0.6968147158622742,0.16170454025268555,0.03945458307862282,168.00491399999373
voc,resnet50,ig,5803,10,0.05,1,2371425837951975359,valid,0.04435000090868481,0.1179681408042776,8,8,True,0.8585192561149597,0.683633029460907,0.17488622665405273,0.03948044404387474,168.05467800031693
voc,resnet50,ig,5803,10,0.05,2,6461432094931278540,valid,0.03471505762301461,0.11251524221261501,8,8,True,0.8585192561149597,0.7266538739204407,0.13186538219451904,0.03945866972208023,168.06914299968412
voc,resnet50,ig,5803,10,0.05,3,7926371796250851087,valid,0.03233832307409261,0.10980869180581665,8,8,True,0.8585192561149597,0.725556492805481,0.13296276330947876,0.03957448899745941,168.07740300009755
voc,resnet50,ig,5803,10,0.05,4,2273525925788181717,valid,0.04022246945414442,0.11350271829579496,8,8,True,0.8585192561149597,0.6716179847717285,0.1869012713432312,0.03945562615990639,168.0005240000355
voc,resnet50,ig,39,19,0.01,0,2479825858614679456,valid,0.28780868847388513,0.19291572566266493,19,19,True,0.8354922533035278,0.8439574837684631,0.008465230464935303,0.007968374527990818,167.96090600018942
voc,resnet50,ig,39,19,0.01,1,2409326931739155617,valid,0.28747862842795835,0.1951887578897225,19,19,True,0.8354922533035278,0.8433637619018555,0.007871508598327637,0.007987383753061295,168.03673499998695
voc,resnet50,ig,39,19,0.01,2,6067917643963702541,valid,0.28602124939044543,0.1819573666234837,19,19,True,0.8354922533035278,0.8412740230560303,0.005781769752502441,0.007974721491336823,168.02747400015505
voc,resnet50,ig,39,19,0.01,3,3836945159140576186,valid,0.28709720585776144,0.19747046891779024,19,19,True,0.8354922533035278,0.8410859704017639,0.005593717098236084,0.00796017237007618,168.08926899966536
voc,resnet50,ig,39,19,0.01,4,2894779989879545488,valid,0.29089217694620156,0.18783287963072554,19,19,True,0.8354922533035278,0.8439722061157227,0.008479952812194824,0.007952241227030754,168.53527099965504
voc,resnet50,ig,39,19,0.02,0,2479825858614679456,valid,0.16311271855788428,0.1322202166064982,19,19,True,0.8354922533035278,0.855669379234314,0.020177125930786133,0.015936193987727165,168.33677600016017
voc,resnet50,ig,39,19,0.02,1,2409326931739155617,valid,0.16024392758624234,0.14019541013406045,19,19,True,0.8354922533035278,0.8499399423599243,0.014447689056396484,0.015974445268511772,168.05776299997888
voc,resnet50,ig,39,19,0.02,2,6067917643963702541,valid,0.16004900270008704,0.13349898351027784,19,19,True,0.8354922533035278,0.8491650819778442,0.013672828674316406,0.015948740765452385,168.029985999965
voc,resnet50,ig,39,19,0.02,3,3836945159140576186,valid,0.16182912322888532,0.13516570523696414,19,19,True,0.8354922533035278,0.8529958724975586,0.01750361919403076,0.01591968908905983,168.09104200001457
voc,resnet50,ig,39,19,0.02,4,2894779989879545488,valid,0.15989895781617888,0.13401129943502824,19,19,True,0.8354922533035278,0.8474916815757751,0.011999428272247314,0.015903783962130547,168.05093900029533
voc,resnet50,ig,39,19,0.05,0,2479825858614679456,valid,0.05977849956838335,0.09467713787085515,19,19,True,0.8354922533035278,0.8585395812988281,0.023047327995300293,0.03981241211295128,168.77476299987393
voc,resnet50,ig,39,19,0.05,1,2409326931739155617,valid,0.045002781299135625,0.0937227550130776,19,19,True,0.8354922533035278,0.841086208820343,0.0055939555168151855,0.039907168596982956,168.36342699980378
voc,resnet50,ig,39,19,0.05,2,6067917643963702541,valid,0.046696487680321704,0.09158146617359147,19,19,True,0.8354922533035278,0.8540414571762085,0.018549203872680664,0.03984615579247475,168.1118299998161
voc,resnet50,ig,39,19,0.05,3,3836945159140576186,valid,0.058133558630159905,0.09659090909090909,19,19,True,0.8354922533035278,0.8408414721488953,0.005349218845367432,0.039770208299160004,168.39185200024076
voc,resnet50,ig,39,19,0.05,4,2894779989879545488,valid,0.058402616451715246,0.09479655285262355,19,19,True,0.8354922533035278,0.8375272154808044,0.0020349621772766113,0.039730824530124664,168.093805999888
voc,resnet50,ig,1686,14,0.01,0,2407452988058933126,valid,0.658237266507137,0.3964101850563517,14,14,True,0.7900072932243347,0.7961750626564026,0.006167769432067871,0.007966757752001286,167.97285100028603
voc,resnet50,ig,1686,14,0.01,1,1416983024301229683,valid,0.663333896361277,0.39660450876704706,14,14,True,0.7900072932243347,0.7904726266860962,0.0004653334617614746,0.00797212403267622,168.08810499969695
voc,resnet50,ig,1686,14,0.01,2,329098390142242351,valid,0.6610119572384594,0.39660450876704706,14,14,True,0.7900072932243347,0.7781306505203247,0.01187664270401001,0.007979354821145535,168.03616800007148
voc,resnet50,ig,1686,14,0.01,3,8332520142723992066,valid,0.6790842028102251,0.41332206731446275,14,14,True,0.7900072932243347,0.7881655693054199,0.001841723918914795,0.007971532642841339,168.1928359998892
voc,resnet50,ig,1686,14,0.01,4,4678094734876851399,valid,0.6813735504466846,0.4079685746352413,14,14,True,0.7900072932243347,0.7933191061019897,0.0033118128776550293,0.00796749908477068,168.11236900002768
voc,resnet50,ig,1686,14,0.02,0,2407452988058933126,valid,0.43169381617198016,0.27102330293819654,14,14,True,0.7900072932243347,0.8061093091964722,0.01610201597213745,0.015924200415611267,168.53282500005662
voc,resnet50,ig,1686,14,0.02,1,1416983024301229683,valid,0.431263506704713,0.2663722397476341,14,14,True,0.7900072932243347,0.7973580956459045,0.007350802421569824,0.015933610498905182,168.14992099989468
voc,resnet50,ig,1686,14,0.02,2,329098390142242351,valid,0.43212137623251734,0.26143790849673204,14,14,True,0.7900072932243347,0.7854987978935242,0.004508495330810547,0.015948176383972168,168.0675960001281
voc,resnet50,ig,1686,14,0.02,3,8332520142723992066,valid,0.4590711578397382,0.27247369088373274,14,14,True,0.7900072932243347,0.7929399013519287,0.002932608127593994,0.015932364389300346,167.99163599989697
voc,resnet50,ig,1686,14,0.02,4,4678094734876851399,valid,0.4390788544811416,0.2619137432415441,14,14,True,0.7900072932243347,0.8023073673248291,0.012300074100494385,0.015926174819469452,168.05332900003123
voc,resnet50,ig,1686,14,0.05,0,2407452988058933126,valid,0.1530364346560841,0.15303308823529413,14,14,True,0.7900072932243347,0.8274226188659668,0.03741532564163208,0.03975142538547516,168.70428599986553
voc,resnet50,ig,1686,14,0.05,1,1416983024301229683,valid,0.16333718622659427,0.159408571098533,14,14,True,0.7900072932243347,0.8158606886863708,0.025853395462036133,0.039765309542417526,168.03585900015605
voc,resnet50,ig,1686,14,0.05,2,329098390142242351,valid,0.15741797728442958,0.15768831468450803,14,14,True,0.7900072932243347,0.8267173171043396,0.03671002388000488,0.039804235100746155,168.05822000014814
voc,resnet50,ig,1686,14,0.05,3,8332520142723992066,valid,0.1833605265606253,0.16440422322775264,14,14,True,0.7900072932243347,0.7975147366523743,0.007507443428039551,0.03977079316973686,168.09144900025785
voc,resnet50,ig,1686,14,0.05,4,4678094734876851399,valid,0.17773090668163116,0.15688760806916427,14,14,True,0.7900072932243347,0.8168707489967346,0.026863455772399902,0.039751797914505005,168.00066999985575
voc,resnet50,ig,5544,18,0.01,0,7605300728157470724,valid,0.27642402973711405,0.20956857073993734,18,18,True,0.8930060863494873,0.8624601364135742,0.030545949935913086,0.007968038320541382,168.6165119999714
voc,resnet50,ig,5544,18,0.01,1,7713127228031362199,valid,0.2752508834239482,0.2166060606060606,18,18,True,0.8930060863494873,0.8751658201217651,0.017840266227722168,0.007966979406774044,168.27771399994162
voc,resnet50,ig,5544,18,0.01,2,3269339992068861176,valid,0.2915491374893686,0.2167535458843496,18,18,True,0.8930060863494873,0.860023558139801,0.03298252820968628,0.007948676124215126,168.30870100011452
voc,resnet50,ig,5544,18,0.01,3,3089590639899074028,valid,0.2929493227205524,0.2173438447543966,18,18,True,0.8930060863494873,0.8592599630355835,0.03374612331390381,0.007983219809830189,168.10003600039636
voc,resnet50,ig,5544,18,0.01,4,6201695411679841990,valid,0.2834124181460309,0.22566857980217364,18,18,True,0.8930060863494873,0.8762986660003662,0.016707420349121094,0.0079830726608634,168.1136189999961
voc,resnet50,ig,5544,18,0.02,0,7605300728157470724,valid,0.14159677168503146,0.1555376467879346,18,18,True,0.8930060863494873,0.8323732614517212,0.06063282489776611,0.015858670696616173,168.63097900022694
voc,resnet50,ig,5544,18,0.02,1,7713127228031362199,valid,0.15253513944271097,0.1642500869968681,18,18,True,0.8930060863494873,0.8187330365180969,0.07427304983139038,0.01586063764989376,168.04149000017787
voc,resnet50,ig,5544,18,0.02,2,3269339992068861176,valid,0.1653762831540014,0.1602126921743151,18,18,True,0.8930060863494873,0.8417018055915833,0.05130428075790405,0.01582384668290615,168.1343680002101
voc,resnet50,ig,5544,18,0.02,3,3089590639899074028,valid,0.15374961293989872,0.1548728569784835,18,18,True,0.8930060863494873,0.8471421003341675,0.045863986015319824,0.015888629481196404,168.11965199985934
voc,resnet50,ig,5544,18,0.02,4,6201695411679841990,valid,0.13985547530975162,0.16330551692165043,18,18,True,0.8930060863494873,0.8661307692527771,0.026875317096710205,0.01589089259505272,168.10147500018502
voc,resnet50,ig,5544,18,0.05,0,7605300728157470724,valid,0.055374076620501866,0.12446784673986108,18,3,False,0.8930060863494873,0.45277100801467896,0.44023507833480835,0.03881167620420456,168.1628860001183
voc,resnet50,ig,5544,18,0.05,1,7713127228031362199,valid,0.05542183472555521,0.13258858045587904,18,14,False,0.8930060863494873,0.3989792764186859,0.4940268099308014,0.038804858922958374,168.7162069997612
voc,resnet50,ig,5544,18,0.05,2,3269339992068861176,valid,0.05737871822569123,0.121828545881301,18,14,False,0.8930060863494873,0.46434953808784485,0.42865654826164246,0.03869638592004776,168.0811259998336
voc,resnet50,ig,5544,18,0.05,3,3089590639899074028,valid,0.06685610103793749,0.13194992669448516,18,14,False,0.8930060863494873,0.4026883542537689,0.4903177320957184,0.03885634243488312,168.0353010001454
voc,resnet50,ig,5544,18,0.05,4,6201695411679841990,valid,0.05632790279219138,0.1378528511506632,18,18,True,0.8930060863494873,0.5248402953147888,0.3681657910346985,0.038869645446538925,168.14985600012733
voc,resnet50,ig,3784,1,0.01,0,568371097838651679,valid,0.5458548765185665,0.3503767491926803,1,1,True,0.8706156611442566,0.8601283431053162,0.01048731803894043,0.007813572883605957,167.979589999959
voc,resnet50,ig,3784,1,0.01,1,8730973129268750908,valid,0.5237020043723949,0.3347074468085106,1,1,True,0.8706156611442566,0.8504764437675476,0.020139217376708984,0.007821787148714066,168.10113000019555
voc,resnet50,ig,3784,1,0.01,2,4988815491858760642,valid,0.5132899826715358,0.322266139657444,1,1,True,0.8706156611442566,0.8670244216918945,0.0035912394523620605,0.007830729708075523,168.0539230001159
voc,resnet50,ig,3784,1,0.01,3,4107072592214049901,valid,0.5264661310747577,0.34224956533369,1,1,True,0.8706156611442566,0.8440693616867065,0.02654629945755005,0.007802864536643028,168.0130149998149
voc,resnet50,ig,3784,1,0.01,4,2770030334258850844,valid,0.5389278107697818,0.3521961735381299,1,1,True,0.8706156611442566,0.8633129596710205,0.007302701473236084,0.007841264829039574,168.02594599994336
voc,resnet50,ig,3784,1,0.02,0,568371097838651679,valid,0.35561035356124693,0.2465532232020867,1,1,True,0.8706156611442566,0.8429174423217773,0.027698218822479248,0.015436496585607529,168.4808760001033
voc,resnet50,ig,3784,1,0.02,1,8730973129268750908,valid,0.3352293124875412,0.23050514958312898,1,1,True,0.8706156611442566,0.840249240398407,0.03036642074584961,0.015449882484972477,168.80574599963438
voc,resnet50,ig,3784,1,0.02,2,4988815491858760642,valid,0.33752158325200854,0.23125996810207336,1,1,True,0.8706156611442566,0.8627141714096069,0.007901489734649658,0.015467796474695206,168.08869299984508
voc,resnet50,ig,3784,1,0.02,3,4107072592214049901,valid,0.34059441171550275,0.24223294962247802,1,1,True,0.8706156611442566,0.8360560536384583,0.03455960750579834,0.0154164619743824,168.0106019998675
voc,resnet50,ig,3784,1,0.02,4,2770030334258850844,valid,0.347291251665961,0.2468629643433967,1,1,True,0.8706156611442566,0.8582348227500916,0.012380838394165039,0.015484331175684929,168.15405999977884
voc,resnet50,ig,3784,1,0.05,0,568371097838651679,valid,0.1664568551387156,0.16170853107998612,1,1,True,0.8706156611442566,0.8063585758209229,0.06425708532333374,0.03768782317638397,168.0285309998908
voc,resnet50,ig,3784,1,0.05,1,8730973129268750908,valid,0.17280312165726125,0.16318961520630507,1,1,True,0.8706156611442566,0.8226391673088074,0.04797649383544922,0.03770771622657776,167.96853499999997
voc,resnet50,ig,3784,1,0.05,2,4988815491858760642,valid,0.16621896069000602,0.16036536015724362,1,1,True,0.8706156611442566,0.8334519267082214,0.037163734436035156,0.03775530308485031,168.1666959998438
voc,resnet50,ig,3784,1,0.05,3,4107072592214049901,valid,0.15409999721865522,0.15755478662053057,1,1,True,0.8706156611442566,0.8134968876838684,0.057118773460388184,0.037643466144800186,168.03183599995464
voc,resnet50,ig,3784,1,0.05,4,2770030334258850844,valid,0.17693644255684945,0.15263581026760079,1,1,True,0.8706156611442566,0.8223174810409546,0.048298180103302,0.03777756914496422,168.66585800016765
voc,resnet50,ig,6304,3,0.01,0,7830137365422260441,valid,0.2363271449011353,0.1801505174035748,3,3,True,0.9108566641807556,0.8919362425804138,0.018920421600341797,0.007777805905789137,168.0924560000676
voc,resnet50,ig,6304,3,0.01,1,4661326768319657430,valid,0.24840342851568797,0.18349056603773584,3,3,True,0.9108566641807556,0.897510826587677,0.013345837593078613,0.007801047991961241,168.63625999985743
voc,resnet50,ig,6304,3,0.01,2,6619020526136302124,valid,0.2504159263555696,0.17765782680122036,3,3,True,0.9108566641807556,0.9049685001373291,0.005888164043426514,0.007769848220050335,168.06431300028635
voc,resnet50,ig,6304,3,0.01,3,6800945400057756425,valid,0.24279963957477377,0.18528578176665092,3,3,True,0.9108566641807556,0.9054690003395081,0.005387663841247559,0.0077906036749482155,168.02454700018643
voc,resnet50,ig,6304,3,0.01,4,7042581768829889240,valid,0.23644195154463635,0.17517564402810304,3,3,True,0.9108566641807556,0.902191698551178,0.008664965629577637,0.007799931801855564,168.0678299999272
voc,resnet50,ig,6304,3,0.02,0,7830137365422260441,valid,0.0880769474992275,0.11647569251307154,3,3,True,0.9108566641807556,0.8778291344642639,0.0330275297164917,0.015163382515311241,168.06418299984216
voc,resnet50,ig,6304,3,0.02,1,4661326768319657430,valid,0.09711302841282918,0.1185911725367811,3,3,True,0.9108566641807556,0.8754982948303223,0.03535836935043335,0.01521262340247631,168.0242519996682
voc,resnet50,ig,6304,3,0.02,2,6619020526136302124,valid,0.10522165926166557,0.12967131922557407,3,3,True,0.9108566641807556,0.8976472020149231,0.01320946216583252,0.015144380740821362,168.70074100006605
voc,resnet50,ig,6304,3,0.02,3,6800945400057756425,valid,0.10832308418755311,0.12612208258527827,3,3,True,0.9108566641807556,0.8790027499198914,0.03185391426086426,0.015190238133072853,168.06704600003286
voc,resnet50,ig,6304,3,0.02,4,7042581768829889240,valid,0.09054591957893897,0.11834187653220414,3,3,True,0.9108566641807556,0.8632290363311768,0.04762762784957886,0.015201279893517494,168.05807100035963
voc,resnet50,ig,6304,3,0.05,0,7830137365422260441,valid,0.02052180985294635,0.08462120393385929,3,3,True,0.9108566641807556,0.7951514720916748,0.11570519208908081,0.03608463332056999,168.04625599979772
voc,resnet50,ig,6304,3,0.05,1,4661326768319657430,valid,0.020633924362913645,0.08438681793625068,3,3,True,0.9108566641807556,0.7931989431381226,0.11765772104263306,0.036187026649713516,168.1148480001866
voc,resnet50,ig,6304,3,0.05,2,6619020526136302124,valid,0.0314825085510934,0.09360357415277323,3,3,True,0.9108566641807556,0.8403273224830627,0.07052934169769287,0.036047544330358505,168.53780899964477
voc,resnet50,ig,6304,3,0.05,3,6800945400057756425,valid,0.020347750144164126,0.08744175967060354,3,3,True,0.9108566641807556,0.7626539468765259,0.14820271730422974,0.0361393466591835,168.13072200011447
voc,resnet50,ig,6304,3,0.05,4,7042581768829889240,valid,0.0188605846685661,0.08744175967060354,3,3,True,0.9108566641807556,0.7780618667602539,0.1327947974205017,0.03616848587989807,168.10217700003705
voc,resnet50,ig,158,2,0.01,0,3522680649187379204,valid,0.09266750382287245,0.17201915216629685,2,2,True,0.7229312658309937,0.7147785425186157,0.00815272331237793,0.007975605316460133,168.00728899988826
voc,resnet50,ig,158,2,0.01,1,419294351200179885,valid,0.08581465561147852,0.16265060240963855,2,2,True,0.7229312658309937,0.6968974471092224,0.02603381872177124,0.00796718429774046,168.13476000015726
voc,resnet50,ig,158,2,0.01,2,3028218364960125082,valid,0.08289713177972913,0.1634593090656156,2,2,True,0.7229312658309937,0.7217618227005005,0.001169443130493164,0.007969053462147713,168.7345949999326
voc,resnet50,ig,158,2,0.01,3,6052761022673377132,valid,0.08613022395322055,0.16521537211192383,2,2,True,0.7229312658309937,0.7067064642906189,0.016224801540374756,0.007990062236785889,168.0083299997932
voc,resnet50,ig,158,2,0.01,4,3347453041863134171,valid,0.09317666991512112,0.1687434494002562,2,2,True,0.7229312658309937,0.734721302986145,0.011790037155151367,0.007959375157952309,168.07671800006574
voc,resnet50,ig,158,2,0.02,0,3522680649187379204,valid,0.05396022158961817,0.1409731696225557,2,2,True,0.7229312658309937,0.6603171229362488,0.06261414289474487,0.015928965061903,167.9871319997801
voc,resnet50,ig,158,2,0.02,1,419294351200179885,valid,0.041146860964332115,0.14684036110158838,2,2,True,0.7229312658309937,0.6682138442993164,0.054717421531677246,0.015908291563391685,168.01150799983589
voc,resnet50,ig,158,2,0.02,2,3028218364960125082,valid,0.05719593414391945,0.14644733835960705,2,2,True,0.7229312658309937,0.6876977682113647,0.035233497619628906,0.01591516099870205,168.40801900025326
voc,resnet50,ig,158,2,0.02,3,6052761022673377132,valid,0.04860388744151914,0.15052160953800298,2,2,True,0.7229312658309937,0.6669636964797974,0.05596756935119629,0.01595572754740715,168.01941399990028
voc,resnet50,ig,158,2,0.02,4,3347453041863134171,valid,0.04366627704049947,0.1409731696225557,2,2,True,0.7229312658309937,0.6813750863075256,0.04155617952346802,0.015894820913672447,168.09141500016267
voc,resnet50,ig,158,2,0.05,0,3522680649187379204,valid,0.021864236685151733,0.11017699115044248,2,2,True,0.7229312658309937,0.6156993508338928,0.10723191499710083,0.039649490267038345,168.23077799972452
voc,resnet50,ig,158,2,0.05,1,419294351200179885,valid,0.01701234565542907,0.1044349070100143,2,2,True,0.7229312658309937,0.6202092170715332,0.10272204875946045,0.03958715498447418,168.15514800009623
voc,resnet50,ig,158,2,0.05,2,3028218364960125082,valid,0.023564860022856852,0.12234399463207336,2,2,True,0.7229312658309937,0.650689959526062,0.07224130630493164,0.039615146815776825,168.08885899990855
voc,resnet50,ig,158,2,0.05,3,6052761022673377132,valid,0.026258357268960038,0.11387347391786903,2,2,True,0.7229312658309937,0.612369179725647,0.11056208610534668,0.03971414640545845,169.2402530002255
voc,resnet50,ig,158,2,0.05,4,3347453041863134171,valid,0.02823433894126724,0.11473953126735532,2,2,True,0.7229312658309937,0.6386071443557739,0.08432412147521973,0.03955967351794243,168.11101499979486
voc,resnet50,ig,9571,0,0.01,0,2590450077393174903,valid,0.12198078659387004,0.12789390874353787,3,3,True,0.8506610989570618,0.82956862449646,0.021092474460601807,0.007966489531099796,167.96627799976704
voc,resnet50,ig,9571,0,0.01,1,7132724899960905381,valid,0.12213317137802104,0.129925692411619,3,3,True,0.8506610989570618,0.8038344383239746,0.04682666063308716,0.007969462312757969,168.0407029998605
voc,resnet50,ig,9571,0,0.01,2,1120045858359378571,valid,0.12065520580422671,0.121466085596156,3,3,True,0.8506610989570618,0.7417582869529724,0.10890281200408936,0.007957957684993744,168.71761199990942
voc,resnet50,ig,9571,0,0.01,3,3030323471833644395,valid,0.12333369014398747,0.12840116932763662,3,3,True,0.8506610989570618,0.7700566053390503,0.08060449361801147,0.007967817597091198,167.94301299978542
voc,resnet50,ig,9571,0,0.01,4,3981683401082662910,valid,0.12148762978205518,0.1252382554097993,3,3,True,0.8506610989570618,0.8381192088127136,0.012541890144348145,0.007993013598024845,167.99758799970732
voc,resnet50,ig,9571,0,0.02,0,2590450077393174903,valid,0.050452659053676234,0.1034634414513469,3,0,False,0.8506610989570618,0.8547049760818481,0.004043877124786377,0.015918999910354614,168.06865299986384
voc,resnet50,ig,9571,0,0.02,1,7132724899960905381,valid,0.046208054720560256,0.09959460940067931,3,3,True,0.8506610989570618,0.77753084897995,0.07313024997711182,0.015923870727419853,167.87274599982993
voc,resnet50,ig,9571,0,0.02,2,1120045858359378571,valid,0.051425045464123666,0.09599213716282626,3,3,True,0.8506610989570618,0.7264609336853027,0.12420016527175903,0.015901245176792145,167.9670220000844
voc,resnet50,ig,9571,0,0.02,3,3030323471833644395,valid,0.06266988128755982,0.10213046343070503,3,0,False,0.8506610989570618,0.8038405776023865,0.04682052135467529,0.01591871678829193,168.79361199971754
voc,resnet50,ig,9571,0,0.02,4,3981683401082662910,valid,0.05305950681570107,0.10601719197707736,3,0,False,0.8506610989570618,0.733081042766571,0.11758005619049072,0.015971817076206207,168.10340399979395
voc,resnet50,ig,9571,0,0.05,0,2590450077393174903,valid,0.020413162401181385,0.08450399827101794,3,0,False,0.8506610989570618,0.7473593950271606,0.10330170392990112,0.039323944598436356,168.05644699979894
voc,resnet50,ig,9571,0,0.05,1,7132724899960905381,valid,0.016411267989707615,0.08380129589632829,3,3,True,0.8506610989570618,0.7858651280403137,0.06479597091674805,0.03933391720056534,167.9634500001157
voc,resnet50,ig,9571,0,0.05,2,1120045858359378571,valid,0.004432367914119443,0.07832814010959493,3,3,True,0.8506610989570618,0.7372266054153442,0.11343449354171753,0.03928672522306442,168.02120900001682
voc,resnet50,ig,9571,0,0.05,3,3030323471833644395,valid,0.02469669097655917,0.08649994586987117,3,0,False,0.8506610989570618,0.7937073707580566,0.05695372819900513,0.039305128157138824,169.24133999964397
voc,resnet50,ig,9571,0,0.05,4,3981683401082662910,valid,0.011185624885251728,0.08263214670981661,3,0,False,0.8506610989570618,0.6927737593650818,0.15788733959197998,0.03946685418486595,168.1134979999115
voc,resnet50,gradcam,8173,18,0.01,0,2568184002337986066,valid,0.9699691595266461,0.933718689788054,18,18,True,0.9120569229125977,0.9003903269767761,0.011666595935821533,0.0079937893897295,7.863154999995459
voc,resnet50,gradcam,8173,18,0.01,1,2700930089002217196,valid,0.9522758895264164,0.9620723362658846,18,18,True,0.9120569229125977,0.9092952609062195,0.002761662006378174,0.007999799214303493,7.959712000229047
voc,resnet50,gradcam,8173,18,0.01,2,6274773280352562869,valid,0.9595059066076408,0.96015625,18,18,True,0.9120569229125977,0.8972561955451965,0.014800727367401123,0.007960746064782143,7.986681000147655
voc,resnet50,gradcam,8173,18,0.01,3,7384397133206063386,valid,0.9617299636385321,0.9065349544072948,18,18,True,0.9120569229125977,0.9031753540039062,0.008881568908691406,0.007985936477780342,8.012678999875789
voc,resnet50,gradcam,8173,18,0.01,4,7207923362354915897,valid,0.9659942169699892,0.9159984726995036,18,18,True,0.9120569229125977,0.907998263835907,0.004058659076690674,0.007974105887115002,7.977583999945637
voc,resnet50,gradcam,8173,18,0.02,0,2568184002337986066,valid,0.9700039005266693,0.8020814642024044,18,18,True,0.9120569229125977,0.8877795934677124,0.024277329444885254,0.015986844897270203,8.001354000043648
voc,resnet50,gradcam,8173,18,0.02,1,2700930089002217196,valid,0.966320728282842,0.913076629813191,18,18,True,0.9120569229125977,0.901524007320404,0.010532915592193604,0.0159994475543499,7.95482900002753
voc,resnet50,gradcam,8173,18,0.02,2,6274773280352562869,valid,0.9308189701721511,0.9207655502392345,18,18,True,0.9120569229125977,0.883841335773468,0.02821558713912964,0.015921199694275856,7.971036000071763
voc,resnet50,gradcam,8173,18,0.02,3,7384397133206063386,valid,0.9685053285196766,0.8277180841376799,18,18,True,0.9120569229125977,0.8666033744812012,0.045453548431396484,0.01597117818892002,7.9541510003764415
voc,resnet50,gradcam,8173,18,0.02,4,7207923362354915897,valid,0.9633903130048626,0.8161418747737966,18,18,True,0.9120569229125977,0.89149010181427,0.020566821098327637,0.015947604551911354,8.007122999970306
voc,resnet50,gradcam,8173,18,0.05,0,2568184002337986066,valid,0.950635766649371,0.6463254593175853,18,18,True,0.9120569229125977,0.8323749303817749,0.07968199253082275,0.039922621101140976,7.947607999994943
voc,resnet50,gradcam,8173,18,0.05,1,2700930089002217196,valid,0.9313888439013775,0.6978514633733717,18,18,True,0.9120569229125977,0.8181718587875366,0.09388506412506104,0.03995046019554138,7.948537999709515
voc,resnet50,gradcam,8173,18,0.05,2,6274773280352562869,valid,0.9136133075372658,0.5998724693129284,18,18,True,0.9120569229125977,0.73525071144104,0.17680621147155762,0.03976215422153473,7.9775199997129675
voc,resnet50,gradcam,8173,18,0.05,3,7384397133206063386,valid,0.8915101930604278,0.6321353065539113,18,18,True,0.9120569229125977,0.8216752409934998,0.0903816819190979,0.03988462686538696,7.996942999852763
voc,resnet50,gradcam,8173,18,0.05,4,7207923362354915897,valid,0.957626711018101,0.6257897294670338,18,18,True,0.9120569229125977,0.8148831725120544,0.09717375040054321,0.03982752934098244,7.972533000156545
voc,resnet50,gradcam,8927,9,0.01,0,2972210994312305306,valid,0.8137124867863601,0.9396984924623115,9,9,True,0.8023180961608887,0.7989686727523804,0.0033494234085083008,0.007874696515500546,7.808124999883148
voc,resnet50,gradcam,8927,9,0.01,1,3098727151507634343,valid,0.8399081673691287,0.956716708910119,9,9,True,0.8023180961608887,0.7931466698646545,0.00917142629623413,0.007880324497818947,8.011712999632437
voc,resnet50,gradcam,8927,9,0.01,2,3156827023830551964,valid,0.8071162795266388,0.9415747726833044,9,9,True,0.8023180961608887,0.7773630619049072,0.024955034255981445,0.00786841195076704,7.951735999995435
voc,resnet50,gradcam,8927,9,0.01,3,2568375632386903713,valid,0.8248056577585879,0.9559540050672384,9,9,True,0.8023180961608887,0.789556622505188,0.012761473655700684,0.007866031490266323,7.938142000057269
voc,resnet50,gradcam,8927,9,0.01,4,487923459527200765,valid,0.8160392301937934,0.9483595418365366,9,9,True,0.8023180961608887,0.7954735159873962,0.006844580173492432,0.007851235568523407,7.932995999908599
voc,resnet50,gradcam,8927,9,0.02,0,2972210994312305306,valid,0.8029448356292107,0.9404485692188709,9,9,True,0.8023180961608887,0.8013591766357422,0.0009589195251464844,0.015645310282707214,8.010188000298513
voc,resnet50,gradcam,8927,9,0.02,1,3098727151507634343,valid,0.8432915809555828,0.9555728760717069,9,9,True,0.8023180961608887,0.7887252569198608,0.013592839241027832,0.01565573737025261,7.9659099997115845
voc,resnet50,gradcam,8927,9,0.02,2,3156827023830551964,valid,0.8278091929118979,0.9389489953632149,9,9,True,0.8023180961608887,0.7790072560310364,0.023310840129852295,0.015634359791874886,7.935871999961819
voc,resnet50,gradcam,8927,9,0.02,3,2568375632386903713,valid,0.8297439585504468,0.9419504643962848,9,9,True,0.8023180961608887,0.8218619227409363,0.019543826580047607,0.015630396082997322,7.942569000078947
voc,resnet50,gradcam,8927,9,0.02,4,487923459527200765,valid,0.8529771843104361,0.9393236714975846,9,9,True,0.8023180961608887,0.7887504696846008,0.013567626476287842,0.015598692931234837,7.941284000025917
voc,resnet50,gradcam,8927,9,0.05,0,2972210994312305306,valid,0.8084930462297899,0.8989593188268685,9,16,False,0.8023180961608887,0.6089769601821899,0.19334113597869873,0.03866233676671982,7.9451409997091105
voc,resnet50,gradcam,8927,9,0.05,1,3098727151507634343,valid,0.7601893863963431,0.8128612716763006,9,16,False,0.8023180961608887,0.5392105579376221,0.2631075382232666,0.03869455307722092,7.948214999942138
voc,resnet50,gradcam,8927,9,0.05,2,3156827023830551964,valid,0.80966515347893,0.8564557898631151,9,16,False,0.8023180961608887,0.6551372408866882,0.14718085527420044,0.03862766548991203,7.992152000042552
voc,resnet50,gradcam,8927,9,0.05,3,2568375632386903713,valid,0.833790193406391,0.9116190476190477,9,9,True,0.8023180961608887,0.7427765727043152,0.059541523456573486,0.038631781935691833,8.002278999811097
voc,resnet50,gradcam,8927,9,0.05,4,487923459527200765,valid,0.885065472176876,0.8914436486995854,9,9,True,0.8023180961608887,0.718119740486145,0.08419835567474365,0.03853814676403999,7.91783700015003
voc,resnet50,gradcam,5803,10,0.01,0,3852546974185743096,valid,0.9718537523629094,0.8458708846790509,8,8,True,0.8585192561149597,0.8632813096046448,0.004762053489685059,0.007959626615047455,7.827999000255659
voc,resnet50,gradcam,5803,10,0.01,1,2371425837951975359,valid,0.974648753132563,0.7943858394421598,8,8,True,0.8585192561149597,0.8616070747375488,0.0030878186225891113,0.007964682765305042,7.955974000196875
voc,resnet50,gradcam,5803,10,0.01,2,6461432094931278540,valid,0.9903040491364816,0.8043869111830277,8,8,True,0.8585192561149597,0.8776903748512268,0.01917111873626709,0.007959211245179176,8.009019999917655
voc,resnet50,gradcam,5803,10,0.01,3,7926371796250851087,valid,0.9805956137723604,0.8370858502654219,8,8,True,0.8585192561149597,0.8896238207817078,0.031104564666748047,0.007983485236763954,7.957904000249982
voc,resnet50,gradcam,5803,10,0.01,4,2273525925788181717,valid,0.9823042352559104,0.7810115350488022,8,8,True,0.8585192561149597,0.871742844581604,0.013223588466644287,0.007958859205245972,7.938987000216002
voc,resnet50,gradcam,5803,10,0.02,0,3852546974185743096,valid,0.9164453015334576,0.7530131004366812,8,8,True,0.8585192561149597,0.8134123086929321,0.04510694742202759,0.015908069908618927,7.929945999876509
voc,resnet50,gradcam,5803,10,0.02,1,2371425837951975359,valid,0.9576844743963657,0.817457442955451,8,8,True,0.8585192561149597,0.832683801651001,0.02583545446395874,0.015916859731078148,7.940044999941165
voc,resnet50,gradcam,5803,10,0.02,2,6461432094931278540,valid,0.9713924668677778,0.8008254082181949,8,8,True,0.8585192561149597,0.8582205176353455,0.0002987384796142578,0.015904279425740242,7.960434000324312
voc,resnet50,gradcam,5803,10,0.02,3,7926371796250851087,valid,0.9628572242200772,0.7375346260387812,8,8,True,0.8585192561149597,0.8497999310493469,0.008719325065612793,0.015955382958054543,7.9564080001546245
voc,resnet50,gradcam,5803,10,0.02,4,2273525925788181717,valid,0.9417962992943115,0.7892672490640043,8,8,True,0.8585192561149597,0.823093056678772,0.035426199436187744,0.015904858708381653,8.027246000438026
voc,resnet50,gradcam,5803,10,0.05,0,3852546974185743096,valid,0.8788073769193291,0.7146762344097044,8,8,True,0.8585192561149597,0.6968147158622742,0.16170454025268555,0.03945458307862282,8.016669999960868
voc,resnet50,gradcam,5803,10,0.05,1,2371425837951975359,valid,0.8900307509218036,0.6684954280964256,8,8,True,0.8585192561149597,0.683633029460907,0.17488622665405273,0.03948044404387474,7.956887000091228
voc,resnet50,gradcam,5803,10,0.05,2,6461432094931278540,valid,0.9335380541200803,0.72885443583118,8,8,True,0.8585192561149597,0.7266538739204407,0.13186538219451904,0.03945866972208023,7.969349000177317
voc,resnet50,gradcam,5803,10,0.05,3,7926371796250851087,valid,0.8947520745625874,0.6401372773328975,8,8,True,0.8585192561149597,0.725556492805481,0.13296276330947876,0.03957448899745941,7.92517299987594
voc,resnet50,gradcam,5803,10,0.05,4,2273525925788181717,valid,0.8485824537360176,0.7108762359359018,8,8,True,0.8585192561149597,0.6716179847717285,0.1869012713432312,0.03945562615990639,7.936265999887837
voc,resnet50,gradcam,39,19,0.01,0,2479825858614679456,valid,0.9866200271963914,0.8277180841376799,19,19,True,0.8354922533035278,0.8439574837684631,0.008465230464935303,0.007968374527990818,7.838030000129947
voc,resnet50,gradcam,39,19,0.01,1,2409326931739155617,valid,0.986187535383092,0.8327246165084002,19,19,True,0.8354922533035278,0.8433637619018555,0.007871508598327637,0.007987383753061295,8.00970000000234
voc,resnet50,gradcam,39,19,0.01,2,6067917643963702541,valid,0.981700853231133,0.7728316551845964,19,19,True,0.8354922533035278,0.8412740230560303,0.005781769752502441,0.007974721491336823,7.95343200024945
voc,resnet50,gradcam,39,19,0.01,3,3836945159140576186,valid,0.9850519577739563,0.8280510018214936,19,19,True,0.8354922533035278,0.8410859704017639,0.005593717098236084,0.00796017237007618,8.023477000278945
voc,resnet50,gradcam,39,19,0.01,4,2894779989879545488,valid,0.9809750364763711,0.7672125374185597,19,19,True,0.8354922533035278,0.8439722061157227,0.008479952812194824,0.007952241227030754,7.949068000016268
voc,resnet50,gradcam,39,19,0.02,0,2479825858614679456,valid,0.9581337204723667,0.7870370370370371,19,19,True,0.8354922533035278,0.855669379234314,0.020177125930786133,0.015936193987727165,7.957726000313414
voc,resnet50,gradcam,39,19,0.02,1,2409326931739155617,valid,0.9606912576439737,0.6898467755514396,19,19,True,0.8354922533035278,0.8499399423599243,0.014447689056396484,0.015974445268511772,7.950983999762684
voc,resnet50,gradcam,39,19,0.02,2,6067917643963702541,valid,0.9538770857791647,0.6487596517167734,19,19,True,0.8354922533035278,0.8491650819778442,0.013672828674316406,0.015948740765452385,7.945383999867772
voc,resnet50,gradcam,39,19,0.02,3,3836945159140576186,valid,0.9632836501485947,0.8243955644428286,19,19,True,0.8354922533035278,0.8529958724975586,0.01750361919403076,0.01591968908905983,9.982583000237355
voc,resnet50,gradcam,39,19,0.02,4,2894779989879545488,valid,0.9494678938102324,0.644706653556211,19,19,True,0.8354922533035278,0.8474916815757751,0.011999428272247314,0.015903783962130547,8.054743000229792
voc,resnet50,gradcam,39,19,0.05,0,2479825858614679456,valid,0.9360062890532509,0.6428220658045507,19,19,True,0.8354922533035278,0.8585395812988281,0.023047327995300293,0.03981241211295128,7.9603919998589845
voc,resnet50,gradcam,39,19,0.05,1,2409326931739155617,valid,0.9024154107719081,0.6361265079882621,19,19,True,0.8354922533035278,0.841086208820343,0.0055939555168151855,0.039907168596982956,7.994547000180319
voc,resnet50,gradcam,39,19,0.05,2,6067917643963702541,valid,0.9056007284022942,0.6078180070490228,19,19,True,0.8354922533035278,0.8540414571762085,0.018549203872680664,0.03984615579247475,7.964691999859497
voc,resnet50,gradcam,39,19,0.05,3,3836945159140576186,valid,0.9093739911957639,0.7690816146659616,19,19,True,0.8354922533035278,0.8408414721488953,0.005349218845367432,0.039770208299160004,7.990761999735696
voc,resnet50,gradcam,39,19,0.05,4,2894779989879545488,valid,0.8756674551024392,0.6085911203718545,19,19,True,0.8354922533035278,0.8375272154808044,0.0020349621772766113,0.039730824530124664,7.940461000089272
voc,resnet50,gradcam,1686,14,0.01,0,2407452988058933126,valid,0.9948659174500974,0.9540498442367601,14,14,True,0.7900072932243347,0.7961750626564026,0.006167769432067871,0.007966757752001286,7.830449999801203
voc,resnet50,gradcam,1686,14,0.01,1,1416983024301229683,valid,0.99278275187517,0.9248177982355198,14,14,True,0.7900072932243347,0.7904726266860962,0.0004653334617614746,0.00797212403267622,7.982405999882758
voc,resnet50,gradcam,1686,14,0.01,2,329098390142242351,valid,0.9961920058041402,0.9288871804728042,14,14,True,0.7900072932243347,0.7781306505203247,0.01187664270401001,0.007979354821145535,7.939220000025671
voc,resnet50,gradcam,1686,14,0.01,3,8332520142723992066,valid,0.9926975033689088,0.9483595418365366,14,14,True,0.7900072932243347,0.7881655693054199,0.001841723918914795,0.007971532642841339,7.982837999861658
voc,resnet50,gradcam,1686,14,0.01,4,4678094734876851399,valid,0.9932172894057864,0.9586260733801717,14,14,True,0.7900072932243347,0.7933191061019897,0.0033118128776550293,0.00796749908477068,7.956452999678731
voc,resnet50,gradcam,1686,14,0.02,0,2407452988058933126,valid,0.9819770726008228,0.911983234901886,14,14,True,0.7900072932243347,0.8061093091964722,0.01610201597213745,0.015924200415611267,7.933100999707676
voc,resnet50,gradcam,1686,14,0.02,1,1416983024301229683,valid,0.9844309689674174,0.8779940119760479,14,14,True,0.7900072932243347,0.7973580956459045,0.007350802421569824,0.015933610498905182,7.9234100003304775
voc,resnet50,gradcam,1686,14,0.02,2,329098390142242351,valid,0.9756366457848594,0.855083179297597,14,14,True,0.7900072932243347,0.7854987978935242,0.004508495330810547,0.015948176383972168,7.941505999951914
voc,resnet50,gradcam,1686,14,0.02,3,8332520142723992066,valid,0.9915096895578166,0.9479813664596274,14,14,True,0.7900072932243347,0.7929399013519287,0.002932608127593994,0.015932364389300346,7.951827999931993
voc,resnet50,gradcam,1686,14,0.02,4,4678094734876851399,valid,0.9721553083777436,0.9281460134486071,14,14,True,0.7900072932243347,0.8023073673248291,0.012300074100494385,0.015926174819469452,8.01940100018328
voc,resnet50,gradcam,1686,14,0.05,0,2407452988058933126,valid,0.9542654976821158,0.817457442955451,14,14,True,0.7900072932243347,0.8274226188659668,0.03741532564163208,0.03975142538547516,7.947434000016074
voc,resnet50,gradcam,1686,14,0.05,1,1416983024301229683,valid,0.9734995596513721,0.8037383177570093,14,14,True,0.7900072932243347,0.8158606886863708,0.025853395462036133,0.039765309542417526,8.042573999773595
voc,resnet50,gradcam,1686,14,0.05,2,329098390142242351,valid,0.949851678408728,0.7982440422863286,14,14,True,0.7900072932243347,0.8267173171043396,0.03671002388000488,0.039804235100746155,7.966166000187513
voc,resnet50,gradcam,1686,14,0.05,3,8332520142723992066,valid,0.9827938280913686,0.8794007490636704,14,14,True,0.7900072932243347,0.7975147366523743,0.007507443428039551,0.03977079316973686,7.956379000006564
voc,resnet50,gradcam,1686,14,0.05,4,4678094734876851399,valid,0.9601480363967291,0.8713406675368264,14,14,True,0.7900072932243347,0.8168707489967346,0.026863455772399902,0.039751797914505005,7.9361399998560955
voc,resnet50,gradcam,5544,18,0.01,0,7605300728157470724,valid,0.9774594677993311,0.9506316812439262,18,18,True,0.8930060863494873,0.8624601364135742,0.030545949935913086,0.007968038320541382,7.792824000262044
voc,resnet50,gradcam,5544,18,0.01,1,7713127228031362199,valid,0.9770841955889346,0.9159984726995036,18,18,True,0.8930060863494873,0.8751658201217651,0.017840266227722168,0.007966979406774044,7.94595900015338
voc,resnet50,gradcam,5544,18,0.01,2,3269339992068861176,valid,0.963585679984755,0.9468477206595538,18,18,True,0.8930060863494873,0.860023558139801,0.03298252820968628,0.007948676124215126,7.935137000004033
voc,resnet50,gradcam,5544,18,0.01,3,3089590639899074028,valid,0.9556898944143652,0.9415747726833044,18,18,True,0.8930060863494873,0.8592599630355835,0.03374612331390381,0.007983219809830189,7.94394900003681
voc,resnet50,gradcam,5544,18,0.01,4,6201695411679841990,valid,0.9749107189277212,0.9163643307236967,18,18,True,0.8930060863494873,0.8762986660003662,0.016707420349121094,0.0079830726608634,8.687367000220547
voc,resnet50,gradcam,5544,18,0.02,0,7605300728157470724,valid,0.9179541032646279,0.9415747726833044,18,18,True,0.8930060863494873,0.8323732614517212,0.06063282489776611,0.015858670696616173,8.011918000192964
voc,resnet50,gradcam,5544,18,0.02,1,7713127228031362199,valid,0.913641908826702,0.8996782131364754,18,18,True,0.8930060863494873,0.8187330365180969,0.07427304983139038,0.01586063764989376,7.968648999849393
voc,resnet50,gradcam,5544,18,0.02,2,3269339992068861176,valid,0.8649181309521204,0.9189292543021033,18,18,True,0.8930060863494873,0.8417018055915833,0.05130428075790405,0.01582384668290615,7.933145000151853
voc,resnet50,gradcam,5544,18,0.02,3,3089590639899074028,valid,0.8632327760877005,0.93,18,18,True,0.8930060863494873,0.8471421003341675,0.045863986015319824,0.015888629481196404,7.932604000416177
voc,resnet50,gradcam,5544,18,0.02,4,6201695411679841990,valid,0.881854770462952,0.8630035270094673,18,18,True,0.8930060863494873,0.8661307692527771,0.026875317096710205,0.01589089259505272,7.936541000162833
voc,resnet50,gradcam,5544,18,0.05,0,7605300728157470724,valid,0.794931203568739,0.5123568414707655,18,3,False,0.8930060863494873,0.45277100801467896,0.44023507833480835,0.03881167620420456,7.94356999995216
voc,resnet50,gradcam,5544,18,0.05,1,7713127228031362199,valid,0.7153824727299145,0.8043869111830277,18,14,False,0.8930060863494873,0.3989792764186859,0.4940268099308014,0.038804858922958374,7.941053999729775
voc,resnet50,gradcam,5544,18,0.05,2,3269339992068861176,valid,0.6555773518985346,0.7731448763250883,18,14,False,0.8930060863494873,0.46434953808784485,0.42865654826164246,0.03869638592004776,7.9360559998349345
voc,resnet50,gradcam,5544,18,0.05,3,3089590639899074028,valid,0.5490955518851164,0.7860829329062111,18,14,False,0.8930060863494873,0.4026883542537689,0.4903177320957184,0.03885634243488312,7.944778999899427
voc,resnet50,gradcam,5544,18,0.05,4,6201695411679841990,valid,0.7350496934492188,0.6729454909151525,18,18,True,0.8930060863494873,0.5248402953147888,0.3681657910346985,0.038869645446538925,7.947458000217011
voc,resnet50,gradcam,3784,1,0.01,0,568371097838651679,valid,0.9844725892587459,0.8323899945225488,1,1,True,0.8706156611442566,0.8601283431053162,0.01048731803894043,0.007813572883605957,7.866482999816071
voc,resnet50,gradcam,3784,1,0.01,1,8730973129268750908,valid,0.977940630662698,0.7921428571428571,1,1,True,0.8706156611442566,0.8504764437675476,0.020139217376708984,0.007821787148714066,7.93551100014156
voc,resnet50,gradcam,3784,1,0.01,2,4988815491858760642,valid,0.9829158401043043,0.8177866328563665,1,1,True,0.8706156611442566,0.8670244216918945,0.0035912394523620605,0.007830729708075523,7.932328000151756
voc,resnet50,gradcam,3784,1,0.01,3,4107072592214049901,valid,0.980875883413767,0.7895863052781741,1,1,True,0.8706156611442566,0.8440693616867065,0.02654629945755005,0.007802864536643028,7.97157499982859
voc,resnet50,gradcam,3784,1,0.01,4,2770030334258850844,valid,0.977906273835346,0.9003976519598561,1,1,True,0.8706156611442566,0.8633129596710205,0.007302701473236084,0.007841264829039574,7.9414599999836355
voc,resnet50,gradcam,3784,1,0.02,0,568371097838651679,valid,0.9645790101913676,0.7886294778114418,1,1,True,0.8706156611442566,0.8429174423217773,0.027698218822479248,0.015436496585607529,7.928580999760015
voc,resnet50,gradcam,3784,1,0.02,1,8730973129268750908,valid,0.973951183782014,0.5784837999370871,1,1,True,0.8706156611442566,0.840249240398407,0.03036642074584961,0.015449882484972477,7.937032999961957
voc,resnet50,gradcam,3784,1,0.02,2,4988815491858760642,valid,0.978744219705714,0.684175197180735,1,1,True,0.8706156611442566,0.8627141714096069,0.007901489734649658,0.015467796474695206,7.9081839999162185
voc,resnet50,gradcam,3784,1,0.02,3,4107072592214049901,valid,0.9816529215715636,0.6751794358203973,1,1,True,0.8706156611442566,0.8360560536384583,0.03455960750579834,0.0154164619743824,8.005822000086482
voc,resnet50,gradcam,3784,1,0.02,4,2770030334258850844,valid,0.9863019953235983,0.7819602272727273,1,1,True,0.8706156611442566,0.8582348227500916,0.012380838394165039,0.015484331175684929,7.960961999742722
voc,resnet50,gradcam,3784,1,0.05,0,568371097838651679,valid,0.981850468543004,0.6042199488491049,1,1,True,0.8706156611442566,0.8063585758209229,0.06425708532333374,0.03768782317638397,8.50250599978608
voc,resnet50,gradcam,3784,1,0.05,1,8730973129268750908,valid,0.9625976624865838,0.47393156116904095,1,1,True,0.8706156611442566,0.8226391673088074,0.04797649383544922,0.03770771622657776,7.991545000095357
voc,resnet50,gradcam,3784,1,0.05,2,4988815491858760642,valid,0.9503478904701748,0.5932687728210827,1,1,True,0.8706156611442566,0.8334519267082214,0.037163734436035156,0.03775530308485031,7.958486999996239
voc,resnet50,gradcam,3784,1,0.05,3,4107072592214049901,valid,0.9604652655208437,0.3987456445993031,1,1,True,0.8706156611442566,0.8134968876838684,0.057118773460388184,0.037643466144800186,7.927803999791649
voc,resnet50,gradcam,3784,1,0.05,4,2770030334258850844,valid,0.9602786385137422,0.5678800187470707,1,1,True,0.8706156611442566,0.8223174810409546,0.048298180103302,0.03777756914496422,7.941235000089364
voc,resnet50,gradcam,6304,3,0.01,0,7830137365422260441,valid,0.9588321957026045,0.9586260733801717,3,3,True,0.9108566641807556,0.8919362425804138,0.018920421600341797,0.007777805905789137,7.839357999728236
voc,resnet50,gradcam,6304,3,0.01,1,4661326768319657430,valid,0.914073033275709,0.950252623396813,3,3,True,0.9108566641807556,0.897510826587677,0.013345837593078613,0.007801047991961241,7.91277700000137
voc,resnet50,gradcam,6304,3,0.01,2,6619020526136302124,valid,0.9497021577218359,0.9521493872787395,3,3,True,0.9108566641807556,0.9049685001373291,0.005888164043426514,0.007769848220050335,7.9220110001188
voc,resnet50,gradcam,6304,3,0.01,3,6800945400057756425,valid,0.9278276821118646,0.9521493872787395,3,3,True,0.9108566641807556,0.9054690003395081,0.005387663841247559,0.0077906036749482155,7.974121000188461
voc,resnet50,gradcam,6304,3,0.01,4,7042581768829889240,valid,0.9509050805827981,0.9555728760717069,3,3,True,0.9108566641807556,0.902191698551178,0.008664965629577637,0.007799931801855564,7.946491999973659
voc,resnet50,gradcam,6304,3,0.02,0,7830137365422260441,valid,0.7921386021054629,0.8846948356807511,3,3,True,0.9108566641807556,0.8778291344642639,0.0330275297164917,0.015163382515311241,7.9320670001834515
voc,resnet50,gradcam,6304,3,0.02,1,4661326768319657430,valid,0.7071422468038043,0.9003976519598561,3,3,True,0.9108566641807556,0.8754982948303223,0.03535836935043335,0.01521262340247631,7.933183000204735
voc,resnet50,gradcam,6304,3,0.02,2,6619020526136302124,valid,0.7972431435424455,0.9029199848312476,3,3,True,0.9108566641807556,0.8976472020149231,0.01320946216583252,0.015144380740821362,7.923933999791188
voc,resnet50,gradcam,6304,3,0.02,3,6800945400057756425,valid,0.7364503180674655,0.9167303284950343,3,3,True,0.9108566641807556,0.8790027499198914,0.03185391426086426,0.015190238133072853,8.015817000341485
voc,resnet50,gradcam,6304,3,0.02,4,7042581768829889240,valid,0.7316074623139255,0.877642656688494,3,3,True,0.9108566641807556,0.8632290363311768,0.04762762784957886,0.015201279893517494,7.915607000086311
voc,resnet50,gradcam,6304,3,0.05,0,7830137365422260441,valid,0.61179045767846,0.7982440422863286,3,3,True,0.9108566641807556,0.7951514720916748,0.11570519208908081,0.03608463332056999,7.926796999981889
voc,resnet50,gradcam,6304,3,0.05,1,4661326768319657430,valid,0.5404788218847125,0.7816438842535062,3,3,True,0.9108566641807556,0.7931989431381226,0.11765772104263306,0.036187026649713516,7.983148000221263
voc,resnet50,gradcam,6304,3,0.05,2,6619020526136302124,valid,0.6453583378357146,0.7759688550698991,3,3,True,0.9108566641807556,0.8403273224830627,0.07052934169769287,0.036047544330358505,7.92841500015129
voc,resnet50,gradcam,6304,3,0.05,3,6800945400057756425,valid,0.5313554446634112,0.8247272727272728,3,3,True,0.9108566641807556,0.7626539468765259,0.14820271730422974,0.0361393466591835,7.914123999853473
voc,resnet50,gradcam,6304,3,0.05,4,7042581768829889240,valid,0.5584670627107188,0.8699459660890628,3,3,True,0.9108566641807556,0.7780618667602539,0.1327947974205017,0.03616848587989807,7.916344000022946
voc,resnet50,gradcam,158,2,0.01,0,3522680649187379204,valid,0.8931648420265685,0.8364135407136322,2,2,True,0.7229312658309937,0.7147785425186157,0.00815272331237793,0.007975605316460133,7.861014000354771
voc,resnet50,gradcam,158,2,0.01,1,419294351200179885,valid,0.9334540800116313,0.8744863653343294,2,2,True,0.7229312658309937,0.6968974471092224,0.02603381872177124,0.00796718429774046,7.937118999961967
voc,resnet50,gradcam,158,2,0.01,2,3028218364960125082,valid,0.8739774102102305,0.8706430568499534,2,2,True,0.7229312658309937,0.7217618227005005,0.001169443130493164,0.007969053462147713,7.9392479997295595
voc,resnet50,gradcam,158,2,0.01,3,6052761022673377132,valid,0.8880525481780513,0.8380952380952381,2,2,True,0.7229312658309937,0.7067064642906189,0.016224801540374756,0.007990062236785889,7.984361999660905
voc,resnet50,gradcam,158,2,0.01,4,3347453041863134171,valid,0.9084527950948829,0.8797527626896423,2,2,True,0.7229312658309937,0.734721302986145,0.011790037155151367,0.007959375157952309,7.948246000069048
voc,resnet50,gradcam,158,2,0.02,0,3522680649187379204,valid,0.8542266398047582,0.7161885245901639,2,2,True,0.7229312658309937,0.6603171229362488,0.06261414289474487,0.015928965061903,7.912886000212893
voc,resnet50,gradcam,158,2,0.02,1,419294351200179885,valid,0.883138905887218,0.774598127539304,2,2,True,0.7229312658309937,0.6682138442993164,0.054717421531677246,0.015908291563391685,7.936275999782083
voc,resnet50,gradcam,158,2,0.02,2,3028218364960125082,valid,0.8295180429861522,0.7975998567078632,2,2,True,0.7229312658309937,0.6876977682113647,0.035233497619628906,0.01591516099870205,7.999942999958876
voc,resnet50,gradcam,158,2,0.02,3,6052761022673377132,valid,0.8457829272691568,0.7455271842973771,2,2,True,0.7229312658309937,0.6669636964797974,0.05596756935119629,0.01595572754740715,7.950185000026977
voc,resnet50,gradcam,158,2,0.02,4,3347453041863134171,valid,0.9162716035104939,0.8320554947060971,2,2,True,0.7229312658309937,0.6813750863075256,0.04155617952346802,0.015894820913672447,7.944310999846493
voc,resnet50,gradcam,158,2,0.05,0,3522680649187379204,valid,0.7996025775739434,0.5281155015197568,2,2,True,0.7229312658309937,0.6156993508338928,0.10723191499710083,0.039649490267038345,8.008636999875307
voc,resnet50,gradcam,158,2,0.05,1,419294351200179885,valid,0.7782731623430236,0.6455156583046401,2,2,True,0.7229312658309937,0.6202092170715332,0.10272204875946045,0.03958715498447418,7.938983999792981
voc,resnet50,gradcam,158,2,0.05,2,3028218364960125082,valid,0.7894630798453531,0.6135048231511254,2,2,True,0.7229312658309937,0.650689959526062,0.07224130630493164,0.039615146815776825,7.936057000279106
voc,resnet50,gradcam,158,2,0.05,3,6052761022673377132,valid,0.7858024607109003,0.5982810759191469,2,2,True,0.7229312658309937,0.612369179725647,0.11056208610534668,0.03971414640545845,7.9495949999
voc,resnet50,gradcam,158,2,0.05,4,3347453041863134171,valid,0.806098357184725,0.6168841630417271,2,2,True,0.7229312658309937,0.6386071443557739,0.08432412147521973,0.03955967351794243,7.942477999677067
voc,resnet50,gradcam,9571,0,0.01,0,2590450077393174903,valid,0.8763306294914,0.800502332256907,3,3,True,0.8506610989570618,0.82956862449646,0.021092474460601807,0.007966489531099796,7.806990000062797
voc,resnet50,gradcam,9571,0,0.01,1,7132724899960905381,valid,0.7825865969425952,0.8187749184487133,3,3,True,0.8506610989570618,0.8038344383239746,0.04682666063308716,0.007969462312757969,7.9882439999892085
voc,resnet50,gradcam,9571,0,0.01,2,1120045858359378571,valid,0.7589620671660469,0.7659686785148689,3,3,True,0.8506610989570618,0.7417582869529724,0.10890281200408936,0.007957957684993744,7.943780000005063
voc,resnet50,gradcam,9571,0,0.01,3,3030323471833644395,valid,0.7577770359180908,0.827052612415802,3,3,True,0.8506610989570618,0.7700566053390503,0.08060449361801147,0.007967817597091198,7.986400999925536
voc,resnet50,gradcam,9571,0,0.01,4,3981683401082662910,valid,0.8286469221134565,0.8968058968058968,3,3,True,0.8506610989570618,0.8381192088127136,0.012541890144348145,0.007993013598024845,7.952236000164703
voc,resnet50,gradcam,9571,0,0.02,0,2590450077393174903,valid,0.9104787588722484,0.8986000756715853,3,0,False,0.8506610989570618,0.8547049760818481,0.004043877124786377,0.015918999910354614,7.920557000034023
voc,resnet50,gradcam,9571,0,0.02,1,7132724899960905381,valid,0.9282799912925617,0.8832801651341715,3,3,True,0.8506610989570618,0.77753084897995,0.07313024997711182,0.015923870727419853,7.948857999963366
voc,resnet50,gradcam,9571,0,0.02,2,1120045858359378571,valid,0.7561354182837711,0.1606337458077946,3,3,True,0.8506610989570618,0.7264609336853027,0.12420016527175903,0.015901245176792145,7.9421430000365945
voc,resnet50,gradcam,9571,0,0.02,3,3030323471833644395,valid,0.8958904441971604,0.8263876251137398,3,0,False,0.8506610989570618,0.8038405776023865,0.04682052135467529,0.01591871678829193,7.944038000005094
voc,resnet50,gradcam,9571,0,0.02,4,3981683401082662910,valid,0.8883731117071202,0.4247586598523566,3,0,False,0.8506610989570618,0.733081042766571,0.11758005619049072,0.015971817076206207,7.990148999851954
voc,resnet50,gradcam,9571,0,0.05,0,2590450077393174903,valid,0.7773883968591017,0.805360676380644,3,0,False,0.8506610989570618,0.7473593950271606,0.10330170392990112,0.039323944598436356,7.931525000003603
voc,resnet50,gradcam,9571,0,0.05,1,7132724899960905381,valid,0.7324849415237231,0.753319357092942,3,3,True,0.8506610989570618,0.7858651280403137,0.06479597091674805,0.03933391720056534,7.940123000025778
voc,resnet50,gradcam,9571,0,0.05,2,1120045858359378571,valid,0.562275576338043,0.5874723188864284,3,3,True,0.8506610989570618,0.7372266054153442,0.11343449354171753,0.03928672522306442,7.940674999645125
voc,resnet50,gradcam,9571,0,0.05,3,3030323471833644395,valid,0.7282451319777754,0.6310742727124979,3,0,False,0.8506610989570618,0.7937073707580566,0.05695372819900513,0.039305128157138824,7.891479000136314
voc,resnet50,gradcam,9571,0,0.05,4,3981683401082662910,valid,0.7155320298989188,0.7496513249651325,3,0,False,0.8506610989570618,0.6927737593650818,0.15788733959197998,0.03946685418486595,7.930597999802558
voc,densenet121,ig,8173,18,0.01,0,2568184002337986066,valid,0.7652735197432435,0.5041966426858513,18,18,True,0.9879387617111206,0.9870513677597046,0.0008873939514160156,0.0079937893897295,191.3009999998394
voc,densenet121,ig,8173,18,0.01,1,2700930089002217196,valid,0.7788745859382403,0.5222205369331109,18,18,True,0.9879387617111206,0.9882982969284058,0.00035953521728515625,0.007999799214303493,191.22726600016904
voc,densenet121,ig,8173,18,0.01,2,6274773280352562869,valid,0.78290845769063,0.5261557177615572,18,18,True,0.9879387617111206,0.9892565011978149,0.001317739486694336,0.007960746064782143,191.92266000027303
voc,densenet121,ig,8173,18,0.01,3,7384397133206063386,valid,0.7652539698703438,0.5066806785767902,18,18,True,0.9879387617111206,0.9875267148017883,0.0004120469093322754,0.007985936477780342,191.69558000021425
voc,densenet121,ig,8173,18,0.01,4,7207923362354915897,valid,0.7763286462818427,0.5107632093933464,18,18,True,0.9879387617111206,0.9885041117668152,0.0005653500556945801,0.007974105887115002,193.54822500008595
voc,densenet121,ig,8173,18,0.02,0,2568184002337986066,valid,0.5948565814638234,0.3753597368781691,18,18,True,0.9879387617111206,0.9864513874053955,0.0014873743057250977,0.015986844897270203,191.28517699982694
voc,densenet121,ig,8173,18,0.02,1,2700930089002217196,valid,0.6004523640440949,0.3842758620689655,18,18,True,0.9879387617111206,0.9872570037841797,0.000681757926940918,0.0159994475543499,191.32944900002258
voc,densenet121,ig,8173,18,0.02,2,6274773280352562869,valid,0.6072241945749242,0.3770581778265642,18,18,True,0.9879387617111206,0.9890000224113464,0.00106126070022583,0.015921199694275856,191.8235640000603
voc,densenet121,ig,8173,18,0.02,3,7384397133206063386,valid,0.585541778463619,0.3702894593118514,18,18,True,0.9879387617111206,0.9863922595977783,0.0015465021133422852,0.01597117818892002,191.3416470001721
voc,densenet121,ig,8173,18,0.02,4,7207923362354915897,valid,0.58676769518932,0.3701023890784983,18,18,True,0.9879387617111206,0.9874740839004517,0.0004646778106689453,0.015947604551911354,191.32767800010697
voc,densenet121,ig,8173,18,0.05,0,2568184002337986066,valid,0.2997513788950592,0.2200340384147824,18,18,True,0.9879387617111206,0.9772985577583313,0.010640203952789307,0.039922621101140976,191.29792600006112
voc,densenet121,ig,8173,18,0.05,1,2700930089002217196,valid,0.28625363089037026,0.21781337216357238,18,18,True,0.9879387617111206,0.9631628394126892,0.024775922298431396,0.03995046019554138,191.263171999708
voc,densenet121,ig,8173,18,0.05,2,6274773280352562869,valid,0.3018589229417693,0.2135429262394196,18,18,True,0.9879387617111206,0.9730191230773926,0.014919638633728027,0.03976215422153473,191.92423499998768
voc,densenet121,ig,8173,18,0.05,3,7384397133206063386,valid,0.29887636366341264,0.22077606130641042,18,18,True,0.9879387617111206,0.9768834710121155,0.011055290699005127,0.03988462686538696,191.32635899995876
voc,densenet121,ig,8173,18,0.05,4,7207923362354915897,valid,0.28306681598995126,0.2192929170210181,18,18,True,0.9879387617111206,0.972046971321106,0.01589179039001465,0.03982752934098244,191.30289599979733
voc,densenet121,ig,8927,9,0.01,0,2972210994312305306,valid,0.66365894064192,0.43412403543869676,12,9,False,0.8315514922142029,0.8408558964729309,0.009304404258728027,0.007874696515500546,192.5575889999891
voc,densenet121,ig,8927,9,0.01,1,3098727151507634343,valid,0.6700744717118913,0.4292224437482199,12,9,False,0.8315514922142029,0.8465321660041809,0.014980673789978027,0.007880324497818947,191.95944200009762
voc,densenet121,ig,8927,9,0.01,2,3156827023830551964,valid,0.6628548721813253,0.421671388101983,12,16,False,0.8315514922142029,0.8171289563179016,0.01442253589630127,0.00786841195076704,191.25738000002457
voc,densenet121,ig,8927,9,0.01,3,2568375632386903713,valid,0.6695868017620985,0.43003704759190653,12,9,False,0.8315514922142029,0.8522908687591553,0.020739376544952393,0.007866031490266323,191.2676880001527
voc,densenet121,ig,8927,9,0.01,4,487923459527200765,valid,0.6628302057951345,0.42901893777587924,12,16,False,0.8315514922142029,0.845245361328125,0.01369386911392212,0.007851235568523407,191.33768300025622
voc,densenet121,ig,8927,9,0.02,0,2972210994312305306,valid,0.48216068066090895,0.3136125654450262,12,9,False,0.8315514922142029,0.83461993932724,0.0030684471130371094,0.015645310282707214,191.91178399978526
voc,densenet121,ig,8927,9,0.02,1,3098727151507634343,valid,0.4866327304021981,0.3163693599160546,12,9,False,0.8315514922142029,0.8468953967094421,0.015343904495239258,0.01565573737025261,191.30897700006244
voc,densenet121,ig,8927,9,0.02,2,3156827023830551964,valid,0.4824044972008107,0.3116832200731835,12,16,False,0.8315514922142029,0.7849934697151184,0.04655802249908447,0.015634359791874886,191.22874999993655
voc,densenet121,ig,8927,9,0.02,3,2568375632386903713,valid,0.4910949538778221,0.31706036745406824,12,9,False,0.8315514922142029,0.863572359085083,0.03202086687088013,0.015630396082997322,191.25377399996069
voc,densenet121,ig,8927,9,0.02,4,487923459527200765,valid,0.48970357704590106,0.3215696602580985,12,16,False,0.8315514922142029,0.8467916250228882,0.015240132808685303,0.015598692931234837,191.23988599994846
voc,densenet121,ig,8927,9,0.05,0,2972210994312305306,valid,0.24559421386625868,0.20393474088291746,12,9,False,0.8315514922142029,0.7295136451721191,0.10203784704208374,0.03866233676671982,191.82495599989124
voc,densenet121,ig,8927,9,0.05,1,3098727151507634343,valid,0.2315465637391136,0.19804225856511878,12,9,False,0.8315514922142029,0.7234540581703186,0.10809743404388428,0.03869455307722092,191.2546339999608
voc,densenet121,ig,8927,9,0.05,2,3156827023830551964,valid,0.24263645590079905,0.19675649892678274,12,9,False,0.8315514922142029,0.6384714245796204,0.19308006763458252,0.03862766548991203,191.2694399998145
voc,densenet121,ig,8927,9,0.05,3,2568375632386903713,valid,0.2275725575744835,0.19675649892678274,12,9,False,0.8315514922142029,0.7628865838050842,0.06866490840911865,0.038631781935691833,191.36973399963608
voc,densenet121,ig,8927,9,0.05,4,487923459527200765,valid,0.24441028316172303,0.20465730404513263,12,9,False,0.8315514922142029,0.7549981474876404,0.0765533447265625,0.03853814676403999,191.54469200020685
voc,densenet121,ig,5803,10,0.01,0,3852546974185743096,valid,0.4589201701154899,0.2753844198754607,8,8,True,0.9446763396263123,0.9425678849220276,0.002108454704284668,0.007959626615047455,191.3894649997019
voc,densenet121,ig,5803,10,0.01,1,2371425837951975359,valid,0.45942018514855065,0.27733231513300244,8,8,True,0.9446763396263123,0.940097451210022,0.004578888416290283,0.007964682765305042,191.42524399967442
voc,densenet121,ig,5803,10,0.01,2,6461432094931278540,valid,0.47321234521994404,0.28436140261069875,8,8,True,0.9446763396263123,0.9371413588523865,0.007534980773925781,0.007959211245179176,191.28343400006997
voc,densenet121,ig,5803,10,0.01,3,7926371796250851087,valid,0.46428835088409437,0.28531181969522346,8,8,True,0.9446763396263123,0.9390421509742737,0.005634188652038574,0.007983485236763954,191.33794600020337
voc,densenet121,ig,5803,10,0.01,4,2273525925788181717,valid,0.46921975903670315,0.2869966658117466,8,8,True,0.9446763396263123,0.9454382658004761,0.0007619261741638184,0.007958859205245972,191.88810299965553
voc,densenet121,ig,5803,10,0.02,0,3852546974185743096,valid,0.27415259136590464,0.19976090854751943,8,8,True,0.9446763396263123,0.8749170899391174,0.06975924968719482,0.015908069908618927,191.73447000002852
voc,densenet121,ig,5803,10,0.02,1,2371425837951975359,valid,0.28577913271918587,0.20033488817127137,8,8,True,0.9446763396263123,0.8795047402381897,0.06517159938812256,0.015916859731078148,191.21475400015697
voc,densenet121,ig,5803,10,0.02,2,6461432094931278540,valid,0.28366035833991166,0.19504643962848298,8,8,True,0.9446763396263123,0.8921602368354797,0.05251610279083252,0.015904279425740242,191.48245799988217
voc,densenet121,ig,5803,10,0.02,3,7926371796250851087,valid,0.27757342604776897,0.2009094172549958,8,8,True,0.9446763396263123,0.8891794681549072,0.05549687147140503,0.015955382958054543,191.45159299978332
voc,densenet121,ig,5803,10,0.02,4,2273525925788181717,valid,0.2873537186051839,0.20105313547151749,8,8,True,0.9446763396263123,0.9017177224159241,0.042958617210388184,0.015904858708381653,191.48159699989264
voc,densenet121,ig,5803,10,0.05,0,3852546974185743096,valid,0.11853692220124806,0.12688075454749606,8,8,True,0.9446763396263123,0.6541110277175903,0.2905653119087219,0.03945458307862282,191.28294899974208
voc,densenet121,ig,5803,10,0.05,1,2371425837951975359,valid,0.10885552622542126,0.12903588705141186,8,8,True,0.9446763396263123,0.6171305179595947,0.32754582166671753,0.03948044404387474,191.38438000027236
voc,densenet121,ig,5803,10,0.05,2,6461432094931278540,valid,0.12882621123491944,0.13890149795733092,8,8,True,0.9446763396263123,0.7259317636489868,0.21874457597732544,0.03945866972208023,191.19353399992178
voc,densenet121,ig,5803,10,0.05,3,7926371796250851087,valid,0.1325710192053412,0.13209249858996053,8,8,True,0.9446763396263123,0.6617886424064636,0.28288769721984863,0.03957448899745941,192.04753499980143
voc,densenet121,ig,5803,10,0.05,4,2273525925788181717,valid,0.11388770055879836,0.13542255911302184,8,8,True,0.9446763396263123,0.7324005961418152,0.21227574348449707,0.03945562615990639,191.29311400001825
voc,densenet121,ig,39,19,0.01,0,2479825858614679456,valid,0.4517413290875742,0.27134532556371926,19,19,True,0.9573963284492493,0.9586185216903687,0.0012221932411193848,0.007968374527990818,191.28046499963602
voc,densenet121,ig,39,19,0.01,1,2409326931739155617,valid,0.45205815788087983,0.2726350494547299,19,19,True,0.9573963284492493,0.959709644317627,0.0023133158683776855,0.007987383753061295,191.3209120002648
voc,densenet121,ig,39,19,0.01,2,6067917643963702541,valid,0.4613035940040803,0.271506398074243,19,19,True,0.9573963284492493,0.9590139389038086,0.0016176104545593262,0.007974721491336823,192.05324799986556
voc,densenet121,ig,39,19,0.01,3,3836945159140576186,valid,0.45654305076472346,0.2753844198754607,19,19,True,0.9573963284492493,0.9609839916229248,0.003587663173675537,0.00796017237007618,191.29716199995528
voc,densenet121,ig,39,19,0.01,4,2894779989879545488,valid,0.44503776102581444,0.26957621758380773,19,19,True,0.9573963284492493,0.960613489151001,0.003217160701751709,0.007952241227030754,191.3819749997856
voc,densenet121,ig,39,19,0.02,0,2479825858614679456,valid,0.2891169176256635,0.191782448640304,19,19,True,0.9573963284492493,0.961168110370636,0.0037717819213867188,0.015936193987727165,191.30757199991422
voc,densenet121,ig,39,19,0.02,1,2409326931739155617,valid,0.29782854380741064,0.20004782972617483,19,19,True,0.9573963284492493,0.9628024697303772,0.00540614128112793,0.015974445268511772,191.33985200005554
voc,densenet121,ig,39,19,0.02,2,6067917643963702541,valid,0.2963866529759673,0.18656892882478127,19,19,True,0.9573963284492493,0.9627987146377563,0.00540238618850708,0.015948740765452385,191.93112799985101
voc,densenet121,ig,39,19,0.02,3,3836945159140576186,valid,0.297999150954441,0.195473496128648,19,19,True,0.9573963284492493,0.961373507976532,0.003977179527282715,0.01591968908905983,191.4039899997988
voc,densenet121,ig,39,19,0.02,4,2894779989879545488,valid,0.27702584204393454,0.1812617702448211,19,19,True,0.9573963284492493,0.9633651375770569,0.005968809127807617,0.015903783962130547,191.2786339999002
voc,densenet121,ig,39,19,0.05,0,2479825858614679456,valid,0.12447495000672211,0.12941706054467703,19,19,True,0.9573963284492493,0.9615921974182129,0.004195868968963623,0.03981241211295128,191.38696700019864
voc,densenet121,ig,39,19,0.05,1,2409326931739155617,valid,0.14322324240227452,0.12688075454749606,19,19,True,0.9573963284492493,0.9703571796417236,0.012960851192474365,0.039907168596982956,191.30619699990348
voc,densenet121,ig,39,19,0.05,2,6067917643963702541,valid,0.14103776126038928,0.13003827966674172,19,19,True,0.9573963284492493,0.9642488360404968,0.006852507591247559,0.03984615579247475,192.04252999998062
voc,densenet121,ig,39,19,0.05,3,3836945159140576186,valid,0.1406171503624943,0.12586941889163114,19,19,True,0.9573963284492493,0.9648215174674988,0.007425189018249512,0.039770208299160004,191.3463790001515
voc,densenet121,ig,39,19,0.05,4,2894779989879545488,valid,0.1446104563065215,0.12021430963277152,19,19,True,0.9573963284492493,0.9631749987602234,0.005778670310974121,0.039730824530124664,191.3560130001315
voc,densenet121,ig,1686,14,0.01,0,2407452988058933126,valid,0.8092953653061482,0.5010469638049656,14,14,True,0.8446870446205139,0.8444664478302002,0.0002205967903137207,0.007966757752001286,191.20513400002892
voc,densenet121,ig,1686,14,0.01,1,1416983024301229683,valid,0.8072421528893488,0.49992527275444626,14,14,True,0.8446870446205139,0.8429697155952454,0.0017173290252685547,0.00797212403267622,193.48031500021534
voc,densenet121,ig,1686,14,0.01,2,329098390142242351,valid,0.8007418814277265,0.48373743347131876,14,14,True,0.8446870446205139,0.8487556576728821,0.004068613052368164,0.007979354821145535,191.33187699981136
voc,densenet121,ig,1686,14,0.01,3,8332520142723992066,valid,0.8214621355381385,0.5039712273340327,14,14,True,0.8446870446205139,0.8488062620162964,0.004119217395782471,0.007971532642841339,191.39139900016744
voc,densenet121,ig,1686,14,0.01,4,4678094734876851399,valid,0.804750972473124,0.48483503476845685,14,14,True,0.8446870446205139,0.84814453125,0.003457486629486084,0.00796749908477068,191.34367399965413
voc,densenet121,ig,1686,14,0.02,0,2407452988058933126,valid,0.6279764858876381,0.33974102256040584,14,14,True,0.8446870446205139,0.8422208428382874,0.0024662017822265625,0.015924200415611267,191.9602500001929
voc,densenet121,ig,1686,14,0.02,1,1416983024301229683,valid,0.6322745711393132,0.34584953734745877,14,14,True,0.8446870446205139,0.8397757411003113,0.004911303520202637,0.015933610498905182,191.3027770001463
voc,densenet121,ig,1686,14,0.02,2,329098390142242351,valid,0.6248745217098002,0.3377765929085577,14,14,True,0.8446870446205139,0.8549367785453796,0.010249733924865723,0.015948176383972168,191.27056500019535
voc,densenet121,ig,1686,14,0.02,3,8332520142723992066,valid,0.6439846554114832,0.34874344846122834,14,14,True,0.8446870446205139,0.8549360036849976,0.010248959064483643,0.015932364389300346,191.28961399974287
voc,densenet121,ig,1686,14,0.02,4,4678094734876851399,valid,0.6372679791498495,0.35123855681206245,14,14,True,0.8446870446205139,0.8535362482070923,0.00884920358657837,0.015926174819469452,191.2856720000491
voc,densenet121,ig,1686,14,0.05,0,2407452988058933126,valid,0.29496664827573993,0.185307665052557,14,14,True,0.8446870446205139,0.8411345481872559,0.0035524964332580566,0.03975142538547516,191.76301799961948
voc,densenet121,ig,1686,14,0.05,1,1416983024301229683,valid,0.2914872875085731,0.18572778827977315,14,14,True,0.8446870446205139,0.8267584443092346,0.017928600311279297,0.039765309542417526,191.1462240000219
voc,densenet121,ig,1686,14,0.05,2,329098390142242351,valid,0.29628258700555116,0.18544767304512166,14,14,True,0.8446870446205139,0.8581242561340332,0.013437211513519287,0.039804235100746155,191.18518100003712
voc,densenet121,ig,1686,14,0.05,3,8332520142723992066,valid,0.3122021175197954,0.18994545885700734,14,14,True,0.8446870446205139,0.8286569118499756,0.01603013277053833,0.03977079316973686,191.20014300006005
voc,densenet121,ig,1686,14,0.05,4,4678094734876851399,valid,0.30729841910365996,0.185307665052557,14,14,True,0.8446870446205139,0.8357338905334473,0.00895315408706665,0.039751797914505005,191.22377399980905
voc,densenet121,ig,5544,18,0.01,0,7605300728157470724,valid,0.5013989277769021,0.3037152507144713,18,18,True,0.8827662467956543,0.8540787696838379,0.028687477111816406,0.007968038320541382,191.4548989998366
voc,densenet121,ig,5544,18,0.01,1,7713127228031362199,valid,0.5056102501208669,0.30898656580148687,18,18,True,0.8827662467956543,0.8341082334518433,0.048658013343811035,0.007966979406774044,191.23637199982113
voc,densenet121,ig,5544,18,0.01,2,3269339992068861176,valid,0.509128147326168,0.3122384937238494,18,18,True,0.8827662467956543,0.8527241945266724,0.030042052268981934,0.007948676124215126,191.19482499991136
voc,densenet121,ig,5544,18,0.01,3,3089590639899074028,valid,0.5014518583060465,0.31550661947830644,18,18,True,0.8827662467956543,0.8459629416465759,0.03680330514907837,0.007983219809830189,191.25716799999282
voc,densenet121,ig,5544,18,0.01,4,6201695411679841990,valid,0.48781650455329745,0.30236179600311447,18,18,True,0.8827662467956543,0.8539618253707886,0.028804421424865723,0.0079830726608634,191.82405299989114
voc,densenet121,ig,5544,18,0.02,0,7605300728157470724,valid,0.3056476787265191,0.2119309262166405,18,18,True,0.8827662467956543,0.8241678476333618,0.05859839916229248,0.015858670696616173,191.37172000000646
voc,densenet121,ig,5544,18,0.02,1,7713127228031362199,valid,0.3168287076492807,0.21633741364683068,18,18,True,0.8827662467956543,0.8374525308609009,0.04531371593475342,0.01586063764989376,191.20491400008177
voc,densenet121,ig,5544,18,0.02,2,3269339992068861176,valid,0.32791359719499635,0.2267448967118934,18,18,True,0.8827662467956543,0.7960631847381592,0.08670306205749512,0.01582384668290615,191.51789199986524
voc,densenet121,ig,5544,18,0.02,3,3089590639899074028,valid,0.31185157010222886,0.21003134796238246,18,18,True,0.8827662467956543,0.8243598937988281,0.05840635299682617,0.015888629481196404,191.90594500014413
voc,densenet121,ig,5544,18,0.02,4,6201695411679841990,valid,0.3123811657158056,0.21781337216357238,18,18,True,0.8827662467956543,0.8227760195732117,0.05999022722244263,0.01589089259505272,191.42933400007678
voc,densenet121,ig,5544,18,0.05,0,7605300728157470724,valid,0.13370210654799894,0.14318259482856818,18,18,True,0.8827662467956543,0.8370308876037598,0.04573535919189453,0.03881167620420456,191.2981469999977
voc,densenet121,ig,5544,18,0.05,1,7713127228031362199,valid,0.14220961512692482,0.14749599817059228,18,18,True,0.8827662467956543,0.7770182490348816,0.1057479977607727,0.038804858922958374,191.32793499966283
voc,densenet121,ig,5544,18,0.05,2,3269339992068861176,valid,0.15126822934412623,0.15422656699252443,18,18,True,0.8827662467956543,0.6963405013084412,0.18642574548721313,0.03869638592004776,191.2583309999718
voc,densenet121,ig,5544,18,0.05,3,3089590639899074028,valid,0.1401179490496364,0.14605458490350576,18,18,True,0.8827662467956543,0.792858362197876,0.08990788459777832,0.03885634243488312,191.84383800029536
voc,densenet121,ig,5544,18,0.05,4,6201695411679841990,valid,0.1387205857340736,0.1443557582668187,18,18,True,0.8827662467956543,0.782084584236145,0.10068166255950928,0.038869645446538925,191.32066699967254
voc,densenet121,ig,3784,1,0.01,0,568371097838651679,valid,0.7195468001114785,0.47177005426015545,1,1,True,0.9742979407310486,0.9725033640861511,0.001794576644897461,0.007813572883605957,191.32157499961977
voc,densenet121,ig,3784,1,0.01,1,8730973129268750908,valid,0.7233045584771645,0.4795813062066932,1,1,True,0.9742979407310486,0.9739917516708374,0.00030618906021118164,0.007821787148714066,191.26774999995177
voc,densenet121,ig,3784,1,0.01,2,4988815491858760642,valid,0.7144567410709022,0.46983011130638547,1,1,True,0.9742979407310486,0.9720714092254639,0.002226531505584717,0.007830729708075523,191.85095400007413
voc,densenet121,ig,3784,1,0.01,3,4107072592214049901,valid,0.7105371413349982,0.4758823529411765,1,1,True,0.9742979407310486,0.9700136184692383,0.004284322261810303,0.007802864536643028,191.22285899993585
voc,densenet121,ig,3784,1,0.01,4,2770030334258850844,valid,0.7142740834866189,0.48307965124870694,1,1,True,0.9742979407310486,0.9768000245094299,0.0025020837783813477,0.007841264829039574,191.42170200029796
voc,densenet121,ig,3784,1,0.02,0,568371097838651679,valid,0.5611593880960846,0.3563995134477632,1,1,True,0.9742979407310486,0.9702919721603394,0.0040059685707092285,0.015436496585607529,191.248065000309
voc,densenet121,ig,3784,1,0.02,1,8730973129268750908,valid,0.5621043918171552,0.35164983164983166,1,1,True,0.9742979407310486,0.9688711762428284,0.005426764488220215,0.015449882484972477,191.34861000020464
voc,densenet121,ig,3784,1,0.02,2,4988815491858760642,valid,0.5550508264493482,0.35274295727186955,1,1,True,0.9742979407310486,0.9692124128341675,0.0050855278968811035,0.015467796474695206,191.76475399990522
voc,densenet121,ig,3784,1,0.02,3,4107072592214049901,valid,0.5512194816123854,0.3553004726536124,1,1,True,0.9742979407310486,0.9670770168304443,0.007220923900604248,0.0154164619743824,191.33089800016023
voc,densenet121,ig,3784,1,0.02,4,2770030334258850844,valid,0.5653021467075464,0.3658138268916712,1,1,True,0.9742979407310486,0.974388837814331,9.08970832824707e-05,0.015484331175684929,191.26606100007848
voc,densenet121,ig,3784,1,0.05,0,568371097838651679,valid,0.32696951188363765,0.22644506904558231,1,1,True,0.9742979407310486,0.9635596871376038,0.010738253593444824,0.03768782317638397,191.6120089999822
voc,densenet121,ig,3784,1,0.05,1,8730973129268750908,valid,0.323808460603694,0.23428852539663017,1,1,True,0.9742979407310486,0.9618126749992371,0.012485265731811523,0.03770771622657776,191.24207999993814
voc,densenet121,ig,3784,1,0.05,2,4988815491858760642,valid,0.31993237080792153,0.2267448967118934,1,1,True,0.9742979407310486,0.9610204100608826,0.013277530670166016,0.03775530308485031,191.87395900007687
voc,densenet121,ig,3784,1,0.05,3,4107072592214049901,valid,0.30291474313098826,0.22420102464015615,1,1,True,0.9742979407310486,0.9602707028388977,0.014027237892150879,0.037643466144800186,191.224646000137
voc,densenet121,ig,3784,1,0.05,4,2770030334258850844,valid,0.33569812261889054,0.23428852539663017,1,1,True,0.9742979407310486,0.9636375904083252,0.010660350322723389,0.03777756914496422,191.43346800001382
voc,densenet121,ig,6304,3,0.01,0,7830137365422260441,valid,0.4368249997560876,0.24008402322995182,3,3,True,0.9618754386901855,0.9577124118804932,0.004163026809692383,0.007777805905789137,191.59739999986414
voc,densenet121,ig,6304,3,0.01,1,4661326768319657430,valid,0.43313970290081216,0.2352,3,3,True,0.9618754386901855,0.957415759563446,0.004459679126739502,0.007801047991961241,191.2751129998469
voc,densenet121,ig,6304,3,0.01,2,6619020526136302124,valid,0.4371546044698668,0.23763719324207672,3,3,True,0.9618754386901855,0.9611382484436035,0.0007371902465820312,0.007769848220050335,191.3932880001994
voc,densenet121,ig,6304,3,0.01,3,6800945400057756425,valid,0.4403490754143215,0.23947140916388787,3,3,True,0.9618754386901855,0.9589956998825073,0.0028797388076782227,0.0077906036749482155,191.26760300014212
voc,densenet121,ig,6304,3,0.01,4,7042581768829889240,valid,0.43832519151079097,0.24085064292779426,3,3,True,0.9618754386901855,0.9590179920196533,0.0028574466705322266,0.007799931801855564,191.30405099986092
voc,densenet121,ig,6304,3,0.02,0,7830137365422260441,valid,0.2549033286882646,0.163864084425374,3,3,True,0.9618754386901855,0.9615601897239685,0.000315248966217041,0.015163382515311241,191.76476800021192
voc,densenet121,ig,6304,3,0.02,1,4661326768319657430,valid,0.2587141104642471,0.16090225563909774,3,3,True,0.9618754386901855,0.9523149132728577,0.00956052541732788,0.01521262340247631,191.24529900000198
voc,densenet121,ig,6304,3,0.02,2,6619020526136302124,valid,0.2626844052453242,0.1621120889300602,3,3,True,0.9618754386901855,0.9604822397232056,0.0013931989669799805,0.015144380740821362,191.19201200010139
voc,densenet121,ig,6304,3,0.02,3,6800945400057756425,valid,0.2556988587082737,0.16103655714946785,3,3,True,0.9618754386901855,0.9524434804916382,0.009431958198547363,0.015190238133072853,191.505696999684
voc,densenet121,ig,6304,3,0.02,4,7042581768829889240,valid,0.27379646101684957,0.16332444650515823,3,3,True,0.9618754386901855,0.9530379772186279,0.008837461471557617,0.015201279893517494,191.17708699968716
voc,densenet121,ig,6304,3,0.05,0,7830137365422260441,valid,0.09088884350229258,0.10334212840809147,3,3,True,0.9618754386901855,0.9483551383018494,0.013520300388336182,0.03608463332056999,191.71354599984625
voc,densenet121,ig,6304,3,0.05,1,4661326768319657430,valid,0.09114561070406275,0.10711527854384997,3,3,True,0.9618754386901855,0.9337050914764404,0.028170347213745117,0.036187026649713516,191.20027200006007
voc,densenet121,ig,6304,3,0.05,2,6619020526136302124,valid,0.09557893229538547,0.10043859649122808,3,3,True,0.9618754386901855,0.9539552330970764,0.00792020559310913,0.036047544330358505,191.17834999997285
voc,densenet121,ig,6304,3,0.05,3,6800945400057756425,valid,0.09601546929984155,0.10687107091651042,3,3,True,0.9618754386901855,0.9412528276443481,0.020622611045837402,0.0361393466591835,191.18628399974114
voc,densenet121,ig,6304,3,0.05,4,7042581768829889240,valid,0.097899367948429,0.09947414548641542,3,3,True,0.9618754386901855,0.9571232199668884,0.004752218723297119,0.03616848587989807,191.20371599956343
voc,densenet121,ig,158,2,0.01,0,3522680649187379204,valid,0.1745189913749544,0.16765561372891216,2,2,True,0.48875364661216736,0.660331666469574,0.17157801985740662,0.007975605316460133,191.2113460002729
voc,densenet121,ig,158,2,0.01,1,419294351200179885,valid,0.18135120439532837,0.17338945399275107,2,2,True,0.48875364661216736,0.6367123126983643,0.1479586660861969,0.00796718429774046,191.28255999976318
voc,densenet121,ig,158,2,0.01,2,3028218364960125082,valid,0.17725377169940876,0.1641340911727178,2,2,True,0.48875364661216736,0.6634502410888672,0.17469659447669983,0.007969053462147713,191.35048299995105
voc,densenet121,ig,158,2,0.01,3,6052761022673377132,valid,0.1733605190509236,0.17490049168812924,2,2,True,0.48875364661216736,0.6580342054367065,0.16928055882453918,0.007990062236785889,191.34794499996133
voc,densenet121,ig,158,2,0.01,4,3347453041863134171,valid,0.1703562182892702,0.1630548151581875,2,2,True,0.48875364661216736,0.6439456343650818,0.15519198775291443,0.007959375157952309,191.8233119999968
voc,densenet121,ig,158,2,0.02,0,3522680649187379204,valid,0.10618018292634243,0.13851389676687464,2,2,True,0.48875364661216736,0.6747114658355713,0.18595781922340393,0.015928965061903,191.34167699985483
voc,densenet121,ig,158,2,0.02,1,419294351200179885,valid,0.09533085213876533,0.1412326586308847,2,2,True,0.48875364661216736,0.6840852499008179,0.1953316032886505,0.015908291563391685,191.17644400012068
voc,densenet121,ig,158,2,0.02,2,3028218364960125082,valid,0.09545272009528866,0.1345240786796292,2,2,True,0.48875364661216736,0.6626325845718384,0.17387893795967102,0.01591516099870205,191.36879699999554
voc,densenet121,ig,158,2,0.02,3,6052761022673377132,valid,0.10342062990000664,0.1422717960391532,2,2,True,0.48875364661216736,0.729468822479248,0.2407151758670807,0.01595572754740715,191.71848200039676
voc,densenet121,ig,158,2,0.02,4,3347453041863134171,valid,0.09556145602949478,0.13619381863466545,2,2,True,0.48875364661216736,0.7125200033187866,0.22376635670661926,0.015894820913672447,191.29650700006096
voc,densenet121,ig,158,2,0.05,0,3522680649187379204,valid,0.045261598955559486,0.12322327923894796,2,2,True,0.48875364661216736,0.5004895329475403,0.011735886335372925,0.039649490267038345,191.52489900034197
voc,densenet121,ig,158,2,0.05,1,419294351200179885,valid,0.044592039300790934,0.12171677657315301,2,2,True,0.48875364661216736,0.555969774723053,0.06721612811088562,0.03958715498447418,191.3683569996465
voc,densenet121,ig,158,2,0.05,2,3028218364960125082,valid,0.05564809714223486,0.11784361773223435,2,2,True,0.48875364661216736,0.5622947216033936,0.0735410749912262,0.039615146815776825,191.63581600014368
voc,densenet121,ig,158,2,0.05,3,6052761022673377132,valid,0.04930946662000693,0.12221849491222185,2,2,True,0.48875364661216736,0.5725063681602478,0.08375272154808044,0.03971414640545845,191.9789620001211
voc,densenet121,ig,158,2,0.05,4,3347453041863134171,valid,0.04783883632141191,0.12473383391236131,2,2,True,0.48875364661216736,0.6287314295768738,0.13997778296470642,0.03955967351794243,191.26313400010986
voc,densenet121,ig,9571,0,0.01,0,2590450077393174903,valid,0.2579458499144195,0.18865466603505449,3,3,True,0.7219821810722351,0.6475887298583984,0.07439345121383667,0.007966489531099796,191.20758200006094
voc,densenet121,ig,9571,0,0.01,1,7132724899960905381,valid,0.24568352442350885,0.17943595769682727,3,3,True,0.7219821810722351,0.6080358028411865,0.11394637823104858,0.007969462312757969,191.22795900011624
voc,densenet121,ig,9571,0,0.01,2,1120045858359378571,valid,0.27087116938037425,0.18851391355831854,3,3,True,0.7219821810722351,0.6253900527954102,0.09659212827682495,0.007957957684993744,191.91262900039874
voc,densenet121,ig,9571,0,0.01,3,3030323471833644395,valid,0.2634203363830405,0.19317641464574417,3,3,True,0.7219821810722351,0.623763918876648,0.09821826219558716,0.007967817597091198,191.29420099989147
voc,densenet121,ig,9571,0,0.01,4,3981683401082662910,valid,0.26109823538632665,0.19587751697843442,3,3,True,0.7219821810722351,0.6959718465805054,0.026010334491729736,0.007993013598024845,191.27338799989957
voc,densenet121,ig,9571,0,0.02,0,2590450077393174903,valid,0.12508027250925943,0.13979105155575744,3,3,True,0.7219821810722351,0.4608444273471832,0.2611377537250519,0.015918999910354614,191.19269599968902
voc,densenet121,ig,9571,0,0.02,1,7132724899960905381,valid,0.1215387878881439,0.1394028834146895,3,3,True,0.7219821810722351,0.4659470021724701,0.256035178899765,0.015923870727419853,191.31819299991548
voc,densenet121,ig,9571,0,0.02,2,1120045858359378571,valid,0.12109686015619713,0.1337399751496668,3,3,True,0.7219821810722351,0.48070335388183594,0.24127882719039917,0.015901245176792145,191.8994150000799
voc,densenet121,ig,9571,0,0.02,3,3030323471833644395,valid,0.130885640021536,0.14433929996579636,3,3,True,0.7219821810722351,0.529626727104187,0.1923554539680481,0.01591871678829193,191.3335540002663
voc,densenet121,ig,9571,0,0.02,4,3981683401082662910,valid,0.12715640898262248,0.14603790819821877,3,3,True,0.7219821810722351,0.49942582845687866,0.22255635261535645,0.015971817076206207,191.22199399998863
voc,densenet121,ig,9571,0,0.05,0,2590450077393174903,valid,0.04053563506989303,0.10832597173144877,3,3,True,0.7219821810722351,0.34698861837387085,0.37499356269836426,0.039323944598436356,191.310539999904
voc,densenet121,ig,9571,0,0.05,1,7132724899960905381,valid,0.03328930675578477,0.10030695023021267,3,3,True,0.7219821810722351,0.3658337891101837,0.3561483919620514,0.03933391720056534,191.22570299987274
voc,densenet121,ig,9571,0,0.05,2,1120045858359378571,valid,0.04222815977796889,0.1071034634899625,3,3,True,0.7219821810722351,0.4309711158275604,0.2910110652446747,0.03928672522306442,191.36499799969897
voc,densenet121,ig,9571,0,0.05,3,3030323471833644395,valid,0.03831866448946281,0.10832597173144877,3,3,True,0.7219821810722351,0.36969536542892456,0.35228681564331055,0.039305128157138824,191.25704599991877
voc,densenet121,ig,9571,0,0.05,4,3981683401082662910,valid,0.04703701316183352,0.11571809693196976,3,3,True,0.7219821810722351,0.5009698867797852,0.22101229429244995,0.03946685418486595,191.39593800036891
voc,densenet121,gradcam,8173,18,0.01,0,2568184002337986066,valid,0.9997172165490616,0.9559540050672384,18,18,True,0.9879387617111206,0.9870513677597046,0.0008873939514160156,0.0079937893897295,19.217145999846252
voc,densenet121,gradcam,8173,18,0.01,1,2700930089002217196,valid,0.9997721843125157,0.9396984924623115,18,18,True,0.9879387617111206,0.9882982969284058,0.00035953521728515625,0.007999799214303493,19.37396599987551
voc,densenet121,gradcam,8173,18,0.01,2,6274773280352562869,valid,0.9975377601122304,0.954811063498247,18,18,True,0.9879387617111206,0.9892565011978149,0.001317739486694336,0.007960746064782143,19.379741000193462
voc,densenet121,gradcam,8173,18,0.01,3,7384397133206063386,valid,0.9998422404345139,0.9445843828715366,18,18,True,0.9879387617111206,0.9875267148017883,0.0004120469093322754,0.007985936477780342,19.386811000003945
voc,densenet121,gradcam,8173,18,0.01,4,7207923362354915897,valid,0.9975960948890473,0.9670717365738926,18,18,True,0.9879387617111206,0.9885041117668152,0.0005653500556945801,0.007974105887115002,19.46455600000263
voc,densenet121,gradcam,8173,18,0.02,0,2568184002337986066,valid,0.9993097541700035,0.9178291610930632,18,18,True,0.9879387617111206,0.9864513874053955,0.0014873743057250977,0.015986844897270203,19.43925199975638
voc,densenet121,gradcam,8173,18,0.02,1,2700930089002217196,valid,0.9972583746890085,0.9138062547673532,18,18,True,0.9879387617111206,0.9872570037841797,0.000681757926940918,0.0159994475543499,19.359010999778548
voc,densenet121,gradcam,8173,18,0.02,2,6274773280352562869,valid,0.9973791789938573,0.9266653868304857,18,18,True,0.9879387617111206,0.9890000224113464,0.00106126070022583,0.015921199694275856,19.336834999649
voc,densenet121,gradcam,8173,18,0.02,3,7384397133206063386,valid,0.9990067243194515,0.8526859885545505,18,18,True,0.9879387617111206,0.9863922595977783,0.0015465021133422852,0.01597117818892002,19.33013799998662
voc,densenet121,gradcam,8173,18,0.02,4,7207923362354915897,valid,0.999544442505139,0.9178291610930632,18,18,True,0.9879387617111206,0.9874740839004517,0.0004646778106689453,0.015947604551911354,19.363897999937763
voc,densenet121,gradcam,8173,18,0.05,0,2568184002337986066,valid,0.9965006591188729,0.6836101325280993,18,18,True,0.9879387617111206,0.9772985577583313,0.010640203952789307,0.039922621101140976,19.5615889997498
voc,densenet121,gradcam,8173,18,0.05,1,2700930089002217196,valid,0.9979721373519036,0.9047257544126021,18,18,True,0.9879387617111206,0.9631628394126892,0.024775922298431396,0.03995046019554138,19.344772000295052
voc,densenet121,gradcam,8173,18,0.05,2,6274773280352562869,valid,0.9933780106226302,0.6371941272430669,18,18,True,0.9879387617111206,0.9730191230773926,0.014919638633728027,0.03976215422153473,19.471742999940034
voc,densenet121,gradcam,8173,18,0.05,3,7384397133206063386,valid,0.9961401856122482,0.7030375021211607,18,18,True,0.9879387617111206,0.9768834710121155,0.011055290699005127,0.03988462686538696,19.372999999632157
voc,densenet121,gradcam,8173,18,0.05,4,7207923362354915897,valid,0.9955162026909393,0.7806955287437899,18,18,True,0.9879387617111206,0.972046971321106,0.01589179039001465,0.03982752934098244,19.323119999626215
voc,densenet121,gradcam,8927,9,0.01,0,2972210994312305306,valid,0.9727111833451126,0.9701609736945426,12,9,False,0.8315514922142029,0.8408558964729309,0.009304404258728027,0.007874696515500546,19.18817300020237
voc,densenet121,gradcam,8927,9,0.01,1,3098727151507634343,valid,0.9715849843735053,0.9578618806086617,12,9,False,0.8315514922142029,0.8465321660041809,0.014980673789978027,0.007880324497818947,19.337836000431707
voc,densenet121,gradcam,8927,9,0.01,2,3156827023830551964,valid,0.9760683531059693,0.9408238251788822,12,16,False,0.8315514922142029,0.8171289563179016,0.01442253589630127,0.00786841195076704,19.337539999924047
voc,densenet121,gradcam,8927,9,0.01,3,2568375632386903713,valid,0.9773637433258715,0.9748130657221566,12,9,False,0.8315514922142029,0.8522908687591553,0.020739376544952393,0.007866031490266323,19.42717800011451
voc,densenet121,gradcam,8927,9,0.01,4,487923459527200765,valid,0.9789502251396353,0.9686151431934091,12,16,False,0.8315514922142029,0.845245361328125,0.01369386911392212,0.007851235568523407,19.366192999768828
voc,densenet121,gradcam,8927,9,0.02,0,2972210994312305306,valid,0.9734508545551303,0.956716708910119,12,9,False,0.8315514922142029,0.83461993932724,0.0030684471130371094,0.015645310282707214,19.35253100009504
voc,densenet121,gradcam,8927,9,0.02,1,3098727151507634343,valid,0.9420352083807645,0.9363303106309088,12,9,False,0.8315514922142029,0.8468953967094421,0.015343904495239258,0.01565573737025261,19.42037299977528
voc,densenet121,gradcam,8927,9,0.02,2,3156827023830551964,valid,0.9564760175263699,0.9000378644452859,12,16,False,0.8315514922142029,0.7849934697151184,0.04655802249908447,0.015634359791874886,19.336964000103762
voc,densenet121,gradcam,8927,9,0.02,3,2568375632386903713,valid,0.9660318797339905,0.9713219406796307,12,9,False,0.8315514922142029,0.863572359085083,0.03202086687088013,0.015630396082997322,19.33215500002916
voc,densenet121,gradcam,8927,9,0.02,4,487923459527200765,valid,0.9564747404310883,0.9647611589663273,12,16,False,0.8315514922142029,0.8467916250228882,0.015240132808685303,0.015598692931234837,20.06048799967175
voc,densenet121,gradcam,8927,9,0.05,0,2972210994312305306,valid,0.9306480948975188,0.7851298470295268,12,9,False,0.8315514922142029,0.7295136451721191,0.10203784704208374,0.03866233676671982,20.188880000205245
voc,densenet121,gradcam,8927,9,0.05,1,3098727151507634343,valid,0.9154474900827467,0.8194343727338651,12,9,False,0.8315514922142029,0.7234540581703186,0.10809743404388428,0.03869455307722092,19.383128999834298
voc,densenet121,gradcam,8927,9,0.05,2,3156827023830551964,valid,0.9016176945044073,0.7613197613197613,12,9,False,0.8315514922142029,0.6384714245796204,0.19308006763458252,0.03862766548991203,19.34832400002051
voc,densenet121,gradcam,8927,9,0.05,3,2568375632386903713,valid,0.8914830930267682,0.7966344432509846,12,9,False,0.8315514922142029,0.7628865838050842,0.06866490840911865,0.038631781935691833,19.43361800022103
voc,densenet121,gradcam,8927,9,0.05,4,487923459527200765,valid,0.9183889264499223,0.8978819969742814,12,9,False,0.8315514922142029,0.7549981474876404,0.0765533447265625,0.03853814676403999,19.470260000161943
voc,densenet121,gradcam,5803,10,0.01,0,3852546974185743096,valid,0.9987957885965182,0.9226053639846743,8,8,True,0.9446763396263123,0.9425678849220276,0.002108454704284668,0.007959626615047455,19.182437999916147
voc,densenet121,gradcam,5803,10,0.01,1,2371425837951975359,valid,0.9982458482691345,0.9090736161308731,8,8,True,0.9446763396263123,0.940097451210022,0.004578888416290283,0.007964682765305042,19.33575999964887
voc,densenet121,gradcam,5803,10,0.01,2,6461432094931278540,valid,0.997761191350486,0.8530280649926145,8,8,True,0.9446763396263123,0.9371413588523865,0.007534980773925781,0.007959211245179176,20.165778000318824
voc,densenet121,gradcam,5803,10,0.01,3,7926371796250851087,valid,0.9961432612782901,0.8273852876911871,8,8,True,0.9446763396263123,0.9390421509742737,0.005634188652038574,0.007983485236763954,19.353568000042287
voc,densenet121,gradcam,5803,10,0.01,4,2273525925788181717,valid,0.9960308757972007,0.9203980099502488,8,8,True,0.9446763396263123,0.9454382658004761,0.0007619261741638184,0.007958859205245972,19.353359999968234
voc,densenet121,gradcam,5803,10,0.02,0,3852546974185743096,valid,0.9788824892028123,0.7511778049206073,8,8,True,0.9446763396263123,0.8749170899391174,0.06975924968719482,0.015908069908618927,19.292499000130192
voc,densenet121,gradcam,5803,10,0.02,1,2371425837951975359,valid,0.9712329478707098,0.682199128394234,8,8,True,0.9446763396263123,0.8795047402381897,0.06517159938812256,0.015916859731078148,19.304775999898993
voc,densenet121,gradcam,5803,10,0.02,2,6461432094931278540,valid,0.9866803409182646,0.805360676380644,8,8,True,0.9446763396263123,0.8921602368354797,0.05251610279083252,0.015904279425740242,19.3913370003429
voc,densenet121,gradcam,5803,10,0.02,3,7926371796250851087,valid,0.9683615313997073,0.6872898453261601,8,8,True,0.9446763396263123,0.8891794681549072,0.05549687147140503,0.015955382958054543,19.708339999851887
voc,densenet121,gradcam,5803,10,0.02,4,2273525925788181717,valid,0.9835452807785732,0.7238062521470285,8,8,True,0.9446763396263123,0.9017177224159241,0.042958617210388184,0.015904858708381653,19.347404999734863
voc,densenet121,gradcam,5803,10,0.05,0,3852546974185743096,valid,0.9000313886197617,0.608848990060917,8,8,True,0.9446763396263123,0.6541110277175903,0.2905653119087219,0.03945458307862282,19.36007200038148
voc,densenet121,gradcam,5803,10,0.05,1,2371425837951975359,valid,0.8729839018145528,0.5708248552199092,8,8,True,0.9446763396263123,0.6171305179595947,0.32754582166671753,0.03948044404387474,19.41232499984835
voc,densenet121,gradcam,5803,10,0.05,2,6461432094931278540,valid,0.9290950316414255,0.65174456879526,8,8,True,0.9446763396263123,0.7259317636489868,0.21874457597732544,0.03945866972208023,19.332915999711986
voc,densenet121,gradcam,5803,10,0.05,3,7926371796250851087,valid,0.8673271335282611,0.5593536357986327,8,8,True,0.9446763396263123,0.6617886424064636,0.28288769721984863,0.03957448899745941,19.355330000053073
voc,densenet121,gradcam,5803,10,0.05,4,2273525925788181717,valid,0.9222151259453382,0.6114322414900449,8,8,True,0.9446763396263123,0.7324005961418152,0.21227574348449707,0.03945562615990639,19.32945499993366
voc,densenet121,gradcam,39,19,0.01,0,2479825858614679456,valid,0.9932469022627273,0.9408238251788822,19,19,True,0.9573963284492493,0.9586185216903687,0.0012221932411193848,0.007968374527990818,19.154962999891723
voc,densenet121,gradcam,39,19,0.01,1,2409326931739155617,valid,0.9930526799113336,0.9494949494949495,19,19,True,0.9573963284492493,0.959709644317627,0.0023133158683776855,0.007987383753061295,19.389983000110078
voc,densenet121,gradcam,39,19,0.01,2,6067917643963702541,valid,0.993889973583131,0.9167303284950343,19,19,True,0.9573963284492493,0.9590139389038086,0.0016176104545593262,0.007974721491336823,19.414162000430224
voc,densenet121,gradcam,39,19,0.01,3,3836945159140576186,valid,0.9940111249068381,0.9647611589663273,19,19,True,0.9573963284492493,0.9609839916229248,0.003587663173675537,0.00796017237007618,19.400726999720064
voc,densenet121,gradcam,39,19,0.01,4,2894779989879545488,valid,0.9945249451648334,0.9389489953632149,19,19,True,0.9573963284492493,0.960613489151001,0.003217160701751709,0.007952241227030754,19.35201100013728
voc,densenet121,gradcam,39,19,0.02,0,2479825858614679456,valid,0.993150883990673,0.9112549990478004,19,19,True,0.9573963284492493,0.961168110370636,0.0037717819213867188,0.015936193987727165,19.342625999797747
voc,densenet121,gradcam,39,19,0.02,1,2409326931739155617,valid,0.9938889236604177,0.914536436474628,19,19,True,0.9573963284492493,0.9628024697303772,0.00540614128112793,0.015974445268511772,19.38016099984452
voc,densenet121,gradcam,39,19,0.02,2,6067917643963702541,valid,0.994715808988541,0.8557692307692307,19,19,True,0.9573963284492493,0.9627987146377563,0.00540238618850708,0.015948740765452385,19.38564200008841
voc,densenet121,gradcam,39,19,0.02,3,3836945159140576186,valid,0.9904823546490527,0.9296289175158623,19,19,True,0.9573963284492493,0.961373507976532,0.003977179527282715,0.01591968908905983,19.377866999548132
voc,densenet121,gradcam,39,19,0.02,4,2894779989879545488,valid,0.9942710666672419,0.9229737497604905,19,19,True,0.9573963284492493,0.9633651375770569,0.005968809127807617,0.015903783962130547,19.39446599999428
voc,densenet121,gradcam,39,19,0.05,0,2479825858614679456,valid,0.9734030347458182,0.7441779631560653,19,19,True,0.9573963284492493,0.9615921974182129,0.004195868968963623,0.03981241211295128,19.35783899989474
voc,densenet121,gradcam,39,19,0.05,1,2409326931739155617,valid,0.9702720944884514,0.7360318284033904,19,19,True,0.9573963284492493,0.9703571796417236,0.012960851192474365,0.039907168596982956,19.313902000249072
voc,densenet121,gradcam,39,19,0.05,2,6067917643963702541,valid,0.9738048240378713,0.7603929135239431,19,19,True,0.9573963284492493,0.9642488360404968,0.006852507591247559,0.03984615579247475,19.325326999933168
voc,densenet121,gradcam,39,19,0.05,3,3836945159140576186,valid,0.9688521627712522,0.7539321915414191,19,19,True,0.9573963284492493,0.9648215174674988,0.007425189018249512,0.039770208299160004,19.40243399985775
voc,densenet121,gradcam,39,19,0.05,4,2894779989879545488,valid,0.9632638377432784,0.7073834637631847,19,19,True,0.9573963284492493,0.9631749987602234,0.005778670310974121,0.039730824530124664,19.39176399991993
voc,densenet121,gradcam,1686,14,0.01,0,2407452988058933126,valid,0.9990661794392313,0.9794871794871794,14,14,True,0.8446870446205139,0.8444664478302002,0.0002205967903137207,0.007966757752001286,19.274986000255012
voc,densenet121,gradcam,1686,14,0.01,1,1416983024301229683,valid,0.9987506477423427,0.9624560031286664,14,14,True,0.8446870446205139,0.8429697155952454,0.0017173290252685547,0.00797212403267622,19.370090999927925
voc,densenet121,gradcam,1686,14,0.01,2,329098390142242351,valid,0.9994923237208623,0.9830073108081406,14,14,True,0.8446870446205139,0.8487556576728821,0.004068613052368164,0.007979354821145535,19.367382999917027
voc,densenet121,gradcam,1686,14,0.01,3,8332520142723992066,valid,0.9994091320785161,0.9686151431934091,14,14,True,0.8446870446205139,0.8488062620162964,0.004119217395782471,0.007971532642841339,19.34614599986162
voc,densenet121,gradcam,1686,14,0.01,4,4678094734876851399,valid,0.9995823479200725,0.9759795235282536,14,14,True,0.8446870446205139,0.84814453125,0.003457486629486084,0.00796749908477068,19.35431200035964
voc,densenet121,gradcam,1686,14,0.02,0,2407452988058933126,valid,0.9971848072143491,0.9307425933051173,14,14,True,0.8446870446205139,0.8422208428382874,0.0024662017822265625,0.015924200415611267,19.40552199994272
voc,densenet121,gradcam,1686,14,0.02,1,1416983024301229683,valid,0.9944255299116306,0.9483595418365366,14,14,True,0.8446870446205139,0.8397757411003113,0.004911303520202637,0.015933610498905182,19.63675399974818
voc,densenet121,gradcam,1686,14,0.02,2,329098390142242351,valid,0.9962341020945984,0.9720966791118097,14,14,True,0.8446870446205139,0.8549367785453796,0.010249733924865723,0.015948176383972168,19.37011700010771
voc,densenet121,gradcam,1686,14,0.02,3,8332520142723992066,valid,0.9956971059949041,0.9222371193257997,14,14,True,0.8446870446205139,0.8549360036849976,0.010248959064483643,0.015932364389300346,19.280413999695156
voc,densenet121,gradcam,1686,14,0.02,4,4678094734876851399,valid,0.9969032346568989,0.9479813664596274,14,14,True,0.8446870446205139,0.8535362482070923,0.00884920358657837,0.015926174819469452,20.00552699973923
voc,densenet121,gradcam,1686,14,0.05,0,2407452988058933126,valid,0.9891113306536258,0.9411992263056093,14,14,True,0.8446870446205139,0.8411345481872559,0.0035524964332580566,0.03975142538547516,19.3892379998033
voc,densenet121,gradcam,1686,14,0.05,1,1416983024301229683,valid,0.9866305344451279,0.9340913470803623,14,14,True,0.8446870446205139,0.8267584443092346,0.017928600311279297,0.039765309542417526,19.33539399988149
voc,densenet121,gradcam,1686,14,0.05,2,329098390142242351,valid,0.9802776815901615,0.8716896680343156,14,14,True,0.8446870446205139,0.8581242561340332,0.013437211513519287,0.039804235100746155,19.38150800015137
voc,densenet121,gradcam,1686,14,0.05,3,8332520142723992066,valid,0.9853470038850997,0.8942997357493394,14,14,True,0.8446870446205139,0.8286569118499756,0.01603013277053833,0.03977079316973686,20.87966299995969
voc,densenet121,gradcam,1686,14,0.05,4,4678094734876851399,valid,0.9861336201052452,0.9105273177232058,14,14,True,0.8446870446205139,0.8357338905334473,0.00895315408706665,0.039751797914505005,19.366860999980418
voc,densenet121,gradcam,5544,18,0.01,0,7605300728157470724,valid,0.9961558767198533,0.9408238251788822,18,18,True,0.8827662467956543,0.8540787696838379,0.028687477111816406,0.007968038320541382,19.234654999763734
voc,densenet121,gradcam,5544,18,0.01,1,7713127228031362199,valid,0.9944123357074716,0.9498737128424325,18,18,True,0.8827662467956543,0.8341082334518433,0.048658013343811035,0.007966979406774044,19.31813000010152
voc,densenet121,gradcam,5544,18,0.01,2,3269339992068861176,valid,0.9992767724440763,0.9647611589663273,18,18,True,0.8827662467956543,0.8527241945266724,0.030042052268981934,0.007948676124215126,19.385965000310534
voc,densenet121,gradcam,5544,18,0.01,3,3089590639899074028,valid,0.9912621560280156,0.9329738058551618,18,18,True,0.8827662467956543,0.8459629416465759,0.03680330514907837,0.007983219809830189,19.441094999820052
voc,densenet121,gradcam,5544,18,0.01,4,6201695411679841990,valid,0.9976828410766505,0.9479813664596274,18,18,True,0.8827662467956543,0.8539618253707886,0.028804421424865723,0.0079830726608634,19.447873000444815
voc,densenet121,gradcam,5544,18,0.02,0,7605300728157470724,valid,0.9894745326485013,0.9192962325492446,18,18,True,0.8827662467956543,0.8241678476333618,0.05859839916229248,0.015858670696616173,19.34502699987206
voc,densenet121,gradcam,5544,18,0.02,1,7713127228031362199,valid,0.992085076376422,0.9311141042909371,18,18,True,0.8827662467956543,0.8374525308609009,0.04531371593475342,0.01586063764989376,19.35664899974654
voc,densenet121,gradcam,5544,18,0.02,2,3269339992068861176,valid,0.993158428272749,0.9457153935633966,18,18,True,0.8827662467956543,0.7960631847381592,0.08670306205749512,0.01582384668290615,19.29920700013099
voc,densenet121,gradcam,5544,18,0.02,3,3089590639899074028,valid,0.9775880875870118,0.9014778325123153,18,18,True,0.8827662467956543,0.8243598937988281,0.05840635299682617,0.015888629481196404,19.36807999982193
voc,densenet121,gradcam,5544,18,0.02,4,6201695411679841990,valid,0.9854676232158749,0.9296289175158623,18,18,True,0.8827662467956543,0.8227760195732117,0.05999022722244263,0.01589089259505272,19.40306500000588
voc,densenet121,gradcam,5544,18,0.05,0,7605300728157470724,valid,0.9860099051086278,0.8829268292682927,18,18,True,0.8827662467956543,0.8370308876037598,0.04573535919189453,0.03881167620420456,19.31302399998458
voc,densenet121,gradcam,5544,18,0.05,1,7713127228031362199,valid,0.9943690221507435,0.9367039752991123,18,18,True,0.8827662467956543,0.7770182490348816,0.1057479977607727,0.038804858922958374,19.280679000075907
voc,densenet121,gradcam,5544,18,0.05,2,3269339992068861176,valid,0.9756658469052841,0.9090736161308731,18,18,True,0.8827662467956543,0.6963405013084412,0.18642574548721313,0.03869638592004776,19.375159999981406
voc,densenet121,gradcam,5544,18,0.05,3,3089590639899074028,valid,0.9830732616786548,0.8939422532553312,18,18,True,0.8827662467956543,0.792858362197876,0.08990788459777832,0.03885634243488312,19.293961000130366
voc,densenet121,gradcam,5544,18,0.05,4,6201695411679841990,valid,0.9834051028872355,0.8769403403777819,18,18,True,0.8827662467956543,0.782084584236145,0.10068166255950928,0.038869645446538925,19.36247599996932
voc,densenet121,gradcam,3784,1,0.01,0,568371097838651679,valid,0.9991888575365012,0.9061728395061729,1,1,True,0.9742979407310486,0.9725033640861511,0.001794576644897461,0.007813572883605957,19.190319999779604
voc,densenet121,gradcam,3784,1,0.01,1,8730973129268750908,valid,0.9995203841256727,0.9029199848312476,1,1,True,0.9742979407310486,0.9739917516708374,0.00030618906021118164,0.007821787148714066,19.34295499995642
voc,densenet121,gradcam,3784,1,0.01,2,4988815491858760642,valid,0.9997352576223847,0.9348370927318296,1,1,True,0.9742979407310486,0.9720714092254639,0.002226531505584717,0.007830729708075523,19.332958000177314
voc,densenet121,gradcam,3784,1,0.01,3,4107072592214049901,valid,0.9995887830779666,0.9396984924623115,1,1,True,0.9742979407310486,0.9700136184692383,0.004284322261810303,0.007802864536643028,19.352378999883513
voc,densenet121,gradcam,3784,1,0.01,4,2770030334258850844,valid,0.9995792901585964,0.9468477206595538,1,1,True,0.9742979407310486,0.9768000245094299,0.0025020837783813477,0.007841264829039574,19.31464099970981
voc,densenet121,gradcam,3784,1,0.02,0,568371097838651679,valid,0.9992946956278156,0.926295585412668,1,1,True,0.9742979407310486,0.9702919721603394,0.0040059685707092285,0.015436496585607529,19.42452899993441
voc,densenet121,gradcam,3784,1,0.02,1,8730973129268750908,valid,0.9985251462497852,0.8993186979560939,1,1,True,0.9742979407310486,0.9688711762428284,0.005426764488220215,0.015449882484972477,19.32888700002877
voc,densenet121,gradcam,3784,1,0.02,2,4988815491858760642,valid,0.9982548492774371,0.9043643263757116,1,1,True,0.9742979407310486,0.9692124128341675,0.0050855278968811035,0.015467796474695206,19.414748999679432
voc,densenet121,gradcam,3784,1,0.02,3,4107072592214049901,valid,0.997773586470054,0.9050873196659074,1,1,True,0.9742979407310486,0.9670770168304443,0.007220923900604248,0.0154164619743824,19.358590000138065
voc,densenet121,gradcam,3784,1,0.02,4,2770030334258850844,valid,0.9972553439963823,0.954811063498247,1,1,True,0.9742979407310486,0.974388837814331,9.08970832824707e-05,0.015484331175684929,19.34857100013687
voc,densenet121,gradcam,3784,1,0.05,0,568371097838651679,valid,0.9946992316266355,0.9101636848115722,1,1,True,0.9742979407310486,0.9635596871376038,0.010738253593444824,0.03768782317638397,19.340419999934966
voc,densenet121,gradcam,3784,1,0.05,1,8730973129268750908,valid,0.9918389194527941,0.825723121702747,1,1,True,0.9742979407310486,0.9618126749992371,0.012485265731811523,0.03770771622657776,20.854784000221116
voc,densenet121,gradcam,3784,1,0.05,2,4988815491858760642,valid,0.9911758521625188,0.9430784123910939,1,1,True,0.9742979407310486,0.9610204100608826,0.013277530670166016,0.03775530308485031,19.336036999902717
voc,densenet121,gradcam,3784,1,0.05,3,4107072592214049901,valid,0.9897413336322559,0.8273852876911871,1,1,True,0.9742979407310486,0.9602707028388977,0.014027237892150879,0.037643466144800186,19.406841000090935
voc,densenet121,gradcam,3784,1,0.05,4,2770030334258850844,valid,0.9888572123008964,0.8194343727338651,1,1,True,0.9742979407310486,0.9636375904083252,0.010660350322723389,0.03777756914496422,19.365544999800477
voc,densenet121,gradcam,6304,3,0.01,0,7830137365422260441,valid,0.9944686734211527,0.9830073108081406,3,3,True,0.9618754386901855,0.9577124118804932,0.004163026809692383,0.007777805905789137,19.275306999588793
voc,densenet121,gradcam,6304,3,0.01,1,4661326768319657430,valid,0.9964285118474538,0.9620723362658846,3,3,True,0.9618754386901855,0.957415759563446,0.004459679126739502,0.007801047991961241,19.333617000029335
voc,densenet121,gradcam,6304,3,0.01,2,6619020526136302124,valid,0.9949452118295521,0.9203980099502488,3,3,True,0.9618754386901855,0.9611382484436035,0.0007371902465820312,0.007769848220050335,19.367876999695
voc,densenet121,gradcam,6304,3,0.01,3,6800945400057756425,valid,0.9814137263652899,0.9127120259195731,3,3,True,0.9618754386901855,0.9589956998825073,0.0028797388076782227,0.0077906036749482155,19.329294000272057
voc,densenet121,gradcam,6304,3,0.01,4,7042581768829889240,valid,0.9944292400809505,0.9018381656244078,3,3,True,0.9618754386901855,0.9590179920196533,0.0028574466705322266,0.007799931801855564,19.321468999805802
voc,densenet121,gradcam,6304,3,0.02,0,7830137365422260441,valid,0.9929223332384765,0.9636079045196635,3,3,True,0.9618754386901855,0.9615601897239685,0.000315248966217041,0.015163382515311241,19.412117999763723
voc,densenet121,gradcam,6304,3,0.02,1,4661326768319657430,valid,0.9859712754485304,0.9288871804728042,3,3,True,0.9618754386901855,0.9523149132728577,0.00956052541732788,0.01521262340247631,19.33792399995582
voc,densenet121,gradcam,6304,3,0.02,2,6619020526136302124,valid,0.9870746341747393,0.9348370927318296,3,3,True,0.9618754386901855,0.9604822397232056,0.0013931989669799805,0.015144380740821362,19.37280899983307
voc,densenet121,gradcam,6304,3,0.02,3,6800945400057756425,valid,0.9559133375384421,0.8612759643916914,3,3,True,0.9618754386901855,0.9524434804916382,0.009431958198547363,0.015190238133072853,19.30402400012099
voc,densenet121,gradcam,6304,3,0.02,4,7042581768829889240,valid,0.9726858836269578,0.9259259259259259,3,3,True,0.9618754386901855,0.9530379772186279,0.008837461471557617,0.015201279893517494,19.34174300004088
voc,densenet121,gradcam,6304,3,0.05,0,7830137365422260441,valid,0.9133188449768476,0.8794007490636704,3,3,True,0.9618754386901855,0.9483551383018494,0.013520300388336182,0.03608463332056999,19.351651999841124
voc,densenet121,gradcam,6304,3,0.05,1,4661326768319657430,valid,0.8359573489821849,0.8557692307692307,3,3,True,0.9618754386901855,0.9337050914764404,0.028170347213745117,0.036187026649713516,19.314867000048253
voc,densenet121,gradcam,6304,3,0.05,2,6619020526136302124,valid,0.9018154829799344,0.8401173450678401,3,3,True,0.9618754386901855,0.9539552330970764,0.00792020559310913,0.036047544330358505,19.343027000104485
voc,densenet121,gradcam,6304,3,0.05,3,6800945400057756425,valid,0.9230881021964356,0.7905441570026762,3,3,True,0.9618754386901855,0.9412528276443481,0.020622611045837402,0.0361393466591835,19.52528700030598
voc,densenet121,gradcam,6304,3,0.05,4,7042581768829889240,valid,0.9286339193693112,0.842143906020558,3,3,True,0.9618754386901855,0.9571232199668884,0.004752218723297119,0.03616848587989807,19.37128200006555
voc,densenet121,gradcam,158,2,0.01,0,3522680649187379204,valid,0.9073999420758645,0.954811063498247,2,2,True,0.48875364661216736,0.660331666469574,0.17157801985740662,0.007975605316460133,19.13635200025965
voc,densenet121,gradcam,158,2,0.01,1,419294351200179885,valid,0.9416425875578368,0.940073458341388,2,2,True,0.48875364661216736,0.6367123126983643,0.1479586660861969,0.00796718429774046,19.41190599973197
voc,densenet121,gradcam,158,2,0.01,2,3028218364960125082,valid,0.9129147815464465,0.9389489953632149,2,2,True,0.48875364661216736,0.6634502410888672,0.17469659447669983,0.007969053462147713,19.346850000147242
voc,densenet121,gradcam,158,2,0.01,3,6052761022673377132,valid,0.9271899531977341,0.940073458341388,2,2,True,0.48875364661216736,0.6580342054367065,0.16928055882453918,0.007990062236785889,19.576980999772786
voc,densenet121,gradcam,158,2,0.01,4,3347453041863134171,valid,0.9498076020114175,0.9590083935194222,2,2,True,0.48875364661216736,0.6439456343650818,0.15519198775291443,0.007959375157952309,19.330127999637625
voc,densenet121,gradcam,158,2,0.02,0,3522680649187379204,valid,0.8763630902644496,0.9159984726995036,2,2,True,0.48875364661216736,0.6747114658355713,0.18595781922340393,0.015928965061903,19.3382349998501
voc,densenet121,gradcam,158,2,0.02,1,419294351200179885,valid,0.8879098149385096,0.8918001885014137,2,2,True,0.48875364661216736,0.6840852499008179,0.1953316032886505,0.015908291563391685,19.364056999620516
voc,densenet121,gradcam,158,2,0.02,2,3028218364960125082,valid,0.8865353592022622,0.9340913470803623,2,2,True,0.48875364661216736,0.6626325845718384,0.17387893795967102,0.01591516099870205,19.283845000245492
voc,densenet121,gradcam,158,2,0.02,3,6052761022673377132,valid,0.8920220428482639,0.9029199848312476,2,2,True,0.48875364661216736,0.729468822479248,0.2407151758670807,0.01595572754740715,19.460481999885815
voc,densenet121,gradcam,158,2,0.02,4,3347453041863134171,valid,0.9229904517295576,0.8910872432636141,2,2,True,0.48875364661216736,0.7125200033187866,0.22376635670661926,0.015894820913672447,20.943057000295084
voc,densenet121,gradcam,158,2,0.05,0,3522680649187379204,valid,0.8426826015246174,0.9043643263757116,2,2,True,0.48875364661216736,0.5004895329475403,0.011735886335372925,0.039649490267038345,19.44683099964095
voc,densenet121,gradcam,158,2,0.05,1,419294351200179885,valid,0.8442524523296502,0.8141720896601591,2,2,True,0.48875364661216736,0.555969774723053,0.06721612811088562,0.03958715498447418,19.3410980000408
voc,densenet121,gradcam,158,2,0.05,2,3028218364960125082,valid,0.8768065306470569,0.9090736161308731,2,2,True,0.48875364661216736,0.5622947216033936,0.0735410749912262,0.039615146815776825,19.36910899985378
voc,densenet121,gradcam,158,2,0.05,3,6052761022673377132,valid,0.8624989919974465,0.8554261416158255,2,2,True,0.48875364661216736,0.5725063681602478,0.08375272154808044,0.03971414640545845,19.334618999891973
voc,densenet121,gradcam,158,2,0.05,4,3347453041863134171,valid,0.8534116720842028,0.8727374510169807,2,2,True,0.48875364661216736,0.6287314295768738,0.13997778296470642,0.03955967351794243,19.409916999848065
voc,densenet121,gradcam,9571,0,0.01,0,2590450077393174903,valid,0.9353638963873335,0.636927091828413,3,3,True,0.7219821810722351,0.6475887298583984,0.07439345121383667,0.007966489531099796,19.22138100007942
voc,densenet121,gradcam,9571,0,0.01,1,7132724899960905381,valid,0.9821680717540078,0.8217462334361954,3,3,True,0.7219821810722351,0.6080358028411865,0.11394637823104858,0.007969462312757969,19.403726999826176
voc,densenet121,gradcam,9571,0,0.01,2,1120045858359378571,valid,0.9608030989063275,0.6715522984676882,3,3,True,0.7219821810722351,0.6253900527954102,0.09659212827682495,0.007957957684993744,19.323231999806012
voc,densenet121,gradcam,9571,0,0.01,3,3030323471833644395,valid,0.9647605511890334,0.6599404565001654,3,3,True,0.7219821810722351,0.623763918876648,0.09821826219558716,0.007967817597091198,19.35836000029667
voc,densenet121,gradcam,9571,0,0.01,4,3981683401082662910,valid,0.9646361469806687,0.9237109449875407,3,3,True,0.7219821810722351,0.6959718465805054,0.026010334491729736,0.007993013598024845,19.328386999859504
voc,densenet121,gradcam,9571,0,0.02,0,2590450077393174903,valid,0.2531803360966544,0.001496856601137611,3,3,True,0.7219821810722351,0.4608444273471832,0.2611377537250519,0.015918999910354614,19.39498599995204
voc,densenet121,gradcam,9571,0,0.02,1,7132724899960905381,valid,0.5623247508374833,0.05965579136310844,3,3,True,0.7219821810722351,0.4659470021724701,0.256035178899765,0.015923870727419853,19.404190000386734
voc,densenet121,gradcam,9571,0,0.02,2,1120045858359378571,valid,0.6994021050802097,0.054090956832265516,3,3,True,0.7219821810722351,0.48070335388183594,0.24127882719039917,0.015901245176792145,19.350547999692935
voc,densenet121,gradcam,9571,0,0.02,3,3030323471833644395,valid,0.815502708474435,0.37876081879379037,3,3,True,0.7219821810722351,0.529626727104187,0.1923554539680481,0.01591871678829193,19.36224700011735
voc,densenet121,gradcam,9571,0,0.02,4,3981683401082662910,valid,0.8062439270595966,0.08286577470867501,3,3,True,0.7219821810722351,0.49942582845687866,0.22255635261535645,0.015971817076206207,19.37958999997136
voc,densenet121,gradcam,9571,0,0.05,0,2590450077393174903,valid,0.8405043185946078,0.2090109625346344,3,3,True,0.7219821810722351,0.34698861837387085,0.37499356269836426,0.039323944598436356,19.292300000415707
voc,densenet121,gradcam,9571,0,0.05,1,7132724899960905381,valid,0.5590556999729708,0.06201058201058201,3,3,True,0.7219821810722351,0.3658337891101837,0.3561483919620514,0.03933391720056534,19.918298999982653
voc,densenet121,gradcam,9571,0,0.05,2,1120045858359378571,valid,0.8382902253342666,0.24919093851132687,3,3,True,0.7219821810722351,0.4309711158275604,0.2910110652446747,0.03928672522306442,19.28016400006527
voc,densenet121,gradcam,9571,0,0.05,3,3030323471833644395,valid,0.743448900831991,0.3103223280699465,3,3,True,0.7219821810722351,0.36969536542892456,0.35228681564331055,0.039305128157138824,19.391543999972782
voc,densenet121,gradcam,9571,0,0.05,4,3981683401082662910,valid,0.8725910435361677,0.3168238993710692,3,3,True,0.7219821810722351,0.5009698867797852,0.22101229429244995,0.03946685418486595,19.37015200019232
