dataset,model,method,image_id,target,sigma,repeat,seed,status,spearman,top10_jaccard,original_pred,perturbed_pred,prediction_preserved,original_target_score,perturbed_target_score,target_score_abs_delta,perturbation_mae_pixel,attribution_time_ms
imagenet,vgg16,ig,ILSVRC2012_val_00012132,17,0.005,0,1240890485581281775,valid,0.6483902947384941,0.4492418772563177,17,17,True,0.8944293856620789,0.9157871007919312,0.021357715129852295,0.003996922168880701,296.93409799983783
imagenet,vgg16,ig,ILSVRC2012_val_00012132,17,0.005,1,7809966714089166156,valid,0.6430489608925872,0.45301867670479223,17,17,True,0.8944293856620789,0.9150027632713318,0.02057337760925293,0.003996476996690035,297.01736999959394
imagenet,vgg16,ig,ILSVRC2012_val_00012132,17,0.005,2,594568608699110832,valid,0.6574426982146503,0.4507082971957213,17,17,True,0.8944293856620789,0.9353545904159546,0.04092520475387573,0.003997646272182465,296.9594569999572
imagenet,vgg16,ig,ILSVRC2012_val_00012132,17,0.005,3,8272835477805138346,valid,0.6492498426337938,0.45935727788279773,17,17,True,0.8944293856620789,0.9275123476982117,0.03308296203613281,0.003987786825746298,297.1079330000066
imagenet,vgg16,ig,ILSVRC2012_val_00012132,17,0.005,4,5588988483984321074,valid,0.6480166179007832,0.43823445113212955,17,17,True,0.8944293856620789,0.9125686883926392,0.018139302730560303,0.003985461313277483,297.23807500022303
imagenet,vgg16,ig,ILSVRC2012_val_00000140,558,0.005,0,2495375757937344332,valid,0.848770844011406,0.6995766299745978,251,251,True,7.059310974000255e-06,7.543312221969245e-06,4.840012479689904e-07,0.003977824002504349,297.03654099967025
imagenet,vgg16,ig,ILSVRC2012_val_00000140,558,0.005,1,8258382046345720994,valid,0.8500311431727172,0.6961297955044786,251,251,True,7.059310974000255e-06,7.147987616917817e-06,8.867664291756228e-08,0.0039786482229828835,297.9001500002596
imagenet,vgg16,ig,ILSVRC2012_val_00000140,558,0.005,2,1986566169149637064,valid,0.8486603228966503,0.695843190266982,251,251,True,7.059310974000255e-06,3.725579517777078e-06,3.333731456223177e-06,0.003982102498412132,297.05046900016896
imagenet,vgg16,ig,ILSVRC2012_val_00000140,558,0.005,3,781331182807300414,valid,0.8493087715045206,0.6924114671163575,251,251,True,7.059310974000255e-06,6.304327598627424e-06,7.549833753728308e-07,0.003985240124166012,297.1202540002196
imagenet,vgg16,ig,ILSVRC2012_val_00000140,558,0.005,4,821512256087617785,valid,0.853023603536862,0.7010169491525424,251,251,True,7.059310974000255e-06,4.289771823096089e-06,2.7695391509041656e-06,0.003987926058471203,300.53219799992803
imagenet,vgg16,ig,ILSVRC2012_val_00031295,237,0.005,0,7260055080022824154,valid,0.758087689386439,0.5010469638049656,237,237,True,0.8723140358924866,0.8707352876663208,0.0015787482261657715,0.003991680685430765,297.132158000295
imagenet,vgg16,ig,ILSVRC2012_val_00031295,237,0.005,1,6830589745658477501,valid,0.7604996821020245,0.49902912621359224,237,237,True,0.8723140358924866,0.8341244459152222,0.038189589977264404,0.003990218974649906,297.67686900004264
imagenet,vgg16,ig,ILSVRC2012_val_00031295,237,0.005,2,5572588514906466611,valid,0.7628972405839428,0.5066806785767902,237,237,True,0.8723140358924866,0.781984269618988,0.09032976627349854,0.003981485962867737,297.2014689999014
imagenet,vgg16,ig,ILSVRC2012_val_00031295,237,0.005,3,7784788833784456437,valid,0.7594259957828884,0.5087191822008419,237,237,True,0.8723140358924866,0.8573001027107239,0.015013933181762695,0.003984395414590836,297.30165599994507
imagenet,vgg16,ig,ILSVRC2012_val_00031295,237,0.005,4,205616704339721179,valid,0.7618255627730056,0.5087191822008419,237,237,True,0.8723140358924866,0.8633995652198792,0.008914470672607422,0.003989964723587036,297.13914100011607
imagenet,vgg16,ig,ILSVRC2012_val_00004300,330,0.005,0,2062959023804323395,valid,0.8965373803899411,0.7161422708618331,36,36,True,0.008956687524914742,0.008000101894140244,0.000956585630774498,0.003975726664066315,297.07609500019316
imagenet,vgg16,ig,ILSVRC2012_val_00004300,330,0.005,1,1730914782129674652,valid,0.8966510498357679,0.7149692412850308,36,36,True,0.008956687524914742,0.007675467990338802,0.0012812195345759392,0.003996573854237795,297.1230130001459
imagenet,vgg16,ig,ILSVRC2012_val_00004300,330,0.005,2,2230829393384523700,valid,0.8996799220639542,0.7208504801097394,36,36,True,0.008956687524914742,0.008385688066482544,0.0005709994584321976,0.003984126728028059,297.63586699982625
imagenet,vgg16,ig,ILSVRC2012_val_00004300,330,0.005,3,2370168859087342904,valid,0.8981287408861435,0.7120436711020129,36,36,True,0.008956687524914742,0.009360087104141712,0.00040339957922697067,0.00397538160905242,297.1912890002386
imagenet,vgg16,ig,ILSVRC2012_val_00004300,330,0.005,4,9172714801131829905,valid,0.8989193348438116,0.7146762344097044,36,36,True,0.008956687524914742,0.009566331282258034,0.0006096437573432922,0.003993544261902571,297.0414249998612
imagenet,vgg16,ig,ILSVRC2012_val_00007011,140,0.005,0,8693357588706766936,valid,0.7686819512343126,0.5399723799294154,140,140,True,0.9977737069129944,0.9984065890312195,0.0006328821182250977,0.003985125571489334,297.2412290000648
imagenet,vgg16,ig,ILSVRC2012_val_00007011,140,0.005,1,7795033858281793546,valid,0.7730730308992668,0.543050430504305,140,140,True,0.9977737069129944,0.9981966614723206,0.0004229545593261719,0.003996301908046007,297.21774299969184
imagenet,vgg16,ig,ILSVRC2012_val_00007011,140,0.005,2,2820880621722301505,valid,0.7745022028351106,0.5521187751314568,140,140,True,0.9977737069129944,0.998115062713623,0.0003413558006286621,0.003980946261435747,297.7886070002569
imagenet,vgg16,ig,ILSVRC2012_val_00007011,140,0.005,3,9156189342167126515,valid,0.7718457759360463,0.5373774509803921,140,140,True,0.9977737069129944,0.9984891414642334,0.0007154345512390137,0.0039957608096301556,297.0774350001193
imagenet,vgg16,ig,ILSVRC2012_val_00007011,140,0.005,4,2817173590254193893,valid,0.774125614434865,0.5456645618358232,140,140,True,0.9977737069129944,0.9986862540245056,0.0009125471115112305,0.003985989838838577,297.2398870001598
imagenet,vgg16,ig,ILSVRC2012_val_00008228,381,0.005,0,4154338444683056573,valid,0.8698272582404918,0.636927091828413,381,381,True,0.9006558656692505,0.925889790058136,0.025233924388885498,0.003944521304219961,298.04360900016036
imagenet,vgg16,ig,ILSVRC2012_val_00008228,381,0.005,1,8968172922966999441,valid,0.8721375542385547,0.6444371620514501,381,381,True,0.9006558656692505,0.9085099697113037,0.007854104042053223,0.0039505683816969395,297.13393800011545
imagenet,vgg16,ig,ILSVRC2012_val_00008228,381,0.005,2,4537400942497270551,valid,0.8689651012208974,0.6347939403811695,381,381,True,0.9006558656692505,0.9231110215187073,0.022455155849456787,0.003956777509301901,297.16598000004524
imagenet,vgg16,ig,ILSVRC2012_val_00008228,381,0.005,3,650350537098486573,valid,0.8698907460836912,0.6390658174097664,381,381,True,0.9006558656692505,0.9303796291351318,0.029723763465881348,0.003946382086724043,297.73613799989107
imagenet,vgg16,ig,ILSVRC2012_val_00008228,381,0.005,4,4634637524913072090,valid,0.8692433719962079,0.6422844051710032,381,381,True,0.9006558656692505,0.8993023633956909,0.0013535022735595703,0.003938153851777315,297.71302400013155
imagenet,vgg16,ig,ILSVRC2012_val_00016006,732,0.005,0,2689331499638741690,valid,0.6644766238877445,0.4215297450424929,732,732,True,0.8496047258377075,0.9291949272155762,0.07959020137786865,0.003991495352238417,297.84292800013645
imagenet,vgg16,ig,ILSVRC2012_val_00016006,732,0.005,1,8580294959909415158,valid,0.6612878482288624,0.4117316078210719,732,732,True,0.8496047258377075,0.938241183757782,0.08863645792007446,0.003996087703853846,297.3295460001282
imagenet,vgg16,ig,ILSVRC2012_val_00016006,732,0.005,2,9114965582325127640,valid,0.6592368335149899,0.4129241165704632,732,732,True,0.8496047258377075,0.9077006578445435,0.05809593200683594,0.003978316206485033,297.09381000020585
imagenet,vgg16,ig,ILSVRC2012_val_00016006,732,0.005,3,6003814197834614244,valid,0.660823009454132,0.41871642635001416,732,732,True,0.8496047258377075,0.9068734049797058,0.05726867914199829,0.004002221394330263,297.65454600010344
imagenet,vgg16,ig,ILSVRC2012_val_00016006,732,0.005,4,2271394598789847604,valid,0.6586681663703268,0.41014472390051987,732,732,True,0.8496047258377075,0.9216551780700684,0.07205045223236084,0.003988306038081646,297.5023669996517
imagenet,vgg16,ig,ILSVRC2012_val_00023543,254,0.005,0,270999366333867741,valid,0.8135073070933256,0.5996174689193497,254,254,True,0.9831565022468567,0.9835941195487976,0.00043761730194091797,0.003958440851420164,297.86793299990677
imagenet,vgg16,ig,ILSVRC2012_val_00023543,254,0.005,1,6483725595163808915,valid,0.8137365944032618,0.6065311349447735,254,254,True,0.9831565022468567,0.9820569753646851,0.0010995268821716309,0.003962662070989609,297.0576729999266
imagenet,vgg16,ig,ILSVRC2012_val_00023543,254,0.005,2,4939728852732550403,valid,0.8177184481063691,0.6034510305160569,254,254,True,0.9831565022468567,0.986895740032196,0.0037392377853393555,0.003957195673137903,297.3740799998268
imagenet,vgg16,ig,ILSVRC2012_val_00023543,254,0.005,3,4468478742456119862,valid,0.8127033493632655,0.598343685300207,254,254,True,0.9831565022468567,0.9861499667167664,0.002993464469909668,0.003962239250540733,297.3212489996513
imagenet,vgg16,ig,ILSVRC2012_val_00023543,254,0.005,4,2390165699526937601,valid,0.8164049052181764,0.5942811755361398,254,254,True,0.9831565022468567,0.977959930896759,0.005196571350097656,0.003957102075219154,297.6851660000648
imagenet,vgg16,ig,ILSVRC2012_val_00023347,89,0.005,0,7881334844864196200,valid,0.7476600350792437,0.5996174689193497,89,89,True,1.0,1.0,0.0,0.00399034982547164,297.12831599999845
imagenet,vgg16,ig,ILSVRC2012_val_00023347,89,0.005,1,8223420927206424359,valid,0.7459147584017427,0.5980891719745223,89,89,True,1.0,1.0,0.0,0.003996758721768856,297.63864899996406
imagenet,vgg16,ig,ILSVRC2012_val_00023347,89,0.005,2,2108301894708548545,valid,0.7469929751387201,0.5945344772799491,89,89,True,1.0,1.0,0.0,0.0039965626783668995,297.13768099964
imagenet,vgg16,ig,ILSVRC2012_val_00023347,89,0.005,3,2944429311875253943,valid,0.740535920044778,0.5973261180964508,89,89,True,1.0,1.0,0.0,0.003986770287156105,297.1754340001098
imagenet,vgg16,ig,ILSVRC2012_val_00023347,89,0.005,4,7481385728545187894,valid,0.7422554723211531,0.5909955611921369,89,89,True,1.0,1.0,0.0,0.003985045477747917,298.6865789998774
imagenet,vgg16,ig,ILSVRC2012_val_00011253,363,0.005,0,7969622713620301542,valid,0.8971523603349482,0.7196710075394106,270,270,True,0.00012064619659213349,0.00015077291755005717,3.012672095792368e-05,0.003959124442189932,297.9364880002322
imagenet,vgg16,ig,ILSVRC2012_val_00011253,363,0.005,1,7338576340922310673,valid,0.8911762334096888,0.6918408631153068,270,104,False,0.00012064619659213349,0.0001927809207700193,7.21347241778858e-05,0.003965461160987616,298.4841000002234
imagenet,vgg16,ig,ILSVRC2012_val_00011253,363,0.005,2,3200603612045899266,valid,0.8999293647707175,0.717904827114002,270,104,False,0.00012064619659213349,0.00017237314023077488,5.172694363864139e-05,0.003952908795326948,298.23001499971724
imagenet,vgg16,ig,ILSVRC2012_val_00011253,363,0.005,3,9145090093729942847,valid,0.8968143172023552,0.704483695652174,270,104,False,0.00012064619659213349,0.00017907506844494492,5.8428871852811426e-05,0.0039524477906525135,298.4367829999428
imagenet,vgg16,ig,ILSVRC2012_val_00011253,363,0.005,4,2178187931079052202,valid,0.8977205414807706,0.7065124978745111,270,270,True,0.00012064619659213349,0.00015070376684889197,3.005757025675848e-05,0.0039482819847762585,297.9512919996523
imagenet,vgg16,ig,ILSVRC2012_val_00003259,94,0.005,0,4429780876333051471,valid,0.6351150919470611,0.44299065420560746,94,94,True,1.0,1.0,0.0,0.003993895836174488,297.9671180000878
imagenet,vgg16,ig,ILSVRC2012_val_00003259,94,0.005,1,6769608815490762161,valid,0.6382343764410437,0.4388530465949821,94,94,True,1.0,1.0,0.0,0.003977128304541111,298.01390500006164
imagenet,vgg16,ig,ILSVRC2012_val_00003259,94,0.005,2,4833077611948378318,valid,0.6438703775986888,0.44091888011486,94,94,True,1.0,1.0,0.0,0.003983453847467899,298.60967100012203
imagenet,vgg16,ig,ILSVRC2012_val_00003259,94,0.005,3,4179979153158216119,valid,0.6403931706470797,0.4407120298593167,94,94,True,1.0,1.0,0.0,0.003990536089986563,297.92555900030493
imagenet,vgg16,ig,ILSVRC2012_val_00003259,94,0.005,4,6565154810130259791,valid,0.63216414758226,0.4507082971957213,94,94,True,1.0,1.0,0.0,0.003990671131759882,297.9902619999848
imagenet,vgg16,ig,ILSVRC2012_val_00004482,750,0.005,0,8865422365549614856,valid,0.6998233923485817,0.4561810795124782,750,750,True,0.7568832039833069,0.7695445418357849,0.012661337852478027,0.003970022778958082,297.89926500006914
imagenet,vgg16,ig,ILSVRC2012_val_00004482,750,0.005,1,1059731291589273690,valid,0.6996400100464161,0.45463768115942027,750,750,True,0.7568832039833069,0.7745894193649292,0.017706215381622314,0.003988173790276051,298.0024799999228
imagenet,vgg16,ig,ILSVRC2012_val_00004482,750,0.005,2,6688019309583644909,valid,0.7025514810995909,0.4621212121212121,750,750,True,0.7568832039833069,0.7594480514526367,0.002564847469329834,0.003984617535024881,298.59045100010917
imagenet,vgg16,ig,ILSVRC2012_val_00004482,750,0.005,3,3874562316425712509,valid,0.7120998712687985,0.45829700668410345,750,750,True,0.7568832039833069,0.7688180208206177,0.011934816837310791,0.003982017282396555,297.86453099995924
imagenet,vgg16,ig,ILSVRC2012_val_00004482,750,0.005,4,7297647644263138051,valid,0.7080844876663794,0.4538606403013183,750,750,True,0.7568832039833069,0.7649151086807251,0.008031904697418213,0.003985417541116476,297.9466090000642
imagenet,vgg16,ig,ILSVRC2012_val_00008860,223,0.005,0,4910538784497448159,valid,0.7707647701023808,0.565922920892495,268,179,False,0.022784365341067314,0.03471628203988075,0.011931916698813438,0.00399110559374094,297.92500899975494
imagenet,vgg16,ig,ILSVRC2012_val_00008860,223,0.005,1,2962209082535827029,valid,0.7671754405696499,0.5550046482801364,268,179,False,0.022784365341067314,0.026930071413517,0.004145706072449684,0.003994074184447527,298.14683600034186
imagenet,vgg16,ig,ILSVRC2012_val_00008860,223,0.005,2,4915173341996997882,valid,0.7658625833282758,0.5540414989160731,268,268,True,0.022784365341067314,0.01929268054664135,0.0034916847944259644,0.003989708609879017,297.9430989998946
imagenet,vgg16,ig,ILSVRC2012_val_00008860,223,0.005,3,5481128366000690820,valid,0.7745317125853202,0.5598383587193037,268,268,True,0.022784365341067314,0.031092319637537003,0.008307954296469688,0.003988922107964754,298.53015399976357
imagenet,vgg16,ig,ILSVRC2012_val_00008860,223,0.005,4,6528802408170143378,valid,0.7693636290855155,0.5591113872922169,268,268,True,0.022784365341067314,0.022133072838187218,0.0006512925028800964,0.00399424834176898,297.95421499966324
imagenet,vgg16,ig,ILSVRC2012_val_00014374,252,0.005,0,737479706250928168,valid,0.85115227387741,0.6218487394957983,197,197,True,0.0053043244406580925,0.0030100590083748102,0.0022942654322832823,0.003983885515481234,298.60013500001514
imagenet,vgg16,ig,ILSVRC2012_val_00014374,252,0.005,1,6444986774818403125,valid,0.8516670296102902,0.6257897294670338,197,197,True,0.0053043244406580925,0.006855211220681667,0.0015508867800235748,0.003981397487223148,297.84765200020047
imagenet,vgg16,ig,ILSVRC2012_val_00014374,252,0.005,2,4059748774665811067,valid,0.8469638190301206,0.623948220064725,197,197,True,0.0053043244406580925,0.0038159587420523167,0.0014883656986057758,0.0039821709506213665,298.2200930000545
imagenet,vgg16,ig,ILSVRC2012_val_00014374,252,0.005,3,3670375015107843525,valid,0.8478550856976168,0.623685487785148,197,199,False,0.0053043244406580925,0.004590271040797234,0.0007140533998608589,0.0039883507415652275,298.39741400019193
imagenet,vgg16,ig,ILSVRC2012_val_00014374,252,0.005,4,3823413000468415307,valid,0.8523492136432378,0.6221108776466785,197,197,True,0.0053043244406580925,0.004678225144743919,0.0006260992959141731,0.003992062993347645,297.87963100034176
imagenet,vgg16,ig,ILSVRC2012_val_00011915,13,0.005,0,6063869365544434696,valid,0.7149312439229267,0.5390277564790676,13,13,True,0.9999881982803345,0.9999899864196777,1.7881393432617188e-06,0.003980695735663176,298.23268600011943
imagenet,vgg16,ig,ILSVRC2012_val_00011915,13,0.005,1,1939233157906620720,valid,0.7037228668603429,0.5324477019392274,13,13,True,0.9999881982803345,0.9999923706054688,4.172325134277344e-06,0.0039930399507284164,297.8155769997102
imagenet,vgg16,ig,ILSVRC2012_val_00011915,13,0.005,2,2362658896889484070,valid,0.7151598068167834,0.543050430504305,13,13,True,0.9999881982803345,0.9999908208847046,2.6226043701171875e-06,0.003975533414632082,297.9992420000599
imagenet,vgg16,ig,ILSVRC2012_val_00011915,13,0.005,3,986056008418880171,valid,0.704605948116541,0.5329158393157172,13,13,True,0.9999881982803345,0.9999942779541016,6.079673767089844e-06,0.00399312237277627,298.00767200003975
imagenet,vgg16,ig,ILSVRC2012_val_00011915,13,0.005,4,2515950031567076910,valid,0.7116018117604143,0.5444752231455833,13,13,True,0.9999881982803345,0.9999939203262329,5.7220458984375e-06,0.003998739179223776,298.0278229997566
imagenet,vgg16,ig,ILSVRC2012_val_00019344,349,0.005,0,4088068935384823697,valid,0.9483588945698334,0.7883107626514612,348,348,True,0.42890438437461853,0.4176570475101471,0.011247336864471436,0.003982038702815771,297.95746600029815
imagenet,vgg16,ig,ILSVRC2012_val_00019344,349,0.005,1,8602332259342884988,valid,0.9491032368271698,0.7937444146559428,348,348,True,0.42890438437461853,0.43231716752052307,0.003412783145904541,0.003990971948951483,298.7373870000738
imagenet,vgg16,ig,ILSVRC2012_val_00019344,349,0.005,2,7596426159223342915,valid,0.9470514477691334,0.7788018433179723,348,348,True,0.42890438437461853,0.4356495141983032,0.006745129823684692,0.003987160045653582,298.00273200044103
imagenet,vgg16,ig,ILSVRC2012_val_00019344,349,0.005,3,5842746269193422530,valid,0.9491704572420073,0.7810115350488022,348,348,True,0.42890438437461853,0.42570018768310547,0.0032041966915130615,0.00400152150541544,298.02435700003116
imagenet,vgg16,ig,ILSVRC2012_val_00019344,349,0.005,4,4539572770689928226,valid,0.9495409367481353,0.7886294778114418,348,348,True,0.42890438437461853,0.4377778172492981,0.008873432874679565,0.0039830757305026054,298.55271599990374
imagenet,vgg16,ig,ILSVRC2012_val_00015926,373,0.005,0,7824287406080257999,valid,0.8935314052494732,0.6651733864277418,370,370,True,0.01014524046331644,0.008973163552582264,0.0011720769107341766,0.003984430804848671,297.94529699984196
imagenet,vgg16,ig,ILSVRC2012_val_00015926,373,0.005,1,7929028858864195142,valid,0.8908073885034075,0.6550131926121372,370,370,True,0.01014524046331644,0.009654146619141102,0.0004910938441753387,0.003985324874520302,298.5331509999014
imagenet,vgg16,ig,ILSVRC2012_val_00015926,373,0.005,2,1672669132139356813,valid,0.8930894936816686,0.6610393909301556,370,370,True,0.01014524046331644,0.007846398279070854,0.0022988421842455864,0.0039831725880503654,298.04229499995927
imagenet,vgg16,ig,ILSVRC2012_val_00015926,373,0.005,3,3777709456935710546,valid,0.8932318699817919,0.6662792628258343,370,370,True,0.01014524046331644,0.013033732771873474,0.0028884923085570335,0.003980493638664484,297.8883929999938
imagenet,vgg16,ig,ILSVRC2012_val_00015926,373,0.005,4,8509120453478104409,valid,0.8953568828889102,0.6635173213989723,370,370,True,0.01014524046331644,0.009436975233256817,0.0007082652300596237,0.003997220192104578,298.608872999921
imagenet,vgg16,ig,ILSVRC2012_val_00007971,220,0.005,0,6539809151522792949,valid,0.6803572134561097,0.6563789404192111,220,220,True,0.9668594598770142,0.9269668459892273,0.039892613887786865,0.0032053408212959766,297.88152200035256
imagenet,vgg16,ig,ILSVRC2012_val_00007971,220,0.005,1,2247456996425886328,valid,0.6861840042397966,0.6555592213790828,220,220,True,0.9668594598770142,0.9329968094825745,0.0338626503944397,0.003228061133995652,298.33802399980414
imagenet,vgg16,ig,ILSVRC2012_val_00007971,220,0.005,2,399923942390004657,valid,0.6850524139420794,0.6536496951721865,220,220,True,0.9668594598770142,0.9177358746528625,0.04912358522415161,0.0032157464884221554,298.55209300012575
imagenet,vgg16,ig,ILSVRC2012_val_00007971,220,0.005,3,5512153096464547389,valid,0.6769516836273197,0.6493015612161052,220,220,True,0.9668594598770142,0.9269911646842957,0.039868295192718506,0.0032157828100025654,297.88588800010984
imagenet,vgg16,ig,ILSVRC2012_val_00007971,220,0.005,4,6539105014280078224,valid,0.6936693949343593,0.6624151068411462,220,220,True,0.9668594598770142,0.9330035448074341,0.03385591506958008,0.003208809532225132,298.08867400015515
imagenet,vgg16,ig,ILSVRC2012_val_00015160,234,0.005,0,4314859105566112453,valid,0.6987521023901448,0.4709072255606038,234,234,True,0.47789132595062256,0.5936552286148071,0.11576390266418457,0.0038385451771318913,298.0420909998429
imagenet,vgg16,ig,ILSVRC2012_val_00015160,234,0.005,1,3954827248402496951,valid,0.7051878331622592,0.4709072255606038,234,234,True,0.47789132595062256,0.5153974294662476,0.037506103515625,0.0038396017625927925,297.92712199969174
imagenet,vgg16,ig,ILSVRC2012_val_00015160,234,0.005,2,9063806755192553816,valid,0.7019986017842993,0.46789527570571887,234,234,True,0.47789132595062256,0.5890503525733948,0.11115902662277222,0.003842610167339444,298.6597789999905
imagenet,vgg16,ig,ILSVRC2012_val_00015160,234,0.005,3,5113611462594320370,valid,0.7051267181640282,0.4715542521994135,234,234,True,0.47789132595062256,0.5509766340255737,0.07308530807495117,0.003832021029666066,297.99470499983727
imagenet,vgg16,ig,ILSVRC2012_val_00015160,234,0.005,4,2043122002561698985,valid,0.709714110109717,0.47609942638623326,234,234,True,0.47789132595062256,0.5959848761558533,0.11809355020523071,0.003842771053314209,297.92162700005065
imagenet,vgg16,ig,ILSVRC2012_val_00013600,78,0.005,0,5321597228691344102,valid,0.8324135135970181,0.6871743150109262,78,78,True,0.9874964952468872,0.9860823154449463,0.001414179801940918,0.003825295949354768,298.0265380001583
imagenet,vgg16,ig,ILSVRC2012_val_00013600,78,0.005,1,7222167107109924805,valid,0.8298856914365671,0.6904160350345292,78,78,True,0.9874964952468872,0.9863817691802979,0.0011147260665893555,0.0038245313335210085,297.9349750003166
imagenet,vgg16,ig,ILSVRC2012_val_00013600,78,0.005,2,7797770201540438027,valid,0.8314143667004776,0.6909856781802864,78,78,True,0.9874964952468872,0.9788874387741089,0.00860905647277832,0.0038342843763530254,298.4633980004219
imagenet,vgg16,ig,ILSVRC2012_val_00013600,78,0.005,3,1237048878609022038,valid,0.8314869640754186,0.6847406412623804,78,78,True,0.9874964952468872,0.9825464487075806,0.004950046539306641,0.0038343165069818497,297.92742400013594
imagenet,vgg16,ig,ILSVRC2012_val_00013600,78,0.005,4,8413812753638948976,valid,0.8295923269108478,0.6884253028263796,78,78,True,0.9874964952468872,0.9867480993270874,0.0007483959197998047,0.0038248568307608366,297.964286000024
imagenet,vgg16,ig,ILSVRC2012_val_00000391,185,0.005,0,647337732867472776,valid,0.7753964115291132,0.5867193675889328,185,185,True,0.9872781038284302,0.9887795448303223,0.0015014410018920898,0.0038497091736644506,298.57369299998027
imagenet,vgg16,ig,ILSVRC2012_val_00000391,185,0.005,1,5961835625946395936,valid,0.7742442968822842,0.5940279542566709,185,185,True,0.9872781038284302,0.9886494874954224,0.0013713836669921875,0.0038408106192946434,298.19192900004055
imagenet,vgg16,ig,ILSVRC2012_val_00000391,185,0.005,2,3042057777627889131,valid,0.7774226015171994,0.588477366255144,185,185,True,0.9872781038284302,0.9889981150627136,0.0017200112342834473,0.0038353954441845417,298.0374439998741
imagenet,vgg16,ig,ILSVRC2012_val_00000391,185,0.005,3,1252662408036727049,valid,0.7805507517112779,0.604989604989605,185,185,True,0.9872781038284302,0.9874983429908752,0.00022023916244506836,0.0038429831620305777,298.587550999855
imagenet,vgg16,ig,ILSVRC2012_val_00000391,185,0.005,4,3315184970820708848,valid,0.7754051968897241,0.6031948881789138,185,185,True,0.9872781038284302,0.9898093938827515,0.002531290054321289,0.0038221031427383423,297.86891200001264
imagenet,vgg16,ig,ILSVRC2012_val_00044836,119,0.005,0,8171849296649949647,valid,0.9320220461322232,0.7241023879058581,119,119,True,0.8232589960098267,0.8255270719528198,0.002268075942993164,0.003988279029726982,299.0979299997889
imagenet,vgg16,ig,ILSVRC2012_val_00044836,119,0.005,1,4491656841088079867,valid,0.9335955880651193,0.7143833276392211,119,119,True,0.8232589960098267,0.8062744140625,0.01698458194732666,0.00399305485188961,298.0766499999845
imagenet,vgg16,ig,ILSVRC2012_val_00044836,119,0.005,2,8171822219854576615,valid,0.9317506014272515,0.7167293876154636,119,119,True,0.8232589960098267,0.8201361298561096,0.003122866153717041,0.004000420682132244,297.9372390000208
imagenet,vgg16,ig,ILSVRC2012_val_00044836,119,0.005,3,736521806856464285,valid,0.930606042964826,0.7041942604856513,119,119,True,0.8232589960098267,0.815204381942749,0.008054614067077637,0.003989059012383223,298.7504349998744
imagenet,vgg16,ig,ILSVRC2012_val_00044836,119,0.005,4,119500292384334511,valid,0.9334723039918275,0.7100017038677798,119,119,True,0.8232589960098267,0.814094603061676,0.009164392948150635,0.003985577262938023,301.49393900001087
imagenet,vgg16,ig,ILSVRC2012_val_00008135,133,0.005,0,124406041591251555,valid,0.669428880433589,0.4213284237360147,133,133,True,0.9674587845802307,0.9615304470062256,0.005928337574005127,0.003984365146607161,298.01187599969126
imagenet,vgg16,ig,ILSVRC2012_val_00008135,133,0.005,1,4046374424050757993,valid,0.6797505702162725,0.4365874606355568,133,133,True,0.9674587845802307,0.9569330215454102,0.010525763034820557,0.0039837975054979324,298.73279399998864
imagenet,vgg16,ig,ILSVRC2012_val_00008135,133,0.005,2,7070056596642100015,valid,0.679803380668774,0.43391913130447207,133,133,True,0.9674587845802307,0.9612607359886169,0.0061980485916137695,0.003985521383583546,298.1414490000134
imagenet,vgg16,ig,ILSVRC2012_val_00008135,133,0.005,3,7497482518350946051,valid,0.6790200059370413,0.4411257897759908,133,133,True,0.9674587845802307,0.9668827652931213,0.000576019287109375,0.003989551682025194,297.87592000002405
imagenet,vgg16,ig,ILSVRC2012_val_00008135,133,0.005,4,6191468841984863915,valid,0.6814916015475211,0.43926573928008034,133,133,True,0.9674587845802307,0.9619030356407166,0.00555574893951416,0.00398357305675745,298.6505789999683
imagenet,vgg16,ig,ILSVRC2012_val_00010132,352,0.005,0,8093631686565907,valid,0.8844944512522741,0.6972771858616608,352,352,True,0.8105361461639404,0.8159341812133789,0.0053980350494384766,0.003983512055128813,298.1501610001942
imagenet,vgg16,ig,ILSVRC2012_val_00010132,352,0.005,1,5447796235564570251,valid,0.8902945084986698,0.6961297955044786,352,352,True,0.8105361461639404,0.8184136152267456,0.007877469062805176,0.003995194099843502,298.86911499988855
imagenet,vgg16,ig,ILSVRC2012_val_00010132,352,0.005,2,3431872577805668339,valid,0.8834292700659869,0.6935538305771178,352,352,True,0.8105361461639404,0.8109738230705261,0.00043767690658569336,0.003983922768384218,298.0246150000312
imagenet,vgg16,ig,ILSVRC2012_val_00010132,352,0.005,3,3740817988212590263,valid,0.8866882413061686,0.6944116157352693,352,352,True,0.8105361461639404,0.8134692311286926,0.0029330849647521973,0.003995242528617382,297.98473099981493
imagenet,vgg16,ig,ILSVRC2012_val_00010132,352,0.005,4,3039345329130879730,valid,0.8853426097883969,0.6961297955044786,352,352,True,0.8105361461639404,0.8233081698417664,0.012772023677825928,0.003994313534349203,298.56386300025406
imagenet,vgg16,ig,ILSVRC2012_val_00007283,107,0.005,0,1109520789948083731,valid,0.6466407315087218,0.5003737479443863,107,107,True,0.9986854195594788,0.9992780089378357,0.0005925893783569336,0.00361098931171,297.9827829999522
imagenet,vgg16,ig,ILSVRC2012_val_00007283,107,0.005,1,3998919051269725111,valid,0.6386191809998922,0.49858145438255935,107,107,True,0.9986854195594788,0.9996404647827148,0.000955045223236084,0.003637217450886965,298.69487900032254
imagenet,vgg16,ig,ILSVRC2012_val_00007283,107,0.005,2,2926071029045924349,valid,0.6492827489865672,0.5150966183574879,107,107,True,0.9986854195594788,0.9994587302207947,0.000773310661315918,0.0036275414749979973,298.0393550001281
imagenet,vgg16,ig,ILSVRC2012_val_00007283,107,0.005,3,8903505724737762358,valid,0.6392772294447159,0.49791044776119403,107,107,True,0.9986854195594788,0.9995378255844116,0.0008524060249328613,0.003647768869996071,298.0179269998189
imagenet,vgg16,ig,ILSVRC2012_val_00007283,107,0.005,4,7436574539817930625,valid,0.6361313533996615,0.493896993152724,107,107,True,0.9986854195594788,0.9996583461761475,0.0009729266166687012,0.00363202765583992,298.1023360002837
imagenet,vgg16,ig,ILSVRC2012_val_00007178,163,0.005,0,5036914402171006618,valid,0.8928219720873011,0.7781715095676824,163,163,True,0.9930837154388428,0.9916481971740723,0.0014355182647705078,0.003996239509433508,298.1146010001794
imagenet,vgg16,ig,ILSVRC2012_val_00007178,163,0.005,1,5651603839904135267,valid,0.8883629434037088,0.7693935119887165,163,163,True,0.9930837154388428,0.9940859079360962,0.001002192497253418,0.003998482599854469,298.11623800014786
imagenet,vgg16,ig,ILSVRC2012_val_00007178,163,0.005,2,5636376440453686668,valid,0.8929547925943632,0.7791171778053536,163,163,True,0.9930837154388428,0.9929534792900085,0.00013023614883422852,0.003980488516390324,298.9111669999147
imagenet,vgg16,ig,ILSVRC2012_val_00007178,163,0.005,3,2784843849467413684,valid,0.8901812739801779,0.7675237759774568,163,163,True,0.9930837154388428,0.9936546087265015,0.0005708932876586914,0.003998495638370514,298.16669299998466
imagenet,vgg16,ig,ILSVRC2012_val_00007178,163,0.005,4,1747746171851914237,valid,0.8916129304975318,0.7622475856014047,163,163,True,0.9930837154388428,0.9931910634040833,0.00010734796524047852,0.003992151934653521,298.25408799979414
imagenet,vgg16,ig,ILSVRC2012_val_00020205,142,0.005,0,7131126195450677294,valid,0.663312480443008,0.45512541684790486,142,142,True,0.9881337285041809,0.9881793260574341,4.559755325317383e-05,0.0039767855778336525,298.06788399992
imagenet,vgg16,ig,ILSVRC2012_val_00020205,142,0.005,1,652394825474452762,valid,0.6630552190895295,0.45322907616565306,142,142,True,0.9881337285041809,0.9891800880432129,0.0010463595390319824,0.0040029133670032024,297.98663499968825
imagenet,vgg16,ig,ILSVRC2012_val_00020205,142,0.005,2,7298280662275534198,valid,0.6752244640694861,0.4523878437047757,142,142,True,0.9881337285041809,0.9886614084243774,0.0005276799201965332,0.00398882245644927,298.7386009999682
imagenet,vgg16,ig,ILSVRC2012_val_00020205,142,0.005,3,321501024453794095,valid,0.6727521505660587,0.4538606403013183,142,142,True,0.9881337285041809,0.9899667501449585,0.0018330216407775879,0.003990398719906807,298.1128030000946
imagenet,vgg16,ig,ILSVRC2012_val_00020205,142,0.005,4,28614012351015291,valid,0.6700659400842024,0.45301867670479223,142,142,True,0.9881337285041809,0.9900570511817932,0.0019233226776123047,0.003990648314356804,298.09670400027244
imagenet,vgg16,ig,ILSVRC2012_val_00012313,947,0.005,0,4675788591855072525,valid,0.9550724305918251,0.7947067238912733,947,947,True,0.5801048874855042,0.5721083283424377,0.007996559143066406,0.0039863004349172115,298.0813029998899
imagenet,vgg16,ig,ILSVRC2012_val_00012313,947,0.005,1,2909585199619158307,valid,0.9526847142082691,0.7968134622269961,947,947,True,0.5801048874855042,0.5694614052772522,0.010643482208251953,0.003993981052190065,298.08245200001693
imagenet,vgg16,ig,ILSVRC2012_val_00012313,947,0.005,2,4139429911282159242,valid,0.9509699154298007,0.7979218917950556,947,947,True,0.5801048874855042,0.5806424617767334,0.000537574291229248,0.003995305858552456,298.07774499977313
imagenet,vgg16,ig,ILSVRC2012_val_00012313,947,0.005,3,5708874253003390479,valid,0.9520230940498587,0.7921428571428571,947,947,True,0.5801048874855042,0.581706166267395,0.0016012787818908691,0.0039989841170609,298.6007479998989
imagenet,vgg16,ig,ILSVRC2012_val_00012313,947,0.005,4,8672345341348820478,valid,0.9526856337157238,0.7979218917950556,947,947,True,0.5801048874855042,0.5762143731117249,0.003890514373779297,0.004013490863144398,298.44929399996545
imagenet,vgg16,ig,ILSVRC2012_val_00007854,915,0.005,0,2571262475368357897,valid,0.8003563304403561,0.6555592213790828,915,915,True,0.9640587568283081,0.9664273858070374,0.002368628978729248,0.003965318668633699,298.60004600004686
imagenet,vgg16,ig,ILSVRC2012_val_00007854,915,0.005,1,8030772877936490666,valid,0.7999576200873462,0.6460554371002132,915,915,True,0.9640587568283081,0.9558635950088501,0.008195161819458008,0.003964627161622047,298.1246400004238
imagenet,vgg16,ig,ILSVRC2012_val_00007854,915,0.005,2,3012889963315334282,valid,0.8043406619133032,0.6452459016393443,915,915,True,0.9640587568283081,0.9558050632476807,0.008253693580627441,0.003976478241384029,298.042438000266
imagenet,vgg16,ig,ILSVRC2012_val_00007854,915,0.005,3,5790203417479694068,valid,0.799598963537521,0.65174456879526,915,915,True,0.9640587568283081,0.9596627354621887,0.004396021366119385,0.0039726002141833305,298.63212700001895
imagenet,vgg16,ig,ILSVRC2012_val_00007854,915,0.005,4,507954533513966600,valid,0.795485661132779,0.6401372773328975,915,915,True,0.9640587568283081,0.9673900008201599,0.0033312439918518066,0.0039726984687149525,298.7330519999887
imagenet,vgg16,ig,ILSVRC2012_val_00005867,184,0.005,0,1478452781381202281,valid,0.7965202318250112,0.6361265079882621,207,208,False,0.028064267709851265,0.028179796412587166,0.00011552870273590088,0.003993845544755459,298.73343999997815
imagenet,vgg16,ig,ILSVRC2012_val_00005867,184,0.005,1,6919772316408940515,valid,0.7996770100361549,0.6390658174097664,207,207,True,0.028064267709851265,0.027249641716480255,0.0008146259933710098,0.004008093848824501,298.08369000011226
imagenet,vgg16,ig,ILSVRC2012_val_00005867,184,0.005,2,113864722672658960,valid,0.7949949202131621,0.6273714934327874,207,208,False,0.028064267709851265,0.0289990846067667,0.0009348168969154358,0.003974780440330505,298.0445470002451
imagenet,vgg16,ig,ILSVRC2012_val_00005867,184,0.005,3,303642654442618836,valid,0.7986995474595447,0.6302794022092267,207,207,True,0.028064267709851265,0.026416858658194542,0.001647409051656723,0.0040024504996836185,298.0433669999911
imagenet,vgg16,ig,ILSVRC2012_val_00005867,184,0.005,4,6989995999554948155,valid,0.8052008889160007,0.6385306122448979,207,208,False,0.028064267709851265,0.028098836541175842,3.456883132457733e-05,0.003996135666966438,298.77804699981425
imagenet,vgg16,ig,ILSVRC2012_val_00049131,517,0.005,0,6637237118935856467,valid,0.48185725491484704,0.3299761463026769,517,517,True,0.7849678993225098,0.6734389662742615,0.11152893304824829,0.003993775229901075,297.9241650000404
imagenet,vgg16,ig,ILSVRC2012_val_00049131,517,0.005,1,3115094047129690856,valid,0.4804870187083424,0.34099412079102087,517,517,True,0.7849678993225098,0.6704721450805664,0.11449575424194336,0.003976914100348949,298.6215699997956
imagenet,vgg16,ig,ILSVRC2012_val_00049131,517,0.005,2,7572103622376011972,valid,0.48977471848818543,0.3326251493825521,517,517,True,0.7849678993225098,0.7182406187057495,0.06672728061676025,0.003986924886703491,298.0598520002786
imagenet,vgg16,ig,ILSVRC2012_val_00049131,517,0.005,3,1912088464343539702,valid,0.48985470824178523,0.3451279989277577,517,517,True,0.7849678993225098,0.7238016724586487,0.061166226863861084,0.003971879370510578,298.06693999989875
imagenet,vgg16,ig,ILSVRC2012_val_00049131,517,0.005,4,6407097657709303580,valid,0.4992998732654329,0.3386688008536748,517,517,True,0.7849678993225098,0.6912178993225098,0.09375,0.003988467622548342,298.68220799971823
imagenet,vgg16,ig,ILSVRC2012_val_00002794,238,0.005,0,148870856522877581,valid,0.8476311726283375,0.6289563382567765,238,238,True,0.5690606236457825,0.5576937198638916,0.01136690378189087,0.003977419342845678,298.0622850000145
imagenet,vgg16,ig,ILSVRC2012_val_00002794,238,0.005,1,6739390888165317774,valid,0.8459562525881383,0.6255264010366052,238,238,True,0.5690606236457825,0.5479649305343628,0.021095693111419678,0.003977640997618437,299.6637890000784
imagenet,vgg16,ig,ILSVRC2012_val_00002794,238,0.005,2,7637495171325878914,valid,0.8535113386441681,0.6334635416666666,238,238,True,0.5690606236457825,0.5800877809524536,0.011027157306671143,0.003994992934167385,298.09066300003906
imagenet,vgg16,ig,ILSVRC2012_val_00002794,238,0.005,3,7865724333607158654,valid,0.8490766555018779,0.6310742727124979,238,238,True,0.5690606236457825,0.5532182455062866,0.01584237813949585,0.004000763408839703,298.0402780003715
imagenet,vgg16,ig,ILSVRC2012_val_00002794,238,0.005,4,4740369629748813919,valid,0.8553231770325798,0.6479474548440066,238,238,True,0.5690606236457825,0.5534979104995728,0.015562713146209717,0.003984694369137287,298.7627060001614
imagenet,vgg16,ig,ILSVRC2012_val_00020015,251,0.005,0,8340359128924814599,valid,0.9182900882885525,0.7267721954576738,251,251,True,0.7239950895309448,0.7379382848739624,0.013943195343017578,0.003980744164437056,298.0363579999903
imagenet,vgg16,ig,ILSVRC2012_val_00020015,251,0.005,1,1595013008358206898,valid,0.9137836212904029,0.7100017038677798,251,251,True,0.7239950895309448,0.7274701595306396,0.0034750699996948242,0.003994239494204521,298.05616000021473
imagenet,vgg16,ig,ILSVRC2012_val_00020015,251,0.005,2,2069839571660079760,valid,0.9211565683897075,0.7241023879058581,251,251,True,0.7239950895309448,0.7306780219078064,0.006682932376861572,0.0039911470375955105,298.8064219998705
imagenet,vgg16,ig,ILSVRC2012_val_00020015,251,0.005,3,5052706854778113595,valid,0.9157378776744889,0.7184931506849315,251,251,True,0.7239950895309448,0.7309850454330444,0.006989955902099609,0.0039784274995327,298.45909999994547
imagenet,vgg16,ig,ILSVRC2012_val_00020015,251,0.005,4,8625788075028622241,valid,0.9183725933595015,0.7164357790319822,251,251,True,0.7239950895309448,0.702813446521759,0.02118164300918579,0.00398634746670723,298.1127269999888
imagenet,vgg16,ig,ILSVRC2012_val_00006457,93,0.005,0,2221295253808256805,valid,0.7837094590290512,0.5229135053110774,96,96,True,0.11454570293426514,0.10873153060674667,0.005814172327518463,0.003986041992902756,298.0332699999053
imagenet,vgg16,ig,ILSVRC2012_val_00006457,93,0.005,1,8890389390177847519,valid,0.7805393701214256,0.5243013365735115,96,96,True,0.11454570293426514,0.05916674807667732,0.055378954857587814,0.003985479008406401,298.0849840000701
imagenet,vgg16,ig,ILSVRC2012_val_00006457,93,0.005,2,3206214600123905409,valid,0.7822624446670762,0.5354957160342717,96,96,True,0.11454570293426514,0.0874042809009552,0.027141422033309937,0.003971096593886614,298.84418800020285
imagenet,vgg16,ig,ILSVRC2012_val_00006457,93,0.005,3,8212339849749385813,valid,0.7806515891227865,0.5109137437904561,96,96,True,0.11454570293426514,0.0924549475312233,0.02209075540304184,0.0039672995917499065,297.96295400001327
imagenet,vgg16,ig,ILSVRC2012_val_00006457,93,0.005,4,173775657669384710,valid,0.7847378291417767,0.5210669899969688,96,96,True,0.11454570293426514,0.0786825641989708,0.03586313873529434,0.003966455347836018,298.06564000000435
imagenet,vgg16,ig,ILSVRC2012_val_00005363,144,0.005,0,1754875719892229240,valid,0.7734475539838548,0.617144698678698,144,144,True,0.9999582767486572,0.9999575614929199,7.152557373046875e-07,0.003975404426455498,298.12668599970493
imagenet,vgg16,ig,ILSVRC2012_val_00005363,144,0.005,1,2878232700999841913,valid,0.7773714728507285,0.6278994322789944,144,144,True,0.9999582767486572,0.9999585151672363,2.384185791015625e-07,0.003962884657084942,298.3783259996926
imagenet,vgg16,ig,ILSVRC2012_val_00005363,144,0.005,2,1260754754486525076,valid,0.7750020101302012,0.6174053182917002,144,144,True,0.9999582767486572,0.9999583959579468,1.1920928955078125e-07,0.003970468416810036,298.6802080004054
imagenet,vgg16,ig,ILSVRC2012_val_00005363,144,0.005,3,6259120057903181662,valid,0.7730680093153178,0.6187096774193548,144,144,True,0.9999582767486572,0.9999562501907349,2.0265579223632812e-06,0.00397830456495285,298.09114999989106
imagenet,vgg16,ig,ILSVRC2012_val_00005363,144,0.005,4,8925985218083513280,valid,0.7767619194886742,0.6098812961180622,144,144,True,0.9999582767486572,0.999963641166687,5.364418029785156e-06,0.003976380918174982,298.08210700002746
imagenet,vgg16,ig,ILSVRC2012_val_00029916,329,0.005,0,1631732034194118179,valid,0.9403215709644819,0.7405480402358654,329,329,True,0.4509924352169037,0.45635873079299927,0.005366295576095581,0.003962802700698376,298.7094190002608
imagenet,vgg16,ig,ILSVRC2012_val_00029916,329,0.005,1,1000182872837178480,valid,0.9406785339919278,0.7441779631560653,329,329,True,0.4509924352169037,0.4662858247756958,0.015293389558792114,0.003976085688918829,298.0461590000232
imagenet,vgg16,ig,ILSVRC2012_val_00029916,329,0.005,2,8502272319537721053,valid,0.9395366619922284,0.7459986082115518,329,329,True,0.4509924352169037,0.4031480550765991,0.047844380140304565,0.003966137766838074,298.10449699971286
imagenet,vgg16,ig,ILSVRC2012_val_00029916,329,0.005,3,8934866934722391387,valid,0.9414839524600227,0.7411519777931992,329,329,True,0.4509924352169037,0.48815613985061646,0.03716370463371277,0.003969491925090551,298.803012999997
imagenet,vgg16,ig,ILSVRC2012_val_00029916,329,0.005,4,1097476379069413043,valid,0.9409153529026155,0.7481275039191778,329,329,True,0.4509924352169037,0.4890652596950531,0.038072824478149414,0.003969996701925993,298.15090700003566
imagenet,vgg16,ig,ILSVRC2012_val_00030940,131,0.005,0,60530402044448653,valid,0.7473408586333977,0.4791451731761238,131,131,True,0.9997677206993103,0.9997557997703552,1.1920928955078125e-05,0.003990711644291878,298.6948359998678
imagenet,vgg16,ig,ILSVRC2012_val_00030940,131,0.005,1,19878695407192039,valid,0.745808391148921,0.4702607676530911,131,131,True,0.9997677206993103,0.9997887015342712,2.09808349609375e-05,0.004009614232927561,298.050601000341
imagenet,vgg16,ig,ILSVRC2012_val_00030940,131,0.005,2,8737692386568679854,valid,0.7364401698236213,0.46425444995622994,131,131,True,0.9997677206993103,0.9996776580810547,9.006261825561523e-05,0.0039914255030453205,298.4464559999651
imagenet,vgg16,ig,ILSVRC2012_val_00030940,131,0.005,3,8009428695022092313,valid,0.7449906646068636,0.4752315155078642,131,131,True,0.9997677206993103,0.9998090863227844,4.1365623474121094e-05,0.003991871606558561,298.5824130000765
imagenet,vgg16,ig,ILSVRC2012_val_00030940,131,0.005,4,7370962698984032743,valid,0.7391423602470306,0.46276053053490745,131,131,True,0.9997677206993103,0.9996880292892456,7.969141006469727e-05,0.003995124250650406,298.63469800011444
imagenet,vgg16,ig,ILSVRC2012_val_00007404,148,0.005,0,1353541289590749312,valid,0.7265684118405181,0.5173873601451466,148,148,True,0.9518712162971497,0.9709397554397583,0.019068539142608643,0.003987115807831287,298.0893260000812
imagenet,vgg16,ig,ILSVRC2012_val_00007404,148,0.005,1,2510503587054256324,valid,0.7363748429364525,0.5134972100738954,148,148,True,0.9518712162971497,0.9628488421440125,0.010977625846862793,0.0039845844730734825,298.77468399990903
imagenet,vgg16,ig,ILSVRC2012_val_00007404,148,0.005,2,9124177376530382382,valid,0.736155667921607,0.5087191822008419,148,148,True,0.9518712162971497,0.9616715312004089,0.009800314903259277,0.0039934031665325165,298.0732519999947
imagenet,vgg16,ig,ILSVRC2012_val_00007404,148,0.005,3,3118787724896590892,valid,0.7295175616811893,0.5080390683696469,148,148,True,0.9518712162971497,0.9701690077781677,0.018297791481018066,0.003979959059506655,298.01213400014603
imagenet,vgg16,ig,ILSVRC2012_val_00007404,148,0.005,4,4807272196805696475,valid,0.7231740152265755,0.4954552227685889,148,148,True,0.9518712162971497,0.9723694324493408,0.020498216152191162,0.004008340183645487,298.63952000005156
imagenet,vgg16,ig,ILSVRC2012_val_00013911,270,0.005,0,3406414677581813078,valid,0.6569859845055518,0.43453401943967984,270,270,True,0.9288747310638428,0.9228441119194031,0.006030619144439697,0.003994980361312628,298.07848499967804
imagenet,vgg16,ig,ILSVRC2012_val_00013911,270,0.005,1,8469970780324637199,valid,0.6545965720517334,0.42983330958826044,270,270,True,0.9288747310638428,0.9208902716636658,0.007984459400177002,0.003980111330747604,298.6891140003536
imagenet,vgg16,ig,ILSVRC2012_val_00013911,270,0.005,2,356705290482279711,valid,0.6586000462765239,0.43453401943967984,270,270,True,0.9288747310638428,0.9249674081802368,0.003907322883605957,0.0039853984490036964,298.0519330003517
imagenet,vgg16,ig,ILSVRC2012_val_00013911,270,0.005,3,4983809588645922553,valid,0.6513968174435188,0.4269870609981516,270,270,True,0.9288747310638428,0.9361628293991089,0.007288098335266113,0.003986387979239225,298.1341740000971
imagenet,vgg16,ig,ILSVRC2012_val_00013911,270,0.005,4,6966899606979763822,valid,0.6438745857120806,0.42556818181818185,270,270,True,0.9288747310638428,0.932998776435852,0.004124045372009277,0.0039940099231898785,298.695621999741
imagenet,vgg16,ig,ILSVRC2012_val_00008938,277,0.005,0,5731833880243919775,valid,0.7468562677909396,0.5240698557327259,277,277,True,0.8583441972732544,0.881818413734436,0.02347421646118164,0.0039861625991761684,298.12667899977896
imagenet,vgg16,ig,ILSVRC2012_val_00008938,277,0.005,1,890327722127383384,valid,0.7522366803972333,0.5268522744561083,277,277,True,0.8583441972732544,0.8824302554130554,0.024086058139801025,0.003972017206251621,298.8634899998033
imagenet,vgg16,ig,ILSVRC2012_val_00008938,277,0.005,2,14386847555252678,valid,0.7555455938317762,0.5287128712871287,277,277,True,0.8583441972732544,0.885198712348938,0.026854515075683594,0.004004630260169506,298.1644880001113
imagenet,vgg16,ig,ILSVRC2012_val_00008938,277,0.005,3,3200166405680587137,valid,0.7437930173002899,0.5169286577992744,277,277,True,0.8583441972732544,0.8829596042633057,0.02461540699005127,0.003983424045145512,298.084130999996
imagenet,vgg16,ig,ILSVRC2012_val_00008938,277,0.005,4,4160051725462518160,valid,0.7427125491523924,0.5259236734073286,277,277,True,0.8583441972732544,0.8773297071456909,0.018985509872436523,0.003992393612861633,298.3543759996792
imagenet,vgg16,gradcam,ILSVRC2012_val_00012132,17,0.005,0,1240890485581281775,valid,0.8019959920297056,0.7159945317840055,17,17,True,0.8944293856620789,0.9157871007919312,0.021357715129852295,0.003996922168880701,10.058105999632971
imagenet,vgg16,gradcam,ILSVRC2012_val_00012132,17,0.005,1,7809966714089166156,valid,0.8971558472137088,0.7097378277153558,17,17,True,0.8944293856620789,0.9150027632713318,0.02057337760925293,0.003996476996690035,10.08472100011204
imagenet,vgg16,gradcam,ILSVRC2012_val_00012132,17,0.005,2,594568608699110832,valid,0.8171094893376978,0.694983955412937,17,17,True,0.8944293856620789,0.9353545904159546,0.04092520475387573,0.003997646272182465,10.0534999996853
imagenet,vgg16,gradcam,ILSVRC2012_val_00012132,17,0.005,3,8272835477805138346,valid,0.9268491258981106,0.744654962628194,17,17,True,0.8944293856620789,0.9275123476982117,0.03308296203613281,0.003987786825746298,10.061786999813194
imagenet,vgg16,gradcam,ILSVRC2012_val_00012132,17,0.005,4,5588988483984321074,valid,0.8879673063496191,0.6905202896110456,17,17,True,0.8944293856620789,0.9125686883926392,0.018139302730560303,0.003985461313277483,10.059425000235933
imagenet,vgg16,gradcam,ILSVRC2012_val_00000140,558,0.005,0,2495375757937344332,valid,0.7621584194193379,0.6646766169154229,251,251,True,7.059310974000255e-06,7.543312221969245e-06,4.840012479689904e-07,0.003977824002504349,10.049065000202972
imagenet,vgg16,gradcam,ILSVRC2012_val_00000140,558,0.005,1,8258382046345720994,valid,0.9186315310593548,0.7627327010888655,251,251,True,7.059310974000255e-06,7.147987616917817e-06,8.867664291756228e-08,0.0039786482229828835,10.061527999823738
imagenet,vgg16,gradcam,ILSVRC2012_val_00000140,558,0.005,2,1986566169149637064,valid,0.7920946963776473,0.6354896529248819,251,251,True,7.059310974000255e-06,3.725579517777078e-06,3.333731456223177e-06,0.003982102498412132,10.094567000123789
imagenet,vgg16,gradcam,ILSVRC2012_val_00000140,558,0.005,3,781331182807300414,valid,0.912196119557498,0.7567378368918446,251,251,True,7.059310974000255e-06,6.304327598627424e-06,7.549833753728308e-07,0.003985240124166012,10.123702999862871
imagenet,vgg16,gradcam,ILSVRC2012_val_00000140,558,0.005,4,821512256087617785,valid,0.8633567794866843,0.7050433010697912,251,251,True,7.059310974000255e-06,4.289771823096089e-06,2.7695391509041656e-06,0.003987926058471203,10.065228999792453
imagenet,vgg16,gradcam,ILSVRC2012_val_00031295,237,0.005,0,7260055080022824154,valid,0.9235533806119693,0.7851298470295268,237,237,True,0.8723140358924866,0.8707352876663208,0.0015787482261657715,0.003991680685430765,10.055061999992176
imagenet,vgg16,gradcam,ILSVRC2012_val_00031295,237,0.005,1,6830589745658477501,valid,0.9498991238833121,0.7856253335705391,237,237,True,0.8723140358924866,0.8341244459152222,0.038189589977264404,0.003990218974649906,10.065020000183722
imagenet,vgg16,gradcam,ILSVRC2012_val_00031295,237,0.005,2,5572588514906466611,valid,0.9391294882050228,0.806985956067699,237,237,True,0.8723140358924866,0.781984269618988,0.09032976627349854,0.003981485962867737,10.053955000330461
imagenet,vgg16,gradcam,ILSVRC2012_val_00031295,237,0.005,3,7784788833784456437,valid,0.9485639343429434,0.7687698272823404,237,237,True,0.8723140358924866,0.8573001027107239,0.015013933181762695,0.003984395414590836,10.078410000005533
imagenet,vgg16,gradcam,ILSVRC2012_val_00031295,237,0.005,4,205616704339721179,valid,0.9467760066731463,0.7545454545454545,237,237,True,0.8723140358924866,0.8633995652198792,0.008914470672607422,0.003989964723587036,10.058920000119542
imagenet,vgg16,gradcam,ILSVRC2012_val_00004300,330,0.005,0,2062959023804323395,valid,0.9539640394647004,0.8783910196445276,36,36,True,0.008956687524914742,0.008000101894140244,0.000956585630774498,0.003975726664066315,10.059057000034954
imagenet,vgg16,gradcam,ILSVRC2012_val_00004300,330,0.005,1,1730914782129674652,valid,0.905137773690757,0.6632416307590322,36,36,True,0.008956687524914742,0.007675467990338802,0.0012812195345759392,0.003996573854237795,10.06424400020478
imagenet,vgg16,gradcam,ILSVRC2012_val_00004300,330,0.005,2,2230829393384523700,valid,0.902949782711948,0.8455314453843324,36,36,True,0.008956687524914742,0.008385688066482544,0.0005709994584321976,0.003984126728028059,10.081046000323113
imagenet,vgg16,gradcam,ILSVRC2012_val_00004300,330,0.005,3,2370168859087342904,valid,0.9366740181029523,0.7985663082437277,36,36,True,0.008956687524914742,0.009360087104141712,0.00040339957922697067,0.00397538160905242,10.062916000151745
imagenet,vgg16,gradcam,ILSVRC2012_val_00004300,330,0.005,4,9172714801131829905,valid,0.9113270412006009,0.8526859885545505,36,36,True,0.008956687524914742,0.009566331282258034,0.0006096437573432922,0.003993544261902571,10.075831999984075
imagenet,vgg16,gradcam,ILSVRC2012_val_00007011,140,0.005,0,8693357588706766936,valid,0.9423723202650949,0.7684581497797357,140,140,True,0.9977737069129944,0.9984065890312195,0.0006328821182250977,0.003985125571489334,10.047621000012441
imagenet,vgg16,gradcam,ILSVRC2012_val_00007011,140,0.005,1,7795033858281793546,valid,0.9120954758727601,0.6829227417462712,140,140,True,0.9977737069129944,0.9981966614723206,0.0004229545593261719,0.003996301908046007,10.066528000152175
imagenet,vgg16,gradcam,ILSVRC2012_val_00007011,140,0.005,2,2820880621722301505,valid,0.9310567226728261,0.7217361468519472,140,140,True,0.9977737069129944,0.998115062713623,0.0003413558006286621,0.003980946261435747,10.062136000215105
imagenet,vgg16,gradcam,ILSVRC2012_val_00007011,140,0.005,3,9156189342167126515,valid,0.9333589639584335,0.7345316280677497,140,140,True,0.9977737069129944,0.9984891414642334,0.0007154345512390137,0.0039957608096301556,10.088066999742296
imagenet,vgg16,gradcam,ILSVRC2012_val_00007011,140,0.005,4,2817173590254193893,valid,0.9206440586611355,0.7202605416523826,140,140,True,0.9977737069129944,0.9986862540245056,0.0009125471115112305,0.003985989838838577,10.073648000343383
imagenet,vgg16,gradcam,ILSVRC2012_val_00008228,381,0.005,0,4154338444683056573,valid,0.9960081446230279,0.8374221896741121,381,381,True,0.9006558656692505,0.925889790058136,0.025233924388885498,0.003944521304219961,10.048912999991444
imagenet,vgg16,gradcam,ILSVRC2012_val_00008228,381,0.005,1,8968172922966999441,valid,0.9956187055981002,0.9254217791411042,381,381,True,0.9006558656692505,0.9085099697113037,0.007854104042053223,0.0039505683816969395,10.078355000132433
imagenet,vgg16,gradcam,ILSVRC2012_val_00008228,381,0.005,2,4537400942497270551,valid,0.9919909479681139,0.8407923697725606,381,381,True,0.9006558656692505,0.9231110215187073,0.022455155849456787,0.003956777509301901,10.068599000078393
imagenet,vgg16,gradcam,ILSVRC2012_val_00008228,381,0.005,3,650350537098486573,valid,0.9916818285196242,0.8885961610839292,381,381,True,0.9006558656692505,0.9303796291351318,0.029723763465881348,0.003946382086724043,10.058994999781135
imagenet,vgg16,gradcam,ILSVRC2012_val_00008228,381,0.005,4,4634637524913072090,valid,0.9946783086731407,0.8779940119760479,381,381,True,0.9006558656692505,0.8993023633956909,0.0013535022735595703,0.003938153851777315,10.075347000110924
imagenet,vgg16,gradcam,ILSVRC2012_val_00016006,732,0.005,0,2689331499638741690,valid,0.9276919048528471,0.7972779369627507,732,732,True,0.8496047258377075,0.9291949272155762,0.07959020137786865,0.003991495352238417,10.054849999960425
imagenet,vgg16,gradcam,ILSVRC2012_val_00016006,732,0.005,1,8580294959909415158,valid,0.9416010674991411,0.7339782345828295,732,732,True,0.8496047258377075,0.938241183757782,0.08863645792007446,0.003996087703853846,10.070127999824763
imagenet,vgg16,gradcam,ILSVRC2012_val_00016006,732,0.005,2,9114965582325127640,valid,0.9667782942518716,0.8008254082181949,732,732,True,0.8496047258377075,0.9077006578445435,0.05809593200683594,0.003978316206485033,10.06806100031099
imagenet,vgg16,gradcam,ILSVRC2012_val_00016006,732,0.005,3,6003814197834614244,valid,0.970546809730768,0.8350703967818613,732,732,True,0.8496047258377075,0.9068734049797058,0.05726867914199829,0.004002221394330263,10.056433000045217
imagenet,vgg16,gradcam,ILSVRC2012_val_00016006,732,0.005,4,2271394598789847604,valid,0.9350269581773374,0.7889483065953654,732,732,True,0.8496047258377075,0.9216551780700684,0.07205045223236084,0.003988306038081646,10.08418299988989
imagenet,vgg16,gradcam,ILSVRC2012_val_00023543,254,0.005,0,270999366333867741,valid,0.9543769517906822,0.8654275092936803,254,254,True,0.9831565022468567,0.9835941195487976,0.00043761730194091797,0.003958440851420164,10.049888000139617
imagenet,vgg16,gradcam,ILSVRC2012_val_00023543,254,0.005,1,6483725595163808915,valid,0.9644564933042664,0.8780624649336076,254,254,True,0.9831565022468567,0.9820569753646851,0.0010995268821716309,0.003962662070989609,10.064042000067275
imagenet,vgg16,gradcam,ILSVRC2012_val_00023543,254,0.005,2,4939728852732550403,valid,0.9546195368457527,0.8448529411764706,254,254,True,0.9831565022468567,0.986895740032196,0.0037392377853393555,0.003957195673137903,10.071740999592294
imagenet,vgg16,gradcam,ILSVRC2012_val_00023543,254,0.005,3,4468478742456119862,valid,0.9914208504743919,0.9460926895481869,254,254,True,0.9831565022468567,0.9861499667167664,0.002993464469909668,0.003962239250540733,10.49098600014986
imagenet,vgg16,gradcam,ILSVRC2012_val_00023543,254,0.005,4,2390165699526937601,valid,0.9377509085332121,0.9348622085180189,254,254,True,0.9831565022468567,0.977959930896759,0.005196571350097656,0.003957102075219154,10.068791000321653
imagenet,vgg16,gradcam,ILSVRC2012_val_00023347,89,0.005,0,7881334844864196200,valid,0.9501107427852332,0.8853012952881547,89,89,True,1.0,1.0,0.0,0.00399034982547164,10.039217999747052
imagenet,vgg16,gradcam,ILSVRC2012_val_00023347,89,0.005,1,8223420927206424359,valid,0.8377639652375312,0.5768566493955095,89,89,True,1.0,1.0,0.0,0.003996758721768856,10.073951000322268
imagenet,vgg16,gradcam,ILSVRC2012_val_00023347,89,0.005,2,2108301894708548545,valid,0.9260782928312659,0.7600771118121276,89,89,True,1.0,1.0,0.0,0.0039965626783668995,10.0615530000141
imagenet,vgg16,gradcam,ILSVRC2012_val_00023347,89,0.005,3,2944429311875253943,valid,0.9713235455242694,0.8417384925728957,89,89,True,1.0,1.0,0.0,0.003986770287156105,10.067273000004207
imagenet,vgg16,gradcam,ILSVRC2012_val_00023347,89,0.005,4,7481385728545187894,valid,0.9478358880648247,0.74176205341658,89,89,True,1.0,1.0,0.0,0.003985045477747917,10.684347999813326
imagenet,vgg16,gradcam,ILSVRC2012_val_00011253,363,0.005,0,7969622713620301542,valid,0.9851897424608828,0.8616212205527731,270,270,True,0.00012064619659213349,0.00015077291755005717,3.012672095792368e-05,0.003959124442189932,10.051956000097562
imagenet,vgg16,gradcam,ILSVRC2012_val_00011253,363,0.005,1,7338576340922310673,valid,0.9789833983084089,0.833729216152019,270,104,False,0.00012064619659213349,0.0001927809207700193,7.21347241778858e-05,0.003965461160987616,10.061433999908331
imagenet,vgg16,gradcam,ILSVRC2012_val_00011253,363,0.005,2,3200603612045899266,valid,0.9797721280984204,0.8647342995169082,270,104,False,0.00012064619659213349,0.00017237314023077488,5.172694363864139e-05,0.003952908795326948,10.066123999877163
imagenet,vgg16,gradcam,ILSVRC2012_val_00011253,363,0.005,3,9145090093729942847,valid,0.9861703540848122,0.7973867907642742,270,104,False,0.00012064619659213349,0.00017907506844494492,5.8428871852811426e-05,0.0039524477906525135,10.068642000078398
imagenet,vgg16,gradcam,ILSVRC2012_val_00011253,363,0.005,4,2178187931079052202,valid,0.9863668400652952,0.8317211169921519,270,270,True,0.00012064619659213349,0.00015070376684889197,3.005757025675848e-05,0.0039482819847762585,10.078086000248732
imagenet,vgg16,gradcam,ILSVRC2012_val_00003259,94,0.005,0,4429780876333051471,valid,0.9620332202890278,0.6342615209249308,94,94,True,1.0,1.0,0.0,0.003993895836174488,10.04952899984346
imagenet,vgg16,gradcam,ILSVRC2012_val_00003259,94,0.005,1,6769608815490762161,valid,0.9256470593644524,0.6011164274322169,94,94,True,1.0,1.0,0.0,0.003977128304541111,10.075659999984055
imagenet,vgg16,gradcam,ILSVRC2012_val_00003259,94,0.005,2,4833077611948378318,valid,0.9404198133342649,0.6555592213790828,94,94,True,1.0,1.0,0.0,0.003983453847467899,10.070103000089148
imagenet,vgg16,gradcam,ILSVRC2012_val_00003259,94,0.005,3,4179979153158216119,valid,0.9399768026544406,0.6026828489300543,94,94,True,1.0,1.0,0.0,0.003990536089986563,10.072537000269222
imagenet,vgg16,gradcam,ILSVRC2012_val_00003259,94,0.005,4,6565154810130259791,valid,0.9294741119671323,0.6364673293139971,94,94,True,1.0,1.0,0.0,0.003990671131759882,10.070079999877635
imagenet,vgg16,gradcam,ILSVRC2012_val_00004482,750,0.005,0,8865422365549614856,valid,0.9688704855694023,0.6026172997127354,750,750,True,0.7568832039833069,0.7695445418357849,0.012661337852478027,0.003970022778958082,10.043957000107184
imagenet,vgg16,gradcam,ILSVRC2012_val_00004482,750,0.005,1,1059731291589273690,valid,0.973930192898467,0.6785415621341362,750,750,True,0.7568832039833069,0.7745894193649292,0.017706215381622314,0.003988173790276051,10.072395999941364
imagenet,vgg16,gradcam,ILSVRC2012_val_00004482,750,0.005,2,6688019309583644909,valid,0.9797240190859676,0.5752629100612149,750,750,True,0.7568832039833069,0.7594480514526367,0.002564847469329834,0.003984617535024881,10.067471000184014
imagenet,vgg16,gradcam,ILSVRC2012_val_00004482,750,0.005,3,3874562316425712509,valid,0.9575933066734251,0.5339242053789731,750,750,True,0.7568832039833069,0.7688180208206177,0.011934816837310791,0.003982017282396555,10.070420000374725
imagenet,vgg16,gradcam,ILSVRC2012_val_00004482,750,0.005,4,7297647644263138051,valid,0.9619323792258694,0.5324477019392274,750,750,True,0.7568832039833069,0.7649151086807251,0.008031904697418213,0.003985417541116476,10.055687999738439
imagenet,vgg16,gradcam,ILSVRC2012_val_00008860,223,0.005,0,4910538784497448159,valid,0.9489886302463773,0.8001793721973094,268,179,False,0.022784365341067314,0.03471628203988075,0.011931916698813438,0.00399110559374094,10.050852999938797
imagenet,vgg16,gradcam,ILSVRC2012_val_00008860,223,0.005,1,2962209082535827029,valid,0.94383567028482,0.7330340183042653,268,179,False,0.022784365341067314,0.026930071413517,0.004145706072449684,0.003994074184447527,10.079716000291228
imagenet,vgg16,gradcam,ILSVRC2012_val_00008860,223,0.005,2,4915173341996997882,valid,0.9505912322091444,0.7810892318609189,268,268,True,0.022784365341067314,0.01929268054664135,0.0034916847944259644,0.003989708609879017,10.062327000014193
imagenet,vgg16,gradcam,ILSVRC2012_val_00008860,223,0.005,3,5481128366000690820,valid,0.9339675463974269,0.7803796345573887,268,268,True,0.022784365341067314,0.031092319637537003,0.008307954296469688,0.003988922107964754,10.07411900036459
imagenet,vgg16,gradcam,ILSVRC2012_val_00008860,223,0.005,4,6528802408170143378,valid,0.9595328160936781,0.7357315807679004,268,268,True,0.022784365341067314,0.022133072838187218,0.0006512925028800964,0.00399424834176898,10.080833999836614
imagenet,vgg16,gradcam,ILSVRC2012_val_00014374,252,0.005,0,737479706250928168,valid,0.9767205695148047,0.5842146803472771,197,197,True,0.0053043244406580925,0.0030100590083748102,0.0022942654322832823,0.003983885515481234,10.048128000107681
imagenet,vgg16,gradcam,ILSVRC2012_val_00014374,252,0.005,1,6444986774818403125,valid,0.9749864319117864,0.5792289535798584,197,197,True,0.0053043244406580925,0.006855211220681667,0.0015508867800235748,0.003981397487223148,10.079317999952764
imagenet,vgg16,gradcam,ILSVRC2012_val_00014374,252,0.005,2,4059748774665811067,valid,0.9792477256526451,0.7030375021211607,197,197,True,0.0053043244406580925,0.0038159587420523167,0.0014883656986057758,0.0039821709506213665,10.066386999824317
imagenet,vgg16,gradcam,ILSVRC2012_val_00014374,252,0.005,3,3670375015107843525,valid,0.9435305209169071,0.4657514239813057,197,199,False,0.0053043244406580925,0.004590271040797234,0.0007140533998608589,0.0039883507415652275,10.067705999972532
imagenet,vgg16,gradcam,ILSVRC2012_val_00014374,252,0.005,4,3823413000468415307,valid,0.9665862863380376,0.6371941272430669,197,197,True,0.0053043244406580925,0.004678225144743919,0.0006260992959141731,0.003992062993347645,10.061849000067014
imagenet,vgg16,gradcam,ILSVRC2012_val_00011915,13,0.005,0,6063869365544434696,valid,0.9141700352971838,0.856588430973942,13,13,True,0.9999881982803345,0.9999899864196777,1.7881393432617188e-06,0.003980695735663176,10.045696999895881
imagenet,vgg16,gradcam,ILSVRC2012_val_00011915,13,0.005,1,1939233157906620720,valid,0.9041374020102431,0.8237325095402508,13,13,True,0.9999881982803345,0.9999923706054688,4.172325134277344e-06,0.0039930399507284164,10.063424999771087
imagenet,vgg16,gradcam,ILSVRC2012_val_00011915,13,0.005,2,2362658896889484070,valid,0.9481942840699461,0.8421342134213421,13,13,True,0.9999881982803345,0.9999908208847046,2.6226043701171875e-06,0.003975533414632082,10.073741999804042
imagenet,vgg16,gradcam,ILSVRC2012_val_00011915,13,0.005,3,986056008418880171,valid,0.9511856805882465,0.8638724035608308,13,13,True,0.9999881982803345,0.9999942779541016,6.079673767089844e-06,0.00399312237277627,10.07217500000479
imagenet,vgg16,gradcam,ILSVRC2012_val_00011915,13,0.005,4,2515950031567076910,valid,0.948186207951857,0.8631891590866901,13,13,True,0.9999881982803345,0.9999939203262329,5.7220458984375e-06,0.003998739179223776,10.08612700024969
imagenet,vgg16,gradcam,ILSVRC2012_val_00019344,349,0.005,0,4088068935384823697,valid,0.9603623930824591,0.7309084640579211,348,348,True,0.42890438437461853,0.4176570475101471,0.011247336864471436,0.003982038702815771,10.092055999848526
imagenet,vgg16,gradcam,ILSVRC2012_val_00019344,349,0.005,1,8602332259342884988,valid,0.9819645969208672,0.9072595971113645,348,348,True,0.42890438437461853,0.43231716752052307,0.003412783145904541,0.003990971948951483,10.137232000033691
imagenet,vgg16,gradcam,ILSVRC2012_val_00019344,349,0.005,2,7596426159223342915,valid,0.9606890577764711,0.7806955287437899,348,348,True,0.42890438437461853,0.4356495141983032,0.006745129823684692,0.003987160045653582,10.072106999814423
imagenet,vgg16,gradcam,ILSVRC2012_val_00019344,349,0.005,3,5842746269193422530,valid,0.9870661550696717,0.8626577579806979,348,348,True,0.42890438437461853,0.42570018768310547,0.0032041966915130615,0.00400152150541544,10.079609000058554
imagenet,vgg16,gradcam,ILSVRC2012_val_00019344,349,0.005,4,4539572770689928226,valid,0.9808604891500357,0.8459275602132745,348,348,True,0.42890438437461853,0.4377778172492981,0.008873432874679565,0.0039830757305026054,10.060698999950546
imagenet,vgg16,gradcam,ILSVRC2012_val_00015926,373,0.005,0,7824287406080257999,valid,0.9946391124158813,0.6551781002638523,370,370,True,0.01014524046331644,0.008973163552582264,0.0011720769107341766,0.003984430804848671,10.05539800007682
imagenet,vgg16,gradcam,ILSVRC2012_val_00015926,373,0.005,1,7929028858864195142,valid,0.9812821150490685,0.6030985465580578,370,370,True,0.01014524046331644,0.009654146619141102,0.0004910938441753387,0.003985324874520302,10.05324500010829
imagenet,vgg16,gradcam,ILSVRC2012_val_00015926,373,0.005,2,1672669132139356813,valid,0.9881797989283139,0.688309503784693,370,370,True,0.01014524046331644,0.007846398279070854,0.0022988421842455864,0.0039831725880503654,10.067162999803259
imagenet,vgg16,gradcam,ILSVRC2012_val_00015926,373,0.005,3,3777709456935710546,valid,0.990624403963857,0.6703260146373918,370,370,True,0.01014524046331644,0.013033732771873474,0.0028884923085570335,0.003980493638664484,10.051515999748517
imagenet,vgg16,gradcam,ILSVRC2012_val_00015926,373,0.005,4,8509120453478104409,valid,0.9925073677920835,0.688025563403969,370,370,True,0.01014524046331644,0.009436975233256817,0.0007082652300596237,0.003997220192104578,10.066882000046462
imagenet,vgg16,gradcam,ILSVRC2012_val_00007971,220,0.005,0,6539809151522792949,valid,0.6573734505795363,0.5680149929720444,220,220,True,0.9668594598770142,0.9269668459892273,0.039892613887786865,0.0032053408212959766,10.045993999938219
imagenet,vgg16,gradcam,ILSVRC2012_val_00007971,220,0.005,1,2247456996425886328,valid,0.6334230727357971,0.5384615384615384,220,220,True,0.9668594598770142,0.9329968094825745,0.0338626503944397,0.003228061133995652,10.724027999913233
imagenet,vgg16,gradcam,ILSVRC2012_val_00007971,220,0.005,2,399923942390004657,valid,0.6638376518373228,0.5481881264456437,220,220,True,0.9668594598770142,0.9177358746528625,0.04912358522415161,0.0032157464884221554,10.069966000173736
imagenet,vgg16,gradcam,ILSVRC2012_val_00007971,220,0.005,3,5512153096464547389,valid,0.7129120987601917,0.5386973180076629,220,220,True,0.9668594598770142,0.9269911646842957,0.039868295192718506,0.0032157828100025654,10.062793000088277
imagenet,vgg16,gradcam,ILSVRC2012_val_00007971,220,0.005,4,6539105014280078224,valid,0.7111195383155072,0.5565891472868217,220,220,True,0.9668594598770142,0.9330035448074341,0.03385591506958008,0.003208809532225132,10.055627000383538
imagenet,vgg16,gradcam,ILSVRC2012_val_00015160,234,0.005,0,4314859105566112453,valid,0.8864031966701211,0.594787859526458,234,234,True,0.47789132595062256,0.5936552286148071,0.11576390266418457,0.0038385451771318913,10.053024000171717
imagenet,vgg16,gradcam,ILSVRC2012_val_00015160,234,0.005,1,3954827248402496951,valid,0.8655077849011574,0.5387917816620669,234,234,True,0.47789132595062256,0.5153974294662476,0.037506103515625,0.0038396017625927925,10.056299000098079
imagenet,vgg16,gradcam,ILSVRC2012_val_00015160,234,0.005,2,9063806755192553816,valid,0.9216870250580983,0.5564516129032258,234,234,True,0.47789132595062256,0.5890503525733948,0.11115902662277222,0.003842610167339444,10.076507999656314
imagenet,vgg16,gradcam,ILSVRC2012_val_00015160,234,0.005,3,5113611462594320370,valid,0.8535766728220624,0.5084924094393507,234,234,True,0.47789132595062256,0.5509766340255737,0.07308530807495117,0.003832021029666066,10.050217999832967
imagenet,vgg16,gradcam,ILSVRC2012_val_00015160,234,0.005,4,2043122002561698985,valid,0.939793289049289,0.5125847776940468,234,234,True,0.47789132595062256,0.5959848761558533,0.11809355020523071,0.003842771053314209,10.053885000161245
imagenet,vgg16,gradcam,ILSVRC2012_val_00013600,78,0.005,0,5321597228691344102,valid,0.8471783970142007,0.5054747262636868,78,78,True,0.9874964952468872,0.9860823154449463,0.001414179801940918,0.003825295949354768,10.05752199989729
imagenet,vgg16,gradcam,ILSVRC2012_val_00013600,78,0.005,1,7222167107109924805,valid,0.8979408852869024,0.5919111816019033,78,78,True,0.9874964952468872,0.9863817691802979,0.0011147260665893555,0.0038245313335210085,10.07172299978265
imagenet,vgg16,gradcam,ILSVRC2012_val_00013600,78,0.005,2,7797770201540438027,valid,0.8789893654292636,0.5474868948504471,78,78,True,0.9874964952468872,0.9788874387741089,0.00860905647277832,0.0038342843763530254,10.06194299998242
imagenet,vgg16,gradcam,ILSVRC2012_val_00013600,78,0.005,3,1237048878609022038,valid,0.9109880132353899,0.5658346333853355,78,78,True,0.9874964952468872,0.9825464487075806,0.004950046539306641,0.0038343165069818497,10.065192000183742
imagenet,vgg16,gradcam,ILSVRC2012_val_00013600,78,0.005,4,8413812753638948976,valid,0.8503517325715912,0.5295641572691253,78,78,True,0.9874964952468872,0.9867480993270874,0.0007483959197998047,0.0038248568307608366,10.067622999940795
imagenet,vgg16,gradcam,ILSVRC2012_val_00000391,185,0.005,0,647337732867472776,valid,0.7592964433564039,0.7239958805355304,185,185,True,0.9872781038284302,0.9887795448303223,0.0015014410018920898,0.0038497091736644506,10.050030000002153
imagenet,vgg16,gradcam,ILSVRC2012_val_00000391,185,0.005,1,5961835625946395936,valid,0.7888804106214379,0.6948665991219183,185,185,True,0.9872781038284302,0.9886494874954224,0.0013713836669921875,0.0038408106192946434,10.047613000097044
imagenet,vgg16,gradcam,ILSVRC2012_val_00000391,185,0.005,2,3042057777627889131,valid,0.8296279151831826,0.6999153259949196,185,185,True,0.9872781038284302,0.9889981150627136,0.0017200112342834473,0.0038353954441845417,10.052629999790952
imagenet,vgg16,gradcam,ILSVRC2012_val_00000391,185,0.005,3,1252662408036727049,valid,0.8439279051301166,0.7469544030630003,185,185,True,0.9872781038284302,0.9874983429908752,0.00022023916244506836,0.0038429831620305777,10.050910999780172
imagenet,vgg16,gradcam,ILSVRC2012_val_00000391,185,0.005,4,3315184970820708848,valid,0.806470879903717,0.7168262653898769,185,185,True,0.9872781038284302,0.9898093938827515,0.002531290054321289,0.0038221031427383423,10.064395000426885
imagenet,vgg16,gradcam,ILSVRC2012_val_00044836,119,0.005,0,8171849296649949647,valid,0.9598490688032698,0.8079899226201188,119,119,True,0.8232589960098267,0.8255270719528198,0.002268075942993164,0.003988279029726982,10.054368000055547
imagenet,vgg16,gradcam,ILSVRC2012_val_00044836,119,0.005,1,4491656841088079867,valid,0.9504214751698401,0.7600771118121276,119,119,True,0.8232589960098267,0.8062744140625,0.01698458194732666,0.00399305485188961,10.063389999686478
imagenet,vgg16,gradcam,ILSVRC2012_val_00044836,119,0.005,2,8171822219854576615,valid,0.9886778101247815,0.8147813516443801,119,119,True,0.8232589960098267,0.8201361298561096,0.003122866153717041,0.004000420682132244,10.061216999929457
imagenet,vgg16,gradcam,ILSVRC2012_val_00044836,119,0.005,3,736521806856464285,valid,0.9618517986000774,0.8250045429765582,119,119,True,0.8232589960098267,0.815204381942749,0.008054614067077637,0.003989059012383223,10.071548999803781
imagenet,vgg16,gradcam,ILSVRC2012_val_00044836,119,0.005,4,119500292384334511,valid,0.9852615103863926,0.85466297322253,119,119,True,0.8232589960098267,0.814094603061676,0.009164392948150635,0.003985577262938023,10.07186200013166
imagenet,vgg16,gradcam,ILSVRC2012_val_00008135,133,0.005,0,124406041591251555,valid,0.9635465342500448,0.8845287269996245,133,133,True,0.9674587845802307,0.9615304470062256,0.005928337574005127,0.003984365146607161,10.036346999640955
imagenet,vgg16,gradcam,ILSVRC2012_val_00008135,133,0.005,1,4046374424050757993,valid,0.999474268377959,0.913076629813191,133,133,True,0.9674587845802307,0.9569330215454102,0.010525763034820557,0.0039837975054979324,10.056047000034596
imagenet,vgg16,gradcam,ILSVRC2012_val_00008135,133,0.005,2,7070056596642100015,valid,0.9638211828010813,0.9423263015289336,133,133,True,0.9674587845802307,0.9612607359886169,0.0061980485916137695,0.003985521383583546,10.058572000161803
imagenet,vgg16,gradcam,ILSVRC2012_val_00008135,133,0.005,3,7497482518350946051,valid,0.945349429417308,0.9506316812439262,133,133,True,0.9674587845802307,0.9668827652931213,0.000576019287109375,0.003989551682025194,10.046236000107456
imagenet,vgg16,gradcam,ILSVRC2012_val_00008135,133,0.005,4,6191468841984863915,valid,0.9636415994915583,0.8843409688321442,133,133,True,0.9674587845802307,0.9619030356407166,0.00555574893951416,0.00398357305675745,10.104248000061489
imagenet,vgg16,gradcam,ILSVRC2012_val_00010132,352,0.005,0,8093631686565907,valid,0.9655375655740579,0.8343995613233413,352,352,True,0.8105361461639404,0.8159341812133789,0.0053980350494384766,0.003983512055128813,10.045248000096763
imagenet,vgg16,gradcam,ILSVRC2012_val_00010132,352,0.005,1,5447796235564570251,valid,0.9723380329115959,0.8128612716763006,352,352,True,0.8105361461639404,0.8184136152267456,0.007877469062805176,0.003995194099843502,10.055497999928775
imagenet,vgg16,gradcam,ILSVRC2012_val_00010132,352,0.005,2,3431872577805668339,valid,0.9589065027335588,0.8192858437556643,352,352,True,0.8105361461639404,0.8109738230705261,0.00043767690658569336,0.003983922768384218,10.051439999642753
imagenet,vgg16,gradcam,ILSVRC2012_val_00010132,352,0.005,3,3740817988212590263,valid,0.9810989920075199,0.8843409688321442,352,352,True,0.8105361461639404,0.8134692311286926,0.0029330849647521973,0.003995242528617382,10.059244999865768
imagenet,vgg16,gradcam,ILSVRC2012_val_00010132,352,0.005,4,3039345329130879730,valid,0.9404944987602349,0.7995697382574399,352,352,True,0.8105361461639404,0.8233081698417664,0.012772023677825928,0.003994313534349203,10.048076999737532
imagenet,vgg16,gradcam,ILSVRC2012_val_00007283,107,0.005,0,1109520789948083731,valid,0.939095336443558,0.8441749356854098,107,107,True,0.9986854195594788,0.9992780089378357,0.0005925893783569336,0.00361098931171,10.03218999994715
imagenet,vgg16,gradcam,ILSVRC2012_val_00007283,107,0.005,1,3998919051269725111,valid,0.9631648548013789,0.8878856282919488,107,107,True,0.9986854195594788,0.9996404647827148,0.000955045223236084,0.003637217450886965,10.05490599982295
imagenet,vgg16,gradcam,ILSVRC2012_val_00007283,107,0.005,2,2926071029045924349,valid,0.8642450415770584,0.8619666048237477,107,107,True,0.9986854195594788,0.9994587302207947,0.000773310661315918,0.0036275414749979973,10.059688999717764
imagenet,vgg16,gradcam,ILSVRC2012_val_00007283,107,0.005,3,8903505724737762358,valid,0.8842532982630944,0.8423274596182085,107,107,True,0.9986854195594788,0.9995378255844116,0.0008524060249328613,0.003647768869996071,10.053074000097695
imagenet,vgg16,gradcam,ILSVRC2012_val_00007283,107,0.005,4,7436574539817930625,valid,0.9068803481406728,0.7966344432509846,107,107,True,0.9986854195594788,0.9996583461761475,0.0009729266166687012,0.00363202765583992,10.066143000130978
imagenet,vgg16,gradcam,ILSVRC2012_val_00007178,163,0.005,0,5036914402171006618,valid,0.9932069598658031,0.8224078445614672,163,163,True,0.9930837154388428,0.9916481971740723,0.0014355182647705078,0.003996239509433508,10.0444080003399
imagenet,vgg16,gradcam,ILSVRC2012_val_00007178,163,0.005,1,5651603839904135267,valid,0.9915628297361074,0.801148600143575,163,163,True,0.9930837154388428,0.9940859079360962,0.001002192497253418,0.003998482599854469,10.051041000224359
imagenet,vgg16,gradcam,ILSVRC2012_val_00007178,163,0.005,2,5636376440453686668,valid,0.9861651245697347,0.7700176366843033,163,163,True,0.9930837154388428,0.9929534792900085,0.00013023614883422852,0.003980488516390324,10.059207999802311
imagenet,vgg16,gradcam,ILSVRC2012_val_00007178,163,0.005,3,2784843849467413684,valid,0.9909679448994555,0.8247272727272728,163,163,True,0.9930837154388428,0.9936546087265015,0.0005708932876586914,0.003998495638370514,10.059756999908132
imagenet,vgg16,gradcam,ILSVRC2012_val_00007178,163,0.005,4,1747746171851914237,valid,0.9890415529444574,0.8210851025222282,163,163,True,0.9930837154388428,0.9931910634040833,0.00010734796524047852,0.003992151934653521,10.07888300000559
imagenet,vgg16,gradcam,ILSVRC2012_val_00020205,142,0.005,0,7131126195450677294,valid,0.9637360078044048,0.6711051930758988,142,142,True,0.9881337285041809,0.9881793260574341,4.559755325317383e-05,0.0039767855778336525,10.04908400000204
imagenet,vgg16,gradcam,ILSVRC2012_val_00020205,142,0.005,1,652394825474452762,valid,0.9882798431475627,0.7324356982565164,142,142,True,0.9881337285041809,0.9891800880432129,0.0010463595390319824,0.0040029133670032024,10.06349900035275
imagenet,vgg16,gradcam,ILSVRC2012_val_00020205,142,0.005,2,7298280662275534198,valid,0.9880293550710852,0.7623727623727624,142,142,True,0.9881337285041809,0.9886614084243774,0.0005276799201965332,0.00398882245644927,10.060652999982267
imagenet,vgg16,gradcam,ILSVRC2012_val_00020205,142,0.005,3,321501024453794095,valid,0.981720261560029,0.7564730580825753,142,142,True,0.9881337285041809,0.9899667501449585,0.0018330216407775879,0.003990398719906807,10.073872999782907
imagenet,vgg16,gradcam,ILSVRC2012_val_00020205,142,0.005,4,28614012351015291,valid,0.9733334184739612,0.742966307745745,142,142,True,0.9881337285041809,0.9900570511817932,0.0019233226776123047,0.003990648314356804,10.063105999961408
imagenet,vgg16,gradcam,ILSVRC2012_val_00012313,947,0.005,0,4675788591855072525,valid,0.9859969183229339,0.9065349544072948,947,947,True,0.5801048874855042,0.5721083283424377,0.007996559143066406,0.0039863004349172115,10.034817999894585
imagenet,vgg16,gradcam,ILSVRC2012_val_00012313,947,0.005,1,2909585199619158307,valid,0.9944152501855148,0.9248177982355198,947,947,True,0.5801048874855042,0.5694614052772522,0.010643482208251953,0.003993981052190065,10.067581000384962
imagenet,vgg16,gradcam,ILSVRC2012_val_00012313,947,0.005,2,4139429911282159242,valid,0.9943160698655381,0.9419504643962848,947,947,True,0.5801048874855042,0.5806424617767334,0.000537574291229248,0.003995305858552456,10.051986999769724
imagenet,vgg16,gradcam,ILSVRC2012_val_00012313,947,0.005,3,5708874253003390479,valid,0.9712134371663796,0.8485909007183643,947,947,True,0.5801048874855042,0.581706166267395,0.0016012787818908691,0.0039989841170609,10.071739999602869
imagenet,vgg16,gradcam,ILSVRC2012_val_00012313,947,0.005,4,8672345341348820478,valid,0.9885637353223456,0.9065349544072948,947,947,True,0.5801048874855042,0.5762143731117249,0.003890514373779297,0.004013490863144398,10.054625000066153
imagenet,vgg16,gradcam,ILSVRC2012_val_00007854,915,0.005,0,2571262475368357897,both_constant,,,915,915,True,0.9640587568283081,0.9664273858070374,0.002368628978729248,0.003965318668633699,10.052744999939023
imagenet,vgg16,gradcam,ILSVRC2012_val_00007854,915,0.005,1,8030772877936490666,reference_constant,,,915,915,True,0.9640587568283081,0.9558635950088501,0.008195161819458008,0.003964627161622047,10.040427999683743
imagenet,vgg16,gradcam,ILSVRC2012_val_00007854,915,0.005,2,3012889963315334282,both_constant,,,915,915,True,0.9640587568283081,0.9558050632476807,0.008253693580627441,0.003976478241384029,10.040697000022192
imagenet,vgg16,gradcam,ILSVRC2012_val_00007854,915,0.005,3,5790203417479694068,reference_constant,,,915,915,True,0.9640587568283081,0.9596627354621887,0.004396021366119385,0.0039726002141833305,10.039894999863463
imagenet,vgg16,gradcam,ILSVRC2012_val_00007854,915,0.005,4,507954533513966600,both_constant,,,915,915,True,0.9640587568283081,0.9673900008201599,0.0033312439918518066,0.0039726984687149525,10.046330000022863
imagenet,vgg16,gradcam,ILSVRC2012_val_00005867,184,0.005,0,1478452781381202281,valid,0.9198637896958052,0.8264192139737991,207,208,False,0.028064267709851265,0.028179796412587166,0.00011552870273590088,0.003993845544755459,10.038010999778635
imagenet,vgg16,gradcam,ILSVRC2012_val_00005867,184,0.005,1,6919772316408940515,valid,0.778038717113487,0.8292638483965015,207,207,True,0.028064267709851265,0.027249641716480255,0.0008146259933710098,0.004008093848824501,10.070084999824758
imagenet,vgg16,gradcam,ILSVRC2012_val_00005867,184,0.005,2,113864722672658960,valid,0.7906577452102693,0.7813664596273292,207,208,False,0.028064267709851265,0.0289990846067667,0.0009348168969154358,0.003974780440330505,10.046277000128612
imagenet,vgg16,gradcam,ILSVRC2012_val_00005867,184,0.005,3,303642654442618836,valid,0.8148728551869322,0.8115863562533838,207,207,True,0.028064267709851265,0.026416858658194542,0.001647409051656723,0.0040024504996836185,10.054623000087304
imagenet,vgg16,gradcam,ILSVRC2012_val_00005867,184,0.005,4,6989995999554948155,valid,0.8300076962695851,0.7542817196784342,207,208,False,0.028064267709851265,0.028098836541175842,3.456883132457733e-05,0.003996135666966438,10.05898299990804
imagenet,vgg16,gradcam,ILSVRC2012_val_00049131,517,0.005,0,6637237118935856467,valid,0.8945190486883599,0.7554661535770509,517,517,True,0.7849678993225098,0.6734389662742615,0.11152893304824829,0.003993775229901075,10.03479500013782
imagenet,vgg16,gradcam,ILSVRC2012_val_00049131,517,0.005,1,3115094047129690856,valid,0.9001484987918976,0.7711714890613973,517,517,True,0.7849678993225098,0.6704721450805664,0.11449575424194336,0.003976914100348949,10.04655900032958
imagenet,vgg16,gradcam,ILSVRC2012_val_00049131,517,0.005,2,7572103622376011972,valid,0.8691743040770206,0.764106169801371,517,517,True,0.7849678993225098,0.7182406187057495,0.06672728061676025,0.003986924886703491,10.063723000257596
imagenet,vgg16,gradcam,ILSVRC2012_val_00049131,517,0.005,3,1912088464343539702,valid,0.9304946361795239,0.7372338584040159,517,517,True,0.7849678993225098,0.7238016724586487,0.061166226863861084,0.003971879370510578,10.054475000288221
imagenet,vgg16,gradcam,ILSVRC2012_val_00049131,517,0.005,4,6407097657709303580,valid,0.9165789284290994,0.7921127765881513,517,517,True,0.7849678993225098,0.6912178993225098,0.09375,0.003988467622548342,10.053280000192899
imagenet,vgg16,gradcam,ILSVRC2012_val_00002794,238,0.005,0,148870856522877581,valid,0.8969392719588597,0.8525830258302584,238,238,True,0.5690606236457825,0.5576937198638916,0.01136690378189087,0.003977419342845678,10.038832000191178
imagenet,vgg16,gradcam,ILSVRC2012_val_00002794,238,0.005,1,6739390888165317774,valid,0.9470290239284291,0.8225045372050817,238,238,True,0.5690606236457825,0.5479649305343628,0.021095693111419678,0.003977640997618437,10.037186000317888
imagenet,vgg16,gradcam,ILSVRC2012_val_00002794,238,0.005,2,7637495171325878914,valid,0.9469758935206829,0.8353134710290623,238,238,True,0.5690606236457825,0.5800877809524536,0.011027157306671143,0.003994992934167385,10.065183999813598
imagenet,vgg16,gradcam,ILSVRC2012_val_00002794,238,0.005,3,7865724333607158654,valid,0.8411784974713611,0.8002508061626658,238,238,True,0.5690606236457825,0.5532182455062866,0.01584237813949585,0.004000763408839703,10.057763000077102
imagenet,vgg16,gradcam,ILSVRC2012_val_00002794,238,0.005,4,4740369629748813919,valid,0.9238304978140893,0.9598048780487805,238,238,True,0.5690606236457825,0.5534979104995728,0.015562713146209717,0.003984694369137287,10.050460000002204
imagenet,vgg16,gradcam,ILSVRC2012_val_00020015,251,0.005,0,8340359128924814599,valid,0.7610582865966011,1.0,251,251,True,0.7239950895309448,0.7379382848739624,0.013943195343017578,0.003980744164437056,10.043075999874418
imagenet,vgg16,gradcam,ILSVRC2012_val_00020015,251,0.005,1,1595013008358206898,valid,0.9999986298947489,1.0,251,251,True,0.7239950895309448,0.7274701595306396,0.0034750699996948242,0.003994239494204521,10.047271000075852
imagenet,vgg16,gradcam,ILSVRC2012_val_00020015,251,0.005,2,2069839571660079760,valid,0.7610583518870792,1.0,251,251,True,0.7239950895309448,0.7306780219078064,0.006682932376861572,0.0039911470375955105,10.05992000000333
imagenet,vgg16,gradcam,ILSVRC2012_val_00020015,251,0.005,3,5052706854778113595,valid,0.5014587049677577,1.0,251,251,True,0.7239950895309448,0.7309850454330444,0.006989955902099609,0.0039784274995327,10.0559309998971
imagenet,vgg16,gradcam,ILSVRC2012_val_00020015,251,0.005,4,8625788075028622241,valid,0.999748035752111,1.0,251,251,True,0.7239950895309448,0.702813446521759,0.02118164300918579,0.00398634746670723,10.045860999980505
imagenet,vgg16,gradcam,ILSVRC2012_val_00006457,93,0.005,0,2221295253808256805,valid,0.8654058030471372,0.7297483626335747,96,96,True,0.11454570293426514,0.10873153060674667,0.005814172327518463,0.003986041992902756,10.038516000349773
imagenet,vgg16,gradcam,ILSVRC2012_val_00006457,93,0.005,1,8890389390177847519,valid,0.8522343029200555,0.8125338631027632,96,96,True,0.11454570293426514,0.05916674807667732,0.055378954857587814,0.003985479008406401,10.058972000024369
imagenet,vgg16,gradcam,ILSVRC2012_val_00006457,93,0.005,2,3206214600123905409,valid,0.8722874912224363,0.7889483065953654,96,96,True,0.11454570293426514,0.0874042809009552,0.027141422033309937,0.003971096593886614,10.0636659999509
imagenet,vgg16,gradcam,ILSVRC2012_val_00006457,93,0.005,3,8212339849749385813,valid,0.9092269915597417,0.6969901927629354,96,96,True,0.11454570293426514,0.0924549475312233,0.02209075540304184,0.0039672995917499065,10.056473000076949
imagenet,vgg16,gradcam,ILSVRC2012_val_00006457,93,0.005,4,173775657669384710,valid,0.9126328531467872,0.8076368876080692,96,96,True,0.11454570293426514,0.0786825641989708,0.03586313873529434,0.003966455347836018,10.06612099990889
imagenet,vgg16,gradcam,ILSVRC2012_val_00005363,144,0.005,0,1754875719892229240,valid,0.8876413194739095,0.9060186064173154,144,144,True,0.9999582767486572,0.9999575614929199,7.152557373046875e-07,0.003975404426455498,10.041259999979957
imagenet,vgg16,gradcam,ILSVRC2012_val_00005363,144,0.005,1,2878232700999841913,valid,0.9002294699901353,0.8818676167260454,144,144,True,0.9999582767486572,0.9999585151672363,2.384185791015625e-07,0.003962884657084942,10.048141999959626
imagenet,vgg16,gradcam,ILSVRC2012_val_00005363,144,0.005,2,1260754754486525076,valid,0.8854047042203524,0.8578830495928942,144,144,True,0.9999582767486572,0.9999583959579468,1.1920928955078125e-07,0.003970468416810036,10.052227999949537
imagenet,vgg16,gradcam,ILSVRC2012_val_00005363,144,0.005,3,6259120057903181662,valid,0.9044584581883129,0.9060007595898215,144,144,True,0.9999582767486572,0.9999562501907349,2.0265579223632812e-06,0.00397830456495285,10.054444999695988
imagenet,vgg16,gradcam,ILSVRC2012_val_00005363,144,0.005,4,8925985218083513280,valid,0.8764531233351335,0.8964474678760394,144,144,True,0.9999582767486572,0.999963641166687,5.364418029785156e-06,0.003976380918174982,10.05659900010869
imagenet,vgg16,gradcam,ILSVRC2012_val_00029916,329,0.005,0,1631732034194118179,valid,0.9922752522687758,0.7772268461129803,329,329,True,0.4509924352169037,0.45635873079299927,0.005366295576095581,0.003962802700698376,10.51211300000432
imagenet,vgg16,gradcam,ILSVRC2012_val_00029916,329,0.005,1,1000182872837178480,valid,0.9962293780700672,0.8406674000733406,329,329,True,0.4509924352169037,0.4662858247756958,0.015293389558792114,0.003976085688918829,10.070623000046908
imagenet,vgg16,gradcam,ILSVRC2012_val_00029916,329,0.005,2,8502272319537721053,valid,0.9949571216567373,0.8227388303668725,329,329,True,0.4509924352169037,0.4031480550765991,0.047844380140304565,0.003966137766838074,10.057881000193447
imagenet,vgg16,gradcam,ILSVRC2012_val_00029916,329,0.005,3,8934866934722391387,valid,0.9914199927566806,0.6782608695652174,329,329,True,0.4509924352169037,0.48815613985061646,0.03716370463371277,0.003969491925090551,10.047257000223908
imagenet,vgg16,gradcam,ILSVRC2012_val_00029916,329,0.005,4,1097476379069413043,valid,0.9902413759665311,0.7902247591865857,329,329,True,0.4509924352169037,0.4890652596950531,0.038072824478149414,0.003969996701925993,10.061083999971743
imagenet,vgg16,gradcam,ILSVRC2012_val_00030940,131,0.005,0,60530402044448653,valid,0.9773619625700474,0.8239782016348773,131,131,True,0.9997677206993103,0.9997557997703552,1.1920928955078125e-05,0.003990711644291878,10.051343999748497
imagenet,vgg16,gradcam,ILSVRC2012_val_00030940,131,0.005,1,19878695407192039,valid,0.9004986046681144,0.8027638190954773,131,131,True,0.9997677206993103,0.9997887015342712,2.09808349609375e-05,0.004009614232927561,10.035866000180249
imagenet,vgg16,gradcam,ILSVRC2012_val_00030940,131,0.005,2,8737692386568679854,valid,0.9257854136650946,0.7994982977960939,131,131,True,0.9997677206993103,0.9996776580810547,9.006261825561523e-05,0.0039914255030453205,10.065329000099155
imagenet,vgg16,gradcam,ILSVRC2012_val_00030940,131,0.005,3,8009428695022092313,valid,0.9026705370845776,0.788564303526897,131,131,True,0.9997677206993103,0.9998090863227844,4.1365623474121094e-05,0.003991871606558561,10.061340999982349
imagenet,vgg16,gradcam,ILSVRC2012_val_00030940,131,0.005,4,7370962698984032743,valid,0.8915236914036881,0.7646748681898067,131,131,True,0.9997677206993103,0.9996880292892456,7.969141006469727e-05,0.003995124250650406,10.059287999865774
imagenet,vgg16,gradcam,ILSVRC2012_val_00007404,148,0.005,0,1353541289590749312,valid,0.9624114509193517,0.8870725291243893,148,148,True,0.9518712162971497,0.9709397554397583,0.019068539142608643,0.003987115807831287,10.04442100020242
imagenet,vgg16,gradcam,ILSVRC2012_val_00007404,148,0.005,1,2510503587054256324,valid,0.982156337619141,0.913441372735939,148,148,True,0.9518712162971497,0.9628488421440125,0.010977625846862793,0.0039845844730734825,10.065195999686694
imagenet,vgg16,gradcam,ILSVRC2012_val_00007404,148,0.005,2,9124177376530382382,valid,0.9149510224091701,0.8071660064818149,148,148,True,0.9518712162971497,0.9616715312004089,0.009800314903259277,0.0039934031665325165,10.053858999981458
imagenet,vgg16,gradcam,ILSVRC2012_val_00007404,148,0.005,3,3118787724896590892,valid,0.9823277717648462,0.9255992329817834,148,148,True,0.9518712162971497,0.9701690077781677,0.018297791481018066,0.003979959059506655,10.054973000023892
imagenet,vgg16,gradcam,ILSVRC2012_val_00007404,148,0.005,4,4807272196805696475,valid,0.9822574853031479,0.9127120259195731,148,148,True,0.9518712162971497,0.9723694324493408,0.020498216152191162,0.004008340183645487,10.047486999610555
imagenet,vgg16,gradcam,ILSVRC2012_val_00013911,270,0.005,0,3406414677581813078,valid,0.9649232246830571,0.8435836240132183,270,270,True,0.9288747310638428,0.9228441119194031,0.006030619144439697,0.003994980361312628,10.032560000126978
imagenet,vgg16,gradcam,ILSVRC2012_val_00013911,270,0.005,1,8469970780324637199,valid,0.9618116217364391,0.8613531047265987,270,270,True,0.9288747310638428,0.9208902716636658,0.007984459400177002,0.003980111330747604,10.056778000034683
imagenet,vgg16,gradcam,ILSVRC2012_val_00013911,270,0.005,2,356705290482279711,valid,0.9676306745559783,0.8791167664670658,270,270,True,0.9288747310638428,0.9249674081802368,0.003907322883605957,0.0039853984490036964,10.052521999568853
imagenet,vgg16,gradcam,ILSVRC2012_val_00013911,270,0.005,3,4983809588645922553,valid,0.95833267607317,0.819862268938021,270,270,True,0.9288747310638428,0.9361628293991089,0.007288098335266113,0.003986387979239225,10.066135000215581
imagenet,vgg16,gradcam,ILSVRC2012_val_00013911,270,0.005,4,6966899606979763822,valid,0.9581381200829155,0.8228353603194772,270,270,True,0.9288747310638428,0.932998776435852,0.004124045372009277,0.0039940099231898785,10.049988999980997
imagenet,vgg16,gradcam,ILSVRC2012_val_00008938,277,0.005,0,5731833880243919775,valid,0.9604383595961112,0.9233863244589159,277,277,True,0.8583441972732544,0.881818413734436,0.02347421646118164,0.0039861625991761684,10.04534000003332
imagenet,vgg16,gradcam,ILSVRC2012_val_00008938,277,0.005,1,890327722127383384,valid,0.9702239324770469,0.9043824701195219,277,277,True,0.8583441972732544,0.8824302554130554,0.024086058139801025,0.003972017206251621,10.04164200003288
imagenet,vgg16,gradcam,ILSVRC2012_val_00008938,277,0.005,2,14386847555252678,valid,0.9702652446594386,0.9292579777008843,277,277,True,0.8583441972732544,0.885198712348938,0.026854515075683594,0.004004630260169506,10.052323999843793
imagenet,vgg16,gradcam,ILSVRC2012_val_00008938,277,0.005,3,3200166405680587137,valid,0.9725929732444262,0.8863636363636364,277,277,True,0.8583441972732544,0.8829596042633057,0.02461540699005127,0.003983424045145512,10.253022000142664
imagenet,vgg16,gradcam,ILSVRC2012_val_00008938,277,0.005,4,4160051725462518160,valid,0.9642117365479305,0.872296793437733,277,277,True,0.8583441972732544,0.8773297071456909,0.018985509872436523,0.003992393612861633,10.06664400028967
imagenet,resnet50,ig,ILSVRC2012_val_00012132,17,0.005,0,1240890485581281775,valid,0.442530992121357,0.28403275332650973,17,17,True,0.4837387204170227,0.4989722669124603,0.015233546495437622,0.003996922168880701,168.14904500006378
imagenet,resnet50,ig,ILSVRC2012_val_00012132,17,0.005,1,7809966714089166156,valid,0.44110524608698043,0.2814096016343207,17,17,True,0.4837387204170227,0.49707165360450745,0.013332933187484741,0.003996476996690035,168.15946700035056
imagenet,resnet50,ig,ILSVRC2012_val_00012132,17,0.005,2,594568608699110832,valid,0.4373089069382597,0.28173690932311624,17,17,True,0.4837387204170227,0.4989284574985504,0.01518973708152771,0.003997646272182465,168.33893500006525
imagenet,resnet50,ig,ILSVRC2012_val_00012132,17,0.005,3,8272835477805138346,valid,0.4432715948753118,0.2869966658117466,17,17,True,0.4837387204170227,0.5002418160438538,0.016503095626831055,0.003987786825746298,168.31627300007312
imagenet,resnet50,ig,ILSVRC2012_val_00012132,17,0.005,4,5588988483984321074,valid,0.45136368803096616,0.29146827950070775,17,17,True,0.4837387204170227,0.4945378303527832,0.010799109935760498,0.003985461313277483,168.94820999959848
imagenet,resnet50,ig,ILSVRC2012_val_00000140,558,0.005,0,2495375757937344332,valid,0.7610925438123651,0.5937748134032079,251,251,True,0.017541905865073204,0.015943197533488274,0.0015987083315849304,0.003977824002504349,168.17840900012015
imagenet,resnet50,ig,ILSVRC2012_val_00000140,558,0.005,1,8258382046345720994,valid,0.7582102340241997,0.598598279706913,251,251,True,0.017541905865073204,0.020443212240934372,0.002901306375861168,0.0039786482229828835,168.238695999662
imagenet,resnet50,ig,ILSVRC2012_val_00000140,558,0.005,2,1986566169149637064,valid,0.7521437301408979,0.5925103141859727,251,251,True,0.017541905865073204,0.019613366574048996,0.002071460708975792,0.003982102498412132,168.16850899976998
imagenet,resnet50,ig,ILSVRC2012_val_00000140,558,0.005,3,781331182807300414,valid,0.755236803819231,0.594787859526458,251,251,True,0.017541905865073204,0.015370741486549377,0.0021711643785238266,0.003985240124166012,168.32392900005289
imagenet,resnet50,ig,ILSVRC2012_val_00000140,558,0.005,4,821512256087617785,valid,0.7585750431384402,0.5887288269748299,251,251,True,0.017541905865073204,0.020079033449292183,0.002537127584218979,0.003987926058471203,168.93601700030558
imagenet,resnet50,ig,ILSVRC2012_val_00031295,237,0.005,0,7260055080022824154,valid,0.6489751034728034,0.4267841910719363,237,237,True,0.5567220449447632,0.5786418914794922,0.021919846534729004,0.003991680685430765,168.3294939998632
imagenet,resnet50,ig,ILSVRC2012_val_00031295,237,0.005,1,6830589745658477501,valid,0.6505572429252109,0.4286120996441281,237,237,True,0.5567220449447632,0.5540719032287598,0.002650141716003418,0.003990218974649906,168.25232200017126
imagenet,resnet50,ig,ILSVRC2012_val_00031295,237,0.005,2,5572588514906466611,valid,0.6486657868107781,0.43044469783352335,237,237,True,0.5567220449447632,0.5646693706512451,0.007947325706481934,0.003981485962867737,168.23915599979955
imagenet,resnet50,ig,ILSVRC2012_val_00031295,237,0.005,3,7784788833784456437,valid,0.651145129156464,0.4324864401941193,237,237,True,0.5567220449447632,0.5849984288215637,0.028276383876800537,0.003984395414590836,169.1966369999136
imagenet,resnet50,ig,ILSVRC2012_val_00031295,237,0.005,4,205616704339721179,valid,0.6515033267438083,0.42435424354243545,237,237,True,0.5567220449447632,0.5623034238815308,0.005581378936767578,0.003989964723587036,168.22142099999837
imagenet,resnet50,ig,ILSVRC2012_val_00004300,330,0.005,0,2062959023804323395,valid,0.7851397485869261,0.5634834086306278,331,331,True,0.06397595256567001,0.06199171394109726,0.001984238624572754,0.003975726664066315,168.12188099993364
imagenet,resnet50,ig,ILSVRC2012_val_00004300,330,0.005,1,1730914782129674652,valid,0.7899379929447863,0.5676351140268666,331,331,True,0.06397595256567001,0.06348467618227005,0.0004912763833999634,0.003996573854237795,168.21134700012408
imagenet,resnet50,ig,ILSVRC2012_val_00004300,330,0.005,2,2230829393384523700,valid,0.7963689220026525,0.5784837999370871,331,331,True,0.06397595256567001,0.07256956398487091,0.008593611419200897,0.003984126728028059,168.16879399993923
imagenet,resnet50,ig,ILSVRC2012_val_00004300,330,0.005,3,2370168859087342904,valid,0.7921397832315176,0.5735340232047664,331,331,True,0.06397595256567001,0.0605725459754467,0.0034034065902233124,0.00397538160905242,168.78172799988533
imagenet,resnet50,ig,ILSVRC2012_val_00004300,330,0.005,4,9172714801131829905,valid,0.7882495709804622,0.5637270177625429,331,331,True,0.06397595256567001,0.06776837259531021,0.0037924200296401978,0.003993544261902571,168.20476200018675
imagenet,resnet50,ig,ILSVRC2012_val_00007011,140,0.005,0,8693357588706766936,valid,0.5652355570682536,0.3219178082191781,140,140,True,0.517528235912323,0.5146087408065796,0.002919495105743408,0.003985125571489334,168.14023700044345
imagenet,resnet50,ig,ILSVRC2012_val_00007011,140,0.005,1,7795033858281793546,valid,0.5857842227150494,0.336173612035681,140,140,True,0.517528235912323,0.5232577323913574,0.005729496479034424,0.003996301908046007,168.18843600003675
imagenet,resnet50,ig,ILSVRC2012_val_00007011,140,0.005,2,2820880621722301505,valid,0.5834769497137557,0.3438671665773969,140,140,True,0.517528235912323,0.5140902996063232,0.003437936305999756,0.003980946261435747,168.93451499981893
imagenet,resnet50,ig,ILSVRC2012_val_00007011,140,0.005,3,9156189342167126515,valid,0.5992956306678576,0.3503767491926803,140,140,True,0.517528235912323,0.5269490480422974,0.009420812129974365,0.0039957608096301556,168.6638670003049
imagenet,resnet50,ig,ILSVRC2012_val_00007011,140,0.005,4,2817173590254193893,valid,0.5779328211323767,0.3331562167906483,140,140,True,0.517528235912323,0.504939615726471,0.01258862018585205,0.003985989838838577,168.28984400035552
imagenet,resnet50,ig,ILSVRC2012_val_00008228,381,0.005,0,4154338444683056573,valid,0.7994395452870857,0.558627116011803,381,381,True,0.2238118052482605,0.23079977929592133,0.006987974047660828,0.003944521304219961,168.2301880000523
imagenet,resnet50,ig,ILSVRC2012_val_00008228,381,0.005,1,8968172922966999441,valid,0.7954795263936304,0.5574177529484792,381,381,True,0.2238118052482605,0.24865181744098663,0.024840012192726135,0.0039505683816969395,168.24842699998044
imagenet,resnet50,ig,ILSVRC2012_val_00008228,381,0.005,2,4537400942497270551,valid,0.794188974466468,0.5566930355203971,381,381,True,0.2238118052482605,0.2811618149280548,0.05735000967979431,0.003956777509301901,168.94036799976675
imagenet,resnet50,ig,ILSVRC2012_val_00008228,381,0.005,3,650350537098486573,valid,0.7962260914752837,0.54996138996139,381,381,True,0.2238118052482605,0.2521137595176697,0.02830195426940918,0.003946382086724043,168.34309000023495
imagenet,resnet50,ig,ILSVRC2012_val_00008228,381,0.005,4,4634637524913072090,valid,0.8013648877921667,0.562509730655457,381,381,True,0.2238118052482605,0.22482715547084808,0.0010153502225875854,0.003938153851777315,168.25987399988662
imagenet,resnet50,ig,ILSVRC2012_val_00016006,732,0.005,0,2689331499638741690,valid,0.5307695066362551,0.35768398268398266,732,732,True,0.34440913796424866,0.3685837686061859,0.024174630641937256,0.003991495352238417,168.0509319999146
imagenet,resnet50,ig,ILSVRC2012_val_00016006,732,0.005,1,8580294959909415158,valid,0.5371155443113005,0.35750033815771676,732,732,True,0.34440913796424866,0.3224911689758301,0.02191796898841858,0.003996087703853846,168.94337499979883
imagenet,resnet50,ig,ILSVRC2012_val_00016006,732,0.005,2,9114965582325127640,valid,0.5264694215513546,0.3558497703323426,732,732,True,0.34440913796424866,0.3507012724876404,0.006292134523391724,0.003978316206485033,168.28022000026976
imagenet,resnet50,ig,ILSVRC2012_val_00016006,732,0.005,3,6003814197834614244,valid,0.5435771963283185,0.37328954570333883,732,732,True,0.34440913796424866,0.32221880555152893,0.022190332412719727,0.004002221394330263,168.46627900031308
imagenet,resnet50,ig,ILSVRC2012_val_00016006,732,0.005,4,2271394598789847604,valid,0.5361123517219943,0.35658286023249525,732,732,True,0.34440913796424866,0.3648262023925781,0.020417064428329468,0.003988306038081646,168.2360830000107
imagenet,resnet50,ig,ILSVRC2012_val_00023543,254,0.005,0,270999366333867741,valid,0.6967783157160578,0.4640408460977389,254,254,True,0.3786291778087616,0.3748323917388916,0.003796786069869995,0.003958440851420164,168.16612200000236
imagenet,resnet50,ig,ILSVRC2012_val_00023543,254,0.005,1,6483725595163808915,valid,0.6987265262309181,0.47263389581804843,254,254,True,0.3786291778087616,0.36105507612228394,0.01757410168647766,0.003962662070989609,168.84285400010413
imagenet,resnet50,ig,ILSVRC2012_val_00023543,254,0.005,2,4939728852732550403,valid,0.6915275828273889,0.4578733294596165,254,254,True,0.3786291778087616,0.37345781922340393,0.005171358585357666,0.003957195673137903,168.35303799962276
imagenet,resnet50,ig,ILSVRC2012_val_00023543,254,0.005,3,4468478742456119862,valid,0.6844549052274237,0.45575863069335654,254,254,True,0.3786291778087616,0.38940244913101196,0.010773271322250366,0.003962239250540733,168.2505349999701
imagenet,resnet50,ig,ILSVRC2012_val_00023543,254,0.005,4,2390165699526937601,valid,0.6952564991811374,0.4681100058513751,254,254,True,0.3786291778087616,0.37485966086387634,0.003769516944885254,0.003957102075219154,168.15943099982178
imagenet,resnet50,ig,ILSVRC2012_val_00023347,89,0.005,0,7881334844864196200,valid,0.6295777245186345,0.4536500579374276,89,89,True,0.4085824489593506,0.4093683660030365,0.0007859170436859131,0.00399034982547164,168.11471599976358
imagenet,resnet50,ig,ILSVRC2012_val_00023347,89,0.005,1,8223420927206424359,valid,0.6408244536087319,0.45766158315177924,89,89,True,0.4085824489593506,0.39834722876548767,0.010235220193862915,0.003996758721768856,168.75506499991388
imagenet,resnet50,ig,ILSVRC2012_val_00023347,89,0.005,2,2108301894708548545,valid,0.6368393785061105,0.4640408460977389,89,89,True,0.4085824489593506,0.39503926038742065,0.013543188571929932,0.0039965626783668995,168.22725399970295
imagenet,resnet50,ig,ILSVRC2012_val_00023347,89,0.005,3,2944429311875253943,valid,0.6312146866528906,0.4555474981870921,89,89,True,0.4085824489593506,0.4117376208305359,0.0031551718711853027,0.003986770287156105,168.14871299993683
imagenet,resnet50,ig,ILSVRC2012_val_00023347,89,0.005,4,7481385728545187894,valid,0.6309748404015412,0.4572382750108901,89,89,True,0.4085824489593506,0.3995995819568634,0.008982867002487183,0.003985045477747917,168.25714200012953
imagenet,resnet50,ig,ILSVRC2012_val_00011253,363,0.005,0,7969622713620301542,valid,0.8001971949783289,0.6184486373165619,363,363,True,0.16493193805217743,0.26734718680381775,0.10241524875164032,0.003959124442189932,168.76342400018984
imagenet,resnet50,ig,ILSVRC2012_val_00011253,363,0.005,1,7338576340922310673,valid,0.8025221956995471,0.6244739397863386,363,363,True,0.16493193805217743,0.3253946006298065,0.1604626625776291,0.003965461160987616,168.5966179998104
imagenet,resnet50,ig,ILSVRC2012_val_00011253,363,0.005,2,3200603612045899266,valid,0.7927362653260461,0.6140238018655516,363,363,True,0.16493193805217743,0.2861555218696594,0.121223583817482,0.003952908795326948,168.29907900000762
imagenet,resnet50,ig,ILSVRC2012_val_00011253,363,0.005,3,9145090093729942847,valid,0.8040435123555923,0.6278994322789944,363,363,True,0.16493193805217743,0.3217041492462158,0.1567722111940384,0.0039524477906525135,168.20626999970045
imagenet,resnet50,ig,ILSVRC2012_val_00011253,363,0.005,4,2178187931079052202,valid,0.8075705438651155,0.6382631407117205,363,363,True,0.16493193805217743,0.23570314049720764,0.07077120244503021,0.0039482819847762585,168.20545299970036
imagenet,resnet50,ig,ILSVRC2012_val_00003259,94,0.005,0,4429780876333051471,valid,0.48434931050906405,0.3010111485610578,94,94,True,0.2537778913974762,0.2632928490638733,0.009514957666397095,0.003993895836174488,168.6232709998876
imagenet,resnet50,ig,ILSVRC2012_val_00003259,94,0.005,1,6769608815490762161,valid,0.4713836864617166,0.30253082414016874,94,94,True,0.2537778913974762,0.24422843754291534,0.009549453854560852,0.003977128304541111,168.2011800003238
imagenet,resnet50,ig,ILSVRC2012_val_00003259,94,0.005,2,4833077611948378318,valid,0.47503326358526465,0.3072814901654292,94,94,True,0.2537778913974762,0.25632670521736145,0.002548813819885254,0.003983453847467899,168.18407499977184
imagenet,resnet50,ig,ILSVRC2012_val_00003259,94,0.005,3,4179979153158216119,valid,0.4749398915485483,0.3006739243131156,94,94,True,0.2537778913974762,0.24728839099407196,0.006489500403404236,0.003990536089986563,168.1352179998612
imagenet,resnet50,ig,ILSVRC2012_val_00003259,94,0.005,4,6565154810130259791,valid,0.46890369832343304,0.30405405405405406,94,94,True,0.2537778913974762,0.2599700093269348,0.006192117929458618,0.003990671131759882,168.1670060002034
imagenet,resnet50,ig,ILSVRC2012_val_00004482,750,0.005,0,8865422365549614856,valid,0.5636264247509917,0.3669299918278398,750,750,True,0.14325356483459473,0.16314522922039032,0.019891664385795593,0.003970022778958082,168.1602820003718
imagenet,resnet50,ig,ILSVRC2012_val_00004482,750,0.005,1,1059731291589273690,valid,0.5697900191878571,0.3648850809193526,750,750,True,0.14325356483459473,0.1575600504875183,0.014306485652923584,0.003988173790276051,168.07981500005553
imagenet,resnet50,ig,ILSVRC2012_val_00004482,750,0.005,2,6688019309583644909,valid,0.5646080314359329,0.3693546186382863,750,750,True,0.14325356483459473,0.16014206409454346,0.01688849925994873,0.003984617535024881,168.12902999981816
imagenet,resnet50,ig,ILSVRC2012_val_00004482,750,0.005,3,3874562316425712509,valid,0.5745350624480073,0.37310165549322755,750,750,True,0.14325356483459473,0.15863777697086334,0.015384212136268616,0.003982017282396555,168.1770840000354
imagenet,resnet50,ig,ILSVRC2012_val_00004482,750,0.005,4,7297647644263138051,valid,0.5774909931600815,0.3673024523160763,750,750,True,0.14325356483459473,0.15392619371414185,0.01067262887954712,0.003985417541116476,168.11324299987973
imagenet,resnet50,ig,ILSVRC2012_val_00008860,223,0.005,0,4910538784497448159,valid,0.6259749963189325,0.4585089376544107,208,208,True,0.030953627079725266,0.05019114166498184,0.019237514585256577,0.00399110559374094,168.1506370000534
imagenet,resnet50,ig,ILSVRC2012_val_00008860,223,0.005,1,2962209082535827029,valid,0.6320719857952015,0.4711228378774553,208,208,True,0.030953627079725266,0.04433662071824074,0.013382993638515472,0.003994074184447527,168.2823390001431
imagenet,resnet50,ig,ILSVRC2012_val_00008860,223,0.005,2,4915173341996997882,valid,0.6245037907819934,0.45533642691415316,208,208,True,0.030953627079725266,0.039645060896873474,0.008691433817148209,0.003989708609879017,168.08603199979189
imagenet,resnet50,ig,ILSVRC2012_val_00008860,223,0.005,3,5481128366000690820,valid,0.628357821517644,0.4706916764361079,208,208,True,0.030953627079725266,0.04936789721250534,0.018414270132780075,0.003988922107964754,168.13863500010484
imagenet,resnet50,ig,ILSVRC2012_val_00008860,223,0.005,4,6528802408170143378,valid,0.6331807694953296,0.47263389581804843,208,208,True,0.030953627079725266,0.03883622959256172,0.007882602512836456,0.00399424834176898,168.78178600018146
imagenet,resnet50,ig,ILSVRC2012_val_00014374,252,0.005,0,737479706250928168,valid,0.776418736518879,0.5480487428659572,252,226,False,0.11430753022432327,0.08465022593736649,0.029657304286956787,0.003983885515481234,168.11661399970035
imagenet,resnet50,ig,ILSVRC2012_val_00014374,252,0.005,1,6444986774818403125,valid,0.7774622703466225,0.5591113872922169,252,252,True,0.11430753022432327,0.12041894346475601,0.006111413240432739,0.003981397487223148,168.2811450000372
imagenet,resnet50,ig,ILSVRC2012_val_00014374,252,0.005,2,4059748774665811067,valid,0.7743874203489355,0.5608087091757388,252,226,False,0.11430753022432327,0.07990826666355133,0.03439926356077194,0.0039821709506213665,168.22866199981945
imagenet,resnet50,ig,ILSVRC2012_val_00014374,252,0.005,3,3670375015107843525,valid,0.7804059368921398,0.5574177529484792,252,226,False,0.11430753022432327,0.07596781849861145,0.03833971172571182,0.0039883507415652275,168.23148299999957
imagenet,resnet50,ig,ILSVRC2012_val_00014374,252,0.005,4,3823413000468415307,valid,0.7774245444297322,0.5569345330437481,252,226,False,0.11430753022432327,0.08756303042173386,0.026744499802589417,0.003992062993347645,168.65478199997597
imagenet,resnet50,ig,ILSVRC2012_val_00011915,13,0.005,0,6063869365544434696,valid,0.5552477836655881,0.3729138166894665,13,13,True,0.4449169337749481,0.4352337419986725,0.009683191776275635,0.003980695735663176,168.2541489999494
imagenet,resnet50,ig,ILSVRC2012_val_00011915,13,0.005,1,1939233157906620720,valid,0.5393466306330036,0.36562797659545515,13,13,True,0.4449169337749481,0.44292977452278137,0.001987159252166748,0.0039930399507284164,168.09103800005687
imagenet,resnet50,ig,ILSVRC2012_val_00011915,13,0.005,2,2362658896889484070,valid,0.5590024287068741,0.3693546186382863,13,13,True,0.4449169337749481,0.45038068294525146,0.005463749170303345,0.003975533414632082,168.17126000023563
imagenet,resnet50,ig,ILSVRC2012_val_00011915,13,0.005,3,986056008418880171,valid,0.5587706256924017,0.38027781598129556,13,13,True,0.4449169337749481,0.45072630047798157,0.005809366703033447,0.00399312237277627,168.72524900009012
imagenet,resnet50,ig,ILSVRC2012_val_00011915,13,0.005,4,2515950031567076910,valid,0.5513204134958892,0.3671161967034464,13,13,True,0.4449169337749481,0.4333648085594177,0.011552125215530396,0.003998739179223776,168.15609299965217
imagenet,resnet50,ig,ILSVRC2012_val_00019344,349,0.005,0,4088068935384823697,valid,0.9014010890673056,0.6972771858616608,349,349,True,0.28743651509284973,0.28852370381355286,0.001087188720703125,0.003982038702815771,168.1225170000289
imagenet,resnet50,ig,ILSVRC2012_val_00019344,349,0.005,1,8602332259342884988,valid,0.9023143714977198,0.7056424201223658,349,349,True,0.28743651509284973,0.2913583815097809,0.003921866416931152,0.003990971948951483,168.37626000005912
imagenet,resnet50,ig,ILSVRC2012_val_00019344,349,0.005,2,7596426159223342915,valid,0.8947659404117776,0.6878573831146989,349,349,True,0.28743651509284973,0.302324116230011,0.014887601137161255,0.003987160045653582,168.22054300018863
imagenet,resnet50,ig,ILSVRC2012_val_00019344,349,0.005,3,5842746269193422530,valid,0.8985004602382831,0.7015937605968124,349,349,True,0.28743651509284973,0.29040268063545227,0.002966165542602539,0.00400152150541544,168.85571600005278
imagenet,resnet50,ig,ILSVRC2012_val_00019344,349,0.005,4,4539572770689928226,valid,0.8959716164637012,0.6929824561403509,349,349,True,0.28743651509284973,0.2949918210506439,0.0075553059577941895,0.0039830757305026054,168.2130019999022
imagenet,resnet50,ig,ILSVRC2012_val_00015926,373,0.005,0,7824287406080257999,valid,0.7651451362806456,0.5774913549198365,370,370,True,0.028102466836571693,0.019415773451328278,0.008686693385243416,0.003984430804848671,168.0949920000785
imagenet,resnet50,ig,ILSVRC2012_val_00015926,373,0.005,1,7929028858864195142,valid,0.7586771974619345,0.5673902858035296,370,370,True,0.028102466836571693,0.018498992547392845,0.009603474289178848,0.003985324874520302,168.1777429998874
imagenet,resnet50,ig,ILSVRC2012_val_00015926,373,0.005,2,1672669132139356813,valid,0.7597345346389968,0.5705790297339594,370,370,True,0.028102466836571693,0.03256601467728615,0.004463547840714455,0.0039831725880503654,168.16794400028812
imagenet,resnet50,ig,ILSVRC2012_val_00015926,373,0.005,3,3777709456935710546,valid,0.7683890521770206,0.5814686416640403,370,370,True,0.028102466836571693,0.02191082574427128,0.006191641092300415,0.003980493638664484,168.23335300023246
imagenet,resnet50,ig,ILSVRC2012_val_00015926,373,0.005,4,8509120453478104409,valid,0.7598971432344344,0.5713167371222796,370,370,True,0.028102466836571693,0.025253640487790108,0.0028488263487815857,0.003997220192104578,168.33009099991614
imagenet,resnet50,ig,ILSVRC2012_val_00007971,220,0.005,0,6539809151522792949,valid,0.5552170008127959,0.5183055975794251,220,220,True,0.3888758420944214,0.3286617696285248,0.060214072465896606,0.0032053408212959766,168.21329300000798
imagenet,resnet50,ig,ILSVRC2012_val_00007971,220,0.005,1,2247456996425886328,valid,0.5524829119722604,0.5180759340493117,220,220,True,0.3888758420944214,0.3330889046192169,0.05578693747520447,0.003228061133995652,168.23128300029566
imagenet,resnet50,ig,ILSVRC2012_val_00007971,220,0.005,2,399923942390004657,valid,0.5522711046271336,0.5050989802039592,220,220,True,0.3888758420944214,0.32510921359062195,0.06376662850379944,0.0032157464884221554,168.83048599993344
imagenet,resnet50,ig,ILSVRC2012_val_00007971,220,0.005,3,5512153096464547389,valid,0.5549995680656915,0.5089460231544128,220,220,True,0.3888758420944214,0.32702526450157166,0.06185057759284973,0.0032157828100025654,168.26112899980217
imagenet,resnet50,ig,ILSVRC2012_val_00007971,220,0.005,4,6539105014280078224,valid,0.5588346438802916,0.5208364903773299,220,220,True,0.3888758420944214,0.3475117087364197,0.04136413335800171,0.003208809532225132,168.1857910002691
imagenet,resnet50,ig,ILSVRC2012_val_00015160,234,0.005,0,4314859105566112453,valid,0.5297633365785777,0.3413525795241914,234,234,True,0.2580903172492981,0.2228848934173584,0.0352054238319397,0.0038385451771318913,168.1317770003261
imagenet,resnet50,ig,ILSVRC2012_val_00015160,234,0.005,1,3954827248402496951,valid,0.549692726693188,0.35183189655172414,234,234,True,0.2580903172492981,0.23670287430286407,0.02138744294643402,0.0038396017625927925,168.23909799995818
imagenet,resnet50,ig,ILSVRC2012_val_00015160,234,0.005,2,9063806755192553816,valid,0.5410210138789787,0.3485622144584789,234,234,True,0.2580903172492981,0.2853708863258362,0.027280569076538086,0.003842610167339444,169.18023999960496
imagenet,resnet50,ig,ILSVRC2012_val_00015160,234,0.005,3,5113611462594320370,valid,0.5388001245149114,0.3492874428609841,234,234,True,0.2580903172492981,0.23601330816745758,0.022077009081840515,0.003832021029666066,168.2712580000043
imagenet,resnet50,ig,ILSVRC2012_val_00015160,234,0.005,4,2043122002561698985,valid,0.5315275670035071,0.3436872405944571,234,234,True,0.2580903172492981,0.26225653290748596,0.004166215658187866,0.003842771053314209,168.35222999998223
imagenet,resnet50,ig,ILSVRC2012_val_00013600,78,0.005,0,5321597228691344102,valid,0.7218977372782747,0.5123568414707655,78,78,True,0.4990914762020111,0.4921693503856659,0.006922125816345215,0.003825295949354768,168.18714100008947
imagenet,resnet50,ig,ILSVRC2012_val_00013600,78,0.005,1,7222167107109924805,valid,0.7177147759352069,0.5066806785767902,78,78,True,0.4990914762020111,0.49036601185798645,0.008725464344024658,0.0038245313335210085,168.94807900007436
imagenet,resnet50,ig,ILSVRC2012_val_00013600,78,0.005,2,7797770201540438027,valid,0.7126538315128174,0.49925306244397966,78,78,True,0.4990914762020111,0.48771214485168457,0.011379331350326538,0.0038342843763530254,168.24932500003342
imagenet,resnet50,ig,ILSVRC2012_val_00013600,78,0.005,3,1237048878609022038,valid,0.7210126265924203,0.5164702326987005,78,78,True,0.4990914762020111,0.49582192301750183,0.0032695531845092773,0.0038343165069818497,168.27644500017414
imagenet,resnet50,ig,ILSVRC2012_val_00013600,78,0.005,4,8413812753638948976,valid,0.7198529879774589,0.5105358217941,78,78,True,0.4990914762020111,0.4995824098587036,0.0004909336566925049,0.0038248568307608366,168.36854900020626
imagenet,resnet50,ig,ILSVRC2012_val_00000391,185,0.005,0,647337732867472776,valid,0.5507770897508796,0.30826381647549533,185,185,True,0.7950753569602966,0.8008343577384949,0.005759000778198242,0.0038497091736644506,168.22460399998818
imagenet,resnet50,ig,ILSVRC2012_val_00000391,185,0.005,1,5961835625946395936,valid,0.5561772718505824,0.32554146856840993,185,185,True,0.7950753569602966,0.7988098859786987,0.0037345290184020996,0.0038408106192946434,168.82265699996424
imagenet,resnet50,ig,ILSVRC2012_val_00000391,185,0.005,2,3042057777627889131,valid,0.5628574823920026,0.33951688242359535,185,185,True,0.7950753569602966,0.8093396425247192,0.014264285564422607,0.0038353954441845417,168.34447600012936
imagenet,resnet50,ig,ILSVRC2012_val_00000391,185,0.005,3,1252662408036727049,valid,0.5556192487416283,0.318880567599527,185,185,True,0.7950753569602966,0.8096657991409302,0.014590442180633545,0.0038429831620305777,168.30545699986033
imagenet,resnet50,ig,ILSVRC2012_val_00000391,185,0.005,4,3315184970820708848,valid,0.5560687604444444,0.3161552583267768,185,185,True,0.7950753569602966,0.7900466322898865,0.005028724670410156,0.0038221031427383423,168.2784179997725
imagenet,resnet50,ig,ILSVRC2012_val_00044836,119,0.005,0,8171849296649949647,valid,0.8623611399854746,0.590743382469488,119,119,True,0.3343844413757324,0.36334559321403503,0.028961151838302612,0.003988279029726982,168.8217830001122
imagenet,resnet50,ig,ILSVRC2012_val_00044836,119,0.005,1,4491656841088079867,valid,0.8612790393826436,0.5899873257287706,119,119,True,0.3343844413757324,0.3266802430152893,0.007704198360443115,0.00399305485188961,168.25511699971685
imagenet,resnet50,ig,ILSVRC2012_val_00044836,119,0.005,2,8171822219854576615,valid,0.855862736494984,0.5832150181416628,119,119,True,0.3343844413757324,0.3346274793148041,0.00024303793907165527,0.004000420682132244,168.23788800002148
imagenet,resnet50,ig,ILSVRC2012_val_00044836,119,0.005,3,736521806856464285,valid,0.8640688182572149,0.5844647931796653,119,119,True,0.3343844413757324,0.3524187505245209,0.018034309148788452,0.003989059012383223,168.25146500013943
imagenet,resnet50,ig,ILSVRC2012_val_00044836,119,0.005,4,119500292384334511,valid,0.869146466097842,0.5940279542566709,119,119,True,0.3343844413757324,0.3236972391605377,0.010687202215194702,0.003985577262938023,168.18379299957087
imagenet,resnet50,ig,ILSVRC2012_val_00008135,133,0.005,0,124406041591251555,valid,0.47456574311678945,0.2868316450827029,133,133,True,0.4384782910346985,0.4384223222732544,5.59687614440918e-05,0.003984365146607161,168.9470420001271
imagenet,resnet50,ig,ILSVRC2012_val_00008135,133,0.005,1,4046374424050757993,valid,0.4640755950798277,0.2792861695347355,133,133,True,0.4384782910346985,0.42747053503990173,0.011007755994796753,0.0039837975054979324,168.26788999969722
imagenet,resnet50,ig,ILSVRC2012_val_00008135,133,0.005,2,7070056596642100015,valid,0.4734645645203307,0.289974293059126,133,133,True,0.4384782910346985,0.43463489413261414,0.0038433969020843506,0.003985521383583546,168.2313989999784
imagenet,resnet50,ig,ILSVRC2012_val_00008135,133,0.005,3,7497482518350946051,valid,0.4719221179486424,0.2881529970478758,133,133,True,0.4384782910346985,0.42291712760925293,0.015561163425445557,0.003989551682025194,168.5330180002893
imagenet,resnet50,ig,ILSVRC2012_val_00008135,133,0.005,4,6191468841984863915,valid,0.4701587184865209,0.28304781385834826,133,133,True,0.4384782910346985,0.4365573227405548,0.0019209682941436768,0.00398357305675745,168.22742799968182
imagenet,resnet50,ig,ILSVRC2012_val_00010132,352,0.005,0,8093631686565907,valid,0.8190666389651986,0.5569345330437481,352,352,True,0.40841832756996155,0.40901508927345276,0.0005967617034912109,0.003983512055128813,168.2450980001704
imagenet,resnet50,ig,ILSVRC2012_val_00010132,352,0.005,1,5447796235564570251,valid,0.8181705779270086,0.5574177529484792,352,352,True,0.40841832756996155,0.39972442388534546,0.008693903684616089,0.003995194099843502,168.29755500020838
imagenet,resnet50,ig,ILSVRC2012_val_00010132,352,0.005,2,3431872577805668339,valid,0.8185241698085889,0.5574177529484792,352,352,True,0.40841832756996155,0.39988401532173157,0.00853431224822998,0.003983922768384218,168.47673899974325
imagenet,resnet50,ig,ILSVRC2012_val_00010132,352,0.005,3,3740817988212590263,valid,0.8135276999236778,0.5523588553750967,352,352,True,0.40841832756996155,0.3937007188796997,0.01471760869026184,0.003995242528617382,168.27958700014278
imagenet,resnet50,ig,ILSVRC2012_val_00010132,352,0.005,4,3039345329130879730,valid,0.8158846836727653,0.554282174384389,352,352,True,0.40841832756996155,0.4020117521286011,0.006406575441360474,0.003994313534349203,168.27906099979373
imagenet,resnet50,ig,ILSVRC2012_val_00007283,107,0.005,0,1109520789948083731,valid,0.40642770737679557,0.28288380416719927,107,107,True,0.3445269763469696,0.3182944059371948,0.02623257040977478,0.00361098931171,168.10666100036542
imagenet,resnet50,ig,ILSVRC2012_val_00007283,107,0.005,1,3998919051269725111,valid,0.4028549165502179,0.2799387833184543,107,107,True,0.3445269763469696,0.3107866942882538,0.03374028205871582,0.003637217450886965,168.27677399987806
imagenet,resnet50,ig,ILSVRC2012_val_00007283,107,0.005,2,2926071029045924349,valid,0.41216105214190224,0.28452579034941766,107,107,True,0.3445269763469696,0.33018195629119873,0.014345020055770874,0.0036275414749979973,168.2413649996306
imagenet,resnet50,ig,ILSVRC2012_val_00007283,107,0.005,3,8903505724737762358,valid,0.40538006519153713,0.27603305785123966,107,107,True,0.3445269763469696,0.3470780849456787,0.0025511085987091064,0.003647768869996071,168.25930699997116
imagenet,resnet50,ig,ILSVRC2012_val_00007283,107,0.005,4,7436574539817930625,valid,0.40465441455840095,0.2812460104685306,107,107,True,0.3445269763469696,0.30532264709472656,0.03920432925224304,0.00363202765583992,168.72121100004733
imagenet,resnet50,ig,ILSVRC2012_val_00007178,163,0.005,0,5036914402171006618,valid,0.8233033361967695,0.6371941272430669,163,163,True,0.3645790219306946,0.353270947933197,0.011308073997497559,0.003996239509433508,168.33524200001193
imagenet,resnet50,ig,ILSVRC2012_val_00007178,163,0.005,1,5651603839904135267,valid,0.8218995100678592,0.6321353065539113,163,163,True,0.3645790219306946,0.3601333200931549,0.004445701837539673,0.003998482599854469,168.33264899969436
imagenet,resnet50,ig,ILSVRC2012_val_00007178,163,0.005,2,5636376440453686668,valid,0.822824102242779,0.6326663413047015,163,163,True,0.3645790219306946,0.3600054383277893,0.0045735836029052734,0.003980488516390324,168.21195800002897
imagenet,resnet50,ig,ILSVRC2012_val_00007178,163,0.005,3,2784843849467413684,valid,0.8246079664183008,0.6286919831223629,163,163,True,0.3645790219306946,0.3514094054698944,0.013169616460800171,0.003998495638370514,168.23241100019004
imagenet,resnet50,ig,ILSVRC2012_val_00007178,163,0.005,4,1747746171851914237,valid,0.8189711973779676,0.6302794022092267,163,163,True,0.3645790219306946,0.37287020683288574,0.008291184902191162,0.003992151934653521,168.8347120002618
imagenet,resnet50,ig,ILSVRC2012_val_00020205,142,0.005,0,7131126195450677294,valid,0.45642101579978805,0.2799387833184543,142,142,True,0.5572763085365295,0.5773075222969055,0.020031213760375977,0.0039767855778336525,168.14509899995755
imagenet,resnet50,ig,ILSVRC2012_val_00020205,142,0.005,1,652394825474452762,valid,0.4507361448558031,0.282555910543131,142,142,True,0.5572763085365295,0.5648713707923889,0.007595062255859375,0.0040029133670032024,168.2308220001687
imagenet,resnet50,ig,ILSVRC2012_val_00020205,142,0.005,2,7298280662275534198,valid,0.44227513679352404,0.2805920632895241,142,142,True,0.5572763085365295,0.5727237462997437,0.015447437763214111,0.00398882245644927,168.20255200036627
imagenet,resnet50,ig,ILSVRC2012_val_00020205,142,0.005,3,321501024453794095,valid,0.4466392893575512,0.2822281844895873,142,142,True,0.5572763085365295,0.5673490762710571,0.010072767734527588,0.003990398719906807,168.24657200004367
imagenet,resnet50,ig,ILSVRC2012_val_00020205,142,0.005,4,28614012351015291,valid,0.4573704433137764,0.2865017305473657,142,142,True,0.5572763085365295,0.555094838142395,0.0021814703941345215,0.003990648314356804,168.32239599989407
imagenet,resnet50,ig,ILSVRC2012_val_00012313,947,0.005,0,4675788591855072525,valid,0.8982395455858829,0.6941255908170155,947,947,True,0.4901677966117859,0.4758988320827484,0.014268964529037476,0.0039863004349172115,168.22297399994568
imagenet,resnet50,ig,ILSVRC2012_val_00012313,947,0.005,1,2909585199619158307,valid,0.9027215604704366,0.6969901927629354,947,947,True,0.4901677966117859,0.48873400688171387,0.0014337897300720215,0.003993981052190065,168.28341599966734
imagenet,resnet50,ig,ILSVRC2012_val_00012313,947,0.005,2,4139429911282159242,valid,0.899505419167058,0.694983955412937,947,947,True,0.4901677966117859,0.48371416330337524,0.0064536333084106445,0.003995305858552456,168.15518599969437
imagenet,resnet50,ig,ILSVRC2012_val_00012313,947,0.005,3,5708874253003390479,valid,0.8992538880559355,0.6944116157352693,947,947,True,0.4901677966117859,0.4795381724834442,0.010629624128341675,0.0039989841170609,168.91655299968988
imagenet,resnet50,ig,ILSVRC2012_val_00012313,947,0.005,4,8672345341348820478,valid,0.9030592231970842,0.6967032967032967,947,947,True,0.4901677966117859,0.4805503487586975,0.009617447853088379,0.004013490863144398,168.37739900029192
imagenet,resnet50,ig,ILSVRC2012_val_00007854,915,0.005,0,2571262475368357897,valid,0.6776952619706323,0.5210669899969688,915,915,True,0.5876731872558594,0.5691776871681213,0.018495500087738037,0.003965318668633699,168.2140929997331
imagenet,resnet50,ig,ILSVRC2012_val_00007854,915,0.005,1,8030772877936490666,valid,0.6880721655284278,0.5416282642089094,915,915,True,0.5876731872558594,0.5832211375236511,0.004452049732208252,0.003964627161622047,168.22212300030515
imagenet,resnet50,ig,ILSVRC2012_val_00007854,915,0.005,2,3012889963315334282,valid,0.6780900734790539,0.5305780082354735,915,915,True,0.5876731872558594,0.5677499175071716,0.019923269748687744,0.003976478241384029,168.22111600004064
imagenet,resnet50,ig,ILSVRC2012_val_00007854,915,0.005,3,5790203417479694068,valid,0.6884907751521304,0.5266200182537268,915,915,True,0.5876731872558594,0.5730317831039429,0.014641404151916504,0.0039726002141833305,168.92413100003978
imagenet,resnet50,ig,ILSVRC2012_val_00007854,915,0.005,4,507954533513966600,valid,0.6797729869716217,0.5266200182537268,915,915,True,0.5876731872558594,0.5587904453277588,0.028882741928100586,0.0039726984687149525,168.28090800026985
imagenet,resnet50,ig,ILSVRC2012_val_00005867,184,0.005,0,1478452781381202281,valid,0.6664064201443843,0.5001494768310912,184,184,True,0.18989533185958862,0.19598519802093506,0.0060898661613464355,0.003993845544755459,168.21963499978665
imagenet,resnet50,ig,ILSVRC2012_val_00005867,184,0.005,1,6919772316408940515,valid,0.6739453446838651,0.49813404985818777,184,184,True,0.18989533185958862,0.18546901643276215,0.004426315426826477,0.004008093848824501,168.64484900042953
imagenet,resnet50,ig,ILSVRC2012_val_00005867,184,0.005,2,113864722672658960,valid,0.6751613556411128,0.5046476761619191,184,184,True,0.18989533185958862,0.18891969323158264,0.0009756386280059814,0.003974780440330505,168.98732899971947
imagenet,resnet50,ig,ILSVRC2012_val_00005867,184,0.005,3,303642654442618836,valid,0.665925321323912,0.49590102846922046,184,184,True,0.18989533185958862,0.18908537924289703,0.0008099526166915894,0.0040024504996836185,168.24964999977965
imagenet,resnet50,ig,ILSVRC2012_val_00005867,184,0.005,4,6989995999554948155,valid,0.6608849069317693,0.49835771872200657,184,184,True,0.18989533185958862,0.20673991739749908,0.01684458553791046,0.003996135666966438,168.22312999966016
imagenet,resnet50,ig,ILSVRC2012_val_00049131,517,0.005,0,6637237118935856467,valid,0.32994000032026866,0.21515922024458167,517,517,True,0.3744693696498871,0.3750908374786377,0.0006214678287506104,0.003993775229901075,168.21329100002913
imagenet,resnet50,ig,ILSVRC2012_val_00049131,517,0.005,1,3115094047129690856,valid,0.33336582422921596,0.22345483359746435,517,517,True,0.3744693696498871,0.3743991553783417,7.021427154541016e-05,0.003976914100348949,168.2284680000521
imagenet,resnet50,ig,ILSVRC2012_val_00049131,517,0.005,2,7572103622376011972,valid,0.32869263669500426,0.21796116504854368,517,517,True,0.3744693696498871,0.38826635479927063,0.013796985149383545,0.003986924886703491,168.8841529999081
imagenet,resnet50,ig,ILSVRC2012_val_00049131,517,0.005,3,1912088464343539702,valid,0.3386018953954628,0.22704487101112605,517,517,True,0.3744693696498871,0.36467522382736206,0.009794145822525024,0.003971879370510578,168.2948520001446
imagenet,resnet50,ig,ILSVRC2012_val_00049131,517,0.005,4,6407097657709303580,valid,0.32438451208695435,0.22345483359746435,517,517,True,0.3744693696498871,0.3938237726688385,0.019354403018951416,0.003988467622548342,168.27175800017358
imagenet,resnet50,ig,ILSVRC2012_val_00002794,238,0.005,0,148870856522877581,valid,0.7393453160137096,0.515325381247169,238,238,True,0.4430846571922302,0.43920454382896423,0.003880113363265991,0.003977419342845678,168.13201000013578
imagenet,resnet50,ig,ILSVRC2012_val_00002794,238,0.005,1,6739390888165317774,valid,0.7388165218599079,0.5078125,238,238,True,0.4430846571922302,0.4346001148223877,0.00848454236984253,0.003977640997618437,168.8212559997737
imagenet,resnet50,ig,ILSVRC2012_val_00002794,238,0.005,2,7637495171325878914,valid,0.7426111810694045,0.5093999097608662,238,238,True,0.4430846571922302,0.4447924792766571,0.0017078220844268799,0.003994992934167385,168.18997400014268
imagenet,resnet50,ig,ILSVRC2012_val_00002794,238,0.005,3,7865724333607158654,valid,0.7457317210844289,0.5148679245283019,238,238,True,0.4430846571922302,0.43740320205688477,0.005681455135345459,0.004000763408839703,168.18556399994122
imagenet,resnet50,ig,ILSVRC2012_val_00002794,238,0.005,4,4740369629748813919,valid,0.7472035680431007,0.5123568414707655,238,238,True,0.4430846571922302,0.4274367690086365,0.01564788818359375,0.003984694369137287,168.1526029997258
imagenet,resnet50,ig,ILSVRC2012_val_00020015,251,0.005,0,8340359128924814599,valid,0.847399807781882,0.6214862681744749,251,251,True,0.4752165377140045,0.47827327251434326,0.003056734800338745,0.003980744164437056,168.13205399967046
imagenet,resnet50,ig,ILSVRC2012_val_00020015,251,0.005,1,1595013008358206898,valid,0.8487176492326095,0.6208010335917312,251,251,True,0.4752165377140045,0.4918580651283264,0.0166415274143219,0.003994239494204521,168.78028000019185
imagenet,resnet50,ig,ILSVRC2012_val_00020015,251,0.005,2,2069839571660079760,valid,0.8438581600367797,0.6189708017422165,251,251,True,0.4752165377140045,0.47499778866767883,0.0002187490463256836,0.0039911470375955105,168.16947200004506
imagenet,resnet50,ig,ILSVRC2012_val_00020015,251,0.005,3,5052706854778113595,valid,0.8491895744671691,0.6387981711299804,251,251,True,0.4752165377140045,0.4764033257961273,0.0011867880821228027,0.0039784274995327,168.23688500016942
imagenet,resnet50,ig,ILSVRC2012_val_00020015,251,0.005,4,8625788075028622241,valid,0.8439948125784871,0.6119498875682621,251,251,True,0.4752165377140045,0.4780154526233673,0.002798914909362793,0.00398634746670723,168.32345300008456
imagenet,resnet50,ig,ILSVRC2012_val_00006457,93,0.005,0,2221295253808256805,valid,0.6455996721273642,0.422537207654146,93,93,True,0.5113493800163269,0.5239112377166748,0.0125618577003479,0.003986041992902756,168.81598000009035
imagenet,resnet50,ig,ILSVRC2012_val_00006457,93,0.005,1,8890389390177847519,valid,0.6311087549614809,0.41571448723374244,93,93,True,0.5113493800163269,0.5365838408470154,0.025234460830688477,0.003985479008406401,168.26564599978155
imagenet,resnet50,ig,ILSVRC2012_val_00006457,93,0.005,2,3206214600123905409,valid,0.6332609799433543,0.41471666196786017,93,93,True,0.5113493800163269,0.5348750352859497,0.023525655269622803,0.003971096593886614,168.25623799968525
imagenet,resnet50,ig,ILSVRC2012_val_00006457,93,0.005,3,8212339849749385813,valid,0.6520361230789182,0.43412403543869676,93,93,True,0.5113493800163269,0.5336510539054871,0.022301673889160156,0.0039672995917499065,168.26739899988752
imagenet,resnet50,ig,ILSVRC2012_val_00006457,93,0.005,4,173775657669384710,valid,0.6450372004017996,0.4286120996441281,93,93,True,0.5113493800163269,0.5383951663970947,0.027045786380767822,0.003966455347836018,168.25109399997018
imagenet,resnet50,ig,ILSVRC2012_val_00005363,144,0.005,0,1754875719892229240,valid,0.5922505176424648,0.4171138096582886,144,144,True,0.48690733313560486,0.4903830885887146,0.003475755453109741,0.003975404426455498,168.73588199996448
imagenet,resnet50,ig,ILSVRC2012_val_00005363,144,0.005,1,2878232700999841913,valid,0.6064886432270727,0.42173112338858193,144,144,True,0.48690733313560486,0.4705028831958771,0.016404449939727783,0.003962884657084942,168.17819400012013
imagenet,resnet50,ig,ILSVRC2012_val_00005363,144,0.005,2,1260754754486525076,valid,0.6100068632719015,0.4229405926556075,144,144,True,0.48690733313560486,0.4976232349872589,0.010715901851654053,0.003970468416810036,168.1308940001145
imagenet,resnet50,ig,ILSVRC2012_val_00005363,144,0.005,3,6259120057903181662,valid,0.6104649763466014,0.42901893777587924,144,144,True,0.48690733313560486,0.4784492254257202,0.008458107709884644,0.00397830456495285,168.23690999990504
imagenet,resnet50,ig,ILSVRC2012_val_00005363,144,0.005,4,8925985218083513280,valid,0.6031061106348825,0.42032267195018397,144,144,True,0.48690733313560486,0.4863872528076172,0.0005200803279876709,0.003976380918174982,168.2386019997466
imagenet,resnet50,ig,ILSVRC2012_val_00029916,329,0.005,0,1631732034194118179,valid,0.8536454275259349,0.6047329708986249,329,329,True,0.4066709280014038,0.40814337134361267,0.0014724433422088623,0.003962802700698376,168.12783900013528
imagenet,resnet50,ig,ILSVRC2012_val_00029916,329,0.005,1,1000182872837178480,valid,0.8561132000237656,0.610397946084724,329,329,True,0.4066709280014038,0.3940448462963104,0.012626081705093384,0.003976085688918829,168.289860999721
imagenet,resnet50,ig,ILSVRC2012_val_00029916,329,0.005,2,8502272319537721053,valid,0.8512307566284948,0.5937748134032079,329,329,True,0.4066709280014038,0.3543214797973633,0.05234944820404053,0.003966137766838074,168.2829890000903
imagenet,resnet50,ig,ILSVRC2012_val_00029916,329,0.005,3,8934866934722391387,valid,0.8580515714383466,0.6065311349447735,329,329,True,0.4066709280014038,0.3850054442882538,0.021665483713150024,0.003969491925090551,168.2515699999385
imagenet,resnet50,ig,ILSVRC2012_val_00029916,329,0.005,4,1097476379069413043,valid,0.8499159582279608,0.597834739691132,329,329,True,0.4066709280014038,0.4369107186794281,0.030239790678024292,0.003969996701925993,168.56914899972253
imagenet,resnet50,ig,ILSVRC2012_val_00030940,131,0.005,0,60530402044448653,valid,0.5759354839206509,0.36155202821869487,131,131,True,0.518921434879303,0.5206438302993774,0.0017223954200744629,0.003990711644291878,168.28860499981602
imagenet,resnet50,ig,ILSVRC2012_val_00030940,131,0.005,1,19878695407192039,valid,0.5866356709945247,0.3729138166894665,131,131,True,0.518921434879303,0.5125120878219604,0.006409347057342529,0.004009614232927561,168.27365500012093
imagenet,resnet50,ig,ILSVRC2012_val_00030940,131,0.005,2,8737692386568679854,valid,0.590765602089057,0.39079822616407983,131,131,True,0.518921434879303,0.5149734020233154,0.003948032855987549,0.0039914255030453205,168.3089260000088
imagenet,resnet50,ig,ILSVRC2012_val_00030940,131,0.005,3,8009428695022092313,valid,0.6021665620402066,0.3791397553937062,131,131,True,0.518921434879303,0.5126914381980896,0.006229996681213379,0.003991871606558561,168.39890899973398
imagenet,resnet50,ig,ILSVRC2012_val_00030940,131,0.005,4,7370962698984032743,valid,0.5765583490505259,0.3682344921608725,131,131,True,0.518921434879303,0.5094574689865112,0.009463965892791748,0.003995124250650406,168.37306099978377
imagenet,resnet50,ig,ILSVRC2012_val_00007404,148,0.005,0,1353541289590749312,valid,0.5825691154533321,0.3611826936118269,148,148,True,0.4881710410118103,0.521894097328186,0.03372305631637573,0.003987115807831287,168.19636599984733
imagenet,resnet50,ig,ILSVRC2012_val_00007404,148,0.005,1,2510503587054256324,valid,0.5703781200360639,0.36155202821869487,148,148,True,0.4881710410118103,0.49733445048332214,0.00916340947151184,0.0039845844730734825,168.52944199990816
imagenet,resnet50,ig,ILSVRC2012_val_00007404,148,0.005,2,9124177376530382382,valid,0.5722602863913226,0.3729138166894665,148,148,True,0.4881710410118103,0.4965777099132538,0.008406668901443481,0.0039934031665325165,168.2813120000901
imagenet,resnet50,ig,ILSVRC2012_val_00007404,148,0.005,3,3118787724896590892,valid,0.5714718123792941,0.3606290672451193,148,148,True,0.4881710410118103,0.4950498044490814,0.006878763437271118,0.003979959059506655,168.36267899998347
imagenet,resnet50,ig,ILSVRC2012_val_00007404,148,0.005,4,4807272196805696475,valid,0.5671555688849816,0.3520140105078809,148,148,True,0.4881710410118103,0.5131007432937622,0.024929702281951904,0.004008340183645487,168.9022229998045
imagenet,resnet50,ig,ILSVRC2012_val_00013911,270,0.005,0,3406414677581813078,valid,0.41804763118985727,0.24500682297481702,270,270,True,0.4458696246147156,0.4533385932445526,0.007468968629837036,0.003994980361312628,168.24443499990593
imagenet,resnet50,ig,ILSVRC2012_val_00013911,270,0.005,1,8469970780324637199,valid,0.42341745316197194,0.2335299901671583,270,270,True,0.4458696246147156,0.4375559389591217,0.008313685655593872,0.003980111330747604,168.29788199993345
imagenet,resnet50,ig,ILSVRC2012_val_00013911,270,0.005,2,356705290482279711,valid,0.4050679370171896,0.23763719324207672,270,270,True,0.4458696246147156,0.43965449929237366,0.006215125322341919,0.0039853984490036964,168.36385899978268
imagenet,resnet50,ig,ILSVRC2012_val_00013911,270,0.005,3,4983809588645922553,valid,0.4156004668688388,0.24624363591208245,270,270,True,0.4458696246147156,0.4409160315990448,0.004953593015670776,0.003986387979239225,168.3985390000089
imagenet,resnet50,ig,ILSVRC2012_val_00013911,270,0.005,4,6966899606979763822,valid,0.41679149494831774,0.24100408062322246,270,270,True,0.4458696246147156,0.45861878991127014,0.012749165296554565,0.0039940099231898785,168.8800749998336
imagenet,resnet50,ig,ILSVRC2012_val_00008938,277,0.005,0,5731833880243919775,valid,0.5810876463952456,0.3793293018141836,277,277,True,0.4631677567958832,0.4703817367553711,0.007213979959487915,0.0039861625991761684,168.2589599995481
imagenet,resnet50,ig,ILSVRC2012_val_00008938,277,0.005,1,890327722127383384,valid,0.5866851437178302,0.3875293792340661,277,277,True,0.4631677567958832,0.47666484117507935,0.013497084379196167,0.003972017206251621,168.3422910000445
imagenet,resnet50,ig,ILSVRC2012_val_00008938,277,0.005,2,14386847555252678,valid,0.5770644032773622,0.38046767537826687,277,277,True,0.4631677567958832,0.465346097946167,0.0021783411502838135,0.004004630260169506,168.23806599995805
imagenet,resnet50,ig,ILSVRC2012_val_00008938,277,0.005,3,3200166405680587137,valid,0.5728164988703514,0.38332184700206756,277,277,True,0.4631677567958832,0.4990443289279938,0.035876572132110596,0.003983424045145512,168.86920000024475
imagenet,resnet50,ig,ILSVRC2012_val_00008938,277,0.005,4,4160051725462518160,valid,0.5686949615950778,0.3716003826704934,277,277,True,0.4631677567958832,0.4784063696861267,0.01523861289024353,0.003992393612861633,168.28283499989993
imagenet,resnet50,gradcam,ILSVRC2012_val_00012132,17,0.005,0,1240890485581281775,valid,0.9515236848376775,0.9861468434593311,17,17,True,0.4837387204170227,0.4989722669124603,0.015233546495437622,0.003996922168880701,7.812251000359538
imagenet,resnet50,gradcam,ILSVRC2012_val_00012132,17,0.005,1,7809966714089166156,valid,0.9356975974920231,0.9857538583300356,17,17,True,0.4837387204170227,0.49707165360450745,0.013332933187484741,0.003996476996690035,8.04673799984812
imagenet,resnet50,gradcam,ILSVRC2012_val_00012132,17,0.005,2,594568608699110832,valid,0.9780434440188651,0.9865399841646872,17,17,True,0.4837387204170227,0.4989284574985504,0.01518973708152771,0.003997646272182465,7.914363000054436
imagenet,resnet50,gradcam,ILSVRC2012_val_00012132,17,0.005,3,8272835477805138346,valid,0.9477185055631453,0.9865399841646872,17,17,True,0.4837387204170227,0.5002418160438538,0.016503095626831055,0.003987786825746298,7.932649999929708
imagenet,resnet50,gradcam,ILSVRC2012_val_00012132,17,0.005,4,5588988483984321074,valid,0.9696447827305181,0.9806591671600553,17,17,True,0.4837387204170227,0.4945378303527832,0.010799109935760498,0.003985461313277483,7.983454000168422
imagenet,resnet50,gradcam,ILSVRC2012_val_00000140,558,0.005,0,2495375757937344332,valid,0.9892319827123006,0.9404485692188709,251,251,True,0.017541905865073204,0.015943197533488274,0.0015987083315849304,0.003977824002504349,7.828592999885586
imagenet,resnet50,gradcam,ILSVRC2012_val_00000140,558,0.005,1,8258382046345720994,valid,0.9894417192048137,0.9411992263056093,251,251,True,0.017541905865073204,0.020443212240934372,0.002901306375861168,0.0039786482229828835,7.947541000248748
imagenet,resnet50,gradcam,ILSVRC2012_val_00000140,558,0.005,2,1986566169149637064,valid,0.9858223797465385,0.9333461760739742,251,251,True,0.017541905865073204,0.019613366574048996,0.002071460708975792,0.003982102498412132,7.939718000216089
imagenet,resnet50,gradcam,ILSVRC2012_val_00000140,558,0.005,3,781331182807300414,valid,0.984073930606985,0.9083475945997338,251,251,True,0.017541905865073204,0.015370741486549377,0.0021711643785238266,0.003985240124166012,7.9447780003647495
imagenet,resnet50,gradcam,ILSVRC2012_val_00000140,558,0.005,4,821512256087617785,valid,0.9874315146923157,0.9510108864696734,251,251,True,0.017541905865073204,0.020079033449292183,0.002537127584218979,0.003987926058471203,7.943263000015577
imagenet,resnet50,gradcam,ILSVRC2012_val_00031295,237,0.005,0,7260055080022824154,valid,0.9975838293449898,0.9775369458128079,237,237,True,0.5567220449447632,0.5786418914794922,0.021919846534729004,0.003991680685430765,7.873001000007207
imagenet,resnet50,gradcam,ILSVRC2012_val_00031295,237,0.005,1,6830589745658477501,valid,0.9965351374247992,0.9018381656244078,237,237,True,0.5567220449447632,0.5540719032287598,0.002650141716003418,0.003990218974649906,7.91686499997013
imagenet,resnet50,gradcam,ILSVRC2012_val_00031295,237,0.005,2,5572588514906466611,valid,0.9957647322895669,0.9281460134486071,237,237,True,0.5567220449447632,0.5646693706512451,0.007947325706481934,0.003981485962867737,7.898650000242924
imagenet,resnet50,gradcam,ILSVRC2012_val_00031295,237,0.005,3,7784788833784456437,valid,0.9967803986528038,0.9559540050672384,237,237,True,0.5567220449447632,0.5849984288215637,0.028276383876800537,0.003984395414590836,7.943409999825235
imagenet,resnet50,gradcam,ILSVRC2012_val_00031295,237,0.005,4,205616704339721179,valid,0.9971543904815647,0.9322294955718137,237,237,True,0.5567220449447632,0.5623034238815308,0.005581378936767578,0.003989964723587036,7.924229000309424
imagenet,resnet50,gradcam,ILSVRC2012_val_00004300,330,0.005,0,2062959023804323395,valid,0.9907001923498363,0.9170964660936007,331,331,True,0.06397595256567001,0.06199171394109726,0.001984238624572754,0.003975726664066315,7.8392549999080074
imagenet,resnet50,gradcam,ILSVRC2012_val_00004300,330,0.005,1,1730914782129674652,valid,0.9516410624206667,0.9498737128424325,331,331,True,0.06397595256567001,0.06348467618227005,0.0004912763833999634,0.003996573854237795,7.997150999926816
imagenet,resnet50,gradcam,ILSVRC2012_val_00004300,330,0.005,2,2230829393384523700,valid,0.9702270755388639,0.9620723362658846,331,331,True,0.06397595256567001,0.07256956398487091,0.008593611419200897,0.003984126728028059,7.995397999820852
imagenet,resnet50,gradcam,ILSVRC2012_val_00004300,330,0.005,3,2370168859087342904,valid,0.999046433468801,0.967843137254902,331,331,True,0.06397595256567001,0.0605725459754467,0.0034034065902233124,0.00397538160905242,7.927520000066579
imagenet,resnet50,gradcam,ILSVRC2012_val_00004300,330,0.005,4,9172714801131829905,valid,0.9812990478322028,0.9744245524296675,331,331,True,0.06397595256567001,0.06776837259531021,0.0037924200296401978,0.003993544261902571,7.933971000056772
imagenet,resnet50,gradcam,ILSVRC2012_val_00007011,140,0.005,0,8693357588706766936,valid,0.9929908432085568,0.9605391678062122,140,140,True,0.517528235912323,0.5146087408065796,0.002919495105743408,0.003985125571489334,7.836049000161438
imagenet,resnet50,gradcam,ILSVRC2012_val_00007011,140,0.005,1,7795033858281793546,valid,0.9964716716786157,0.983399209486166,140,140,True,0.517528235912323,0.5232577323913574,0.005729496479034424,0.003996301908046007,7.917596999959642
imagenet,resnet50,gradcam,ILSVRC2012_val_00007011,140,0.005,2,2820880621722301505,valid,0.9965397564712963,0.9713219406796307,140,140,True,0.517528235912323,0.5140902996063232,0.003437936305999756,0.003980946261435747,7.93907399975069
imagenet,resnet50,gradcam,ILSVRC2012_val_00007011,140,0.005,3,9156189342167126515,valid,0.9940125949502302,0.9674573613017056,140,140,True,0.517528235912323,0.5269490480422974,0.009420812129974365,0.0039957608096301556,7.973458999913419
imagenet,resnet50,gradcam,ILSVRC2012_val_00007011,140,0.005,4,2817173590254193893,valid,0.9931327322551949,0.983399209486166,140,140,True,0.517528235912323,0.504939615726471,0.01258862018585205,0.003985989838838577,7.979056999829481
imagenet,resnet50,gradcam,ILSVRC2012_val_00008228,381,0.005,0,4154338444683056573,valid,0.9960551258003124,0.9620723362658846,381,381,True,0.2238118052482605,0.23079977929592133,0.006987974047660828,0.003944521304219961,7.776400999773614
imagenet,resnet50,gradcam,ILSVRC2012_val_00008228,381,0.005,1,8968172922966999441,valid,0.9806199620712001,0.9908748264233287,381,381,True,0.2238118052482605,0.24865181744098663,0.024840012192726135,0.0039505683816969395,7.9131450002023485
imagenet,resnet50,gradcam,ILSVRC2012_val_00008228,381,0.005,2,4537400942497270551,valid,0.996377065633905,0.950252623396813,381,381,True,0.2238118052482605,0.2811618149280548,0.05735000967979431,0.003956777509301901,7.9215420000764425
imagenet,resnet50,gradcam,ILSVRC2012_val_00008228,381,0.005,3,650350537098486573,valid,0.9980966135433165,0.9609222352481438,381,381,True,0.2238118052482605,0.2521137595176697,0.02830195426940918,0.003946382086724043,7.932877000257577
imagenet,resnet50,gradcam,ILSVRC2012_val_00008228,381,0.005,4,4634637524913072090,valid,0.9977803289113409,0.9582439024390244,381,381,True,0.2238118052482605,0.22482715547084808,0.0010153502225875854,0.003938153851777315,7.917017000181659
imagenet,resnet50,gradcam,ILSVRC2012_val_00016006,732,0.005,0,2689331499638741690,valid,0.9746270124923102,0.9616888193901486,732,732,True,0.34440913796424866,0.3685837686061859,0.024174630641937256,0.003991495352238417,7.822321000276133
imagenet,resnet50,gradcam,ILSVRC2012_val_00016006,732,0.005,1,8580294959909415158,valid,0.9879107486264183,0.9494949494949495,732,732,True,0.34440913796424866,0.3224911689758301,0.02191796898841858,0.003996087703853846,7.922378999865032
imagenet,resnet50,gradcam,ILSVRC2012_val_00016006,732,0.005,2,9114965582325127640,valid,0.985003248475769,0.9713219406796307,732,732,True,0.34440913796424866,0.3507012724876404,0.006292134523391724,0.003978316206485033,7.914047000213031
imagenet,resnet50,gradcam,ILSVRC2012_val_00016006,732,0.005,3,6003814197834614244,valid,0.9762658083663217,0.9404485692188709,732,732,True,0.34440913796424866,0.32221880555152893,0.022190332412719727,0.004002221394330263,7.931091000045853
imagenet,resnet50,gradcam,ILSVRC2012_val_00016006,732,0.005,4,2271394598789847604,valid,0.9644312737789336,0.975201731942531,732,732,True,0.34440913796424866,0.3648262023925781,0.020417064428329468,0.003988306038081646,7.9153299998324655
imagenet,resnet50,gradcam,ILSVRC2012_val_00023543,254,0.005,0,270999366333867741,valid,0.9962632809694613,0.9736479842674532,254,254,True,0.3786291778087616,0.3748323917388916,0.003796786069869995,0.003958440851420164,7.8629869999531365
imagenet,resnet50,gradcam,ILSVRC2012_val_00023543,254,0.005,1,6483725595163808915,valid,0.9940768353376607,0.9720966791118097,254,254,True,0.3786291778087616,0.36105507612228394,0.01757410168647766,0.003962662070989609,8.377013999961491
imagenet,resnet50,gradcam,ILSVRC2012_val_00023543,254,0.005,2,4939728852732550403,valid,0.9969250048964927,0.9841834717279557,254,254,True,0.3786291778087616,0.37345781922340393,0.005171358585357666,0.003957195673137903,7.935415000247303
imagenet,resnet50,gradcam,ILSVRC2012_val_00023543,254,0.005,3,4468478742456119862,valid,0.9910437442276896,0.9682290645224554,254,254,True,0.3786291778087616,0.38940244913101196,0.010773271322250366,0.003962239250540733,7.930911000130436
imagenet,resnet50,gradcam,ILSVRC2012_val_00023543,254,0.005,4,2390165699526937601,valid,0.9970164388210915,0.9655307481394438,254,254,True,0.3786291778087616,0.37485966086387634,0.003769516944885254,0.003957102075219154,7.931467999696906
imagenet,resnet50,gradcam,ILSVRC2012_val_00023347,89,0.005,0,7881334844864196200,valid,0.9983890114874909,0.9728720267348142,89,89,True,0.4085824489593506,0.4093683660030365,0.0007859170436859131,0.00399034982547164,7.791085999997449
imagenet,resnet50,gradcam,ILSVRC2012_val_00023347,89,0.005,1,8223420927206424359,valid,0.9954573158420529,0.9690013733568766,89,89,True,0.4085824489593506,0.39834722876548767,0.010235220193862915,0.003996758721768856,8.010471000034158
imagenet,resnet50,gradcam,ILSVRC2012_val_00023347,89,0.005,2,2108301894708548545,valid,0.9974307185580973,0.9822239778787281,89,89,True,0.4085824489593506,0.39503926038742065,0.013543188571929932,0.0039965626783668995,7.931695000024774
imagenet,resnet50,gradcam,ILSVRC2012_val_00023347,89,0.005,3,2944429311875253943,valid,0.9983111316028126,0.9790968250838099,89,89,True,0.4085824489593506,0.4117376208305359,0.0031551718711853027,0.003986770287156105,8.008367000002181
imagenet,resnet50,gradcam,ILSVRC2012_val_00023347,89,0.005,4,7481385728545187894,valid,0.9963809840264857,0.9814412635735439,89,89,True,0.4085824489593506,0.3995995819568634,0.008982867002487183,0.003985045477747917,7.950536999942415
imagenet,resnet50,gradcam,ILSVRC2012_val_00011253,363,0.005,0,7969622713620301542,valid,0.987300473126122,0.8942997357493394,363,363,True,0.16493193805217743,0.26734718680381775,0.10241524875164032,0.003959124442189932,7.803417000104673
imagenet,resnet50,gradcam,ILSVRC2012_val_00011253,363,0.005,1,7338576340922310673,valid,0.9900772558000753,0.8829268292682927,363,363,True,0.16493193805217743,0.3253946006298065,0.1604626625776291,0.003965461160987616,7.9067289998420165
imagenet,resnet50,gradcam,ILSVRC2012_val_00011253,363,0.005,2,3200603612045899266,valid,0.9845500491259398,0.8623121172759325,363,363,True,0.16493193805217743,0.2861555218696594,0.121223583817482,0.003952908795326948,8.001613000033103
imagenet,resnet50,gradcam,ILSVRC2012_val_00011253,363,0.005,3,9145090093729942847,valid,0.9850040818274559,0.9018381656244078,363,363,True,0.16493193805217743,0.3217041492462158,0.1567722111940384,0.0039524477906525135,7.937941999898612
imagenet,resnet50,gradcam,ILSVRC2012_val_00011253,363,0.005,4,2178187931079052202,valid,0.9894113030075107,0.9322294955718137,363,363,True,0.16493193805217743,0.23570314049720764,0.07077120244503021,0.0039482819847762585,7.945640999878378
imagenet,resnet50,gradcam,ILSVRC2012_val_00003259,94,0.005,0,4429780876333051471,valid,0.9923817932940335,0.9690013733568766,94,94,True,0.2537778913974762,0.2632928490638733,0.009514957666397095,0.003993895836174488,7.808153000041784
imagenet,resnet50,gradcam,ILSVRC2012_val_00003259,94,0.005,1,6769608815490762161,valid,0.9933253339912619,0.9674573613017056,94,94,True,0.2537778913974762,0.24422843754291534,0.009549453854560852,0.003977128304541111,7.970902999659302
imagenet,resnet50,gradcam,ILSVRC2012_val_00003259,94,0.005,2,4833077611948378318,valid,0.9960201731470935,0.9802683504340963,94,94,True,0.2537778913974762,0.25632670521736145,0.002548813819885254,0.003983453847467899,7.932921000247006
imagenet,resnet50,gradcam,ILSVRC2012_val_00003259,94,0.005,3,4179979153158216119,valid,0.9938719058716924,0.9609222352481438,94,94,True,0.2537778913974762,0.24728839099407196,0.006489500403404236,0.003990536089986563,7.929212000362895
imagenet,resnet50,gradcam,ILSVRC2012_val_00003259,94,0.005,4,6565154810130259791,valid,0.9847524499893817,0.9767579279101832,94,94,True,0.2537778913974762,0.2599700093269348,0.006192117929458618,0.003990671131759882,7.946624999931373
imagenet,resnet50,gradcam,ILSVRC2012_val_00004482,750,0.005,0,8865422365549614856,valid,0.9896776588731626,0.905449022213784,750,750,True,0.14325356483459473,0.16314522922039032,0.019891664385795593,0.003970022778958082,7.839784000225336
imagenet,resnet50,gradcam,ILSVRC2012_val_00004482,750,0.005,1,1059731291589273690,valid,0.9913594527729049,0.9322294955718137,750,750,True,0.14325356483459473,0.1575600504875183,0.014306485652923584,0.003988173790276051,7.969368999965809
imagenet,resnet50,gradcam,ILSVRC2012_val_00004482,750,0.005,2,6688019309583644909,valid,0.9904836071555784,0.8654275092936803,750,750,True,0.14325356483459473,0.16014206409454346,0.01688849925994873,0.003984617535024881,7.922981999854528
imagenet,resnet50,gradcam,ILSVRC2012_val_00004482,750,0.005,3,3874562316425712509,valid,0.9903620116290073,0.8918001885014137,750,750,True,0.14325356483459473,0.15863777697086334,0.015384212136268616,0.003982017282396555,7.90355900016948
imagenet,resnet50,gradcam,ILSVRC2012_val_00004482,750,0.005,4,7297647644263138051,valid,0.9929054102664125,0.9322294955718137,750,750,True,0.14325356483459473,0.15392619371414185,0.01067262887954712,0.003985417541116476,7.91566599991711
imagenet,resnet50,gradcam,ILSVRC2012_val_00008860,223,0.005,0,4910538784497448159,valid,0.9771672129534071,0.8857572341225103,208,208,True,0.030953627079725266,0.05019114166498184,0.019237514585256577,0.00399110559374094,7.876974999817321
imagenet,resnet50,gradcam,ILSVRC2012_val_00008860,223,0.005,1,2962209082535827029,valid,0.9858250503868253,0.9222371193257997,208,208,True,0.030953627079725266,0.04433662071824074,0.013382993638515472,0.003994074184447527,7.935798000289651
imagenet,resnet50,gradcam,ILSVRC2012_val_00008860,223,0.005,2,4915173341996997882,valid,0.9835207988084462,0.9162852784134249,208,208,True,0.030953627079725266,0.039645060896873474,0.008691433817148209,0.003989708609879017,7.933663000130764
imagenet,resnet50,gradcam,ILSVRC2012_val_00008860,223,0.005,3,5481128366000690820,valid,0.985080071090796,0.8896629636603276,208,208,True,0.030953627079725266,0.04936789721250534,0.018414270132780075,0.003988922107964754,7.920464000108041
imagenet,resnet50,gradcam,ILSVRC2012_val_00008860,223,0.005,4,6528802408170143378,valid,0.9752026255347107,0.9574800078018334,208,208,True,0.030953627079725266,0.03883622959256172,0.007882602512836456,0.00399424834176898,7.932302000426716
imagenet,resnet50,gradcam,ILSVRC2012_val_00014374,252,0.005,0,737479706250928168,valid,0.9842979615834079,0.9705478107205969,252,226,False,0.11430753022432327,0.08465022593736649,0.029657304286956787,0.003983885515481234,7.8375660000347125
imagenet,resnet50,gradcam,ILSVRC2012_val_00014374,252,0.005,1,6444986774818403125,valid,0.9925282981674546,0.9647611589663273,252,252,True,0.11430753022432327,0.12041894346475601,0.006111413240432739,0.003981397487223148,7.9578619997846545
imagenet,resnet50,gradcam,ILSVRC2012_val_00014374,252,0.005,2,4059748774665811067,valid,0.9951968563573003,0.9663009404388715,252,226,False,0.11430753022432327,0.07990826666355133,0.03439926356077194,0.0039821709506213665,7.912895999652392
imagenet,resnet50,gradcam,ILSVRC2012_val_00014374,252,0.005,3,3670375015107843525,valid,0.9903430780998143,0.9593908629441624,252,226,False,0.11430753022432327,0.07596781849861145,0.03833971172571182,0.0039883507415652275,7.912558999578323
imagenet,resnet50,gradcam,ILSVRC2012_val_00014374,252,0.005,4,3823413000468415307,valid,0.9885271133674576,0.9837912630954734,252,226,False,0.11430753022432327,0.08756303042173386,0.026744499802589417,0.003992062993347645,7.929538000098546
imagenet,resnet50,gradcam,ILSVRC2012_val_00011915,13,0.005,0,6063869365544434696,valid,0.9925148945713397,0.9830073108081406,13,13,True,0.4449169337749481,0.4352337419986725,0.009683191776275635,0.003980695735663176,7.7946470000824775
imagenet,resnet50,gradcam,ILSVRC2012_val_00011915,13,0.005,1,1939233157906620720,valid,0.9945883223490577,0.9609222352481438,13,13,True,0.4449169337749481,0.44292977452278137,0.001987159252166748,0.0039930399507284164,7.928573999834043
imagenet,resnet50,gradcam,ILSVRC2012_val_00011915,13,0.005,2,2362658896889484070,valid,0.9965015580489177,0.9818325434439179,13,13,True,0.4449169337749481,0.45038068294525146,0.005463749170303345,0.003975533414632082,7.984227999713767
imagenet,resnet50,gradcam,ILSVRC2012_val_00011915,13,0.005,3,986056008418880171,valid,0.993934243638039,0.9794871794871794,13,13,True,0.4449169337749481,0.45072630047798157,0.005809366703033447,0.00399312237277627,7.926948000203993
imagenet,resnet50,gradcam,ILSVRC2012_val_00011915,13,0.005,4,2515950031567076910,valid,0.992858308433316,0.9759795235282536,13,13,True,0.4449169337749481,0.4333648085594177,0.011552125215530396,0.003998739179223776,7.934885999929975
imagenet,resnet50,gradcam,ILSVRC2012_val_00019344,349,0.005,0,4088068935384823697,valid,0.9973540606797574,0.9916650128993848,349,349,True,0.28743651509284973,0.28852370381355286,0.001087188720703125,0.003982038702815771,7.871324999996432
imagenet,resnet50,gradcam,ILSVRC2012_val_00019344,349,0.005,1,8602332259342884988,valid,0.9958053455069329,0.9830073108081406,349,349,True,0.28743651509284973,0.2913583815097809,0.003921866416931152,0.003990971948951483,7.927167999696394
imagenet,resnet50,gradcam,ILSVRC2012_val_00019344,349,0.005,2,7596426159223342915,valid,0.9982674566259433,0.9916650128993848,349,349,True,0.28743651509284973,0.302324116230011,0.014887601137161255,0.003987160045653582,7.919805000256019
imagenet,resnet50,gradcam,ILSVRC2012_val_00019344,349,0.005,3,5842746269193422530,valid,0.9971484035971178,0.9936432260627731,349,349,True,0.28743651509284973,0.29040268063545227,0.002966165542602539,0.00400152150541544,7.915896999747929
imagenet,resnet50,gradcam,ILSVRC2012_val_00019344,349,0.005,4,4539572770689928226,valid,0.9992266823027494,0.9920603414053196,349,349,True,0.28743651509284973,0.2949918210506439,0.0075553059577941895,0.0039830757305026054,7.924240000193095
imagenet,resnet50,gradcam,ILSVRC2012_val_00015926,373,0.005,0,7824287406080257999,valid,0.9981771417943979,0.9705478107205969,370,370,True,0.028102466836571693,0.019415773451328278,0.008686693385243416,0.003984430804848671,7.808146999650489
imagenet,resnet50,gradcam,ILSVRC2012_val_00015926,373,0.005,1,7929028858864195142,valid,0.9974757203722621,0.9434546862896979,370,370,True,0.028102466836571693,0.018498992547392845,0.009603474289178848,0.003985324874520302,7.913103000191768
imagenet,resnet50,gradcam,ILSVRC2012_val_00015926,373,0.005,2,1672669132139356813,valid,0.9966197543327527,0.9628398200664972,370,370,True,0.028102466836571693,0.03256601467728615,0.004463547840714455,0.0039831725880503654,7.978361999903427
imagenet,resnet50,gradcam,ILSVRC2012_val_00015926,373,0.005,3,3777709456935710546,valid,0.9986372740705973,0.9609222352481438,370,370,True,0.028102466836571693,0.02191082574427128,0.006191641092300415,0.003980493638664484,7.907186000011279
imagenet,resnet50,gradcam,ILSVRC2012_val_00015926,373,0.005,4,8509120453478104409,valid,0.9984243619951881,0.9445843828715366,370,370,True,0.028102466836571693,0.025253640487790108,0.0028488263487815857,0.003997220192104578,7.909118000043236
imagenet,resnet50,gradcam,ILSVRC2012_val_00007971,220,0.005,0,6539809151522792949,valid,0.9675793780816345,0.9771473601260835,220,220,True,0.3888758420944214,0.3286617696285248,0.060214072465896606,0.0032053408212959766,7.899331000317034
imagenet,resnet50,gradcam,ILSVRC2012_val_00007971,220,0.005,1,2247456996425886328,valid,0.9723813021985376,0.9896907216494846,220,220,True,0.3888758420944214,0.3330889046192169,0.05578693747520447,0.003228061133995652,7.969579000018712
imagenet,resnet50,gradcam,ILSVRC2012_val_00007971,220,0.005,2,399923942390004657,valid,0.9679767111973077,0.9755905511811024,220,220,True,0.3888758420944214,0.32510921359062195,0.06376662850379944,0.0032157464884221554,7.906673999968916
imagenet,resnet50,gradcam,ILSVRC2012_val_00007971,220,0.005,3,5512153096464547389,valid,0.9755080920127651,0.9767579279101832,220,220,True,0.3888758420944214,0.32702526450157166,0.06185057759284973,0.0032157828100025654,7.963367000229482
imagenet,resnet50,gradcam,ILSVRC2012_val_00007971,220,0.005,4,6539105014280078224,valid,0.9798436487672179,0.9783165779617583,220,220,True,0.3888758420944214,0.3475117087364197,0.04136413335800171,0.003208809532225132,7.962334999774612
imagenet,resnet50,gradcam,ILSVRC2012_val_00015160,234,0.005,0,4314859105566112453,valid,0.9957390878838394,0.9779266850610958,234,234,True,0.2580903172492981,0.2228848934173584,0.0352054238319397,0.0038385451771318913,7.8042289997029
imagenet,resnet50,gradcam,ILSVRC2012_val_00015160,234,0.005,1,3954827248402496951,valid,0.9944221222830403,0.9709347996857817,234,234,True,0.2580903172492981,0.23670287430286407,0.02138744294643402,0.0038396017625927925,7.920217999981105
imagenet,resnet50,gradcam,ILSVRC2012_val_00015160,234,0.005,2,9063806755192553816,valid,0.9952009775178668,0.9521493872787395,234,234,True,0.2580903172492981,0.2853708863258362,0.027280569076538086,0.003842610167339444,7.933694000257674
imagenet,resnet50,gradcam,ILSVRC2012_val_00015160,234,0.005,3,5113611462594320370,valid,0.9919647650359733,0.9624560031286664,234,234,True,0.2580903172492981,0.23601330816745758,0.022077009081840515,0.003832021029666066,7.919907000086823
imagenet,resnet50,gradcam,ILSVRC2012_val_00015160,234,0.005,4,2043122002561698985,valid,0.997978965807717,0.9449612403100776,234,234,True,0.2580903172492981,0.26225653290748596,0.004166215658187866,0.003842771053314209,7.911106999927142
imagenet,resnet50,gradcam,ILSVRC2012_val_00013600,78,0.005,0,5321597228691344102,valid,0.9926296381522338,0.9759795235282536,78,78,True,0.4990914762020111,0.4921693503856659,0.006922125816345215,0.003825295949354768,7.8832799999872805
imagenet,resnet50,gradcam,ILSVRC2012_val_00013600,78,0.005,1,7222167107109924805,valid,0.9921142740141877,0.9896907216494846,78,78,True,0.4990914762020111,0.49036601185798645,0.008725464344024658,0.0038245313335210085,7.949035999899934
imagenet,resnet50,gradcam,ILSVRC2012_val_00013600,78,0.005,2,7797770201540438027,valid,0.9920394559501691,0.9869332805385073,78,78,True,0.4990914762020111,0.48771214485168457,0.011379331350326538,0.0038342843763530254,7.938388000184204
imagenet,resnet50,gradcam,ILSVRC2012_val_00013600,78,0.005,3,1237048878609022038,valid,0.9897676507182568,0.988902100673801,78,78,True,0.4990914762020111,0.49582192301750183,0.0032695531845092773,0.0038343165069818497,7.922057000087079
imagenet,resnet50,gradcam,ILSVRC2012_val_00013600,78,0.005,4,8413812753638948976,valid,0.9890841620782059,0.9952286282306163,78,78,True,0.4990914762020111,0.4995824098587036,0.0004909336566925049,0.0038248568307608366,7.94104700025855
imagenet,resnet50,gradcam,ILSVRC2012_val_00000391,185,0.005,0,647337732867472776,valid,0.9835055947694632,0.9916650128993848,185,185,True,0.7950753569602966,0.8008343577384949,0.005759000778198242,0.0038497091736644506,7.794840000315162
imagenet,resnet50,gradcam,ILSVRC2012_val_00000391,185,0.005,1,5961835625946395936,valid,0.9869777926861489,0.9806591671600553,185,185,True,0.7950753569602966,0.7988098859786987,0.0037345290184020996,0.0038408106192946434,7.8970760000629525
imagenet,resnet50,gradcam,ILSVRC2012_val_00000391,185,0.005,2,3042057777627889131,valid,0.9853291049432225,0.9841834717279557,185,185,True,0.7950753569602966,0.8093396425247192,0.014264285564422607,0.0038353954441845417,7.961636999880284
imagenet,resnet50,gradcam,ILSVRC2012_val_00000391,185,0.005,3,1252662408036727049,valid,0.9853110644092884,0.9826155669695772,185,185,True,0.7950753569602966,0.8096657991409302,0.014590442180633545,0.0038429831620305777,7.9112720000011905
imagenet,resnet50,gradcam,ILSVRC2012_val_00000391,185,0.005,4,3315184970820708848,valid,0.989015756152684,0.9896907216494846,185,185,True,0.7950753569602966,0.7900466322898865,0.005028724670410156,0.0038221031427383423,7.918056000107754
imagenet,resnet50,gradcam,ILSVRC2012_val_00044836,119,0.005,0,8171849296649949647,valid,0.9960770635191427,0.9732599292174597,119,119,True,0.3343844413757324,0.36334559321403503,0.028961151838302612,0.003988279029726982,7.795595000061439
imagenet,resnet50,gradcam,ILSVRC2012_val_00044836,119,0.005,1,4491656841088079867,valid,0.9974878252275011,0.9697742885181551,119,119,True,0.3343844413757324,0.3266802430152893,0.007704198360443115,0.00399305485188961,7.962496999880386
imagenet,resnet50,gradcam,ILSVRC2012_val_00044836,119,0.005,2,8171822219854576615,valid,0.9971485702684758,0.9728720267348142,119,119,True,0.3343844413757324,0.3346274793148041,0.00024303793907165527,0.004000420682132244,7.920405000277242
imagenet,resnet50,gradcam,ILSVRC2012_val_00044836,119,0.005,3,736521806856464285,valid,0.9964875420779302,0.9790968250838099,119,119,True,0.3343844413757324,0.3524187505245209,0.018034309148788452,0.003989059012383223,7.967480999923282
imagenet,resnet50,gradcam,ILSVRC2012_val_00044836,119,0.005,4,119500292384334511,valid,0.9960438263794943,0.9763686490744388,119,119,True,0.3343844413757324,0.3236972391605377,0.010687202215194702,0.003985577262938023,7.919800000308896
imagenet,resnet50,gradcam,ILSVRC2012_val_00008135,133,0.005,0,124406041591251555,valid,0.9942776701970312,0.9826155669695772,133,133,True,0.4384782910346985,0.4384223222732544,5.59687614440918e-05,0.003984365146607161,7.7754500002811255
imagenet,resnet50,gradcam,ILSVRC2012_val_00008135,133,0.005,1,4046374424050757993,valid,0.9926862807465668,0.9865399841646872,133,133,True,0.4384782910346985,0.42747053503990173,0.011007755994796753,0.0039837975054979324,7.903104999968491
imagenet,resnet50,gradcam,ILSVRC2012_val_00008135,133,0.005,2,7070056596642100015,valid,0.9888233192767425,0.9873267326732673,133,133,True,0.4384782910346985,0.43463489413261414,0.0038433969020843506,0.003985521383583546,7.970148999902449
imagenet,resnet50,gradcam,ILSVRC2012_val_00008135,133,0.005,3,7497482518350946051,valid,0.9918173137512022,0.9830073108081406,133,133,True,0.4384782910346985,0.42291712760925293,0.015561163425445557,0.003989551682025194,7.909071000085532
imagenet,resnet50,gradcam,ILSVRC2012_val_00008135,133,0.005,4,6191468841984863915,valid,0.9886795912398314,0.975201731942531,133,133,True,0.4384782910346985,0.4365573227405548,0.0019209682941436768,0.00398357305675745,7.924229000309424
imagenet,resnet50,gradcam,ILSVRC2012_val_00010132,352,0.005,0,8093631686565907,valid,0.9985582466973273,0.9655307481394438,352,352,True,0.40841832756996155,0.40901508927345276,0.0005967617034912109,0.003983512055128813,7.8032879996499105
imagenet,resnet50,gradcam,ILSVRC2012_val_00010132,352,0.005,1,5447796235564570251,valid,0.9979133422144928,0.9701609736945426,352,352,True,0.40841832756996155,0.39972442388534546,0.008693903684616089,0.003995194099843502,7.923443999970914
imagenet,resnet50,gradcam,ILSVRC2012_val_00010132,352,0.005,2,3431872577805668339,valid,0.9952446317096922,0.9544303797468354,352,352,True,0.40841832756996155,0.39988401532173157,0.00853431224822998,0.003983922768384218,7.907199000328546
imagenet,resnet50,gradcam,ILSVRC2012_val_00010132,352,0.005,3,3740817988212590263,valid,0.9981185479782595,0.9513902391600233,352,352,True,0.40841832756996155,0.3937007188796997,0.01471760869026184,0.003995242528617382,7.936771000004228
imagenet,resnet50,gradcam,ILSVRC2012_val_00010132,352,0.005,4,3039345329130879730,valid,0.9986246719308689,0.9697742885181551,352,352,True,0.40841832756996155,0.4020117521286011,0.006406575441360474,0.003994313534349203,7.910828000149195
imagenet,resnet50,gradcam,ILSVRC2012_val_00007283,107,0.005,0,1109520789948083731,valid,0.9633133193193285,0.9540498442367601,107,107,True,0.3445269763469696,0.3182944059371948,0.02623257040977478,0.00361098931171,7.793264000156341
imagenet,resnet50,gradcam,ILSVRC2012_val_00007283,107,0.005,1,3998919051269725111,valid,0.9688810365296632,0.9724842767295597,107,107,True,0.3445269763469696,0.3107866942882538,0.03374028205871582,0.003637217450886965,7.885642000019288
imagenet,resnet50,gradcam,ILSVRC2012_val_00007283,107,0.005,2,2926071029045924349,valid,0.9725722856534712,0.9586260733801717,107,107,True,0.3445269763469696,0.33018195629119873,0.014345020055770874,0.0036275414749979973,7.893598000009661
imagenet,resnet50,gradcam,ILSVRC2012_val_00007283,107,0.005,3,8903505724737762358,valid,0.9700757456606298,0.9529091262891614,107,107,True,0.3445269763469696,0.3470780849456787,0.0025511085987091064,0.003647768869996071,7.905920000212063
imagenet,resnet50,gradcam,ILSVRC2012_val_00007283,107,0.005,4,7436574539817930625,valid,0.9626786610101682,0.9655307481394438,107,107,True,0.3445269763469696,0.30532264709472656,0.03920432925224304,0.00363202765583992,7.895490999999311
imagenet,resnet50,gradcam,ILSVRC2012_val_00007178,163,0.005,0,5036914402171006618,valid,0.9979396192817763,0.96015625,163,163,True,0.3645790219306946,0.353270947933197,0.011308073997497559,0.003996239509433508,7.844011999623035
imagenet,resnet50,gradcam,ILSVRC2012_val_00007178,163,0.005,1,5651603839904135267,valid,0.995974205256406,0.9740361919748229,163,163,True,0.3645790219306946,0.3601333200931549,0.004445701837539673,0.003998482599854469,7.951831999889691
imagenet,resnet50,gradcam,ILSVRC2012_val_00007178,163,0.005,2,5636376440453686668,valid,0.9919495400458241,0.9748130657221566,163,163,True,0.3645790219306946,0.3600054383277893,0.0045735836029052734,0.003980488516390324,7.893003999924986
imagenet,resnet50,gradcam,ILSVRC2012_val_00007178,163,0.005,3,2784843849467413684,valid,0.9960489465405727,0.9442076714451763,163,163,True,0.3645790219306946,0.3514094054698944,0.013169616460800171,0.003998495638370514,7.898133000253438
imagenet,resnet50,gradcam,ILSVRC2012_val_00007178,163,0.005,4,1747746171851914237,valid,0.998879226763854,0.9763686490744388,163,163,True,0.3645790219306946,0.37287020683288574,0.008291184902191162,0.003992151934653521,7.8987599999891245
imagenet,resnet50,gradcam,ILSVRC2012_val_00020205,142,0.005,0,7131126195450677294,valid,0.9917261891262408,0.9794871794871794,142,142,True,0.5572763085365295,0.5773075222969055,0.020031213760375977,0.0039767855778336525,7.745637999960309
imagenet,resnet50,gradcam,ILSVRC2012_val_00020205,142,0.005,1,652394825474452762,valid,0.9913679865909417,0.9717092337917486,142,142,True,0.5572763085365295,0.5648713707923889,0.007595062255859375,0.0040029133670032024,7.901234999735607
imagenet,resnet50,gradcam,ILSVRC2012_val_00020205,142,0.005,2,7298280662275534198,valid,0.992655815436311,0.9728720267348142,142,142,True,0.5572763085365295,0.5727237462997437,0.015447437763214111,0.00398882245644927,7.947069999772793
imagenet,resnet50,gradcam,ILSVRC2012_val_00020205,142,0.005,3,321501024453794095,valid,0.9895624630864113,0.9826155669695772,142,142,True,0.5572763085365295,0.5673490762710571,0.010072767734527588,0.003990398719906807,7.962481000049593
imagenet,resnet50,gradcam,ILSVRC2012_val_00020205,142,0.005,4,28614012351015291,valid,0.9940109729447285,0.9818325434439179,142,142,True,0.5572763085365295,0.555094838142395,0.0021814703941345215,0.003990648314356804,7.893399999829853
imagenet,resnet50,gradcam,ILSVRC2012_val_00012313,947,0.005,0,4675788591855072525,valid,0.9981553125386616,0.9881141045958796,947,947,True,0.4901677966117859,0.4758988320827484,0.014268964529037476,0.0039863004349172115,8.300607999899512
imagenet,resnet50,gradcam,ILSVRC2012_val_00012313,947,0.005,1,2909585199619158307,valid,0.9996157895640837,0.9810501381760758,947,947,True,0.4901677966117859,0.48873400688171387,0.0014337897300720215,0.003993981052190065,8.277936000013142
imagenet,resnet50,gradcam,ILSVRC2012_val_00012313,947,0.005,2,4139429911282159242,valid,0.99869893810659,0.9794871794871794,947,947,True,0.4901677966117859,0.48371416330337524,0.0064536333084106445,0.003995305858552456,8.015348000299127
imagenet,resnet50,gradcam,ILSVRC2012_val_00012313,947,0.005,3,5708874253003390479,valid,0.9992639930774783,0.9740361919748229,947,947,True,0.4901677966117859,0.4795381724834442,0.010629624128341675,0.0039989841170609,7.980240000051708
imagenet,resnet50,gradcam,ILSVRC2012_val_00012313,947,0.005,4,8672345341348820478,valid,0.998582192317509,0.9690013733568766,947,947,True,0.4901677966117859,0.4805503487586975,0.009617447853088379,0.004013490863144398,7.978076999734185
imagenet,resnet50,gradcam,ILSVRC2012_val_00007854,915,0.005,0,2571262475368357897,valid,0.9922175324083817,0.8755372827508877,915,915,True,0.5876731872558594,0.5691776871681213,0.018495500087738037,0.003965318668633699,7.859298999846942
imagenet,resnet50,gradcam,ILSVRC2012_val_00007854,915,0.005,1,8030772877936490666,valid,0.9953856495512889,0.8695976154992549,915,915,True,0.5876731872558594,0.5832211375236511,0.004452049732208252,0.003964627161622047,7.93540499989831
imagenet,resnet50,gradcam,ILSVRC2012_val_00007854,915,0.005,2,3012889963315334282,valid,0.9958922870434694,0.8836336336336337,915,915,True,0.5876731872558594,0.5677499175071716,0.019923269748687744,0.003976478241384029,7.961156999954255
imagenet,resnet50,gradcam,ILSVRC2012_val_00007854,915,0.005,3,5790203417479694068,valid,0.9927452145794167,0.8592071137458318,915,915,True,0.5876731872558594,0.5730317831039429,0.014641404151916504,0.0039726002141833305,7.931353999993007
imagenet,resnet50,gradcam,ILSVRC2012_val_00007854,915,0.005,4,507954533513966600,valid,0.9953237709161294,0.8397800183318057,915,915,True,0.5876731872558594,0.5587904453277588,0.028882741928100586,0.0039726984687149525,7.9589330002818315
imagenet,resnet50,gradcam,ILSVRC2012_val_00005867,184,0.005,0,1478452781381202281,valid,0.9935771611121245,0.8953729933899905,184,184,True,0.18989533185958862,0.19598519802093506,0.0060898661613464355,0.003993845544755459,7.8539829996771005
imagenet,resnet50,gradcam,ILSVRC2012_val_00005867,184,0.005,1,6919772316408940515,valid,0.995947168090867,0.9251870324189526,184,184,True,0.18989533185958862,0.18546901643276215,0.004426315426826477,0.004008093848824501,7.9721960000824765
imagenet,resnet50,gradcam,ILSVRC2012_val_00005867,184,0.005,2,113864722672658960,valid,0.9970745187889686,0.9156327543424317,184,184,True,0.18989533185958862,0.18891969323158264,0.0009756386280059814,0.003974780440330505,7.9327029998239595
imagenet,resnet50,gradcam,ILSVRC2012_val_00005867,184,0.005,3,303642654442618836,valid,0.9940109786810667,0.9274054157864413,184,184,True,0.18989533185958862,0.18908537924289703,0.0008099526166915894,0.0040024504996836185,7.909385999937513
imagenet,resnet50,gradcam,ILSVRC2012_val_00005867,184,0.005,4,6989995999554948155,valid,0.9958093920405721,0.9460926895481869,184,184,True,0.18989533185958862,0.20673991739749908,0.01684458553791046,0.003996135666966438,7.923707999907492
imagenet,resnet50,gradcam,ILSVRC2012_val_00049131,517,0.005,0,6637237118935856467,valid,0.978665049284805,0.975201731942531,517,517,True,0.3744693696498871,0.3750908374786377,0.0006214678287506104,0.003993775229901075,7.797936000315531
imagenet,resnet50,gradcam,ILSVRC2012_val_00049131,517,0.005,1,3115094047129690856,valid,0.9831524173181535,0.9732599292174597,517,517,True,0.3744693696498871,0.3743991553783417,7.021427154541016e-05,0.003976914100348949,7.97062299989193
imagenet,resnet50,gradcam,ILSVRC2012_val_00049131,517,0.005,2,7572103622376011972,valid,0.9876581409964136,0.9830073108081406,517,517,True,0.3744693696498871,0.38826635479927063,0.013796985149383545,0.003986924886703491,7.9283850000138045
imagenet,resnet50,gradcam,ILSVRC2012_val_00049131,517,0.005,3,1912088464343539702,valid,0.981923622497634,0.9818325434439179,517,517,True,0.3744693696498871,0.36467522382736206,0.009794145822525024,0.003971879370510578,7.9362200003743055
imagenet,resnet50,gradcam,ILSVRC2012_val_00049131,517,0.005,4,6407097657709303580,valid,0.980362267901803,0.9709347996857817,517,517,True,0.3744693696498871,0.3938237726688385,0.019354403018951416,0.003988467622548342,7.99916400001166
imagenet,resnet50,gradcam,ILSVRC2012_val_00002794,238,0.005,0,148870856522877581,valid,0.9947186189824333,0.9701609736945426,238,238,True,0.4430846571922302,0.43920454382896423,0.003880113363265991,0.003977419342845678,7.806083000104991
imagenet,resnet50,gradcam,ILSVRC2012_val_00002794,238,0.005,1,6739390888165317774,valid,0.9962252588312048,0.9857538583300356,238,238,True,0.4430846571922302,0.4346001148223877,0.00848454236984253,0.003977640997618437,7.857136999973591
imagenet,resnet50,gradcam,ILSVRC2012_val_00002794,238,0.005,2,7637495171325878914,valid,0.9953737282812279,0.9849683544303798,238,238,True,0.4430846571922302,0.4447924792766571,0.0017078220844268799,0.003994992934167385,7.8611499998260115
imagenet,resnet50,gradcam,ILSVRC2012_val_00002794,238,0.005,3,7865724333607158654,valid,0.9951336071587868,0.9613054524135235,238,238,True,0.4430846571922302,0.43740320205688477,0.005681455135345459,0.004000763408839703,7.844088000183547
imagenet,resnet50,gradcam,ILSVRC2012_val_00002794,238,0.005,4,4740369629748813919,valid,0.9962656393820774,0.975201731942531,238,238,True,0.4430846571922302,0.4274367690086365,0.01564788818359375,0.003984694369137287,7.870015000207786
imagenet,resnet50,gradcam,ILSVRC2012_val_00020015,251,0.005,0,8340359128924814599,valid,0.9937081877631371,0.9928514694201748,251,251,True,0.4752165377140045,0.47827327251434326,0.003056734800338745,0.003980744164437056,7.740366999769321
imagenet,resnet50,gradcam,ILSVRC2012_val_00020015,251,0.005,1,1595013008358206898,valid,0.9938488100705759,0.9936432260627731,251,251,True,0.4752165377140045,0.4918580651283264,0.0166415274143219,0.003994239494204521,7.924786000330641
imagenet,resnet50,gradcam,ILSVRC2012_val_00020015,251,0.005,2,2069839571660079760,valid,0.9927586068425728,0.9853610286844708,251,251,True,0.4752165377140045,0.47499778866767883,0.0002187490463256836,0.0039911470375955105,7.910180000180844
imagenet,resnet50,gradcam,ILSVRC2012_val_00020015,251,0.005,3,5052706854778113595,valid,0.9961532529243358,0.9952286282306163,251,251,True,0.4752165377140045,0.4764033257961273,0.0011867880821228027,0.0039784274995327,7.949449000079767
imagenet,resnet50,gradcam,ILSVRC2012_val_00020015,251,0.005,4,8625788075028622241,valid,0.9971573891870665,0.9976114649681529,251,251,True,0.4752165377140045,0.4780154526233673,0.002798914909362793,0.00398634746670723,7.879193000007945
imagenet,resnet50,gradcam,ILSVRC2012_val_00006457,93,0.005,0,2221295253808256805,valid,0.986131691482694,0.9826155669695772,93,93,True,0.5113493800163269,0.5239112377166748,0.0125618577003479,0.003986041992902756,7.812685999851965
imagenet,resnet50,gradcam,ILSVRC2012_val_00006457,93,0.005,1,8890389390177847519,valid,0.9877320776090376,0.983399209486166,93,93,True,0.5113493800163269,0.5365838408470154,0.025234460830688477,0.003985479008406401,7.887338000273303
imagenet,resnet50,gradcam,ILSVRC2012_val_00006457,93,0.005,2,3206214600123905409,valid,0.9807165451880682,0.9794871794871794,93,93,True,0.5113493800163269,0.5348750352859497,0.023525655269622803,0.003971096593886614,7.98601399992549
imagenet,resnet50,gradcam,ILSVRC2012_val_00006457,93,0.005,3,8212339849749385813,valid,0.9904383146756726,0.9779266850610958,93,93,True,0.5113493800163269,0.5336510539054871,0.022301673889160156,0.0039672995917499065,7.984621000105108
imagenet,resnet50,gradcam,ILSVRC2012_val_00006457,93,0.005,4,173775657669384710,valid,0.9892676443056154,0.9794871794871794,93,93,True,0.5113493800163269,0.5383951663970947,0.027045786380767822,0.003966455347836018,7.9227520000131335
imagenet,resnet50,gradcam,ILSVRC2012_val_00005363,144,0.005,0,1754875719892229240,valid,0.9949151600182536,0.9841834717279557,144,144,True,0.48690733313560486,0.4903830885887146,0.003475755453109741,0.003975404426455498,7.809472999724676
imagenet,resnet50,gradcam,ILSVRC2012_val_00005363,144,0.005,1,2878232700999841913,valid,0.995537602900882,0.9810501381760758,144,144,True,0.48690733313560486,0.4705028831958771,0.016404449939727783,0.003962884657084942,7.924822999939352
imagenet,resnet50,gradcam,ILSVRC2012_val_00005363,144,0.005,2,1260754754486525076,valid,0.9977616305127914,0.9900852667063256,144,144,True,0.48690733313560486,0.4976232349872589,0.010715901851654053,0.003970468416810036,7.934058000046207
imagenet,resnet50,gradcam,ILSVRC2012_val_00005363,144,0.005,3,6259120057903181662,valid,0.9970088023714814,0.9818325434439179,144,144,True,0.48690733313560486,0.4784492254257202,0.008458107709884644,0.00397830456495285,7.93186600003537
imagenet,resnet50,gradcam,ILSVRC2012_val_00005363,144,0.005,4,8925985218083513280,valid,0.9950444762625307,0.9728720267348142,144,144,True,0.48690733313560486,0.4863872528076172,0.0005200803279876709,0.003976380918174982,7.907203999820922
imagenet,resnet50,gradcam,ILSVRC2012_val_00029916,329,0.005,0,1631732034194118179,valid,0.9987750325262688,0.918562416363984,329,329,True,0.4066709280014038,0.40814337134361267,0.0014724433422088623,0.003962802700698376,7.872270999996545
imagenet,resnet50,gradcam,ILSVRC2012_val_00029916,329,0.005,1,1000182872837178480,valid,0.9981351496779854,0.9404485692188709,329,329,True,0.4066709280014038,0.3940448462963104,0.012626081705093384,0.003976085688918829,7.909102000212442
imagenet,resnet50,gradcam,ILSVRC2012_val_00029916,329,0.005,2,8502272319537721053,valid,0.9965890176782857,0.8978819969742814,329,329,True,0.4066709280014038,0.3543214797973633,0.05234944820404053,0.003966137766838074,7.8956320003271685
imagenet,resnet50,gradcam,ILSVRC2012_val_00029916,329,0.005,3,8934866934722391387,valid,0.9984927469807464,0.9181957186544343,329,329,True,0.4066709280014038,0.3850054442882538,0.021665483713150024,0.003969491925090551,7.938557000215951
imagenet,resnet50,gradcam,ILSVRC2012_val_00029916,329,0.005,4,1097476379069413043,valid,0.9982166388464168,0.8808095952023988,329,329,True,0.4066709280014038,0.4369107186794281,0.030239790678024292,0.003969996701925993,7.96562300001824
imagenet,resnet50,gradcam,ILSVRC2012_val_00030940,131,0.005,0,60530402044448653,valid,0.9935352678080783,0.9810501381760758,131,131,True,0.518921434879303,0.5206438302993774,0.0017223954200744629,0.003990711644291878,7.779429000038363
imagenet,resnet50,gradcam,ILSVRC2012_val_00030940,131,0.005,1,19878695407192039,valid,0.9880668596423684,0.9783165779617583,131,131,True,0.518921434879303,0.5125120878219604,0.006409347057342529,0.004009614232927561,7.922227000108251
imagenet,resnet50,gradcam,ILSVRC2012_val_00030940,131,0.005,2,8737692386568679854,valid,0.9831579475023042,0.9578618806086617,131,131,True,0.518921434879303,0.5149734020233154,0.003948032855987549,0.0039914255030453205,7.929220000278292
imagenet,resnet50,gradcam,ILSVRC2012_val_00030940,131,0.005,3,8009428695022092313,valid,0.9925296312335783,0.9693877551020408,131,131,True,0.518921434879303,0.5126914381980896,0.006229996681213379,0.003991871606558561,7.981316000041261
imagenet,resnet50,gradcam,ILSVRC2012_val_00030940,131,0.005,4,7370962698984032743,valid,0.9884343090297062,0.9802683504340963,131,131,True,0.518921434879303,0.5094574689865112,0.009463965892791748,0.003995124250650406,7.989924999947107
imagenet,resnet50,gradcam,ILSVRC2012_val_00007404,148,0.005,0,1353541289590749312,valid,0.997668548536754,0.9659157688540646,148,148,True,0.4881710410118103,0.521894097328186,0.03372305631637573,0.003987115807831287,7.900141999925836
imagenet,resnet50,gradcam,ILSVRC2012_val_00007404,148,0.005,1,2510503587054256324,valid,0.9971647305156068,0.9419504643962848,148,148,True,0.4881710410118103,0.49733445048332214,0.00916340947151184,0.0039845844730734825,7.9130649996841385
imagenet,resnet50,gradcam,ILSVRC2012_val_00007404,148,0.005,2,9124177376530382382,valid,0.9977076824739651,0.9385744639752752,148,148,True,0.4881710410118103,0.4965777099132538,0.008406668901443481,0.0039934031665325165,7.915501999832486
imagenet,resnet50,gradcam,ILSVRC2012_val_00007404,148,0.005,3,3118787724896590892,valid,0.9985820458546735,0.956716708910119,148,148,True,0.4881710410118103,0.4950498044490814,0.006878763437271118,0.003979959059506655,7.899259999703645
imagenet,resnet50,gradcam,ILSVRC2012_val_00007404,148,0.005,4,4807272196805696475,valid,0.9960206406901594,0.9468477206595538,148,148,True,0.4881710410118103,0.5131007432937622,0.024929702281951904,0.004008340183645487,7.921193999663956
imagenet,resnet50,gradcam,ILSVRC2012_val_00013911,270,0.005,0,3406414677581813078,valid,0.9961194647874441,0.9590083935194222,270,270,True,0.4458696246147156,0.4533385932445526,0.007468968629837036,0.003994980361312628,7.814469000095414
imagenet,resnet50,gradcam,ILSVRC2012_val_00013911,270,0.005,1,8469970780324637199,valid,0.9913875149489021,0.9705478107205969,270,270,True,0.4458696246147156,0.4375559389591217,0.008313685655593872,0.003980111330747604,7.941687999846181
imagenet,resnet50,gradcam,ILSVRC2012_val_00013911,270,0.005,2,356705290482279711,valid,0.994243925788,0.9616888193901486,270,270,True,0.4458696246147156,0.43965449929237366,0.006215125322341919,0.0039853984490036964,7.965879000039422
imagenet,resnet50,gradcam,ILSVRC2012_val_00013911,270,0.005,3,4983809588645922553,valid,0.9934918298427257,0.9775369458128079,270,270,True,0.4458696246147156,0.4409160315990448,0.004953593015670776,0.003986387979239225,7.9326039999614295
imagenet,resnet50,gradcam,ILSVRC2012_val_00013911,270,0.005,4,6966899606979763822,valid,0.9898610763103823,0.9794871794871794,270,270,True,0.4458696246147156,0.45861878991127014,0.012749165296554565,0.0039940099231898785,7.883528000093065
imagenet,resnet50,gradcam,ILSVRC2012_val_00008938,277,0.005,0,5731833880243919775,valid,0.9889294313431286,0.9636079045196635,277,277,True,0.4631677567958832,0.4703817367553711,0.007213979959487915,0.0039861625991761684,7.77230999983658
imagenet,resnet50,gradcam,ILSVRC2012_val_00008938,277,0.005,1,890327722127383384,valid,0.9882092914316216,0.9643765903307888,277,277,True,0.4631677567958832,0.47666484117507935,0.013497084379196167,0.003972017206251621,7.980280999618117
imagenet,resnet50,gradcam,ILSVRC2012_val_00008938,277,0.005,2,14386847555252678,valid,0.9892877009361912,0.9705478107205969,277,277,True,0.4631677567958832,0.465346097946167,0.0021783411502838135,0.004004630260169506,7.893845000126021
imagenet,resnet50,gradcam,ILSVRC2012_val_00008938,277,0.005,3,3200166405680587137,valid,0.9959310215456055,0.9666862629825593,277,277,True,0.4631677567958832,0.4990443289279938,0.035876572132110596,0.003983424045145512,7.973075000336394
imagenet,resnet50,gradcam,ILSVRC2012_val_00008938,277,0.005,4,4160051725462518160,valid,0.9876688256822685,0.9628398200664972,277,277,True,0.4631677567958832,0.4784063696861267,0.01523861289024353,0.003992393612861633,7.877513000039471
imagenet,densenet121,ig,ILSVRC2012_val_00012132,17,0.005,0,1240890485581281775,valid,0.5440772678079714,0.3254094030639197,17,17,True,0.9872965812683105,0.9897148013114929,0.002418220043182373,0.003996922168880701,192.07658799996352
imagenet,densenet121,ig,ILSVRC2012_val_00012132,17,0.005,1,7809966714089166156,valid,0.5470464025265721,0.31965811965811963,17,17,True,0.9872965812683105,0.988157331943512,0.000860750675201416,0.003996476996690035,191.49984699970446
imagenet,densenet121,ig,ILSVRC2012_val_00012132,17,0.005,2,594568608699110832,valid,0.5503049612319761,0.3343525658069662,17,17,True,0.9872965812683105,0.9906248450279236,0.003328263759613037,0.003997646272182465,191.43542299980254
imagenet,densenet121,ig,ILSVRC2012_val_00012132,17,0.005,3,8272835477805138346,valid,0.5539574500192936,0.32435998944312483,17,17,True,0.9872965812683105,0.9904699325561523,0.003173351287841797,0.003987786825746298,191.47681499998725
imagenet,densenet121,ig,ILSVRC2012_val_00012132,17,0.005,4,5588988483984321074,valid,0.5657105008323741,0.3347519616970342,17,17,True,0.9872965812683105,0.9883986115455627,0.0011020302772521973,0.003985461313277483,192.70450200019695
imagenet,densenet121,ig,ILSVRC2012_val_00000140,558,0.005,0,2495375757937344332,valid,0.8273420964991187,0.6433600785983298,251,251,True,8.067062253758195e-07,7.783060596011637e-07,2.840016577465576e-08,0.003977824002504349,193.25197499983915
imagenet,densenet121,ig,ILSVRC2012_val_00000140,558,0.005,1,8258382046345720994,valid,0.8334853446233506,0.6474064346684176,251,251,True,8.067062253758195e-07,9.941096550392103e-07,1.8740342966339085e-07,0.0039786482229828835,191.23954100041374
imagenet,densenet121,ig,ILSVRC2012_val_00000140,558,0.005,2,1986566169149637064,valid,0.8330478059873987,0.6482180982098866,251,251,True,8.067062253758195e-07,9.404898264619987e-07,1.3378360108617926e-07,0.003982102498412132,191.4790619998712
imagenet,densenet121,ig,ILSVRC2012_val_00000140,558,0.005,3,781331182807300414,valid,0.8339621811466612,0.646865769609452,251,251,True,8.067062253758195e-07,8.319953508362232e-07,2.528912546040374e-08,0.003985240124166012,191.40571299976727
imagenet,densenet121,ig,ILSVRC2012_val_00000140,558,0.005,4,821512256087617785,valid,0.8360117562248068,0.6613143519284886,251,251,True,8.067062253758195e-07,8.249937764048809e-07,1.8287551029061433e-08,0.003987926058471203,191.51319599995986
imagenet,densenet121,ig,ILSVRC2012_val_00031295,237,0.005,0,7260055080022824154,valid,0.7526324065056833,0.5084924094393507,237,237,True,0.9356824159622192,0.959449052810669,0.023766636848449707,0.003991680685430765,191.3635460000478
imagenet,densenet121,ig,ILSVRC2012_val_00031295,237,0.005,1,6830589745658477501,valid,0.7489332271504671,0.5046476761619191,237,237,True,0.9356824159622192,0.9355353713035583,0.00014704465866088867,0.003990218974649906,191.35848399992028
imagenet,densenet121,ig,ILSVRC2012_val_00031295,237,0.005,2,5572588514906466611,valid,0.7498548639870101,0.5014961101137043,237,237,True,0.9356824159622192,0.9349977374076843,0.0006846785545349121,0.003981485962867737,192.06127300003573
imagenet,densenet121,ig,ILSVRC2012_val_00031295,237,0.005,3,7784788833784456437,valid,0.7484381549819213,0.515325381247169,237,237,True,0.9356824159622192,0.9282420873641968,0.007440328598022461,0.003984395414590836,191.4379969998663
imagenet,densenet121,ig,ILSVRC2012_val_00031295,237,0.005,4,205616704339721179,valid,0.7568419625901563,0.5196850393700787,237,237,True,0.9356824159622192,0.9356065392494202,7.587671279907227e-05,0.003989964723587036,191.2351089999902
imagenet,densenet121,ig,ILSVRC2012_val_00004300,330,0.005,0,2062959023804323395,valid,0.8744679546524946,0.6093649775497113,330,330,True,0.8613166213035583,0.8552923202514648,0.006024301052093506,0.003975726664066315,190.93441799986977
imagenet,densenet121,ig,ILSVRC2012_val_00004300,330,0.005,1,1730914782129674652,valid,0.8703401934416386,0.604989604989605,330,330,True,0.8613166213035583,0.878758430480957,0.01744180917739868,0.003996573854237795,191.67163900010564
imagenet,densenet121,ig,ILSVRC2012_val_00004300,330,0.005,2,2230829393384523700,valid,0.8724190438906713,0.6114322414900449,330,330,True,0.8613166213035583,0.8517773151397705,0.009539306163787842,0.003984126728028059,191.09894399980476
imagenet,densenet121,ig,ILSVRC2012_val_00004300,330,0.005,3,2370168859087342904,valid,0.8692400611207927,0.6042199488491049,330,330,True,0.8613166213035583,0.8633280396461487,0.002011418342590332,0.00397538160905242,191.1779749998459
imagenet,densenet121,ig,ILSVRC2012_val_00004300,330,0.005,4,9172714801131829905,valid,0.871341322681144,0.6052463211772233,330,330,True,0.8613166213035583,0.8593220114707947,0.001994609832763672,0.003993544261902571,191.15877000012915
imagenet,densenet121,ig,ILSVRC2012_val_00007011,140,0.005,0,8693357588706766936,valid,0.7174724050292834,0.4394721744119334,140,140,True,0.9624544978141785,0.9652203917503357,0.0027658939361572266,0.003985125571489334,191.29968700008249
imagenet,densenet121,ig,ILSVRC2012_val_00007011,140,0.005,1,7795033858281793546,valid,0.7255370898342156,0.45112781954887216,140,140,True,0.9624544978141785,0.9671617746353149,0.004707276821136475,0.003996301908046007,191.52617200006716
imagenet,densenet121,ig,ILSVRC2012_val_00007011,140,0.005,2,2820880621722301505,valid,0.7247524915093128,0.43926573928008034,140,140,True,0.9624544978141785,0.9664304852485657,0.003975987434387207,0.003980946261435747,191.14799599992693
imagenet,densenet121,ig,ILSVRC2012_val_00007011,140,0.005,3,9156189342167126515,valid,0.7285125597817791,0.4473608306893568,140,140,True,0.9624544978141785,0.9676130414009094,0.005158543586730957,0.0039957608096301556,191.06422100003329
imagenet,densenet121,ig,ILSVRC2012_val_00007011,140,0.005,4,2817173590254193893,valid,0.7209056728186825,0.4396786687706211,140,140,True,0.9624544978141785,0.9684837460517883,0.006029248237609863,0.003985989838838577,191.05857300019125
imagenet,densenet121,ig,ILSVRC2012_val_00008228,381,0.005,0,4154338444683056573,valid,0.8497370490277065,0.6078180070490228,381,381,True,0.6121732592582703,0.6266267895698547,0.014453530311584473,0.003944521304219961,191.11092200000712
imagenet,densenet121,ig,ILSVRC2012_val_00008228,381,0.005,1,8968172922966999441,valid,0.8552304619734975,0.6221108776466785,381,381,True,0.6121732592582703,0.6158765554428101,0.003703296184539795,0.0039505683816969395,191.18790000038643
imagenet,densenet121,ig,ILSVRC2012_val_00008228,381,0.005,2,4537400942497270551,valid,0.8526835881694257,0.6192320103259116,381,381,True,0.6121732592582703,0.5847733020782471,0.027399957180023193,0.003956777509301901,191.16071100006593
imagenet,densenet121,ig,ILSVRC2012_val_00008228,381,0.005,3,650350537098486573,valid,0.8543489673342854,0.6176660219213411,381,381,True,0.6121732592582703,0.6329553723335266,0.020782113075256348,0.003946382086724043,191.12796199988225
imagenet,densenet121,ig,ILSVRC2012_val_00008228,381,0.005,4,4634637524913072090,valid,0.8530996286211073,0.6042199488491049,381,381,True,0.6121732592582703,0.6317915916442871,0.019618332386016846,0.003938153851777315,191.2490509998861
imagenet,densenet121,ig,ILSVRC2012_val_00016006,732,0.005,0,2689331499638741690,valid,0.6611395731701173,0.4349442379182156,732,732,True,0.9732236862182617,0.9789811968803406,0.005757510662078857,0.003991495352238417,191.02539999994406
imagenet,densenet121,ig,ILSVRC2012_val_00016006,732,0.005,1,8580294959909415158,valid,0.6540885593080746,0.42395005675368896,732,732,True,0.9732236862182617,0.9758368730545044,0.0026131868362426758,0.003996087703853846,191.06192600020222
imagenet,densenet121,ig,ILSVRC2012_val_00016006,732,0.005,2,9114965582325127640,valid,0.6477174560136668,0.4253657150972873,732,732,True,0.9732236862182617,0.9754805564880371,0.0022568702697753906,0.003978316206485033,191.771776999758
imagenet,densenet121,ig,ILSVRC2012_val_00016006,732,0.005,3,6003814197834614244,valid,0.6574210774937409,0.4237480493687048,732,732,True,0.9732236862182617,0.9771615862846375,0.003937900066375732,0.004002221394330263,191.1645669997597
imagenet,densenet121,ig,ILSVRC2012_val_00016006,732,0.005,4,2271394598789847604,valid,0.6645137226539799,0.43391913130447207,732,732,True,0.9732236862182617,0.9739524722099304,0.0007287859916687012,0.003988306038081646,191.3554259999728
imagenet,densenet121,ig,ILSVRC2012_val_00023543,254,0.005,0,270999366333867741,valid,0.7818815658500778,0.5547637490317583,254,254,True,0.979292631149292,0.9806033968925476,0.0013107657432556152,0.003958440851420164,191.11777099988103
imagenet,densenet121,ig,ILSVRC2012_val_00023543,254,0.005,1,6483725595163808915,valid,0.7695731809451277,0.5413914913223775,254,254,True,0.979292631149292,0.9805539846420288,0.0012613534927368164,0.003962662070989609,191.6414780002924
imagenet,densenet121,ig,ILSVRC2012_val_00023543,254,0.005,2,4939728852732550403,valid,0.7819193973354858,0.5588692140416278,254,254,True,0.979292631149292,0.9782537221908569,0.0010389089584350586,0.003957195673137903,191.0953349997726
imagenet,densenet121,ig,ILSVRC2012_val_00023543,254,0.005,3,4468478742456119862,valid,0.779628548604726,0.5497220506485485,254,254,True,0.979292631149292,0.9776418805122375,0.0016507506370544434,0.003962239250540733,191.16466000014043
imagenet,densenet121,ig,ILSVRC2012_val_00023543,254,0.005,4,2390165699526937601,valid,0.7832093501974529,0.5523588553750967,254,254,True,0.979292631149292,0.9798510670661926,0.0005584359169006348,0.003957102075219154,191.198993999933
imagenet,densenet121,ig,ILSVRC2012_val_00023347,89,0.005,0,7881334844864196200,valid,0.760575888385202,0.5454265475823837,89,89,True,0.9743596315383911,0.9703872799873352,0.003972351551055908,0.00399034982547164,191.56691599982878
imagenet,densenet121,ig,ILSVRC2012_val_00023347,89,0.005,1,8223420927206424359,valid,0.7535893936401746,0.5447129444358935,89,89,True,0.9743596315383911,0.9738757014274597,0.0004839301109313965,0.003996758721768856,191.1248970000088
imagenet,densenet121,ig,ILSVRC2012_val_00023347,89,0.005,2,2108301894708548545,valid,0.7604126647989331,0.5540414989160731,89,89,True,0.9743596315383911,0.9747672080993652,0.0004075765609741211,0.0039965626783668995,191.182986000058
imagenet,densenet121,ig,ILSVRC2012_val_00023347,89,0.005,3,2944429311875253943,valid,0.754339822783205,0.5399723799294154,89,89,True,0.9743596315383911,0.9772486090660095,0.002888977527618408,0.003986770287156105,191.2132020001991
imagenet,densenet121,ig,ILSVRC2012_val_00023347,89,0.005,4,7481385728545187894,valid,0.7644785432170169,0.5461408103527962,89,89,True,0.9743596315383911,0.9761589169502258,0.0017992854118347168,0.003985045477747917,191.27813899967805
imagenet,densenet121,ig,ILSVRC2012_val_00011253,363,0.005,0,7969622713620301542,valid,0.873740925048462,0.7111679454390452,104,104,True,0.03567151352763176,0.02666577324271202,0.009005740284919739,0.003959124442189932,191.1490480001703
imagenet,densenet121,ig,ILSVRC2012_val_00011253,363,0.005,1,7338576340922310673,valid,0.8685032113661335,0.7073834637631847,104,104,True,0.03567151352763176,0.04016920179128647,0.004497688263654709,0.003965461160987616,191.1476769996625
imagenet,densenet121,ig,ILSVRC2012_val_00011253,363,0.005,2,3200603612045899266,valid,0.8704474936015569,0.7082553191489361,104,104,True,0.03567151352763176,0.02804192155599594,0.0076295919716358185,0.003952908795326948,191.13540699981968
imagenet,densenet121,ig,ILSVRC2012_val_00011253,363,0.005,3,9145090093729942847,valid,0.8736876020408956,0.7065124978745111,104,104,True,0.03567151352763176,0.020469335839152336,0.015202177688479424,0.0039524477906525135,191.12200000017765
imagenet,densenet121,ig,ILSVRC2012_val_00011253,363,0.005,4,2178187931079052202,valid,0.8780008387479356,0.7173169062286106,104,104,True,0.03567151352763176,0.018753521144390106,0.016917992383241653,0.0039482819847762585,191.74850600029458
imagenet,densenet121,ig,ILSVRC2012_val_00003259,94,0.005,0,4429780876333051471,valid,0.5595878043522181,0.3424291064740503,94,94,True,0.9969375133514404,0.998129665851593,0.0011921525001525879,0.003993895836174488,191.0888709999199
imagenet,densenet121,ig,ILSVRC2012_val_00003259,94,0.005,1,6769608815490762161,valid,0.5571949924124371,0.34153188076460367,94,94,True,0.9969375133514404,0.9977642297744751,0.000826716423034668,0.003977128304541111,191.1269489996812
imagenet,densenet121,ig,ILSVRC2012_val_00003259,94,0.005,2,4833077611948378318,valid,0.5605491511134543,0.3472949389179756,94,94,True,0.9969375133514404,0.9980471134185791,0.0011096000671386719,0.003983453847467899,192.01804199974504
imagenet,densenet121,ig,ILSVRC2012_val_00003259,94,0.005,3,4179979153158216119,valid,0.5487559075274148,0.33368770764119604,94,94,True,0.9969375133514404,0.9978463649749756,0.0009088516235351562,0.003990536089986563,191.2345410000853
imagenet,densenet121,ig,ILSVRC2012_val_00003259,94,0.005,4,6565154810130259791,valid,0.5545145877038598,0.3377765929085577,94,94,True,0.9969375133514404,0.9978231191635132,0.0008856058120727539,0.003990671131759882,191.16068099992845
imagenet,densenet121,ig,ILSVRC2012_val_00004482,750,0.005,0,8865422365549614856,valid,0.6917148142009698,0.45808513729478423,750,750,True,0.6619910001754761,0.6445698142051697,0.017421185970306396,0.003970022778958082,191.03976400037936
imagenet,densenet121,ig,ILSVRC2012_val_00004482,750,0.005,1,1059731291589273690,valid,0.6924754606324629,0.47220184832037554,750,750,True,0.6619910001754761,0.6573366522789001,0.004654347896575928,0.003988173790276051,191.71255499986728
imagenet,densenet121,ig,ILSVRC2012_val_00004482,750,0.005,2,6688019309583644909,valid,0.6889480697053613,0.4713385134144554,750,750,True,0.6619910001754761,0.6483667492866516,0.013624250888824463,0.003984617535024881,191.07588399992892
imagenet,densenet121,ig,ILSVRC2012_val_00004482,750,0.005,3,3874562316425712509,valid,0.6971749854640656,0.4752315155078642,750,750,True,0.6619910001754761,0.675341010093689,0.01335000991821289,0.003982017282396555,191.15419799982192
imagenet,densenet121,ig,ILSVRC2012_val_00004482,750,0.005,4,7297647644263138051,valid,0.6986090918795212,0.4670369828972372,750,750,True,0.6619910001754761,0.6393685936927795,0.022622406482696533,0.003985417541116476,191.20980800016696
imagenet,densenet121,ig,ILSVRC2012_val_00008860,223,0.005,0,4910538784497448159,valid,0.7535597659480341,0.5385558791966887,236,177,False,0.010964926332235336,0.013955551199615002,0.0029906248673796654,0.00399110559374094,191.7409430002408
imagenet,densenet121,ig,ILSVRC2012_val_00008860,223,0.005,1,2962209082535827029,valid,0.7471308751187802,0.5399723799294154,236,236,True,0.010964926332235336,0.011105294339358807,0.0001403680071234703,0.003994074184447527,191.21467700006178
imagenet,densenet121,ig,ILSVRC2012_val_00008860,223,0.005,2,4915173341996997882,valid,0.753816956140101,0.54996138996139,236,236,True,0.010964926332235336,0.009587861597537994,0.001377064734697342,0.003989708609879017,191.21927400010463
imagenet,densenet121,ig,ILSVRC2012_val_00008860,223,0.005,3,5481128366000690820,valid,0.7536969403391665,0.5343219691178719,236,236,True,0.010964926332235336,0.01236270647495985,0.001397780142724514,0.003988922107964754,191.11070400003882
imagenet,densenet121,ig,ILSVRC2012_val_00008860,223,0.005,4,6528802408170143378,valid,0.7581275441504725,0.54996138996139,236,236,True,0.010964926332235336,0.010269859805703163,0.0006950665265321732,0.00399424834176898,191.0939510003118
imagenet,densenet121,ig,ILSVRC2012_val_00014374,252,0.005,0,737479706250928168,valid,0.8388572069454235,0.6044764188649081,197,197,True,0.23986952006816864,0.19416779279708862,0.04570172727108002,0.003983885515481234,191.01149599964629
imagenet,densenet121,ig,ILSVRC2012_val_00014374,252,0.005,1,6444986774818403125,valid,0.837859396766962,0.6031948881789138,197,197,True,0.23986952006816864,0.22978557646274567,0.010083943605422974,0.003981397487223148,191.13289500000974
imagenet,densenet121,ig,ILSVRC2012_val_00014374,252,0.005,2,4059748774665811067,valid,0.842733904334542,0.6135048231511254,197,197,True,0.23986952006816864,0.1730247586965561,0.06684476137161255,0.0039821709506213665,191.14657099999022
imagenet,densenet121,ig,ILSVRC2012_val_00014374,252,0.005,3,3670375015107843525,valid,0.8419275830163961,0.6114322414900449,197,197,True,0.23986952006816864,0.18068450689315796,0.05918501317501068,0.0039883507415652275,191.14582800011704
imagenet,densenet121,ig,ILSVRC2012_val_00014374,252,0.005,4,3823413000468415307,valid,0.8383507684549907,0.6101395796566661,197,197,True,0.23986952006816864,0.18025101721286774,0.0596185028553009,0.003992062993347645,192.00241800035656
imagenet,densenet121,ig,ILSVRC2012_val_00011915,13,0.005,0,6063869365544434696,valid,0.6570062022009477,0.42901893777587924,13,13,True,0.9917823076248169,0.9932593703269958,0.001477062702178955,0.003980695735663176,191.11282199992274
imagenet,densenet121,ig,ILSVRC2012_val_00011915,13,0.005,1,1939233157906620720,valid,0.6625320468102921,0.44029850746268656,13,13,True,0.9917823076248169,0.9919834733009338,0.00020116567611694336,0.0039930399507284164,191.11137700019754
imagenet,densenet121,ig,ILSVRC2012_val_00011915,13,0.005,2,2362658896889484070,valid,0.6592692780738707,0.4316690442225392,13,13,True,0.9917823076248169,0.9938501119613647,0.0020678043365478516,0.003975533414632082,191.14462600009574
imagenet,densenet121,ig,ILSVRC2012_val_00011915,13,0.005,3,986056008418880171,valid,0.6669871325922858,0.44340572414784984,13,13,True,0.9917823076248169,0.9927346706390381,0.0009523630142211914,0.00399312237277627,191.18721899985758
imagenet,densenet121,ig,ILSVRC2012_val_00011915,13,0.005,4,2515950031567076910,valid,0.6655585716747247,0.44029850746268656,13,13,True,0.9917823076248169,0.9920699000358582,0.00028759241104125977,0.003998739179223776,191.10922900017613
imagenet,densenet121,ig,ILSVRC2012_val_00019344,349,0.005,0,4088068935384823697,valid,0.9323622616510859,0.7600841809891267,349,349,True,0.6660455465316772,0.6655587553977966,0.00048679113388061523,0.003982038702815771,191.10868300003858
imagenet,densenet121,ig,ILSVRC2012_val_00019344,349,0.005,1,8602332259342884988,valid,0.9272893827588384,0.7447844228094576,349,349,True,0.6660455465316772,0.6728347539901733,0.006789207458496094,0.003990971948951483,191.73051300003863
imagenet,densenet121,ig,ILSVRC2012_val_00019344,349,0.005,2,7596426159223342915,valid,0.9310047733909876,0.753319357092942,349,349,True,0.6660455465316772,0.6636143922805786,0.002431154251098633,0.003987160045653582,191.2208929998087
imagenet,densenet121,ig,ILSVRC2012_val_00019344,349,0.005,3,5842746269193422530,valid,0.9274719763248491,0.7478230581678857,349,349,True,0.6660455465316772,0.6837819218635559,0.017736375331878662,0.00400152150541544,191.1526359999698
imagenet,densenet121,ig,ILSVRC2012_val_00019344,349,0.005,4,4539572770689928226,valid,0.9331083532027956,0.7539321915414191,349,349,True,0.6660455465316772,0.6688112020492554,0.002765655517578125,0.0039830757305026054,191.51582499989672
imagenet,densenet121,ig,ILSVRC2012_val_00015926,373,0.005,0,7824287406080257999,valid,0.8534588392738575,0.6286919831223629,370,370,True,0.00038427565596066415,0.0004466090467758477,6.233339081518352e-05,0.003984430804848671,191.60229499993875
imagenet,densenet121,ig,ILSVRC2012_val_00015926,373,0.005,1,7929028858864195142,valid,0.8588367748218855,0.6305442729488221,370,370,True,0.00038427565596066415,0.00035708164796233177,2.719400799833238e-05,0.003985324874520302,191.1687689998871
imagenet,densenet121,ig,ILSVRC2012_val_00015926,373,0.005,2,1672669132139356813,valid,0.8629654125284114,0.6398692810457516,370,370,True,0.00038427565596066415,0.0003387596516404301,4.551600432023406e-05,0.0039831725880503654,191.13168100011535
imagenet,densenet121,ig,ILSVRC2012_val_00015926,373,0.005,3,3777709456935710546,valid,0.8586840402756241,0.6396013723247835,370,370,True,0.00038427565596066415,0.0003693575272336602,1.4918128727003932e-05,0.003980493638664484,191.13686300033805
imagenet,densenet121,ig,ILSVRC2012_val_00015926,373,0.005,4,8509120453478104409,valid,0.8579845079657793,0.6353267068600293,370,370,True,0.00038427565596066415,0.0004003145731985569,1.6038917237892747e-05,0.003997220192104578,191.19108400036566
imagenet,densenet121,ig,ILSVRC2012_val_00007971,220,0.005,0,6539809151522792949,valid,0.6516187419175344,0.6142834164387968,220,220,True,0.7666462659835815,0.6852919459342957,0.08135432004928589,0.0032053408212959766,191.17555299999367
imagenet,densenet121,ig,ILSVRC2012_val_00007971,220,0.005,1,2247456996425886328,valid,0.6628165644330095,0.6135048231511254,220,220,True,0.7666462659835815,0.6851885318756104,0.08145773410797119,0.003228061133995652,191.2428360001286
imagenet,densenet121,ig,ILSVRC2012_val_00007971,220,0.005,2,399923942390004657,valid,0.663158732713564,0.6055031195008799,220,220,True,0.7666462659835815,0.671082615852356,0.09556365013122559,0.0032157464884221554,191.18032699998366
imagenet,densenet121,ig,ILSVRC2012_val_00007971,220,0.005,3,5512153096464547389,valid,0.66226409061429,0.6047329708986249,220,220,True,0.7666462659835815,0.7053290605545044,0.06131720542907715,0.0032157828100025654,191.097142000217
imagenet,densenet121,ig,ILSVRC2012_val_00007971,220,0.005,4,6539105014280078224,valid,0.6568522544594457,0.6042199488491049,220,220,True,0.7666462659835815,0.7056309580802917,0.061015307903289795,0.003208809532225132,191.7809749998014
imagenet,densenet121,ig,ILSVRC2012_val_00015160,234,0.005,0,4314859105566112453,valid,0.6267400876985441,0.3960216998191682,234,234,True,0.7857553958892822,0.7665204405784607,0.019234955310821533,0.0038385451771318913,191.09871599994221
imagenet,densenet121,ig,ILSVRC2012_val_00015160,234,0.005,1,3954827248402496951,valid,0.6295717872812011,0.4026554856743536,234,234,True,0.7857553958892822,0.795680820941925,0.009925425052642822,0.0038396017625927925,191.18128799982514
imagenet,densenet121,ig,ILSVRC2012_val_00015160,234,0.005,2,9063806755192553816,valid,0.6326571776821274,0.39816104764558374,234,234,True,0.7857553958892822,0.7395579218864441,0.046197474002838135,0.003842610167339444,191.1419240000214
imagenet,densenet121,ig,ILSVRC2012_val_00015160,234,0.005,3,5113611462594320370,valid,0.6361501683805512,0.40895690018250735,234,234,True,0.7857553958892822,0.7438449859619141,0.041910409927368164,0.003832021029666066,191.41605000004347
imagenet,densenet121,ig,ILSVRC2012_val_00015160,234,0.005,4,2043122002561698985,valid,0.6310575699086081,0.41871642635001416,234,234,True,0.7857553958892822,0.7795791625976562,0.0061762332916259766,0.003842771053314209,194.15951500013762
imagenet,densenet121,ig,ILSVRC2012_val_00013600,78,0.005,0,5321597228691344102,valid,0.8163216290734108,0.6412101390024529,78,78,True,0.8869237303733826,0.8844900727272034,0.0024336576461791992,0.003825295949354768,194.01915300022665
imagenet,densenet121,ig,ILSVRC2012_val_00013600,78,0.005,1,7222167107109924805,valid,0.8153146754628191,0.6509294291824314,78,78,True,0.8869237303733826,0.8932573199272156,0.006333589553833008,0.0038245313335210085,193.29299699984404
imagenet,densenet121,ig,ILSVRC2012_val_00013600,78,0.005,2,7797770201540438027,valid,0.8208124711085013,0.6463254593175853,78,78,True,0.8869237303733826,0.8750678896903992,0.011855840682983398,0.0038342843763530254,191.4049699998941
imagenet,densenet121,ig,ILSVRC2012_val_00013600,78,0.005,3,1237048878609022038,valid,0.8169362081229362,0.6377284595300261,78,78,True,0.8869237303733826,0.8829206824302673,0.004003047943115234,0.0038343165069818497,191.13377199983006
imagenet,densenet121,ig,ILSVRC2012_val_00013600,78,0.005,4,8413812753638948976,valid,0.8146158537695817,0.6457855034437521,78,78,True,0.8869237303733826,0.8504217863082886,0.036501944065093994,0.0038248568307608366,191.31906099983098
imagenet,densenet121,ig,ILSVRC2012_val_00000391,185,0.005,0,647337732867472776,valid,0.6784851688424417,0.4129241165704632,185,185,True,0.9728056192398071,0.9660588502883911,0.006746768951416016,0.0038497091736644506,191.91285799979596
imagenet,densenet121,ig,ILSVRC2012_val_00000391,185,0.005,1,5961835625946395936,valid,0.6789190592871025,0.41451726568005637,185,185,True,0.9728056192398071,0.9708177447319031,0.0019878745079040527,0.0038408106192946434,191.33668499989653
imagenet,densenet121,ig,ILSVRC2012_val_00000391,185,0.005,2,3042057777627889131,valid,0.6787841726506552,0.4247586598523566,185,185,True,0.9728056192398071,0.9683358073234558,0.004469811916351318,0.0038353954441845417,191.23818700018091
imagenet,densenet121,ig,ILSVRC2012_val_00000391,185,0.005,3,1252662408036727049,valid,0.6813999861715128,0.4229405926556075,185,185,True,0.9728056192398071,0.9689353108406067,0.0038703083992004395,0.0038429831620305777,193.47007299984398
imagenet,densenet121,ig,ILSVRC2012_val_00000391,185,0.005,4,3315184970820708848,valid,0.6785002868801845,0.4282054930980504,185,185,True,0.9728056192398071,0.9684279561042786,0.0043776631355285645,0.0038221031427383423,192.52528099968913
imagenet,densenet121,ig,ILSVRC2012_val_00044836,119,0.005,0,8171849296649949647,valid,0.9209427234059415,0.6907008086253369,119,119,True,0.9620364904403687,0.9592856764793396,0.0027508139610290527,0.003988279029726982,191.3045449996389
imagenet,densenet121,ig,ILSVRC2012_val_00044836,119,0.005,1,4491656841088079867,valid,0.920604222950685,0.6889936048468529,119,119,True,0.9620364904403687,0.9617790579795837,0.0002574324607849121,0.00399305485188961,193.05395300034434
imagenet,densenet121,ig,ILSVRC2012_val_00044836,119,0.005,2,8171822219854576615,valid,0.9222667160622041,0.6864392539069064,119,119,True,0.9620364904403687,0.9634736776351929,0.0014371871948242188,0.004000420682132244,191.65112099972248
imagenet,densenet121,ig,ILSVRC2012_val_00044836,119,0.005,3,736521806856464285,valid,0.924289959245923,0.7082553191489361,119,119,True,0.9620364904403687,0.9586260914802551,0.0034103989601135254,0.003989059012383223,191.30240899994533
imagenet,densenet121,ig,ILSVRC2012_val_00044836,119,0.005,4,119500292384334511,valid,0.9214988263187337,0.6935538305771178,119,119,True,0.9620364904403687,0.9652121067047119,0.0031756162643432617,0.003985577262938023,191.85045600033845
imagenet,densenet121,ig,ILSVRC2012_val_00008135,133,0.005,0,124406041591251555,valid,0.6305193537833694,0.38868133388681336,133,133,True,0.9350944757461548,0.9472342729568481,0.01213979721069336,0.003984365146607161,191.33574799980124
imagenet,densenet121,ig,ILSVRC2012_val_00008135,133,0.005,1,4046374424050757993,valid,0.629959577745916,0.3848489029943425,133,133,True,0.9350944757461548,0.9364033341407776,0.0013088583946228027,0.0039837975054979324,191.39913100025296
imagenet,densenet121,ig,ILSVRC2012_val_00008135,133,0.005,2,7070056596642100015,valid,0.6292601380150794,0.38983520288048745,133,133,True,0.9350944757461548,0.9345333576202393,0.0005611181259155273,0.003985521383583546,193.4811000000991
imagenet,densenet121,ig,ILSVRC2012_val_00008135,133,0.005,3,7497482518350946051,valid,0.6180380512453968,0.38332184700206756,133,133,True,0.9350944757461548,0.9492259621620178,0.014131486415863037,0.003989551682025194,191.3963869997133
imagenet,densenet121,ig,ILSVRC2012_val_00008135,133,0.005,4,6191468841984863915,valid,0.6230903198405245,0.39253503538226725,133,133,True,0.9350944757461548,0.9334182143211365,0.0016762614250183105,0.00398357305675745,191.36524700024893
imagenet,densenet121,ig,ILSVRC2012_val_00010132,352,0.005,0,8093631686565907,valid,0.870843248080849,0.6433600785983298,352,352,True,0.7579072713851929,0.754072904586792,0.003834366798400879,0.003983512055128813,191.54337700001633
imagenet,densenet121,ig,ILSVRC2012_val_00010132,352,0.005,1,5447796235564570251,valid,0.8754067964343459,0.6493015612161052,352,352,True,0.7579072713851929,0.7637045979499817,0.005797326564788818,0.003995194099843502,191.9620170001508
imagenet,densenet121,ig,ILSVRC2012_val_00010132,352,0.005,2,3431872577805668339,valid,0.8749221024529987,0.6624151068411462,352,352,True,0.7579072713851929,0.7593472599983215,0.0014399886131286621,0.003983922768384218,191.4224249999279
imagenet,densenet121,ig,ILSVRC2012_val_00010132,352,0.005,3,3740817988212590263,valid,0.8673627363565583,0.6536496951721865,352,352,True,0.7579072713851929,0.7588669657707214,0.0009596943855285645,0.003995242528617382,191.39275899988206
imagenet,densenet121,ig,ILSVRC2012_val_00010132,352,0.005,4,3039345329130879730,valid,0.8753615472870346,0.6574731626754748,352,352,True,0.7579072713851929,0.7598416209220886,0.001934349536895752,0.003994313534349203,191.34943000017302
imagenet,densenet121,ig,ILSVRC2012_val_00007283,107,0.005,0,1109520789948083731,valid,0.5556255584335319,0.36972840180155586,107,107,True,0.9260103106498718,0.9380667805671692,0.012056469917297363,0.00361098931171,191.96539799986567
imagenet,densenet121,ig,ILSVRC2012_val_00007283,107,0.005,1,3998919051269725111,valid,0.5569602512064107,0.3753597368781691,107,107,True,0.9260103106498718,0.9562199711799622,0.030209660530090332,0.003637217450886965,191.43535500006692
imagenet,densenet121,ig,ILSVRC2012_val_00007283,107,0.005,2,2926071029045924349,valid,0.5665788264292435,0.3877212389380531,107,107,True,0.9260103106498718,0.951155960559845,0.025145649909973145,0.0036275414749979973,191.30672099981894
imagenet,densenet121,ig,ILSVRC2012_val_00007283,107,0.005,3,8903505724737762358,valid,0.5601819056778689,0.39022025211248096,107,107,True,0.9260103106498718,0.9558812975883484,0.029870986938476562,0.003647768869996071,191.1862580000161
imagenet,densenet121,ig,ILSVRC2012_val_00007283,107,0.005,4,7436574539817930625,valid,0.5636974377149482,0.39330834374566154,107,107,True,0.9260103106498718,0.9585301280021667,0.03251981735229492,0.00363202765583992,191.33905300031984
imagenet,densenet121,ig,ILSVRC2012_val_00007178,163,0.005,0,5036914402171006618,valid,0.8793951419868643,0.739040027724831,163,163,True,0.9809689521789551,0.9794517755508423,0.001517176628112793,0.003996239509433508,191.0987229998682
imagenet,densenet121,ig,ILSVRC2012_val_00007178,163,0.005,1,5651603839904135267,valid,0.8781479929066153,0.7354314369704306,163,163,True,0.9809689521789551,0.9807908535003662,0.0001780986785888672,0.003998482599854469,192.00155599992286
imagenet,densenet121,ig,ILSVRC2012_val_00007178,163,0.005,2,5636376440453686668,valid,0.8783834327361199,0.7396429190500954,163,163,True,0.9809689521789551,0.9808370471000671,0.00013190507888793945,0.003980488516390324,191.17263099997217
imagenet,densenet121,ig,ILSVRC2012_val_00007178,163,0.005,3,2784843849467413684,valid,0.8784529318329762,0.7399445214979196,163,163,True,0.9809689521789551,0.9804701209068298,0.0004988312721252441,0.003998495638370514,191.25907599982384
imagenet,densenet121,ig,ILSVRC2012_val_00007178,163,0.005,4,1747746171851914237,valid,0.8787230083240695,0.742966307745745,163,163,True,0.9809689521789551,0.9814664125442505,0.0004974603652954102,0.003992151934653521,191.82538899985957
imagenet,densenet121,ig,ILSVRC2012_val_00020205,142,0.005,0,7131126195450677294,valid,0.5994409622713209,0.3447675197641699,142,142,True,0.9433382749557495,0.9496250748634338,0.006286799907684326,0.0039767855778336525,191.0661270003402
imagenet,densenet121,ig,ILSVRC2012_val_00020205,142,0.005,1,652394825474452762,valid,0.6097890624425174,0.3489247311827957,142,142,True,0.9433382749557495,0.9384080767631531,0.0049301981925964355,0.0040029133670032024,191.130936999798
imagenet,densenet121,ig,ILSVRC2012_val_00020205,142,0.005,2,7298280662275534198,valid,0.6079427882030307,0.35750033815771676,142,142,True,0.9433382749557495,0.9379914999008179,0.005346775054931641,0.00398882245644927,191.7580999997881
imagenet,densenet121,ig,ILSVRC2012_val_00020205,142,0.005,3,321501024453794095,valid,0.5992089983988559,0.34765677454008326,142,142,True,0.9433382749557495,0.9396446347236633,0.0036936402320861816,0.003990398719906807,191.1623440000767
imagenet,densenet121,ig,ILSVRC2012_val_00020205,142,0.005,4,28614012351015291,valid,0.613328082650334,0.3606290672451193,142,142,True,0.9433382749557495,0.9410238265991211,0.002314448356628418,0.003990648314356804,191.10211899987917
imagenet,densenet121,ig,ILSVRC2012_val_00012313,947,0.005,0,4675788591855072525,valid,0.9335421101450974,0.7966344432509846,947,947,True,0.8604512214660645,0.8570458292961121,0.0034053921699523926,0.0039863004349172115,191.10805499985872
imagenet,densenet121,ig,ILSVRC2012_val_00012313,947,0.005,1,2909585199619158307,valid,0.9346538810890451,0.7844950213371266,947,947,True,0.8604512214660645,0.8569146394729614,0.0035365819931030273,0.003993981052190065,192.25339800004804
imagenet,densenet121,ig,ILSVRC2012_val_00012313,947,0.005,2,4139429911282159242,valid,0.9355755992453887,0.7921428571428571,947,947,True,0.8604512214660645,0.8622365593910217,0.0017853379249572754,0.003995305858552456,191.1874579996038
imagenet,densenet121,ig,ILSVRC2012_val_00012313,947,0.005,3,5708874253003390479,valid,0.9344447162859819,0.7932821154189744,947,947,True,0.8604512214660645,0.8604266047477722,2.4616718292236328e-05,0.0039989841170609,191.18653200030167
imagenet,densenet121,ig,ILSVRC2012_val_00012313,947,0.005,4,8672345341348820478,valid,0.936412474780561,0.7902247591865857,947,947,True,0.8604512214660645,0.8593824505805969,0.0010687708854675293,0.004013490863144398,191.09231799984627
imagenet,densenet121,ig,ILSVRC2012_val_00007854,915,0.005,0,2571262475368357897,valid,0.7850567727786046,0.6350602802215706,915,915,True,0.9877386093139648,0.9893279671669006,0.001589357852935791,0.003965318668633699,191.72748699975273
imagenet,densenet121,ig,ILSVRC2012_val_00007854,915,0.005,1,8030772877936490666,valid,0.7892946817301454,0.6495726495726496,915,915,True,0.9877386093139648,0.9891713261604309,0.0014327168464660645,0.003964627161622047,191.16275099986524
imagenet,densenet121,ig,ILSVRC2012_val_00007854,915,0.005,2,3012889963315334282,valid,0.7809336404421402,0.6414785737651292,915,915,True,0.9877386093139648,0.9889733195304871,0.0012347102165222168,0.003976478241384029,191.18194500015306
imagenet,densenet121,ig,ILSVRC2012_val_00007854,915,0.005,3,5790203417479694068,valid,0.780242570065263,0.6401372773328975,915,915,True,0.9877386093139648,0.9890195727348328,0.00128096342086792,0.0039726002141833305,191.16804600025716
imagenet,densenet121,ig,ILSVRC2012_val_00007854,915,0.005,4,507954533513966600,valid,0.7767894875153901,0.6297499188048068,915,915,True,0.9877386093139648,0.9889979958534241,0.0012593865394592285,0.0039726984687149525,191.1305869998614
imagenet,densenet121,ig,ILSVRC2012_val_00005867,184,0.005,0,1478452781381202281,valid,0.7166808122610461,0.5224514563106796,189,189,True,0.013788430951535702,0.01435091532766819,0.0005624843761324883,0.003993845544755459,191.13606300015817
imagenet,densenet121,ig,ILSVRC2012_val_00005867,184,0.005,1,6919772316408940515,valid,0.7264523217150295,0.5326817348808797,189,189,True,0.013788430951535702,0.014081892557442188,0.0002934616059064865,0.004008093848824501,191.09494900021673
imagenet,densenet121,ig,ILSVRC2012_val_00005867,184,0.005,2,113864722672658960,valid,0.7209245215594188,0.5421020282728949,189,189,True,0.013788430951535702,0.012996133416891098,0.0007922975346446037,0.003974780440330505,191.1065710000912
imagenet,densenet121,ig,ILSVRC2012_val_00005867,184,0.005,3,303642654442618836,valid,0.7250484966590091,0.5347912524850894,189,189,True,0.013788430951535702,0.016486911103129387,0.002698480151593685,0.0040024504996836185,191.18201499986753
imagenet,densenet121,ig,ILSVRC2012_val_00005867,184,0.005,4,6989995999554948155,valid,0.725976910380498,0.5287128712871287,189,189,True,0.013788430951535702,0.015232606790959835,0.0014441758394241333,0.003996135666966438,191.76963300014904
imagenet,densenet121,ig,ILSVRC2012_val_00049131,517,0.005,0,6637237118935856467,valid,0.42701052106354837,0.24069724316973667,517,517,True,0.6158032417297363,0.6141315698623657,0.0016716718673706055,0.003993775229901075,191.06963500007623
imagenet,densenet121,ig,ILSVRC2012_val_00049131,517,0.005,1,3115094047129690856,valid,0.43121253575742635,0.24996886287208867,517,517,True,0.6158032417297363,0.6594201326370239,0.0436168909072876,0.003976914100348949,191.1899009996887
imagenet,densenet121,ig,ILSVRC2012_val_00049131,517,0.005,2,7572103622376011972,valid,0.43583818948828545,0.2543432070991126,517,517,True,0.6158032417297363,0.6298009753227234,0.01399773359298706,0.003986924886703491,191.08506099973965
imagenet,densenet121,ig,ILSVRC2012_val_00049131,517,0.005,3,1912088464343539702,valid,0.4409138385108932,0.26001255492780917,517,517,True,0.6158032417297363,0.5443602800369263,0.07144296169281006,0.003971879370510578,191.3360790003935
imagenet,densenet121,ig,ILSVRC2012_val_00049131,517,0.005,4,6407097657709303580,valid,0.4213548363166171,0.25028030397408746,517,517,True,0.6158032417297363,0.5984033346176147,0.017399907112121582,0.003988467622548342,191.15259900036108
imagenet,densenet121,ig,ILSVRC2012_val_00002794,238,0.005,0,148870856522877581,valid,0.8150061025445888,0.5769956002514142,238,238,True,0.39012911915779114,0.4240449070930481,0.03391578793525696,0.003977419342845678,191.07916100028888
imagenet,densenet121,ig,ILSVRC2012_val_00002794,238,0.005,1,6739390888165317774,valid,0.8134783785571844,0.5784837999370871,238,238,True,0.39012911915779114,0.39081794023513794,0.0006888210773468018,0.003977640997618437,191.89805999985765
imagenet,densenet121,ig,ILSVRC2012_val_00002794,238,0.005,2,7637495171325878914,valid,0.818457615952856,0.5834648153991796,238,238,True,0.39012911915779114,0.38277411460876465,0.007355004549026489,0.003994992934167385,194.1199850002704
imagenet,densenet121,ig,ILSVRC2012_val_00002794,238,0.005,3,7865724333607158654,valid,0.8240771277270462,0.5980891719745223,238,238,True,0.39012911915779114,0.4152054488658905,0.025076329708099365,0.004000763408839703,191.50452799976847
imagenet,densenet121,ig,ILSVRC2012_val_00002794,238,0.005,4,4740369629748813919,valid,0.8133906647048607,0.5892319873317498,238,238,True,0.39012911915779114,0.42052704095840454,0.030397921800613403,0.003984694369137287,191.42247399986445
imagenet,densenet121,ig,ILSVRC2012_val_00020015,251,0.005,0,8340359128924814599,valid,0.885311606148182,0.6898467755514396,251,251,True,0.9522701501846313,0.9557088017463684,0.0034386515617370605,0.003980744164437056,192.07275300004767
imagenet,densenet121,ig,ILSVRC2012_val_00020015,251,0.005,1,1595013008358206898,valid,0.8897920785397693,0.6836101325280993,251,251,True,0.9522701501846313,0.9590933322906494,0.006823182106018066,0.003994239494204521,191.51994999992894
imagenet,densenet121,ig,ILSVRC2012_val_00020015,251,0.005,2,2069839571660079760,valid,0.8854810127115663,0.6824811399832356,251,251,True,0.9522701501846313,0.9510830640792847,0.0011870861053466797,0.0039911470375955105,191.43128299992895
imagenet,densenet121,ig,ILSVRC2012_val_00020015,251,0.005,3,5052706854778113595,valid,0.8905726691282457,0.6875735665041197,251,251,True,0.9522701501846313,0.9508293271064758,0.0014408230781555176,0.0039784274995327,191.40152099998886
imagenet,densenet121,ig,ILSVRC2012_val_00020015,251,0.005,4,8625788075028622241,valid,0.8864830507931276,0.695843190266982,251,251,True,0.9522701501846313,0.9525700211524963,0.00029987096786499023,0.00398634746670723,191.34937299986632
imagenet,densenet121,ig,ILSVRC2012_val_00006457,93,0.005,0,2221295253808256805,valid,0.7419655088393462,0.5089460231544128,93,93,True,0.9337769150733948,0.9250302314758301,0.008746683597564697,0.003986041992902756,191.3308970001708
imagenet,densenet121,ig,ILSVRC2012_val_00006457,93,0.005,1,8890389390177847519,valid,0.7350272245634369,0.5089460231544128,93,93,True,0.9337769150733948,0.9181404709815979,0.015636444091796875,0.003985479008406401,191.37124600001698
imagenet,densenet121,ig,ILSVRC2012_val_00006457,93,0.005,2,3206214600123905409,valid,0.7432485795976106,0.511673444795903,93,93,True,0.9337769150733948,0.9425947666168213,0.008817851543426514,0.003971096593886614,191.36146600021675
imagenet,densenet121,ig,ILSVRC2012_val_00006457,93,0.005,3,8212339849749385813,valid,0.7297364080190976,0.5044221256183481,93,93,True,0.9337769150733948,0.9411122798919678,0.007335364818572998,0.0039672995917499065,193.03868299994065
imagenet,densenet121,ig,ILSVRC2012_val_00006457,93,0.005,4,173775657669384710,valid,0.7382638197182027,0.5080390683696469,93,93,True,0.9337769150733948,0.9330494403839111,0.0007274746894836426,0.003966455347836018,193.2992799997919
imagenet,densenet121,ig,ILSVRC2012_val_00005363,144,0.005,0,1754875719892229240,valid,0.7173117754860601,0.49902912621359224,144,144,True,0.9941660165786743,0.9941095113754272,5.650520324707031e-05,0.003975404426455498,191.31268899991483
imagenet,densenet121,ig,ILSVRC2012_val_00005363,144,0.005,1,2878232700999841913,valid,0.7245491551103499,0.5060024009603842,144,144,True,0.9941660165786743,0.9945138692855835,0.0003478527069091797,0.003962884657084942,191.36493499991047
imagenet,densenet121,ig,ILSVRC2012_val_00005363,144,0.005,2,1260754754486525076,valid,0.7257113556829369,0.5039712273340327,144,144,True,0.9941660165786743,0.9936506152153015,0.0005154013633728027,0.003970468416810036,192.01971099982984
imagenet,densenet121,ig,ILSVRC2012_val_00005363,144,0.005,3,6259120057903181662,valid,0.7162744656960853,0.5055505550555055,144,144,True,0.9941660165786743,0.9936966300010681,0.00046938657760620117,0.00397830456495285,191.3692699999956
imagenet,densenet121,ig,ILSVRC2012_val_00005363,144,0.005,4,8925985218083513280,valid,0.7260087149694259,0.5055505550555055,144,144,True,0.9941660165786743,0.9946542978286743,0.00048828125,0.003976380918174982,193.1022710000434
imagenet,densenet121,ig,ILSVRC2012_val_00029916,329,0.005,0,1631732034194118179,valid,0.9228740231080098,0.7076739833248256,329,329,True,0.5872989892959595,0.5983713865280151,0.011072397232055664,0.003962802700698376,191.4024440002322
imagenet,densenet121,ig,ILSVRC2012_val_00029916,329,0.005,1,1000182872837178480,valid,0.9250511487630626,0.7208504801097394,329,329,True,0.5872989892959595,0.6569026708602905,0.06960368156433105,0.003976085688918829,191.6899090001607
imagenet,densenet121,ig,ILSVRC2012_val_00029916,329,0.005,2,8502272319537721053,valid,0.9252876941062349,0.7205554603120178,329,329,True,0.5872989892959595,0.6099669337272644,0.02266794443130493,0.003966137766838074,191.16299699999217
imagenet,densenet121,ig,ILSVRC2012_val_00029916,329,0.005,3,8934866934722391387,valid,0.9257081237351269,0.7211456010975819,329,329,True,0.5872989892959595,0.590644121170044,0.0033451318740844727,0.003969491925090551,191.15955699999176
imagenet,densenet121,ig,ILSVRC2012_val_00029916,329,0.005,4,1097476379069413043,valid,0.9229014693366032,0.7199657240788346,329,329,True,0.5872989892959595,0.6119698286056519,0.024670839309692383,0.003969996701925993,191.28974900013418
imagenet,densenet121,ig,ILSVRC2012_val_00030940,131,0.005,0,60530402044448653,valid,0.695508667685273,0.4324864401941193,131,131,True,0.9979788661003113,0.9979608058929443,1.806020736694336e-05,0.003990711644291878,191.6315419998682
imagenet,densenet121,ig,ILSVRC2012_val_00030940,131,0.005,1,19878695407192039,valid,0.7000353880097232,0.4365874606355568,131,131,True,0.9979788661003113,0.9984063506126404,0.00042748451232910156,0.004009614232927561,191.1354849999043
imagenet,densenet121,ig,ILSVRC2012_val_00030940,131,0.005,2,8737692386568679854,valid,0.6966283644277814,0.4446523679286023,131,131,True,0.9979788661003113,0.9979721903800964,6.67572021484375e-06,0.0039914255030453205,191.08306899988747
imagenet,densenet121,ig,ILSVRC2012_val_00030940,131,0.005,3,8009428695022092313,valid,0.686832990558625,0.43823445113212955,131,131,True,0.9979788661003113,0.9984319806098938,0.00045311450958251953,0.003991871606558561,191.15507400010756
imagenet,densenet121,ig,ILSVRC2012_val_00030940,131,0.005,4,7370962698984032743,valid,0.6891163688118419,0.44236849669445244,131,131,True,0.9979788661003113,0.9981995820999146,0.00022071599960327148,0.003995124250650406,191.09260499999436
imagenet,densenet121,ig,ILSVRC2012_val_00007404,148,0.005,0,1353541289590749312,valid,0.6906521951906198,0.42213405129658493,148,148,True,0.9988172650337219,0.998963475227356,0.0001462101936340332,0.003987115807831287,191.04015099992466
imagenet,densenet121,ig,ILSVRC2012_val_00007404,148,0.005,1,2510503587054256324,valid,0.6789391795979435,0.41931834252580963,148,148,True,0.9988172650337219,0.9991143345832825,0.0002970695495605469,0.0039845844730734825,191.15540299981149
imagenet,densenet121,ig,ILSVRC2012_val_00007404,148,0.005,2,9124177376530382382,valid,0.6803692826644436,0.41911764705882354,148,148,True,0.9988172650337219,0.9985322952270508,0.0002849698066711426,0.0039934031665325165,191.2146310000935
imagenet,densenet121,ig,ILSVRC2012_val_00007404,148,0.005,3,3118787724896590892,valid,0.6768995166404005,0.41511562323745066,148,148,True,0.9988172650337219,0.9989136457443237,9.638071060180664e-05,0.003979959059506655,191.11798499989163
imagenet,densenet121,ig,ILSVRC2012_val_00007404,148,0.005,4,4807272196805696475,valid,0.6731261751430871,0.41193021947101854,148,148,True,0.9988172650337219,0.9987254738807678,9.179115295410156e-05,0.004008340183645487,191.79476299996168
imagenet,densenet121,ig,ILSVRC2012_val_00013911,270,0.005,0,3406414677581813078,valid,0.5371730073713125,0.3158515799134653,270,270,True,0.9103983640670776,0.9250204563140869,0.014622092247009277,0.003994980361312628,191.06218700017052
imagenet,densenet121,ig,ILSVRC2012_val_00013911,270,0.005,1,8469970780324637199,valid,0.545567322065832,0.3234867466701833,270,270,True,0.9103983640670776,0.929309070110321,0.018910706043243408,0.003980111330747604,191.23015400009535
imagenet,densenet121,ig,ILSVRC2012_val_00013911,270,0.005,2,356705290482279711,valid,0.5513833851239621,0.3200052610811522,270,270,True,0.9103983640670776,0.9017627239227295,0.008635640144348145,0.0039853984490036964,191.15263899993806
imagenet,densenet121,ig,ILSVRC2012_val_00013911,270,0.005,3,4983809588645922553,valid,0.5451510630667983,0.32331223628691985,270,270,True,0.9103983640670776,0.9199762344360352,0.00957787036895752,0.003986387979239225,191.1072679999961
imagenet,densenet121,ig,ILSVRC2012_val_00013911,270,0.005,4,6966899606979763822,valid,0.5458240939094741,0.31533420707732635,270,270,True,0.9103983640670776,0.9203782677650452,0.00997990369796753,0.0039940099231898785,191.15259800037165
imagenet,densenet121,ig,ILSVRC2012_val_00008938,277,0.005,0,5731833880243919775,valid,0.6896711674458261,0.4534395365677046,277,277,True,0.5774765610694885,0.5891826152801514,0.011706054210662842,0.0039861625991761684,191.16337600007682
imagenet,densenet121,ig,ILSVRC2012_val_00008938,277,0.005,1,890327722127383384,valid,0.703173665886515,0.46746600380172537,277,277,True,0.5774765610694885,0.6085538268089294,0.031077265739440918,0.003972017206251621,191.73899199995503
imagenet,densenet121,ig,ILSVRC2012_val_00008938,277,0.005,2,14386847555252678,valid,0.6927344404109661,0.45914510031986044,277,277,True,0.5774765610694885,0.5952300429344177,0.0177534818649292,0.004004630260169506,191.13578900032735
imagenet,densenet121,ig,ILSVRC2012_val_00008938,277,0.005,3,3200166405680587137,valid,0.697667449570224,0.45935727788279773,277,277,True,0.5774765610694885,0.5892834663391113,0.011806905269622803,0.003983424045145512,191.63262400024905
imagenet,densenet121,ig,ILSVRC2012_val_00008938,277,0.005,4,4160051725462518160,valid,0.6949621562483426,0.4602066055579805,277,277,True,0.5774765610694885,0.5850085020065308,0.007531940937042236,0.003992393612861633,191.11198699965826
imagenet,densenet121,gradcam,ILSVRC2012_val_00012132,17,0.005,0,1240890485581281775,valid,0.9987723611428657,0.9775369458128079,17,17,True,0.9872965812683105,0.9897148013114929,0.002418220043182373,0.003996922168880701,18.69387500028097
imagenet,densenet121,gradcam,ILSVRC2012_val_00012132,17,0.005,1,7809966714089166156,valid,0.9993001092691198,0.9647611589663273,17,17,True,0.9872965812683105,0.988157331943512,0.000860750675201416,0.003996476996690035,18.798022999817476
imagenet,densenet121,gradcam,ILSVRC2012_val_00012132,17,0.005,2,594568608699110832,valid,0.9988755334375571,0.9651458782063834,17,17,True,0.9872965812683105,0.9906248450279236,0.003328263759613037,0.003997646272182465,18.775969999751396
imagenet,densenet121,gradcam,ILSVRC2012_val_00012132,17,0.005,3,8272835477805138346,valid,0.9995403097723105,0.9709347996857817,17,17,True,0.9872965812683105,0.9904699325561523,0.003173351287841797,0.003987786825746298,18.800917000135087
imagenet,densenet121,gradcam,ILSVRC2012_val_00012132,17,0.005,4,5588988483984321074,valid,0.9989261261798966,0.9740361919748229,17,17,True,0.9872965812683105,0.9883986115455627,0.0011020302772521973,0.003985461313277483,18.839833000129147
imagenet,densenet121,gradcam,ILSVRC2012_val_00000140,558,0.005,0,2495375757937344332,valid,0.9898331734188218,0.6859254282835069,251,251,True,8.067062253758195e-07,7.783060596011637e-07,2.840016577465576e-08,0.003977824002504349,18.622994999986986
imagenet,densenet121,gradcam,ILSVRC2012_val_00000140,558,0.005,1,8258382046345720994,valid,0.9913322255852808,0.7718926553672316,251,251,True,8.067062253758195e-07,9.941096550392103e-07,1.8740342966339085e-07,0.0039786482229828835,18.858156000078452
imagenet,densenet121,gradcam,ILSVRC2012_val_00000140,558,0.005,2,1986566169149637064,valid,0.9853833646304376,0.8354059985369422,251,251,True,8.067062253758195e-07,9.404898264619987e-07,1.3378360108617926e-07,0.003982102498412132,18.952423999962775
imagenet,densenet121,gradcam,ILSVRC2012_val_00000140,558,0.005,3,781331182807300414,valid,0.9859361996579392,0.8313868613138686,251,251,True,8.067062253758195e-07,8.319953508362232e-07,2.528912546040374e-08,0.003985240124166012,18.786169000122754
imagenet,densenet121,gradcam,ILSVRC2012_val_00000140,558,0.005,4,821512256087617785,valid,0.991993536532603,0.8207547169811321,251,251,True,8.067062253758195e-07,8.249937764048809e-07,1.8287551029061433e-08,0.003987926058471203,18.79032199985886
imagenet,densenet121,gradcam,ILSVRC2012_val_00031295,237,0.005,0,7260055080022824154,valid,0.999832987514341,0.9857538583300356,237,237,True,0.9356824159622192,0.959449052810669,0.023766636848449707,0.003991680685430765,18.725550999988627
imagenet,densenet121,gradcam,ILSVRC2012_val_00031295,237,0.005,1,6830589745658477501,valid,0.9998728550377944,0.9904799682665609,237,237,True,0.9356824159622192,0.9355353713035583,0.00014704465866088867,0.003990218974649906,18.867439000132435
imagenet,densenet121,gradcam,ILSVRC2012_val_00031295,237,0.005,2,5572588514906466611,valid,0.9997155401977633,0.9853610286844708,237,237,True,0.9356824159622192,0.9349977374076843,0.0006846785545349121,0.003981485962867737,18.830026000159705
imagenet,densenet121,gradcam,ILSVRC2012_val_00031295,237,0.005,3,7784788833784456437,valid,0.9997994571943533,0.9810501381760758,237,237,True,0.9356824159622192,0.9282420873641968,0.007440328598022461,0.003984395414590836,18.8612940000894
imagenet,densenet121,gradcam,ILSVRC2012_val_00031295,237,0.005,4,205616704339721179,valid,0.9999711285051495,0.994435612082671,237,237,True,0.9356824159622192,0.9356065392494202,7.587671279907227e-05,0.003989964723587036,18.849496000257204
imagenet,densenet121,gradcam,ILSVRC2012_val_00004300,330,0.005,0,2062959023804323395,valid,0.9996703932755625,0.983399209486166,330,330,True,0.8613166213035583,0.8552923202514648,0.006024301052093506,0.003975726664066315,18.699408999964362
imagenet,densenet121,gradcam,ILSVRC2012_val_00004300,330,0.005,1,1730914782129674652,valid,0.9996575136769372,0.99245582688108,330,330,True,0.8613166213035583,0.878758430480957,0.01744180917739868,0.003996573854237795,18.825567000021692
imagenet,densenet121,gradcam,ILSVRC2012_val_00004300,330,0.005,2,2230829393384523700,valid,0.9994066774268072,0.9767579279101832,330,330,True,0.8613166213035583,0.8517773151397705,0.009539306163787842,0.003984126728028059,18.881426000007195
imagenet,densenet121,gradcam,ILSVRC2012_val_00004300,330,0.005,3,2370168859087342904,valid,0.9996460542404708,0.9952286282306163,330,330,True,0.8613166213035583,0.8633280396461487,0.002011418342590332,0.00397538160905242,18.845542000235582
imagenet,densenet121,gradcam,ILSVRC2012_val_00004300,330,0.005,4,9172714801131829905,valid,0.9997432226218849,0.9818325434439179,330,330,True,0.8613166213035583,0.8593220114707947,0.001994609832763672,0.003993544261902571,18.748146999769233
imagenet,densenet121,gradcam,ILSVRC2012_val_00007011,140,0.005,0,8693357588706766936,valid,0.9997567829374556,0.9928514694201748,140,140,True,0.9624544978141785,0.9652203917503357,0.0027658939361572266,0.003985125571489334,18.662907000361884
imagenet,densenet121,gradcam,ILSVRC2012_val_00007011,140,0.005,1,7795033858281793546,valid,0.9997969303451775,0.9845758354755784,140,140,True,0.9624544978141785,0.9671617746353149,0.004707276821136475,0.003996301908046007,18.804547999934584
imagenet,densenet121,gradcam,ILSVRC2012_val_00007011,140,0.005,2,2820880621722301505,valid,0.9994498286296326,0.9674573613017056,140,140,True,0.9624544978141785,0.9664304852485657,0.003975987434387207,0.003980946261435747,18.78440500013312
imagenet,densenet121,gradcam,ILSVRC2012_val_00007011,140,0.005,3,9156189342167126515,valid,0.9997637858253042,0.9755905511811024,140,140,True,0.9624544978141785,0.9676130414009094,0.005158543586730957,0.0039957608096301556,18.871364000005997
imagenet,densenet121,gradcam,ILSVRC2012_val_00007011,140,0.005,4,2817173590254193893,valid,0.9998217503958443,0.9857538583300356,140,140,True,0.9624544978141785,0.9684837460517883,0.006029248237609863,0.003985989838838577,18.89376999997694
imagenet,densenet121,gradcam,ILSVRC2012_val_00008228,381,0.005,0,4154338444683056573,valid,0.9997444359475388,0.9682290645224554,381,381,True,0.6121732592582703,0.6266267895698547,0.014453530311584473,0.003944521304219961,18.641572999968048
imagenet,densenet121,gradcam,ILSVRC2012_val_00008228,381,0.005,1,8968172922966999441,valid,0.9998650393789438,0.9771473601260835,381,381,True,0.6121732592582703,0.6158765554428101,0.003703296184539795,0.0039505683816969395,18.81922900020072
imagenet,densenet121,gradcam,ILSVRC2012_val_00008228,381,0.005,2,4537400942497270551,valid,0.999848594826954,0.9701609736945426,381,381,True,0.6121732592582703,0.5847733020782471,0.027399957180023193,0.003956777509301901,18.807084999934887
imagenet,densenet121,gradcam,ILSVRC2012_val_00008228,381,0.005,3,650350537098486573,valid,0.9999275107410773,0.9767579279101832,381,381,True,0.6121732592582703,0.6329553723335266,0.020782113075256348,0.003946382086724043,20.77723899992634
imagenet,densenet121,gradcam,ILSVRC2012_val_00008228,381,0.005,4,4634637524913072090,valid,0.9998835934154273,0.9755905511811024,381,381,True,0.6121732592582703,0.6317915916442871,0.019618332386016846,0.003938153851777315,18.867618999593105
imagenet,densenet121,gradcam,ILSVRC2012_val_00016006,732,0.005,0,2689331499638741690,valid,0.9991854017926168,0.9659157688540646,732,732,True,0.9732236862182617,0.9789811968803406,0.005757510662078857,0.003991495352238417,18.624734000241006
imagenet,densenet121,gradcam,ILSVRC2012_val_00016006,732,0.005,1,8580294959909415158,valid,0.999179026613877,0.9713219406796307,732,732,True,0.9732236862182617,0.9758368730545044,0.0026131868362426758,0.003996087703853846,18.828437999673042
imagenet,densenet121,gradcam,ILSVRC2012_val_00016006,732,0.005,2,9114965582325127640,valid,0.9981504038419949,0.9659157688540646,732,732,True,0.9732236862182617,0.9754805564880371,0.0022568702697753906,0.003978316206485033,18.822034999629977
imagenet,densenet121,gradcam,ILSVRC2012_val_00016006,732,0.005,3,6003814197834614244,valid,0.9993157265482933,0.9849683544303798,732,732,True,0.9732236862182617,0.9771615862846375,0.003937900066375732,0.004002221394330263,19.323196000186726
imagenet,densenet121,gradcam,ILSVRC2012_val_00016006,732,0.005,4,2271394598789847604,valid,0.9990654299006141,0.9845758354755784,732,732,True,0.9732236862182617,0.9739524722099304,0.0007287859916687012,0.003988306038081646,18.820421999862447
imagenet,densenet121,gradcam,ILSVRC2012_val_00023543,254,0.005,0,270999366333867741,valid,0.998712311792628,0.9767579279101832,254,254,True,0.979292631149292,0.9806033968925476,0.0013107657432556152,0.003958440851420164,18.678058999739733
imagenet,densenet121,gradcam,ILSVRC2012_val_00023543,254,0.005,1,6483725595163808915,valid,0.9986100695885536,0.983399209486166,254,254,True,0.979292631149292,0.9805539846420288,0.0012613534927368164,0.003962662070989609,18.83728999973755
imagenet,densenet121,gradcam,ILSVRC2012_val_00023543,254,0.005,2,4939728852732550403,valid,0.9981643488102714,0.9877203406615171,254,254,True,0.979292631149292,0.9782537221908569,0.0010389089584350586,0.003957195673137903,18.842954000319878
imagenet,densenet121,gradcam,ILSVRC2012_val_00023543,254,0.005,3,4468478742456119862,valid,0.9982496035051533,0.9767579279101832,254,254,True,0.979292631149292,0.9776418805122375,0.0016507506370544434,0.003962239250540733,18.819349999830592
imagenet,densenet121,gradcam,ILSVRC2012_val_00023543,254,0.005,4,2390165699526937601,valid,0.998327570202223,0.9810501381760758,254,254,True,0.979292631149292,0.9798510670661926,0.0005584359169006348,0.003957102075219154,18.897485999787023
imagenet,densenet121,gradcam,ILSVRC2012_val_00023347,89,0.005,0,7881334844864196200,valid,0.9997612367234024,0.9532892175943947,89,89,True,0.9743596315383911,0.9703872799873352,0.003972351551055908,0.00399034982547164,18.88876600014555
imagenet,densenet121,gradcam,ILSVRC2012_val_00023347,89,0.005,1,8223420927206424359,valid,0.9991395848843008,0.9411992263056093,89,89,True,0.9743596315383911,0.9738757014274597,0.0004839301109313965,0.003996758721768856,19.01562200009721
imagenet,densenet121,gradcam,ILSVRC2012_val_00023347,89,0.005,2,2108301894708548545,valid,0.9998444394598617,0.9755905511811024,89,89,True,0.9743596315383911,0.9747672080993652,0.0004075765609741211,0.0039965626783668995,18.98754099966027
imagenet,densenet121,gradcam,ILSVRC2012_val_00023347,89,0.005,3,2944429311875253943,valid,0.9995614356396202,0.983399209486166,89,89,True,0.9743596315383911,0.9772486090660095,0.002888977527618408,0.003986770287156105,18.922213000223564
imagenet,densenet121,gradcam,ILSVRC2012_val_00023347,89,0.005,4,7481385728545187894,valid,0.9990423813275027,0.9404485692188709,89,89,True,0.9743596315383911,0.9761589169502258,0.0017992854118347168,0.003985045477747917,18.932948999918153
imagenet,densenet121,gradcam,ILSVRC2012_val_00011253,363,0.005,0,7969622713620301542,valid,0.9988677589267706,0.9460926895481869,104,104,True,0.03567151352763176,0.02666577324271202,0.009005740284919739,0.003959124442189932,18.849518000024545
imagenet,densenet121,gradcam,ILSVRC2012_val_00011253,363,0.005,1,7338576340922310673,valid,0.9994822922232182,0.9536694568814483,104,104,True,0.03567151352763176,0.04016920179128647,0.004497688263654709,0.003965461160987616,18.905615000221587
imagenet,densenet121,gradcam,ILSVRC2012_val_00011253,363,0.005,2,3200603612045899266,valid,0.9979204421251563,0.9396984924623115,104,104,True,0.03567151352763176,0.02804192155599594,0.0076295919716358185,0.003952908795326948,18.994324000232155
imagenet,densenet121,gradcam,ILSVRC2012_val_00011253,363,0.005,3,9145090093729942847,valid,0.999336985445603,0.9506316812439262,104,104,True,0.03567151352763176,0.020469335839152336,0.015202177688479424,0.0039524477906525135,19.126352000057523
imagenet,densenet121,gradcam,ILSVRC2012_val_00011253,363,0.005,4,2178187931079052202,valid,0.9976077237810761,0.9449612403100776,104,104,True,0.03567151352763176,0.018753521144390106,0.016917992383241653,0.0039482819847762585,18.93464499971742
imagenet,densenet121,gradcam,ILSVRC2012_val_00003259,94,0.005,0,4429780876333051471,valid,0.9997343157665933,0.9693877551020408,94,94,True,0.9969375133514404,0.998129665851593,0.0011921525001525879,0.003993895836174488,18.740193000212457
imagenet,densenet121,gradcam,ILSVRC2012_val_00003259,94,0.005,1,6769608815490762161,valid,0.9997495692839311,0.9713219406796307,94,94,True,0.9969375133514404,0.9977642297744751,0.000826716423034668,0.003977128304541111,18.94400899982429
imagenet,densenet121,gradcam,ILSVRC2012_val_00003259,94,0.005,2,4833077611948378318,valid,0.9995306204180353,0.9536694568814483,94,94,True,0.9969375133514404,0.9980471134185791,0.0011096000671386719,0.003983453847467899,18.95289699996283
imagenet,densenet121,gradcam,ILSVRC2012_val_00003259,94,0.005,3,4179979153158216119,valid,0.999431855327575,0.9639921722113503,94,94,True,0.9969375133514404,0.9978463649749756,0.0009088516235351562,0.003990536089986563,18.932041999960347
imagenet,densenet121,gradcam,ILSVRC2012_val_00003259,94,0.005,4,6565154810130259791,valid,0.999618706936088,0.9597734817418473,94,94,True,0.9969375133514404,0.9978231191635132,0.0008856058120727539,0.003990671131759882,19.0535550000277
imagenet,densenet121,gradcam,ILSVRC2012_val_00004482,750,0.005,0,8865422365549614856,valid,0.9990559613512726,0.9724842767295597,750,750,True,0.6619910001754761,0.6445698142051697,0.017421185970306396,0.003970022778958082,18.760514999939915
imagenet,densenet121,gradcam,ILSVRC2012_val_00004482,750,0.005,1,1059731291589273690,valid,0.9987640278056106,0.9620723362658846,750,750,True,0.6619910001754761,0.6573366522789001,0.004654347896575928,0.003988173790276051,18.90721499967185
imagenet,densenet121,gradcam,ILSVRC2012_val_00004482,750,0.005,2,6688019309583644909,valid,0.9992047731946644,0.926295585412668,750,750,True,0.6619910001754761,0.6483667492866516,0.013624250888824463,0.003984617535024881,18.941653999718255
imagenet,densenet121,gradcam,ILSVRC2012_val_00004482,750,0.005,3,3874562316425712509,valid,0.9994542326315332,0.9853610286844708,750,750,True,0.6619910001754761,0.675341010093689,0.01335000991821289,0.003982017282396555,18.926633999853948
imagenet,densenet121,gradcam,ILSVRC2012_val_00004482,750,0.005,4,7297647644263138051,valid,0.9986806133181767,0.9616888193901486,750,750,True,0.6619910001754761,0.6393685936927795,0.022622406482696533,0.003985417541116476,19.056493999869417
imagenet,densenet121,gradcam,ILSVRC2012_val_00008860,223,0.005,0,4910538784497448159,valid,0.9983297398402771,0.9483595418365366,236,177,False,0.010964926332235336,0.013955551199615002,0.0029906248673796654,0.00399110559374094,18.864938000206166
imagenet,densenet121,gradcam,ILSVRC2012_val_00008860,223,0.005,1,2962209082535827029,valid,0.998519809211471,0.9399382000772499,236,236,True,0.010964926332235336,0.011105294339358807,0.0001403680071234703,0.003994074184447527,18.921096999747533
imagenet,densenet121,gradcam,ILSVRC2012_val_00008860,223,0.005,2,4915173341996997882,valid,0.9984594314083368,0.950252623396813,236,236,True,0.010964926332235336,0.009587861597537994,0.001377064734697342,0.003989708609879017,18.94950499990955
imagenet,densenet121,gradcam,ILSVRC2012_val_00008860,223,0.005,3,5481128366000690820,valid,0.9988927778290972,0.9513902391600233,236,236,True,0.010964926332235336,0.01236270647495985,0.001397780142724514,0.003988922107964754,18.915692000064155
imagenet,densenet121,gradcam,ILSVRC2012_val_00008860,223,0.005,4,6528802408170143378,valid,0.9987738338506811,0.963042628079781,236,236,True,0.010964926332235336,0.010269859805703163,0.0006950665265321732,0.00399424834176898,18.916576999799872
imagenet,densenet121,gradcam,ILSVRC2012_val_00014374,252,0.005,0,737479706250928168,valid,0.9970590829367103,0.9517697394010113,197,197,True,0.23986952006816864,0.19416779279708862,0.04570172727108002,0.003983885515481234,18.84587900030965
imagenet,densenet121,gradcam,ILSVRC2012_val_00014374,252,0.005,1,6444986774818403125,valid,0.9999503381556258,0.9845758354755784,197,197,True,0.23986952006816864,0.22978557646274567,0.010083943605422974,0.003981397487223148,18.956164000428544
imagenet,densenet121,gradcam,ILSVRC2012_val_00014374,252,0.005,2,4059748774665811067,valid,0.9990684899778075,0.975201731942531,197,197,True,0.23986952006816864,0.1730247586965561,0.06684476137161255,0.0039821709506213665,18.966229999932693
imagenet,densenet121,gradcam,ILSVRC2012_val_00014374,252,0.005,3,3670375015107843525,valid,0.9981967996846298,0.96015625,197,197,True,0.23986952006816864,0.18068450689315796,0.05918501317501068,0.0039883507415652275,18.94888299966624
imagenet,densenet121,gradcam,ILSVRC2012_val_00014374,252,0.005,4,3823413000468415307,valid,0.9998404761235046,0.9491163332685958,197,197,True,0.23986952006816864,0.18025101721286774,0.0596185028553009,0.003992062993347645,18.93698599997151
imagenet,densenet121,gradcam,ILSVRC2012_val_00011915,13,0.005,0,6063869365544434696,valid,0.999026124853133,0.9892963330029733,13,13,True,0.9917823076248169,0.9932593703269958,0.001477062702178955,0.003980695735663176,18.720190999829356
imagenet,densenet121,gradcam,ILSVRC2012_val_00011915,13,0.005,1,1939233157906620720,valid,0.9987862579206088,0.9763686490744388,13,13,True,0.9917823076248169,0.9919834733009338,0.00020116567611694336,0.0039930399507284164,18.967916000292462
imagenet,densenet121,gradcam,ILSVRC2012_val_00011915,13,0.005,2,2362658896889484070,valid,0.9981756018863815,0.988508024569051,13,13,True,0.9917823076248169,0.9938501119613647,0.0020678043365478516,0.003975533414632082,18.900517000020045
imagenet,densenet121,gradcam,ILSVRC2012_val_00011915,13,0.005,3,986056008418880171,valid,0.9991031963628807,0.9779266850610958,13,13,True,0.9917823076248169,0.9927346706390381,0.0009523630142211914,0.00399312237277627,19.00593199979994
imagenet,densenet121,gradcam,ILSVRC2012_val_00011915,13,0.005,4,2515950031567076910,valid,0.9986088378412963,0.9593908629441624,13,13,True,0.9917823076248169,0.9920699000358582,0.00028759241104125977,0.003998739179223776,18.95278399979361
imagenet,densenet121,gradcam,ILSVRC2012_val_00019344,349,0.005,0,4088068935384823697,valid,0.9999378502425652,0.9948320413436692,349,349,True,0.6660455465316772,0.6655587553977966,0.00048679113388061523,0.003982038702815771,18.731908000063413
imagenet,densenet121,gradcam,ILSVRC2012_val_00019344,349,0.005,1,8602332259342884988,valid,0.9998348505012292,0.9857538583300356,349,349,True,0.6660455465316772,0.6728347539901733,0.006789207458496094,0.003990971948951483,18.881895000049553
imagenet,densenet121,gradcam,ILSVRC2012_val_00019344,349,0.005,2,7596426159223342915,valid,0.9999298976543073,0.9900852667063256,349,349,True,0.6660455465316772,0.6636143922805786,0.002431154251098633,0.003987160045653582,18.87982700009161
imagenet,densenet121,gradcam,ILSVRC2012_val_00019344,349,0.005,3,5842746269193422530,valid,0.9999280855320094,0.9845758354755784,349,349,True,0.6660455465316772,0.6837819218635559,0.017736375331878662,0.00400152150541544,19.007938999948237
imagenet,densenet121,gradcam,ILSVRC2012_val_00019344,349,0.005,4,4539572770689928226,valid,0.999903050524199,0.9853610286844708,349,349,True,0.6660455465316772,0.6688112020492554,0.002765655517578125,0.0039830757305026054,18.908215000010387
imagenet,densenet121,gradcam,ILSVRC2012_val_00015926,373,0.005,0,7824287406080257999,valid,0.9985528370522517,0.9717092337917486,370,370,True,0.00038427565596066415,0.0004466090467758477,6.233339081518352e-05,0.003984430804848671,18.787751000218122
imagenet,densenet121,gradcam,ILSVRC2012_val_00015926,373,0.005,1,7929028858864195142,valid,0.9986298856521542,0.9563352826510721,370,370,True,0.00038427565596066415,0.00035708164796233177,2.719400799833238e-05,0.003985324874520302,18.882111000039004
imagenet,densenet121,gradcam,ILSVRC2012_val_00015926,373,0.005,2,1672669132139356813,valid,0.9991678476676294,0.9763686490744388,370,370,True,0.00038427565596066415,0.0003387596516404301,4.551600432023406e-05,0.0039831725880503654,19.231270000091172
imagenet,densenet121,gradcam,ILSVRC2012_val_00015926,373,0.005,3,3777709456935710546,valid,0.9991886398051127,0.9525291828793774,370,370,True,0.00038427565596066415,0.0003693575272336602,1.4918128727003932e-05,0.003980493638664484,19.02444999996078
imagenet,densenet121,gradcam,ILSVRC2012_val_00015926,373,0.005,4,8509120453478104409,valid,0.9992325952888257,0.9411992263056093,370,370,True,0.00038427565596066415,0.0004003145731985569,1.6038917237892747e-05,0.003997220192104578,18.978998000420688
imagenet,densenet121,gradcam,ILSVRC2012_val_00007971,220,0.005,0,6539809151522792949,valid,0.9952342752952114,0.9960222752585521,220,220,True,0.7666462659835815,0.6852919459342957,0.08135432004928589,0.0032053408212959766,18.788376999964385
imagenet,densenet121,gradcam,ILSVRC2012_val_00007971,220,0.005,1,2247456996425886328,valid,0.9958170084805215,0.99245582688108,220,220,True,0.7666462659835815,0.6851885318756104,0.08145773410797119,0.003228061133995652,18.93867599983423
imagenet,densenet121,gradcam,ILSVRC2012_val_00007971,220,0.005,2,399923942390004657,valid,0.9958436212811552,0.9896907216494846,220,220,True,0.7666462659835815,0.671082615852356,0.09556365013122559,0.0032157464884221554,18.936504000066634
imagenet,densenet121,gradcam,ILSVRC2012_val_00007971,220,0.005,3,5512153096464547389,valid,0.9956138929134826,0.9900852667063256,220,220,True,0.7666462659835815,0.7053290605545044,0.06131720542907715,0.0032157828100025654,18.984931999966648
imagenet,densenet121,gradcam,ILSVRC2012_val_00007971,220,0.005,4,6539105014280078224,valid,0.9963082345060091,0.9853610286844708,220,220,True,0.7666462659835815,0.7056309580802917,0.061015307903289795,0.003208809532225132,18.9801719998286
imagenet,densenet121,gradcam,ILSVRC2012_val_00015160,234,0.005,0,4314859105566112453,valid,0.9988285584748489,0.9783165779617583,234,234,True,0.7857553958892822,0.7665204405784607,0.019234955310821533,0.0038385451771318913,18.768999999792868
imagenet,densenet121,gradcam,ILSVRC2012_val_00015160,234,0.005,1,3954827248402496951,valid,0.9993857389065149,0.9709347996857817,234,234,True,0.7857553958892822,0.795680820941925,0.009925425052642822,0.0038396017625927925,19.05509499965774
imagenet,densenet121,gradcam,ILSVRC2012_val_00015160,234,0.005,2,9063806755192553816,valid,0.9997882041495285,0.9849683544303798,234,234,True,0.7857553958892822,0.7395579218864441,0.046197474002838135,0.003842610167339444,18.824684000264824
imagenet,densenet121,gradcam,ILSVRC2012_val_00015160,234,0.005,3,5113611462594320370,valid,0.9992538530581393,0.9908748264233287,234,234,True,0.7857553958892822,0.7438449859619141,0.041910409927368164,0.003832021029666066,18.769571000120777
imagenet,densenet121,gradcam,ILSVRC2012_val_00015160,234,0.005,4,2043122002561698985,valid,0.999419784169556,0.9713219406796307,234,234,True,0.7857553958892822,0.7795791625976562,0.0061762332916259766,0.003842771053314209,18.79233799991198
imagenet,densenet121,gradcam,ILSVRC2012_val_00013600,78,0.005,0,5321597228691344102,valid,0.9987483270647751,0.9790968250838099,78,78,True,0.8869237303733826,0.8844900727272034,0.0024336576461791992,0.003825295949354768,18.709744000261708
imagenet,densenet121,gradcam,ILSVRC2012_val_00013600,78,0.005,1,7222167107109924805,valid,0.9995376032791271,0.9932472691161867,78,78,True,0.8869237303733826,0.8932573199272156,0.006333589553833008,0.0038245313335210085,18.869122000069183
imagenet,densenet121,gradcam,ILSVRC2012_val_00013600,78,0.005,2,7797770201540438027,valid,0.9989904350834139,0.9932472691161867,78,78,True,0.8869237303733826,0.8750678896903992,0.011855840682983398,0.0038342843763530254,18.83640200003356
imagenet,densenet121,gradcam,ILSVRC2012_val_00013600,78,0.005,3,1237048878609022038,valid,0.9995087077088395,0.9920603414053196,78,78,True,0.8869237303733826,0.8829206824302673,0.004003047943115234,0.0038343165069818497,18.8550259999829
imagenet,densenet121,gradcam,ILSVRC2012_val_00013600,78,0.005,4,8413812753638948976,valid,0.9991657884138135,0.9651458782063834,78,78,True,0.8869237303733826,0.8504217863082886,0.036501944065093994,0.0038248568307608366,18.866709000121773
imagenet,densenet121,gradcam,ILSVRC2012_val_00000391,185,0.005,0,647337732867472776,valid,0.9996051320597144,0.9865399841646872,185,185,True,0.9728056192398071,0.9660588502883911,0.006746768951416016,0.0038497091736644506,18.715217000135453
imagenet,densenet121,gradcam,ILSVRC2012_val_00000391,185,0.005,1,5961835625946395936,valid,0.9996854645081114,0.9928514694201748,185,185,True,0.9728056192398071,0.9708177447319031,0.0019878745079040527,0.0038408106192946434,18.811401999755617
imagenet,densenet121,gradcam,ILSVRC2012_val_00000391,185,0.005,2,3042057777627889131,valid,0.9995865696364941,0.9900852667063256,185,185,True,0.9728056192398071,0.9683358073234558,0.004469811916351318,0.0038353954441845417,18.837982000150078
imagenet,densenet121,gradcam,ILSVRC2012_val_00000391,185,0.005,3,1252662408036727049,valid,0.9995371171528264,0.9873267326732673,185,185,True,0.9728056192398071,0.9689353108406067,0.0038703083992004395,0.0038429831620305777,18.839975999981107
imagenet,densenet121,gradcam,ILSVRC2012_val_00000391,185,0.005,4,3315184970820708848,valid,0.9996575398017988,0.9869332805385073,185,185,True,0.9728056192398071,0.9684279561042786,0.0043776631355285645,0.0038221031427383423,18.842721000055462
imagenet,densenet121,gradcam,ILSVRC2012_val_00044836,119,0.005,0,8171849296649949647,valid,0.9995386309037702,0.9806591671600553,119,119,True,0.9620364904403687,0.9592856764793396,0.0027508139610290527,0.003988279029726982,18.618599000092217
imagenet,densenet121,gradcam,ILSVRC2012_val_00044836,119,0.005,1,4491656841088079867,valid,0.9999335574460462,0.988902100673801,119,119,True,0.9620364904403687,0.9617790579795837,0.0002574324607849121,0.00399305485188961,18.8784410001972
imagenet,densenet121,gradcam,ILSVRC2012_val_00044836,119,0.005,2,8171822219854576615,valid,0.9998730733790757,0.9705478107205969,119,119,True,0.9620364904403687,0.9634736776351929,0.0014371871948242188,0.004000420682132244,18.85888199967667
imagenet,densenet121,gradcam,ILSVRC2012_val_00044836,119,0.005,3,736521806856464285,valid,0.9997660401283346,0.9783165779617583,119,119,True,0.9620364904403687,0.9586260914802551,0.0034103989601135254,0.003989059012383223,20.76418599972385
imagenet,densenet121,gradcam,ILSVRC2012_val_00044836,119,0.005,4,119500292384334511,valid,0.9997414617196373,0.9837912630954734,119,119,True,0.9620364904403687,0.9652121067047119,0.0031756162643432617,0.003985577262938023,18.805723000241414
imagenet,densenet121,gradcam,ILSVRC2012_val_00008135,133,0.005,0,124406041591251555,valid,0.9977180709423213,0.9865399841646872,133,133,True,0.9350944757461548,0.9472342729568481,0.01213979721069336,0.003984365146607161,18.793500999890966
imagenet,densenet121,gradcam,ILSVRC2012_val_00008135,133,0.005,1,4046374424050757993,valid,0.9992463394366039,0.9837912630954734,133,133,True,0.9350944757461548,0.9364033341407776,0.0013088583946228027,0.0039837975054979324,18.840536999960023
imagenet,densenet121,gradcam,ILSVRC2012_val_00008135,133,0.005,2,7070056596642100015,valid,0.9984292414538839,0.9857538583300356,133,133,True,0.9350944757461548,0.9345333576202393,0.0005611181259155273,0.003985521383583546,18.90512199997829
imagenet,densenet121,gradcam,ILSVRC2012_val_00008135,133,0.005,3,7497482518350946051,valid,0.9988883933144985,0.9763686490744388,133,133,True,0.9350944757461548,0.9492259621620178,0.014131486415863037,0.003989551682025194,18.85382499995103
imagenet,densenet121,gradcam,ILSVRC2012_val_00008135,133,0.005,4,6191468841984863915,valid,0.9993734222310018,0.9841834717279557,133,133,True,0.9350944757461548,0.9334182143211365,0.0016762614250183105,0.00398357305675745,18.80000299979656
imagenet,densenet121,gradcam,ILSVRC2012_val_00010132,352,0.005,0,8093631686565907,valid,0.9995952475319081,0.9728720267348142,352,352,True,0.7579072713851929,0.754072904586792,0.003834366798400879,0.003983512055128813,18.701363000218407
imagenet,densenet121,gradcam,ILSVRC2012_val_00010132,352,0.005,1,5447796235564570251,valid,0.9998882832904594,0.9869332805385073,352,352,True,0.7579072713851929,0.7637045979499817,0.005797326564788818,0.003995194099843502,18.813948000115488
imagenet,densenet121,gradcam,ILSVRC2012_val_00010132,352,0.005,2,3431872577805668339,valid,0.9998219145842467,0.9900852667063256,352,352,True,0.7579072713851929,0.7593472599983215,0.0014399886131286621,0.003983922768384218,18.85486499986655
imagenet,densenet121,gradcam,ILSVRC2012_val_00010132,352,0.005,3,3740817988212590263,valid,0.9998222894261138,0.983399209486166,352,352,True,0.7579072713851929,0.7588669657707214,0.0009596943855285645,0.003995242528617382,18.799227000272367
imagenet,densenet121,gradcam,ILSVRC2012_val_00010132,352,0.005,4,3039345329130879730,valid,0.999765185939144,0.983399209486166,352,352,True,0.7579072713851929,0.7598416209220886,0.001934349536895752,0.003994313534349203,18.833535999874584
imagenet,densenet121,gradcam,ILSVRC2012_val_00007283,107,0.005,0,1109520789948083731,valid,0.9960051719985231,0.9483595418365366,107,107,True,0.9260103106498718,0.9380667805671692,0.012056469917297363,0.00361098931171,18.657017999885284
imagenet,densenet121,gradcam,ILSVRC2012_val_00007283,107,0.005,1,3998919051269725111,valid,0.9979473657854191,0.9755905511811024,107,107,True,0.9260103106498718,0.9562199711799622,0.030209660530090332,0.003637217450886965,18.878868999763654
imagenet,densenet121,gradcam,ILSVRC2012_val_00007283,107,0.005,2,2926071029045924349,valid,0.9941229946351393,0.9513902391600233,107,107,True,0.9260103106498718,0.951155960559845,0.025145649909973145,0.0036275414749979973,18.883031999848754
imagenet,densenet121,gradcam,ILSVRC2012_val_00007283,107,0.005,3,8903505724737762358,valid,0.9956654906798117,0.9732599292174597,107,107,True,0.9260103106498718,0.9558812975883484,0.029870986938476562,0.003647768869996071,18.882790000134264
imagenet,densenet121,gradcam,ILSVRC2012_val_00007283,107,0.005,4,7436574539817930625,valid,0.9943625288462307,0.9628398200664972,107,107,True,0.9260103106498718,0.9585301280021667,0.03251981735229492,0.00363202765583992,18.784379999942757
imagenet,densenet121,gradcam,ILSVRC2012_val_00007178,163,0.005,0,5036914402171006618,valid,0.9998903059159904,0.9728720267348142,163,163,True,0.9809689521789551,0.9794517755508423,0.001517176628112793,0.003996239509433508,18.687687999772606
imagenet,densenet121,gradcam,ILSVRC2012_val_00007178,163,0.005,1,5651603839904135267,valid,0.9998275517112578,0.9802683504340963,163,163,True,0.9809689521789551,0.9807908535003662,0.0001780986785888672,0.003998482599854469,18.786985000133427
imagenet,densenet121,gradcam,ILSVRC2012_val_00007178,163,0.005,2,5636376440453686668,valid,0.99984646256827,0.9775369458128079,163,163,True,0.9809689521789551,0.9808370471000671,0.00013190507888793945,0.003980488516390324,18.818020999788132
imagenet,densenet121,gradcam,ILSVRC2012_val_00007178,163,0.005,3,2784843849467413684,valid,0.999849893663188,0.9818325434439179,163,163,True,0.9809689521789551,0.9804701209068298,0.0004988312721252441,0.003998495638370514,18.79433700014488
imagenet,densenet121,gradcam,ILSVRC2012_val_00007178,163,0.005,4,1747746171851914237,valid,0.9997851941589427,0.9869332805385073,163,163,True,0.9809689521789551,0.9814664125442505,0.0004974603652954102,0.003992151934653521,18.89277000009315
imagenet,densenet121,gradcam,ILSVRC2012_val_00020205,142,0.005,0,7131126195450677294,valid,0.9987569795697666,0.9759795235282536,142,142,True,0.9433382749557495,0.9496250748634338,0.006286799907684326,0.0039767855778336525,18.707646000166278
imagenet,densenet121,gradcam,ILSVRC2012_val_00020205,142,0.005,1,652394825474452762,valid,0.9973980251142215,0.9701609736945426,142,142,True,0.9433382749557495,0.9384080767631531,0.0049301981925964355,0.0040029133670032024,18.84395399974892
imagenet,densenet121,gradcam,ILSVRC2012_val_00020205,142,0.005,2,7298280662275534198,valid,0.9996190413730675,0.9814412635735439,142,142,True,0.9433382749557495,0.9379914999008179,0.005346775054931641,0.00398882245644927,18.802487999892037
imagenet,densenet121,gradcam,ILSVRC2012_val_00020205,142,0.005,3,321501024453794095,valid,0.9983594511700509,0.9693877551020408,142,142,True,0.9433382749557495,0.9396446347236633,0.0036936402320861816,0.003990398719906807,18.800919000113936
imagenet,densenet121,gradcam,ILSVRC2012_val_00020205,142,0.005,4,28614012351015291,valid,0.998906393405577,0.9713219406796307,142,142,True,0.9433382749557495,0.9410238265991211,0.002314448356628418,0.003990648314356804,18.77906100025939
imagenet,densenet121,gradcam,ILSVRC2012_val_00012313,947,0.005,0,4675788591855072525,valid,0.9999537229044115,0.9818325434439179,947,947,True,0.8604512214660645,0.8570458292961121,0.0034053921699523926,0.0039863004349172115,18.70377700015524
imagenet,densenet121,gradcam,ILSVRC2012_val_00012313,947,0.005,1,2909585199619158307,valid,0.9999387982118401,0.988508024569051,947,947,True,0.8604512214660645,0.8569146394729614,0.0035365819931030273,0.003993981052190065,19.104317000255833
imagenet,densenet121,gradcam,ILSVRC2012_val_00012313,947,0.005,2,4139429911282159242,valid,0.9999498281297607,0.9980091578737806,947,947,True,0.8604512214660645,0.8622365593910217,0.0017853379249572754,0.003995305858552456,18.92654199991739
imagenet,densenet121,gradcam,ILSVRC2012_val_00012313,947,0.005,3,5708874253003390479,valid,0.9999136563454126,0.9857538583300356,947,947,True,0.8604512214660645,0.8604266047477722,2.4616718292236328e-05,0.0039989841170609,18.95248700020602
imagenet,densenet121,gradcam,ILSVRC2012_val_00012313,947,0.005,4,8672345341348820478,valid,0.9999491743344661,0.9865399841646872,947,947,True,0.8604512214660645,0.8593824505805969,0.0010687708854675293,0.004013490863144398,18.959089999952994
imagenet,densenet121,gradcam,ILSVRC2012_val_00007854,915,0.005,0,2571262475368357897,valid,0.9997053837495087,0.9822239778787281,915,915,True,0.9877386093139648,0.9893279671669006,0.001589357852935791,0.003965318668633699,18.82016899980954
imagenet,densenet121,gradcam,ILSVRC2012_val_00007854,915,0.005,1,8030772877936490666,valid,0.999868321448283,0.9787066246056783,915,915,True,0.9877386093139648,0.9891713261604309,0.0014327168464660645,0.003964627161622047,19.012083999768947
imagenet,densenet121,gradcam,ILSVRC2012_val_00007854,915,0.005,2,3012889963315334282,valid,0.9998410621705285,0.9720966791118097,915,915,True,0.9877386093139648,0.9889733195304871,0.0012347102165222168,0.003976478241384029,18.952746000195475
imagenet,densenet121,gradcam,ILSVRC2012_val_00007854,915,0.005,3,5790203417479694068,valid,0.9996793226985677,0.956716708910119,915,915,True,0.9877386093139648,0.9890195727348328,0.00128096342086792,0.0039726002141833305,18.916250000074797
imagenet,densenet121,gradcam,ILSVRC2012_val_00007854,915,0.005,4,507954533513966600,valid,0.9997698679171135,0.9682290645224554,915,915,True,0.9877386093139648,0.9889979958534241,0.0012593865394592285,0.0039726984687149525,18.936005999876215
imagenet,densenet121,gradcam,ILSVRC2012_val_00005867,184,0.005,0,1478452781381202281,valid,0.9991759283018341,0.9736479842674532,189,189,True,0.013788430951535702,0.01435091532766819,0.0005624843761324883,0.003993845544755459,18.71426900015649
imagenet,densenet121,gradcam,ILSVRC2012_val_00005867,184,0.005,1,6919772316408940515,valid,0.9994822121612119,0.9697742885181551,189,189,True,0.013788430951535702,0.014081892557442188,0.0002934616059064865,0.004008093848824501,18.891760000315116
imagenet,densenet121,gradcam,ILSVRC2012_val_00005867,184,0.005,2,113864722672658960,valid,0.9993415916077345,0.9837912630954734,189,189,True,0.013788430951535702,0.012996133416891098,0.0007922975346446037,0.003974780440330505,18.936258000394446
imagenet,densenet121,gradcam,ILSVRC2012_val_00005867,184,0.005,3,303642654442618836,valid,0.9989302718922028,0.9419504643962848,189,189,True,0.013788430951535702,0.016486911103129387,0.002698480151593685,0.0040024504996836185,18.874946999858366
imagenet,densenet121,gradcam,ILSVRC2012_val_00005867,184,0.005,4,6989995999554948155,valid,0.9996362793304276,0.9690013733568766,189,189,True,0.013788430951535702,0.015232606790959835,0.0014441758394241333,0.003996135666966438,18.906260000221664
imagenet,densenet121,gradcam,ILSVRC2012_val_00049131,517,0.005,0,6637237118935856467,valid,0.9992352670381132,0.9686151431934091,517,517,True,0.6158032417297363,0.6141315698623657,0.0016716718673706055,0.003993775229901075,18.679148000046553
imagenet,densenet121,gradcam,ILSVRC2012_val_00049131,517,0.005,1,3115094047129690856,valid,0.9977693132700974,0.9411992263056093,517,517,True,0.6158032417297363,0.6594201326370239,0.0436168909072876,0.003976914100348949,18.90440499983015
imagenet,densenet121,gradcam,ILSVRC2012_val_00049131,517,0.005,2,7572103622376011972,valid,0.9992086007645626,0.9483595418365366,517,517,True,0.6158032417297363,0.6298009753227234,0.01399773359298706,0.003986924886703491,18.965936999848054
imagenet,densenet121,gradcam,ILSVRC2012_val_00049131,517,0.005,3,1912088464343539702,valid,0.9965378310544508,0.9597734817418473,517,517,True,0.6158032417297363,0.5443602800369263,0.07144296169281006,0.003971879370510578,18.97640600009254
imagenet,densenet121,gradcam,ILSVRC2012_val_00049131,517,0.005,4,6407097657709303580,valid,0.99762394579697,0.955191895577635,517,517,True,0.6158032417297363,0.5984033346176147,0.017399907112121582,0.003988467622548342,18.93087899998136
imagenet,densenet121,gradcam,ILSVRC2012_val_00002794,238,0.005,0,148870856522877581,valid,0.9982205935293297,0.9713219406796307,238,238,True,0.39012911915779114,0.4240449070930481,0.03391578793525696,0.003977419342845678,18.820544999925914
imagenet,densenet121,gradcam,ILSVRC2012_val_00002794,238,0.005,1,6739390888165317774,valid,0.9994310978286662,0.9794871794871794,238,238,True,0.39012911915779114,0.39081794023513794,0.0006888210773468018,0.003977640997618437,19.00132200034932
imagenet,densenet121,gradcam,ILSVRC2012_val_00002794,238,0.005,2,7637495171325878914,valid,0.999437067943223,0.9732599292174597,238,238,True,0.39012911915779114,0.38277411460876465,0.007355004549026489,0.003994992934167385,18.99409200041191
imagenet,densenet121,gradcam,ILSVRC2012_val_00002794,238,0.005,3,7865724333607158654,valid,0.9995928615299512,0.9853610286844708,238,238,True,0.39012911915779114,0.4152054488658905,0.025076329708099365,0.004000763408839703,18.947413000205415
imagenet,densenet121,gradcam,ILSVRC2012_val_00002794,238,0.005,4,4740369629748813919,valid,0.9995669236661756,0.9853610286844708,238,238,True,0.39012911915779114,0.42052704095840454,0.030397921800613403,0.003984694369137287,18.933552999897074
imagenet,densenet121,gradcam,ILSVRC2012_val_00020015,251,0.005,0,8340359128924814599,valid,0.9996692322817784,0.9960222752585521,251,251,True,0.9522701501846313,0.9557088017463684,0.0034386515617370605,0.003980744164437056,18.81758199988326
imagenet,densenet121,gradcam,ILSVRC2012_val_00020015,251,0.005,1,1595013008358206898,valid,0.9996834272231764,0.9936432260627731,251,251,True,0.9522701501846313,0.9590933322906494,0.006823182106018066,0.003994239494204521,18.89048599969101
imagenet,densenet121,gradcam,ILSVRC2012_val_00020015,251,0.005,2,2069839571660079760,valid,0.9995747047458371,0.9845758354755784,251,251,True,0.9522701501846313,0.9510830640792847,0.0011870861053466797,0.0039911470375955105,18.999984999936714
imagenet,densenet121,gradcam,ILSVRC2012_val_00020015,251,0.005,3,5052706854778113595,valid,0.998943645774882,0.9928514694201748,251,251,True,0.9522701501846313,0.9508293271064758,0.0014408230781555176,0.0039784274995327,18.9704320000601
imagenet,densenet121,gradcam,ILSVRC2012_val_00020015,251,0.005,4,8625788075028622241,valid,0.9981932369105792,0.9940393403536658,251,251,True,0.9522701501846313,0.9525700211524963,0.00029987096786499023,0.00398634746670723,18.98374199981845
imagenet,densenet121,gradcam,ILSVRC2012_val_00006457,93,0.005,0,2221295253808256805,valid,0.9997913160415145,0.9790968250838099,93,93,True,0.9337769150733948,0.9250302314758301,0.008746683597564697,0.003986041992902756,18.77243399985673
imagenet,densenet121,gradcam,ILSVRC2012_val_00006457,93,0.005,1,8890389390177847519,valid,0.9983976180380612,0.9806591671600553,93,93,True,0.9337769150733948,0.9181404709815979,0.015636444091796875,0.003985479008406401,18.97657800009256
imagenet,densenet121,gradcam,ILSVRC2012_val_00006457,93,0.005,2,3206214600123905409,valid,0.999311666197322,0.9822239778787281,93,93,True,0.9337769150733948,0.9425947666168213,0.008817851543426514,0.003971096593886614,18.965407999985473
imagenet,densenet121,gradcam,ILSVRC2012_val_00006457,93,0.005,3,8212339849749385813,valid,0.9982185150214596,0.9818325434439179,93,93,True,0.9337769150733948,0.9411122798919678,0.007335364818572998,0.0039672995917499065,18.957665000016277
imagenet,densenet121,gradcam,ILSVRC2012_val_00006457,93,0.005,4,173775657669384710,valid,0.998907762557815,0.9822239778787281,93,93,True,0.9337769150733948,0.9330494403839111,0.0007274746894836426,0.003966455347836018,18.973703000028763
imagenet,densenet121,gradcam,ILSVRC2012_val_00005363,144,0.005,0,1754875719892229240,valid,0.9995263434748249,0.9748130657221566,144,144,True,0.9941660165786743,0.9941095113754272,5.650520324707031e-05,0.003975404426455498,18.849452000267775
imagenet,densenet121,gradcam,ILSVRC2012_val_00005363,144,0.005,1,2878232700999841913,valid,0.9991497533257807,0.9419504643962848,144,144,True,0.9941660165786743,0.9945138692855835,0.0003478527069091797,0.003962884657084942,18.96838899983777
imagenet,densenet121,gradcam,ILSVRC2012_val_00005363,144,0.005,2,1260754754486525076,valid,0.9997680670867282,0.9763686490744388,144,144,True,0.9941660165786743,0.9936506152153015,0.0005154013633728027,0.003970468416810036,18.94868099998348
imagenet,densenet121,gradcam,ILSVRC2012_val_00005363,144,0.005,3,6259120057903181662,valid,0.9987964020774801,0.9845758354755784,144,144,True,0.9941660165786743,0.9936966300010681,0.00046938657760620117,0.00397830456495285,18.94893000007869
imagenet,densenet121,gradcam,ILSVRC2012_val_00005363,144,0.005,4,8925985218083513280,valid,0.9993590427631701,0.9713219406796307,144,144,True,0.9941660165786743,0.9946542978286743,0.00048828125,0.003976380918174982,18.97806099987065
imagenet,densenet121,gradcam,ILSVRC2012_val_00029916,329,0.005,0,1631732034194118179,valid,0.9985895982958181,0.9806591671600553,329,329,True,0.5872989892959595,0.5983713865280151,0.011072397232055664,0.003962802700698376,18.71208900001875
imagenet,densenet121,gradcam,ILSVRC2012_val_00029916,329,0.005,1,1000182872837178480,valid,0.998863219622479,0.9790968250838099,329,329,True,0.5872989892959595,0.6569026708602905,0.06960368156433105,0.003976085688918829,18.84800100015127
imagenet,densenet121,gradcam,ILSVRC2012_val_00029916,329,0.005,2,8502272319537721053,valid,0.9993933415572694,0.983399209486166,329,329,True,0.5872989892959595,0.6099669337272644,0.02266794443130493,0.003966137766838074,18.91731500018068
imagenet,densenet121,gradcam,ILSVRC2012_val_00029916,329,0.005,3,8934866934722391387,valid,0.9990754840789121,0.9806591671600553,329,329,True,0.5872989892959595,0.590644121170044,0.0033451318740844727,0.003969491925090551,18.771766000099888
imagenet,densenet121,gradcam,ILSVRC2012_val_00029916,329,0.005,4,1097476379069413043,valid,0.9996117833055936,0.9869332805385073,329,329,True,0.5872989892959595,0.6119698286056519,0.024670839309692383,0.003969996701925993,18.84009299965328
imagenet,densenet121,gradcam,ILSVRC2012_val_00030940,131,0.005,0,60530402044448653,valid,0.9989261168777096,0.9709347996857817,131,131,True,0.9979788661003113,0.9979608058929443,1.806020736694336e-05,0.003990711644291878,18.651159000000916
imagenet,densenet121,gradcam,ILSVRC2012_val_00030940,131,0.005,1,19878695407192039,valid,0.9993174724971738,0.9845758354755784,131,131,True,0.9979788661003113,0.9984063506126404,0.00042748451232910156,0.004009614232927561,18.828280999969138
imagenet,densenet121,gradcam,ILSVRC2012_val_00030940,131,0.005,2,8737692386568679854,valid,0.9990855932701764,0.9732599292174597,131,131,True,0.9979788661003113,0.9979721903800964,6.67572021484375e-06,0.0039914255030453205,18.793481000102474
imagenet,densenet121,gradcam,ILSVRC2012_val_00030940,131,0.005,3,8009428695022092313,valid,0.9989169269151729,0.9521493872787395,131,131,True,0.9979788661003113,0.9984319806098938,0.00045311450958251953,0.003991871606558561,18.83144400017045
imagenet,densenet121,gradcam,ILSVRC2012_val_00030940,131,0.005,4,7370962698984032743,valid,0.9987122435602555,0.9682290645224554,131,131,True,0.9979788661003113,0.9981995820999146,0.00022071599960327148,0.003995124250650406,18.803903000389255
imagenet,densenet121,gradcam,ILSVRC2012_val_00007404,148,0.005,0,1353541289590749312,valid,0.9989167765553124,0.9705478107205969,148,148,True,0.9988172650337219,0.998963475227356,0.0001462101936340332,0.003987115807831287,18.661874999907013
imagenet,densenet121,gradcam,ILSVRC2012_val_00007404,148,0.005,1,2510503587054256324,valid,0.9984268783093179,0.9434546862896979,148,148,True,0.9988172650337219,0.9991143345832825,0.0002970695495605469,0.0039845844730734825,18.861221999941336
imagenet,densenet121,gradcam,ILSVRC2012_val_00007404,148,0.005,2,9124177376530382382,valid,0.9996296646005919,0.9861468434593311,148,148,True,0.9988172650337219,0.9985322952270508,0.0002849698066711426,0.0039934031665325165,18.903387999671395
imagenet,densenet121,gradcam,ILSVRC2012_val_00007404,148,0.005,3,3118787724896590892,valid,0.9982510008575971,0.9540498442367601,148,148,True,0.9988172650337219,0.9989136457443237,9.638071060180664e-05,0.003979959059506655,18.824473000222497
imagenet,densenet121,gradcam,ILSVRC2012_val_00007404,148,0.005,4,4807272196805696475,valid,0.9982477175797153,0.9674573613017056,148,148,True,0.9988172650337219,0.9987254738807678,9.179115295410156e-05,0.004008340183645487,18.852981999771146
imagenet,densenet121,gradcam,ILSVRC2012_val_00013911,270,0.005,0,3406414677581813078,valid,0.9997544070938298,0.9726808176100629,270,270,True,0.9103983640670776,0.9250204563140869,0.014622092247009277,0.003994980361312628,18.767909000416694
imagenet,densenet121,gradcam,ILSVRC2012_val_00013911,270,0.005,1,8469970780324637199,valid,0.9995803472730374,0.9580569644947328,270,270,True,0.9103983640670776,0.929309070110321,0.018910706043243408,0.003980111330747604,18.855808999887813
imagenet,densenet121,gradcam,ILSVRC2012_val_00013911,270,0.005,2,356705290482279711,valid,0.9995748004273423,0.9800749654764254,270,270,True,0.9103983640670776,0.9017627239227295,0.008635640144348145,0.0039853984490036964,18.81594299993594
imagenet,densenet121,gradcam,ILSVRC2012_val_00013911,270,0.005,3,4983809588645922553,valid,0.9994811622643057,0.9796844181459566,270,270,True,0.9103983640670776,0.9199762344360352,0.00957787036895752,0.003986387979239225,18.79571000017677
imagenet,densenet121,gradcam,ILSVRC2012_val_00013911,270,0.005,4,6966899606979763822,valid,0.9997159663077995,0.9715183657434688,270,270,True,0.9103983640670776,0.9203782677650452,0.00997990369796753,0.0039940099231898785,18.838917999801197
imagenet,densenet121,gradcam,ILSVRC2012_val_00008938,277,0.005,0,5731833880243919775,valid,0.9987360608120919,0.9597734817418473,277,277,True,0.5774765610694885,0.5891826152801514,0.011706054210662842,0.0039861625991761684,18.615249000049516
imagenet,densenet121,gradcam,ILSVRC2012_val_00008938,277,0.005,1,890327722127383384,valid,0.9987652285446964,0.9755905511811024,277,277,True,0.5774765610694885,0.6085538268089294,0.031077265739440918,0.003972017206251621,18.84140699985437
imagenet,densenet121,gradcam,ILSVRC2012_val_00008938,277,0.005,2,14386847555252678,valid,0.9989381540262241,0.9620723362658846,277,277,True,0.5774765610694885,0.5952300429344177,0.0177534818649292,0.004004630260169506,18.81286399975579
imagenet,densenet121,gradcam,ILSVRC2012_val_00008938,277,0.005,3,3200166405680587137,valid,0.9995211830769517,0.9479813664596274,277,277,True,0.5774765610694885,0.5892834663391113,0.011806905269622803,0.003983424045145512,18.8370699997904
imagenet,densenet121,gradcam,ILSVRC2012_val_00008938,277,0.005,4,4160051725462518160,valid,0.9997206177585141,0.9693877551020408,277,277,True,0.5774765610694885,0.5850085020065308,0.007531940937042236,0.003992393612861633,18.85362399980295
voc,vgg16,ig,8173,18,0.005,0,2568184002337986066,valid,0.9325195089774595,0.7235102181006354,18,18,True,0.9999691247940063,0.9999644756317139,4.649162292480469e-06,0.00399689469486475,297.6126230000773
voc,vgg16,ig,8173,18,0.005,1,2700930089002217196,valid,0.9304466128060359,0.7120436711020129,18,18,True,0.9999691247940063,0.9999699592590332,8.344650268554688e-07,0.003999899607151747,297.7757769999698
voc,vgg16,ig,8173,18,0.005,2,6274773280352562869,valid,0.9333452984516116,0.7363321799307958,18,18,True,0.9999691247940063,0.9999614953994751,7.62939453125e-06,0.003980373032391071,297.62497499996243
voc,vgg16,ig,8173,18,0.005,3,7384397133206063386,valid,0.9322842795672684,0.7235102181006354,18,18,True,0.9999691247940063,0.999967098236084,2.0265579223632812e-06,0.003992972429841757,302.23857800001497
voc,vgg16,ig,8173,18,0.005,4,7207923362354915897,valid,0.9345936076455251,0.7351313969571232,18,18,True,0.9999691247940063,0.9999613761901855,7.748603820800781e-06,0.003987052943557501,297.628008999709
voc,vgg16,ig,8927,9,0.005,0,2972210994312305306,valid,0.827870263337375,0.5991077119184194,16,16,True,0.026238370686769485,0.010783574543893337,0.015454796142876148,0.003956443630158901,298.1688929999109
voc,vgg16,ig,8927,9,0.005,1,3098727151507634343,valid,0.8262854016370154,0.6122088353413655,16,16,True,0.026238370686769485,0.014351638965308666,0.01188673172146082,0.003959944471716881,297.6931940002032
voc,vgg16,ig,8927,9,0.005,2,3156827023830551964,valid,0.8235380392595403,0.6132454589294326,16,16,True,0.026238370686769485,0.012571831233799458,0.013666539452970028,0.00395288597792387,297.6215530002264
voc,vgg16,ig,8927,9,0.005,3,2568375632386903713,valid,0.8261755481413617,0.6024269519399649,16,16,True,0.026238370686769485,0.012033835984766483,0.014204534702003002,0.003952330444008112,298.0921219996162
voc,vgg16,ig,8927,9,0.005,4,487923459527200765,valid,0.828637896213376,0.6174053182917002,16,16,True,0.026238370686769485,0.02080215886235237,0.005436211824417114,0.003944706171751022,297.61073500003477
voc,vgg16,ig,5803,10,0.005,0,3852546974185743096,valid,0.6984671458743363,0.44777841892671666,8,8,True,0.9876433610916138,0.9848596453666687,0.0027837157249450684,0.003981397021561861,298.2957660001375
voc,vgg16,ig,5803,10,0.005,1,2371425837951975359,valid,0.6917272848442639,0.4538606403013183,8,8,True,0.9876433610916138,0.982642650604248,0.005000710487365723,0.003984390292316675,297.6029840001502
voc,vgg16,ig,5803,10,0.005,2,6461432094931278540,valid,0.6974552257640918,0.4502890173410405,8,8,True,0.9876433610916138,0.9870490431785583,0.0005943179130554199,0.003981403075158596,297.71174899997277
voc,vgg16,ig,5803,10,0.005,3,7926371796250851087,valid,0.6934270528612846,0.4502890173410405,8,8,True,0.9876433610916138,0.9846622943878174,0.0029810667037963867,0.003993417136371136,297.65090499995495
voc,vgg16,ig,5803,10,0.005,4,2273525925788181717,valid,0.7016900099053456,0.4509180280468411,8,8,True,0.9876433610916138,0.9845306873321533,0.0031126737594604492,0.003981274086982012,298.0771110001115
voc,vgg16,ig,39,19,0.005,0,2479825858614679456,valid,0.6500583510226721,0.3942761878299528,19,19,True,0.9999816417694092,0.9999797344207764,1.9073486328125e-06,0.00398419750854373,297.63843799992173
voc,vgg16,ig,39,19,0.005,1,2409326931739155617,valid,0.6526989898364576,0.399721059972106,19,19,True,0.9999816417694092,0.9999737739562988,7.867813110351562e-06,0.003993691876530647,298.2256070004041
voc,vgg16,ig,39,19,0.005,2,6067917643963702541,valid,0.6580304947051299,0.4016759776536313,19,19,True,0.9999816417694092,0.999977707862854,3.933906555175781e-06,0.003987385891377926,297.58259400023235
voc,vgg16,ig,39,19,0.005,3,3836945159140576186,valid,0.6569739079210669,0.4038327038746678,19,19,True,0.9999816417694092,0.9999746084213257,7.033348083496094e-06,0.00398008618503809,297.73689299963735
voc,vgg16,ig,39,19,0.005,4,2894779989879545488,valid,0.6605812039169211,0.4026554856743536,19,19,True,0.9999816417694092,0.9999767541885376,4.887580871582031e-06,0.003976120613515377,298.15645999997287
voc,vgg16,ig,1686,14,0.005,0,2407452988058933126,valid,0.9409054637457446,0.7339322736696614,14,14,True,0.9959312081336975,0.995749831199646,0.00018137693405151367,0.003984620328992605,297.55706200012355
voc,vgg16,ig,1686,14,0.005,1,1416983024301229683,valid,0.9383231991439508,0.7363321799307958,14,14,True,0.9959312081336975,0.9959354400634766,4.231929779052734e-06,0.0039873202331364155,298.22692900006587
voc,vgg16,ig,1686,14,0.005,2,329098390142242351,valid,0.9395362388227143,0.7411519777931992,14,14,True,0.9959312081336975,0.9959574341773987,2.6226043701171875e-05,0.003991101402789354,297.7238490002492
voc,vgg16,ig,1686,14,0.005,3,8332520142723992066,valid,0.9376485207679192,0.7441779631560653,14,14,True,0.9959312081336975,0.9959760308265686,4.482269287109375e-05,0.003986937925219536,297.6845590001176
voc,vgg16,ig,1686,14,0.005,4,4678094734876851399,valid,0.9403655098134777,0.7432690637484801,14,14,True,0.9959312081336975,0.9954034090042114,0.000527799129486084,0.0039848992601037025,298.2480069999838
voc,vgg16,ig,5544,18,0.005,0,7605300728157470724,valid,0.7562059813368907,0.536906584992343,18,18,True,0.9977865219116211,0.9959217309951782,0.001864790916442871,0.003989167511463165,297.63191600022765
voc,vgg16,ig,5544,18,0.005,1,7713127228031362199,valid,0.7462674993218189,0.5266200182537268,18,18,True,0.9977865219116211,0.9959388971328735,0.0018476247787475586,0.003987888805568218,297.64735200024006
voc,vgg16,ig,5544,18,0.005,2,3269339992068861176,valid,0.7528115355523306,0.5343219691178719,18,18,True,0.9977865219116211,0.99817955493927,0.0003930330276489258,0.003979042638093233,298.1889409998075
voc,vgg16,ig,5544,18,0.005,3,3089590639899074028,valid,0.753113987845383,0.5456645618358232,18,18,True,0.9977865219116211,0.9946783781051636,0.0031081438064575195,0.003996388986706734,297.60409900018203
voc,vgg16,ig,5544,18,0.005,4,6201695411679841990,valid,0.7596330640440344,0.5470941883767535,18,18,True,0.9977865219116211,0.9971089959144592,0.0006775259971618652,0.0039961994625627995,298.20520199973544
voc,vgg16,ig,3784,1,0.005,0,568371097838651679,valid,0.8891828471845544,0.6912706437478935,1,1,True,0.9999548196792603,0.9999547004699707,1.1920928955078125e-07,0.003933827858418226,297.58352899989404
voc,vgg16,ig,3784,1,0.005,1,8730973129268750908,valid,0.8897244893744968,0.6889936048468529,1,1,True,0.9999548196792603,0.9999533891677856,1.430511474609375e-06,0.003937961533665657,297.5774569999885
voc,vgg16,ig,3784,1,0.005,2,4988815491858760642,valid,0.8822456833768768,0.6946977372509288,1,1,True,0.9999548196792603,0.999950647354126,4.172325134277344e-06,0.003942861687391996,298.2468479999625
voc,vgg16,ig,3784,1,0.005,3,4107072592214049901,valid,0.8876754143675176,0.6858726692423988,1,1,True,0.9999548196792603,0.9999568462371826,2.0265579223632812e-06,0.003928969614207745,297.5732639997659
voc,vgg16,ig,3784,1,0.005,4,2770030334258850844,valid,0.8861194756378663,0.6938396624472574,1,1,True,0.9999548196792603,0.9999529123306274,1.9073486328125e-06,0.003948383964598179,297.5901239997256
voc,vgg16,ig,6304,3,0.005,0,7830137365422260441,valid,0.6937789637350348,0.4337142857142857,3,3,True,0.9284529089927673,0.8635851740837097,0.06486773490905762,0.0039367470890283585,297.6388429997314
voc,vgg16,ig,6304,3,0.005,1,4661326768319657430,valid,0.6852671873515328,0.4369988545246277,3,3,True,0.9284529089927673,0.872197151184082,0.0562557578086853,0.003948709461838007,297.5372029995924
voc,vgg16,ig,6304,3,0.005,2,6619020526136302124,valid,0.6953204999589667,0.4446523679286023,3,3,True,0.9284529089927673,0.9230028390884399,0.005450069904327393,0.003933782689273357,297.611421000056
voc,vgg16,ig,6304,3,0.005,3,6800945400057756425,valid,0.6832937754816933,0.4328954882924043,3,3,True,0.9284529089927673,0.8903893232345581,0.03806358575820923,0.003943027462810278,297.52452299999277
voc,vgg16,ig,6304,3,0.005,4,7042581768829889240,valid,0.6841943791643494,0.4308525805531794,3,3,True,0.9284529089927673,0.908735990524292,0.019716918468475342,0.0039486452005803585,297.6066080000237
voc,vgg16,ig,158,2,0.005,0,3522680649187379204,valid,0.40632346671007247,0.34675254965110036,2,2,True,0.9998774528503418,0.9999123811721802,3.4928321838378906e-05,0.003991131670773029,298.44300100012333
voc,vgg16,ig,158,2,0.005,1,419294351200179885,valid,0.4147082877077933,0.34946887185693154,2,2,True,0.9998774528503418,0.9999144077301025,3.695487976074219e-05,0.003987189847975969,297.81927500016536
voc,vgg16,ig,158,2,0.005,2,3028218364960125082,valid,0.4190566452220787,0.3509220621887199,2,2,True,0.9998774528503418,0.9999094009399414,3.1948089599609375e-05,0.003988075070083141,297.5389019998147
voc,vgg16,ig,158,2,0.005,3,6052761022673377132,valid,0.4228636774827579,0.36507072905331883,2,2,True,0.9998774528503418,0.9999322891235352,5.4836273193359375e-05,0.0039986358024179935,298.18858600037856
voc,vgg16,ig,158,2,0.005,4,3347453041863134171,valid,0.42854514838850444,0.3624762421938637,2,2,True,0.9998774528503418,0.9999074935913086,3.0040740966796875e-05,0.003982962109148502,297.58434199993644
voc,vgg16,ig,9571,0,0.005,0,2590450077393174903,valid,0.4163662460623308,0.24085064292779426,3,3,True,0.6186216473579407,0.8130707740783691,0.19444912672042847,0.003983283881098032,298.1262909997895
voc,vgg16,ig,9571,0,0.005,1,7132724899960905381,valid,0.4390002297178414,0.2495019920318725,3,3,True,0.6186216473579407,0.7374244928359985,0.11880284547805786,0.0039848992601037025,297.7149440002904
voc,vgg16,ig,9571,0,0.005,2,1120045858359378571,valid,0.43998133644059456,0.24177183865379856,3,3,True,0.6186216473579407,0.7418453097343445,0.12322366237640381,0.003979082219302654,297.6437160000387
voc,vgg16,ig,9571,0,0.005,3,3030323471833644395,valid,0.44256685645496696,0.2552845528455285,3,3,True,0.6186216473579407,0.7947797775268555,0.1761581301689148,0.003983946982771158,298.6766940002781
voc,vgg16,ig,9571,0,0.005,4,3981683401082662910,valid,0.4403313025204713,0.2563845768652979,3,3,True,0.6186216473579407,0.7311906218528748,0.11256897449493408,0.0039966232143342495,297.5624299997435
voc,vgg16,ig,4263,2,0.005,0,1604950784437852059,valid,0.8476684912392436,0.6422844051710032,2,2,True,0.9999991655349731,0.9999992847442627,1.1920928955078125e-07,0.0039625102654099464,297.60027299971625
voc,vgg16,ig,4263,2,0.005,1,3247925513014509242,valid,0.8457631353091822,0.6339954412243569,2,2,True,0.9999991655349731,0.9999994039535522,2.384185791015625e-07,0.003958556335419416,298.2503690000158
voc,vgg16,ig,4263,2,0.005,2,1389457712123523278,valid,0.84931835197487,0.6333604556550041,2,2,True,0.9999991655349731,0.9999992847442627,1.1920928955078125e-07,0.003949703648686409,298.1292859999485
voc,vgg16,ig,4263,2,0.005,3,480244618116577529,valid,0.8445005936288676,0.6396013723247835,2,2,True,0.9999991655349731,0.9999992847442627,1.1920928955078125e-07,0.0039580343291163445,297.7566170002319
voc,vgg16,ig,4263,2,0.005,4,7967479866348952647,valid,0.8437922320849742,0.6382631407117205,2,2,True,0.9999991655349731,0.9999992847442627,1.1920928955078125e-07,0.003958020359277725,298.3586549999018
voc,vgg16,ig,9735,8,0.005,0,429024551757205530,valid,0.8729022662621101,0.623948220064725,6,6,True,0.01245979405939579,0.012614918872714043,0.00015512481331825256,0.003983628004789352,297.6087289998759
voc,vgg16,ig,9735,8,0.005,1,38723299165083365,valid,0.8754963581339299,0.6366601435094585,6,6,True,0.01245979405939579,0.011229434981942177,0.0012303590774536133,0.003989045042544603,298.5390079998069
voc,vgg16,ig,9735,8,0.005,2,9178114752112229949,valid,0.8747896180798004,0.6158428594429238,6,6,True,0.01245979405939579,0.012188476510345936,0.0002713175490498543,0.003987479489296675,297.680322999895
voc,vgg16,ig,9735,8,0.005,3,1031284293776987046,valid,0.8717365815430592,0.6244739397863386,6,6,True,0.01245979405939579,0.010388520546257496,0.0020712735131382942,0.003983379807323217,297.72294399981547
voc,vgg16,ig,9735,8,0.005,4,3348561243312525669,valid,0.8737539998056683,0.6166237113402062,6,6,True,0.01245979405939579,0.011470180004835129,0.0009896140545606613,0.0039871190674602985,298.3412160001535
voc,vgg16,ig,2260,13,0.005,0,5025200367840149463,valid,0.8710700570531129,0.6430910281597905,13,13,True,0.9542283415794373,0.9524593949317932,0.001768946647644043,0.003985061775892973,297.58504399978847
voc,vgg16,ig,2260,13,0.005,1,3411743008570029691,valid,0.8721108092922968,0.6561056105610561,13,13,True,0.9542283415794373,0.9555183053016663,0.001289963722229004,0.003988680895417929,297.66281499996694
voc,vgg16,ig,2260,13,0.005,2,7032992938641812369,valid,0.8720720578251832,0.652832674571805,13,13,True,0.9542283415794373,0.9603850245475769,0.0061566829681396484,0.003985942341387272,297.621989000163
voc,vgg16,ig,2260,13,0.005,3,4430730098924563606,valid,0.8719666486151894,0.6465955701394586,13,13,True,0.9542283415794373,0.9519654512405396,0.002262890338897705,0.0040060668252408504,297.7767839997796
voc,vgg16,ig,2260,13,0.005,4,7988849592980058792,valid,0.8659811950801231,0.6393335511270827,13,13,True,0.9542283415794373,0.9545711278915405,0.0003427863121032715,0.003984048031270504,297.6112199999079
voc,vgg16,ig,605,6,0.005,0,1408266758386522545,valid,0.758667507408953,0.5333842627960275,6,6,True,0.7126535773277283,0.7467862367630005,0.03413265943527222,0.003988117910921574,297.5610650000817
voc,vgg16,ig,605,6,0.005,1,734413310480609420,valid,0.7476162572774329,0.5312786084833689,6,6,True,0.7126535773277283,0.7270963191986084,0.014442741870880127,0.003993346821516752,297.53854899990984
voc,vgg16,ig,605,6,0.005,2,6413108089302143601,valid,0.7563329456402393,0.5268522744561083,6,6,True,0.7126535773277283,0.743617057800293,0.030963480472564697,0.003993013873696327,298.61371100014367
voc,vgg16,ig,605,6,0.005,3,2368469526416546982,valid,0.7501891973820968,0.5201454104816722,6,6,True,0.7126535773277283,0.759782075881958,0.047128498554229736,0.004002243280410767,297.61586900031034
voc,vgg16,ig,605,6,0.005,4,5244897393308048599,valid,0.7499953895398662,0.5287128712871287,6,6,True,0.7126535773277283,0.7375050187110901,0.024851441383361816,0.003978576976805925,297.8008069999305
voc,vgg16,ig,12,6,0.005,0,6380489679620311017,valid,0.7501661415733526,0.49056884004158624,6,6,True,0.9979280233383179,0.9977329969406128,0.00019502639770507812,0.003993874881416559,297.5594650001767
voc,vgg16,ig,12,6,0.005,1,7024435155116285770,valid,0.7514974327886544,0.4932301740812379,6,6,True,0.9979280233383179,0.9976054430007935,0.00032258033752441406,0.003997286316007376,297.66326100025253
voc,vgg16,ig,12,6,0.005,2,3062577145113922538,valid,0.7534518959620043,0.5003737479443863,6,6,True,0.9979280233383179,0.9976226687431335,0.00030535459518432617,0.003982046153396368,298.2474390000789
voc,vgg16,ig,12,6,0.005,3,756160407238986896,valid,0.756324620714299,0.49992527275444626,6,6,True,0.9979280233383179,0.9974984526634216,0.00042957067489624023,0.003993476741015911,297.54670400006944
voc,vgg16,ig,12,6,0.005,4,2380232883162648843,valid,0.7562566104231055,0.49724004177234077,6,6,True,0.9979280233383179,0.9974161386489868,0.0005118846893310547,0.003986918833106756,297.62619899975107
voc,vgg16,ig,6335,4,0.005,0,7266703710182033630,valid,0.792918289622065,0.5423390195174428,4,4,True,0.9999802112579346,0.9999823570251465,2.1457672119140625e-06,0.003975051920861006,298.1361319998541
voc,vgg16,ig,6335,4,0.005,1,2058730484570914110,valid,0.8022035490845294,0.5566930355203971,4,4,True,0.9999802112579346,0.9999827146530151,2.5033950805664062e-06,0.003979587461799383,297.6353469998685
voc,vgg16,ig,6335,4,0.005,2,5622625592551355526,valid,0.7915028796184836,0.5485264619657461,4,4,True,0.9999802112579346,0.9999839067459106,3.6954879760742188e-06,0.003989832010120153,297.5251309999294
voc,vgg16,ig,6335,4,0.005,3,1149384304444514773,valid,0.7996070972539517,0.5472483428395252,4,4,True,0.9999802112579346,0.999982476234436,2.2649765014648438e-06,0.003973313607275486,298.4505459999127
voc,vgg16,ig,6335,4,0.005,4,1368511953220648720,valid,0.7995346265679955,0.5456645618358232,4,4,True,0.9999802112579346,0.9999788999557495,1.3113021850585938e-06,0.0039856210350990295,297.6991599998655
voc,vgg16,ig,7467,18,0.005,0,7800003000653008807,valid,0.9269269225768788,0.7173169062286106,18,18,True,0.9823178052902222,0.982862114906311,0.0005443096160888672,0.0039892964996397495,298.27789199998733
voc,vgg16,ig,7467,18,0.005,1,3182953704350948054,valid,0.9238568087868221,0.718787463606782,18,18,True,0.9823178052902222,0.9744220972061157,0.007895708084106445,0.0039834268391132355,297.7586419997351
voc,vgg16,ig,7467,18,0.005,2,8787006245562663044,valid,0.9244217306086231,0.7062223733424006,18,18,True,0.9823178052902222,0.9816495776176453,0.0006682276725769043,0.003987150266766548,297.5961269999061
voc,vgg16,ig,7467,18,0.005,3,2631177189532017221,valid,0.927931399588237,0.724991405981437,18,18,True,0.9823178052902222,0.9836615920066833,0.0013437867164611816,0.003980529494583607,301.17784000003667
voc,vgg16,ig,7467,18,0.005,4,2697424900096002369,valid,0.9242972692478785,0.7149692412850308,18,18,True,0.9823178052902222,0.9770696759223938,0.005248129367828369,0.003988667391240597,297.29546799990203
voc,vgg16,ig,8923,6,0.005,0,8535845287753839827,valid,0.7086050176413323,0.45872093023255817,6,6,True,0.9996362924575806,0.9996461868286133,9.894371032714844e-06,0.003981161862611771,297.07011199980116
voc,vgg16,ig,8923,6,0.005,1,6425213829186736156,valid,0.7108279350134497,0.46340040828229806,6,6,True,0.9996362924575806,0.9996287822723389,7.510185241699219e-06,0.0039887200109660625,297.4097780002012
voc,vgg16,ig,8923,6,0.005,2,8216193328553423208,valid,0.7103029436359325,0.4559698244595967,6,6,True,0.9996362924575806,0.9996469020843506,1.0609626770019531e-05,0.003965487238019705,297.2930420000921
voc,vgg16,ig,8923,6,0.005,3,8727306689685044685,valid,0.7164054750816662,0.45112781954887216,6,6,True,0.9996362924575806,0.9996722936630249,3.600120544433594e-05,0.003974519670009613,297.04442599995673
voc,vgg16,ig,8923,6,0.005,4,2115439416598246831,valid,0.7093357465786272,0.45322907616565306,6,6,True,0.9996362924575806,0.9996508359909058,1.4543533325195312e-05,0.003985342103987932,297.45019399979356
voc,vgg16,ig,6070,2,0.005,0,8176075420989258968,valid,0.5178592710245911,0.6060169627140343,2,2,True,0.9994924068450928,0.9995664954185486,7.408857345581055e-05,0.003990681376308203,297.0621529998425
voc,vgg16,ig,6070,2,0.005,1,3883376375087179934,valid,0.504611578401574,0.6026828489300543,2,2,True,0.9994924068450928,0.9994345307350159,5.78761100769043e-05,0.0039891996420919895,297.85929600029704
voc,vgg16,ig,6070,2,0.005,2,937512255825271957,valid,0.5184079695202808,0.6111735431048322,2,2,True,0.9994924068450928,0.9995168447494507,2.4437904357910156e-05,0.003979874309152365,297.1091150002394
voc,vgg16,ig,6070,2,0.005,3,8862256097771777575,valid,0.5181970298760665,0.6003827140806889,2,2,True,0.9994924068450928,0.9996107220649719,0.00011831521987915039,0.003977686632424593,297.0406499998717
voc,vgg16,ig,6070,2,0.005,4,8352079534336211832,valid,0.5072767750470295,0.6014041806286899,2,2,True,0.9994924068450928,0.9994445443153381,4.786252975463867e-05,0.003990346100181341,297.67648500001087
voc,vgg16,ig,9350,6,0.005,0,7528528802294777855,valid,0.8648429952521844,0.5950413223140496,6,6,True,0.9554941654205322,0.9554057717323303,8.83936882019043e-05,0.004013692028820515,297.0649899998534
voc,vgg16,ig,9350,6,0.005,1,3984736845230428495,valid,0.8632649599410722,0.6078180070490228,6,6,True,0.9554941654205322,0.9578284621238708,0.002334296703338623,0.003990530036389828,297.9135270002189
voc,vgg16,ig,9350,6,0.005,2,760316986588722661,valid,0.8661343836280192,0.6044764188649081,6,6,True,0.9554941654205322,0.9529320001602173,0.0025621652603149414,0.003996381536126137,297.20553100014513
voc,vgg16,ig,9350,6,0.005,3,3335686919868180309,valid,0.868538616132636,0.6060169627140343,6,6,True,0.9554941654205322,0.9566114544868469,0.0011172890663146973,0.003987916279584169,297.2218330000942
voc,vgg16,ig,9350,6,0.005,4,2731706351980836960,valid,0.8656446385714225,0.6026828489300543,6,6,True,0.9554941654205322,0.9580207467079163,0.002526581287384033,0.003991837613284588,297.0446950002952
voc,vgg16,ig,6136,16,0.005,0,3553062391789888395,valid,0.9095251479493051,0.7342318990841541,16,16,True,0.9989873766899109,0.9987618923187256,0.00022548437118530273,0.0039986493065953255,297.03676500002985
voc,vgg16,ig,6136,16,0.005,1,9040047505948696195,valid,0.9103756417323651,0.7327348066298343,16,16,True,0.9989873766899109,0.9988480806350708,0.0001392960548400879,0.003985515795648098,297.15618000000177
voc,vgg16,ig,6136,16,0.005,2,3731367986805198140,valid,0.9092647913152538,0.7252879491146639,16,16,True,0.9989873766899109,0.9987874627113342,0.00019991397857666016,0.003996615298092365,297.7601920001689
voc,vgg16,ig,6136,16,0.005,3,4758686824483242357,valid,0.9161477662388258,0.7345316280677497,16,16,True,0.9989873766899109,0.999002993106842,1.5616416931152344e-05,0.00397955346852541,297.0447770003375
voc,vgg16,ig,6136,16,0.005,4,5987871277666387327,valid,0.915479112938332,0.7375346260387812,16,16,True,0.9989873766899109,0.9991005659103394,0.0001131892204284668,0.003982909023761749,297.11303399972167
voc,vgg16,ig,8919,12,0.005,0,8997875348459840141,valid,0.8947311452672522,0.6765786835950551,9,9,True,0.9051780104637146,0.8971980810165405,0.007979929447174072,0.003982063848525286,297.46023100005914
voc,vgg16,ig,8919,12,0.005,1,6719013068151611595,valid,0.8944637075503771,0.6746203904555315,9,9,True,0.9051780104637146,0.8869631886482239,0.018214821815490723,0.0039967880584299564,297.1320659999037
voc,vgg16,ig,8919,12,0.005,2,6804670966095309884,valid,0.8968934182374106,0.6895622895622896,9,9,True,0.9051780104637146,0.8567233085632324,0.04845470190048218,0.003976715728640556,297.8074480001851
voc,vgg16,ig,8919,12,0.005,3,2840208956740015292,valid,0.8965073722181202,0.6768588137009189,9,9,True,0.9051780104637146,0.8984163999557495,0.006761610507965088,0.003986033145338297,297.179215000142
voc,vgg16,ig,8919,12,0.005,4,4984008792992495882,valid,0.889810664657038,0.6745078411745078,9,9,True,0.9051780104637146,0.8839775323867798,0.021200478076934814,0.00398150784894824,297.0216270000492
voc,vgg16,ig,6252,11,0.005,0,7374814095542933128,valid,0.9182489090757922,0.775654635527247,11,11,True,0.870671272277832,0.8572193384170532,0.013451933860778809,0.003989774733781815,297.64572600015526
voc,vgg16,ig,6252,11,0.005,1,584848945964013034,valid,0.9174272632959567,0.7825932504440497,11,11,True,0.870671272277832,0.8772480487823486,0.0065767765045166016,0.003996257204562426,297.4077040003067
voc,vgg16,ig,6252,11,0.005,2,8298605397671154098,valid,0.9207441497140292,0.7915030346304891,11,11,True,0.870671272277832,0.8568354845046997,0.013835787773132324,0.004003005567938089,297.014235000006
voc,vgg16,ig,6252,11,0.005,3,3425794410507211966,valid,0.9178138349137681,0.7860829329062111,11,11,True,0.870671272277832,0.853205144405365,0.01746612787246704,0.003998854663223028,297.6966400001402
voc,vgg16,ig,6252,11,0.005,4,5863502613563450398,valid,0.9194850166541013,0.7937444146559428,11,11,True,0.870671272277832,0.8240575790405273,0.04661369323730469,0.003985176328569651,297.29926500021975
voc,vgg16,ig,9348,0,0.005,0,110231658331128164,valid,0.7247248297910013,0.493896993152724,0,0,True,0.9963996410369873,0.9963759779930115,2.3663043975830078e-05,0.004001502878963947,297.65454200014574
voc,vgg16,ig,9348,0,0.005,1,9002787145464827941,valid,0.7187265873260309,0.5001494768310912,0,0,True,0.9963996410369873,0.9967132806777954,0.00031363964080810547,0.003981970716267824,297.09444199988866
voc,vgg16,ig,9348,0,0.005,2,3850202729401011018,valid,0.7205199353416973,0.5053247337633119,0,0,True,0.9963996410369873,0.995612382888794,0.0007872581481933594,0.003976086620241404,297.1076050002921
voc,vgg16,ig,9348,0,0.005,3,6347149697064204936,valid,0.7148623570580137,0.4879169755374351,0,0,True,0.9963996410369873,0.9966862797737122,0.0002866387367248535,0.003989476710557938,297.79991700024766
voc,vgg16,ig,9348,0,0.005,4,86957952805582142,valid,0.7114238395378234,0.4887998813232458,0,0,True,0.9963996410369873,0.9952862858772278,0.0011133551597595215,0.003998749423772097,297.055304999958
voc,vgg16,ig,9185,11,0.005,0,770057058163844119,valid,0.7695492118921367,0.6409417920209287,11,11,True,0.9997778534889221,0.9997770190238953,8.344650268554688e-07,0.003968844190239906,297.57417400014674
voc,vgg16,ig,9185,11,0.005,1,430113233436584468,valid,0.7736041654264966,0.6482180982098866,11,11,True,0.9997778534889221,0.9997846484184265,6.794929504394531e-06,0.003979220986366272,297.045910000179
voc,vgg16,ig,9185,11,0.005,2,7277659768102874392,valid,0.7691554750553764,0.646489501312336,11,11,True,0.9997778534889221,0.9997115731239319,6.628036499023438e-05,0.003960773814469576,297.17452599970784
voc,vgg16,ig,9185,11,0.005,3,2356679689533405010,valid,0.7784966433307483,0.6490305619454486,11,11,True,0.9997778534889221,0.999790370464325,1.2516975402832031e-05,0.003942582290619612,297.08626699994056
voc,vgg16,ig,9185,11,0.005,4,4418457342207845275,valid,0.7774358774441271,0.6536496951721865,11,11,True,0.9997778534889221,0.9997835755348206,5.7220458984375e-06,0.0039626555517315865,297.91217699994377
voc,vgg16,ig,6219,11,0.005,0,3701942161707854505,valid,0.9126704399831266,0.7706422018348624,11,11,True,0.9997267127037048,0.999778687953949,5.1975250244140625e-05,0.003990946803241968,297.1684960002676
voc,vgg16,ig,6219,11,0.005,1,6540902343793752805,valid,0.909327421124424,0.7628666783769541,11,11,True,0.9997267127037048,0.9996813535690308,4.5359134674072266e-05,0.003979867324233055,297.66564000010476
voc,vgg16,ig,6219,11,0.005,2,2348129838446693546,valid,0.9110346448549882,0.7653474054529463,11,11,True,0.9997267127037048,0.9996848106384277,4.190206527709961e-05,0.003976752515882254,297.1291190001466
voc,vgg16,ig,6219,11,0.005,3,2671931975039817424,valid,0.9063534076548545,0.7669014084507042,11,11,True,0.9997267127037048,0.9997310042381287,4.291534423828125e-06,0.003990772180259228,297.1507849997579
voc,vgg16,ig,6219,11,0.005,4,1899445604942049004,valid,0.9174205825465523,0.7722055447642592,11,11,True,0.9997267127037048,0.9997000694274902,2.664327621459961e-05,0.00398498959839344,297.5938939998741
voc,vgg16,ig,1273,2,0.005,0,9168507270778338518,valid,0.5972075058214399,0.3556666216398757,2,2,True,0.9999364614486694,0.9999312162399292,5.245208740234375e-06,0.00399660924449563,297.09798600015347
voc,vgg16,ig,1273,2,0.005,1,3080832874991223474,valid,0.5835619806670012,0.3402777777777778,2,2,True,0.9999364614486694,0.9999262094497681,1.0251998901367188e-05,0.00399231631308794,297.75654400009444
voc,vgg16,ig,1273,2,0.005,2,586347988131817274,valid,0.5911861249400833,0.3424291064740503,2,2,True,0.9999364614486694,0.9999220371246338,1.4424324035644531e-05,0.003985802177339792,296.93947699979617
voc,vgg16,ig,1273,2,0.005,3,1659127970543462193,valid,0.5919349748616766,0.3436872405944571,2,2,True,0.9999364614486694,0.9999356269836426,8.344650268554688e-07,0.00399787537753582,296.9634999999471
voc,vgg16,ig,1273,2,0.005,4,7020780874504587280,valid,0.5907010218127717,0.3480188045668234,2,2,True,0.9999364614486694,0.9999436140060425,7.152557373046875e-06,0.003988410346210003,297.12895300008313
voc,vgg16,ig,563,3,0.005,0,6949831724463588672,valid,0.8455274626979115,0.6509294291824314,3,3,True,0.9999854564666748,0.9999872446060181,1.7881393432617188e-06,0.003985056187957525,297.0578219997151
voc,vgg16,ig,563,3,0.005,1,4026115949122591262,valid,0.8509732403180656,0.6550131926121372,3,3,True,0.9999854564666748,0.9999856948852539,2.384185791015625e-07,0.003998697269707918,297.0285339997645
voc,vgg16,ig,563,3,0.005,2,5222168100560739601,valid,0.8492854296935639,0.6541948244601945,3,3,True,0.9999854564666748,0.9999866485595703,1.1920928955078125e-06,0.003974745515733957,297.75047500015717
voc,vgg16,ig,563,3,0.005,3,5376010537337676334,valid,0.8438994611501969,0.6566523605150214,3,3,True,0.9999854564666748,0.999988317489624,2.86102294921875e-06,0.003988063428550959,297.10848000013357
voc,vgg16,ig,563,3,0.005,4,1180884290087723805,valid,0.8521128732627997,0.6604897418927862,3,3,True,0.9999854564666748,0.9999881982803345,2.7418136596679688e-06,0.003985632210969925,297.35220600014145
voc,vgg16,ig,9524,14,0.005,0,2917751078990365690,valid,0.9330661923804545,0.7530131004366812,2,2,True,0.3782406151294708,0.3298977017402649,0.04834291338920593,0.003989378456026316,297.01910499989026
voc,vgg16,ig,9524,14,0.005,1,2383114237310698817,valid,0.9337342028488254,0.751789142956886,2,2,True,0.3782406151294708,0.34271833300590515,0.035522282123565674,0.0040086666122078896,297.12364799979696
voc,vgg16,ig,9524,14,0.005,2,1056569341057656110,valid,0.931793262002324,0.751789142956886,2,2,True,0.3782406151294708,0.32873156666755676,0.04950904846191406,0.0039850687608122826,297.9009999999107
voc,vgg16,ig,9524,14,0.005,3,2031197014861192982,valid,0.9325923090168565,0.752400907979745,2,2,True,0.3782406151294708,0.37142765522003174,0.006812959909439087,0.004000959452241659,297.0736049996958
voc,vgg16,ig,9524,14,0.005,4,3605346839599098624,valid,0.932746446264871,0.7490414778668526,2,2,True,0.3782406151294708,0.3610815703868866,0.01715904474258423,0.003987139090895653,297.22309299995686
voc,vgg16,ig,6067,0,0.005,0,5723002977642024367,valid,0.5785184021148702,0.45808513729478423,0,0,True,0.999990701675415,0.9999920129776001,1.3113021850585938e-06,0.003997919149696827,297.01394700032324
voc,vgg16,ig,6067,0,0.005,1,5529229040250783174,valid,0.5848045976966092,0.4657514239813057,0,0,True,0.999990701675415,0.9999920129776001,1.3113021850585938e-06,0.0039818924851715565,297.12024500031475
voc,vgg16,ig,6067,0,0.005,2,1877803580088221135,valid,0.5840150522183739,0.45935727788279773,0,0,True,0.999990701675415,0.999991774559021,1.0728836059570312e-06,0.004006372764706612,297.03045799988104
voc,vgg16,ig,6067,0,0.005,3,5551567823411456925,valid,0.5833162588898784,0.46632578524470414,0,0,True,0.999990701675415,0.9999896287918091,1.0728836059570312e-06,0.00400070333853364,297.7550919999885
voc,vgg16,ig,6067,0,0.005,4,1983970328660534008,valid,0.5845130331230173,0.46425444995622994,0,0,True,0.999990701675415,0.999991774559021,1.0728836059570312e-06,0.003985370974987745,297.1186750000925
voc,vgg16,ig,5407,18,0.005,0,9086438905188328775,valid,0.900619634400562,0.7073834637631847,1,1,True,0.3131241500377655,0.3100949823856354,0.003029167652130127,0.003933584317564964,297.80744200024856
voc,vgg16,ig,5407,18,0.005,1,7301998592360026452,valid,0.9003411716768368,0.6889936048468529,1,1,True,0.3131241500377655,0.3159934878349304,0.002869337797164917,0.00392915541306138,297.39180100023077
voc,vgg16,ig,5407,18,0.005,2,7160963401273547667,valid,0.8972954878570567,0.6907008086253369,1,1,True,0.3131241500377655,0.29180851578712463,0.02131563425064087,0.003928649704903364,297.1339670002635
voc,vgg16,ig,5407,18,0.005,3,2048276915005807060,valid,0.8956476638041876,0.6921261170123082,1,1,True,0.3131241500377655,0.31062424182891846,0.002499908208847046,0.003949337638914585,297.7303369998481
voc,vgg16,ig,5407,18,0.005,4,5464098046004089150,valid,0.9019132501178724,0.704483695652174,1,1,True,0.3131241500377655,0.306540846824646,0.006583303213119507,0.003942001610994339,297.18497900012153
voc,vgg16,ig,7863,7,0.005,0,5134825225546985846,valid,0.7646347610500354,0.5134972100738954,7,7,True,0.998468816280365,0.9992483258247375,0.0007795095443725586,0.00396859273314476,297.74405700027273
voc,vgg16,ig,7863,7,0.005,1,2511839093063816830,valid,0.7659960655154061,0.5254597963216294,7,7,True,0.998468816280365,0.9986386895179749,0.00016987323760986328,0.0039800722151994705,297.0959520002907
voc,vgg16,ig,7863,7,0.005,2,5448166675399807755,valid,0.7648108569527596,0.5183055975794251,7,7,True,0.998468816280365,0.9985038042068481,3.49879264831543e-05,0.003975120838731527,297.12760099982916
voc,vgg16,ig,7863,7,0.005,3,6295564134202275404,valid,0.7693895901955257,0.5282472970915182,7,7,True,0.998468816280365,0.9983792304992676,8.958578109741211e-05,0.00397254154086113,297.13330000004134
voc,vgg16,ig,7863,7,0.005,4,3712980148670184908,valid,0.7632163227082299,0.5249962011852302,7,7,True,0.998468816280365,0.9986812472343445,0.0002124309539794922,0.003971342463046312,297.81534999983705
voc,vgg16,ig,6162,0,0.005,0,7632449449902570069,valid,0.4610072811326156,0.3635869565217391,0,0,True,0.9999996423721313,0.9999994039535522,2.384185791015625e-07,0.0039952602237463,297.0439690002422
voc,vgg16,ig,6162,0,0.005,1,3802685298682577884,valid,0.45971016701725115,0.3553004726536124,0,0,True,0.9999996423721313,0.9999992847442627,3.5762786865234375e-07,0.003990139812231064,297.6986300000135
voc,vgg16,ig,6162,0,0.005,2,645666305175528849,valid,0.46207700258096446,0.3648850809193526,0,0,True,0.9999996423721313,0.9999994039535522,2.384185791015625e-07,0.003984477836638689,297.1116690000599
voc,vgg16,ig,6162,0,0.005,3,8408867924325803249,valid,0.45964964049726975,0.36210640608034744,0,0,True,0.9999996423721313,0.9999992847442627,3.5762786865234375e-07,0.003993939142674208,297.0749999999498
voc,vgg16,ig,6162,0,0.005,4,4498081951960403672,valid,0.45272892085700667,0.3520140105078809,0,0,True,0.9999996423721313,0.9999991655349731,4.76837158203125e-07,0.0039866771548986435,298.0387049997262
voc,vgg16,ig,9754,14,0.005,0,7739242529401136328,valid,0.7700092445812545,0.5016457211250748,17,17,True,0.9714670181274414,0.9636834263801575,0.0077835917472839355,0.00396427558735013,296.96427199996833
voc,vgg16,ig,9754,14,0.005,1,5091316030814605689,valid,0.7766439885060568,0.4931567985718536,17,17,True,0.9714670181274414,0.9649311900138855,0.006535828113555908,0.003981020767241716,297.81803700007003
voc,vgg16,ig,9754,14,0.005,2,1231902815645750962,valid,0.776989079198732,0.4971658711217184,17,17,True,0.9714670181274414,0.9598696231842041,0.011597394943237305,0.003970898222178221,297.12486100015667
voc,vgg16,ig,9754,14,0.005,3,877014072797426259,valid,0.7813241135849041,0.4980597014925373,17,17,True,0.9714670181274414,0.960474967956543,0.010992050170898438,0.0039719706401228905,297.0036629999413
voc,vgg16,ig,9754,14,0.005,4,3590516625225738162,valid,0.7781206018164156,0.49985056784219967,17,17,True,0.9714670181274414,0.9684191942214966,0.0030478239059448242,0.003980202600359917,296.9968739998876
voc,vgg16,ig,1934,7,0.005,0,689292329030594692,valid,0.8419804340181484,0.5932687728210827,7,7,True,0.9999876022338867,0.9999880790710449,4.76837158203125e-07,0.003991944249719381,296.9758730000649
voc,vgg16,ig,1934,7,0.005,1,1398196950242832667,valid,0.8471889605418446,0.5920050761421319,7,7,True,0.9999876022338867,0.9999901056289673,2.5033950805664062e-06,0.003977412357926369,297.0343860001776
voc,vgg16,ig,1934,7,0.005,2,2401927568781739027,valid,0.8451725179436953,0.6026828489300543,7,7,True,0.9999876022338867,0.9999830722808838,4.5299530029296875e-06,0.003978226333856583,297.718100000111
voc,vgg16,ig,1934,7,0.005,3,8626752469360939461,valid,0.8426514279710501,0.5882259851242285,7,7,True,0.9999876022338867,0.9999877214431763,1.1920928955078125e-07,0.004003079608082771,297.143449000032
voc,vgg16,ig,1934,7,0.005,4,7556159184066847955,valid,0.8418881238800964,0.5899873257287706,7,7,True,0.9999876022338867,0.9999847412109375,2.86102294921875e-06,0.003987846430391073,297.1309320000728
voc,vgg16,ig,867,15,0.005,0,3337439362088445178,valid,0.5769218839278331,0.3695414847161572,8,8,True,0.8168025612831116,0.8181449770927429,0.0013424158096313477,0.003987802192568779,297.11714599989136
voc,vgg16,ig,867,15,0.005,1,6541123427427846859,valid,0.5723748515192023,0.3659997277800463,8,8,True,0.8168025612831116,0.807135283946991,0.009667277336120605,0.00398625573143363,297.12337899991326
voc,vgg16,ig,867,15,0.005,2,5662683352550188705,valid,0.5771139220478196,0.3628462791960891,8,8,True,0.8168025612831116,0.8199881911277771,0.0031856298446655273,0.003994464408606291,297.69333100011863
voc,vgg16,ig,867,15,0.005,3,3125894880157416653,valid,0.5771501111525243,0.3795189003436426,8,8,True,0.8168025612831116,0.8056144118309021,0.011188149452209473,0.003982723690569401,297.0303949996378
voc,vgg16,ig,867,15,0.005,4,748457529550318541,valid,0.5684797414768005,0.3578676769043431,8,8,True,0.8168025612831116,0.81080561876297,0.0059969425201416016,0.0039741420187056065,297.3581079995711
voc,vgg16,ig,6470,2,0.005,0,1148712032312462193,valid,0.7963446951308747,0.5343219691178719,2,2,True,0.9977040886878967,0.9979220032691956,0.00021791458129882812,0.003987019881606102,297.03701300013563
voc,vgg16,ig,6470,2,0.005,1,5057445869661550314,valid,0.7944821242503097,0.5387917816620669,2,2,True,0.9977040886878967,0.997552216053009,0.0001518726348876953,0.003992843441665173,297.0001769999726
voc,vgg16,ig,6470,2,0.005,2,7610881164644978911,valid,0.7978777698899195,0.5315122844498703,2,2,True,0.9977040886878967,0.9977479577064514,4.38690185546875e-05,0.003995595965534449,297.0374369997444
voc,vgg16,ig,6470,2,0.005,3,796676747641877853,valid,0.789467855713844,0.5289457647775746,2,2,True,0.9977040886878967,0.9972952008247375,0.0004088878631591797,0.003982139751315117,297.98487800007933
voc,vgg16,ig,6470,2,0.005,4,7350450962949674820,valid,0.7909778846599885,0.5201454104816722,2,2,True,0.9977040886878967,0.9974114298820496,0.00029265880584716797,0.003980350214987993,296.89648700014004
voc,vgg16,ig,9707,7,0.005,0,6035500590665988924,valid,0.722456441022559,0.5647022139070783,7,7,True,0.9972949624061584,0.997246265411377,4.869699478149414e-05,0.00385465519502759,297.6073070003622
voc,vgg16,ig,9707,7,0.005,1,3476331270106691074,valid,0.7217422701024193,0.5677913152139956,7,7,True,0.9972949624061584,0.9969362020492554,0.00035876035690307617,0.003842000151053071,297.1116210001128
voc,vgg16,ig,9707,7,0.005,2,4616168888384495383,valid,0.7168738054579216,0.5641265388810971,7,7,True,0.9972949624061584,0.9975517392158508,0.0002567768096923828,0.0038357162848114967,297.00438000008944
voc,vgg16,ig,9707,7,0.005,3,4764608985804825764,valid,0.7201482549961926,0.5740276035131744,7,7,True,0.9972949624061584,0.9973383545875549,4.3392181396484375e-05,0.003847045125439763,297.67791699987356
voc,vgg16,ig,9707,7,0.005,4,397224487975366582,valid,0.717547810980494,0.5581431454743052,7,7,True,0.9972949624061584,0.9970284104347229,0.0002665519714355469,0.0038438886404037476,297.1086289999221
voc,vgg16,ig,7921,6,0.005,0,1688832457416568054,valid,0.7044353469872527,0.4349442379182156,6,6,True,0.9561540484428406,0.9556615948677063,0.0004924535751342773,0.0038651078939437866,297.56769599998734
voc,vgg16,ig,7921,6,0.005,1,2937111257285802299,valid,0.6941315778107725,0.4314648409641991,6,6,True,0.9561540484428406,0.9558538794517517,0.0003001689910888672,0.0038858975749462843,297.0571979999477
voc,vgg16,ig,7921,6,0.005,2,7455802078173067410,valid,0.6958352443740731,0.4337142857142857,6,6,True,0.9561540484428406,0.9556570053100586,0.0004970431327819824,0.003881195792928338,297.14700999966226
voc,vgg16,ig,7921,6,0.005,3,7487267920786200820,valid,0.702535911320883,0.4353546910755149,6,6,True,0.9561540484428406,0.9534946084022522,0.002659440040588379,0.0038668536581099033,297.1256970004106
voc,vgg16,ig,7921,6,0.005,4,6853403642392499147,valid,0.6978602216450174,0.4318733057497503,6,6,True,0.9561540484428406,0.9574352502822876,0.0012812018394470215,0.003868832951411605,297.82266400025037
voc,vgg16,ig,6947,19,0.005,0,6088969200513587501,valid,0.8519294732352395,0.6420157068062827,5,5,True,0.009582574479281902,0.00807113666087389,0.0015114378184080124,0.0038873946759849787,297.0001939997928
voc,vgg16,ig,6947,19,0.005,1,5356956380127377315,valid,0.8555442700433028,0.6387981711299804,5,5,True,0.009582574479281902,0.006742977071553469,0.0028395974077284336,0.003871313529089093,297.74040900019827
voc,vgg16,ig,6947,19,0.005,2,6971857894491676606,valid,0.8537183973629112,0.6436292171634458,5,5,True,0.009582574479281902,0.008220387622714043,0.0013621868565678596,0.0038729666266590357,297.0676029999595
voc,vgg16,ig,6947,19,0.005,3,5643272929788852849,valid,0.8553468843438112,0.6401372773328975,5,5,True,0.009582574479281902,0.007991623133420944,0.001590951345860958,0.0038817119784653187,296.9860210000661
voc,vgg16,ig,6947,19,0.005,4,8673762418453570745,valid,0.8473284130961006,0.6310742727124979,5,5,True,0.009582574479281902,0.007659493014216423,0.0019230814650654793,0.003893650369718671,297.86955400004445
voc,vgg16,gradcam,8173,18,0.005,0,2568184002337986066,valid,0.9921752791257374,0.9215010530346545,18,18,True,0.9999691247940063,0.9999644756317139,4.649162292480469e-06,0.00399689469486475,9.914941999795701
voc,vgg16,gradcam,8173,18,0.005,1,2700930089002217196,valid,0.9946352912066585,0.9613054524135235,18,18,True,0.9999691247940063,0.9999699592590332,8.344650268554688e-07,0.003999899607151747,9.945645999778208
voc,vgg16,gradcam,8173,18,0.005,2,6274773280352562869,valid,0.9976144534504168,0.9666862629825593,18,18,True,0.9999691247940063,0.9999614953994751,7.62939453125e-06,0.003980373032391071,9.938165000221488
voc,vgg16,gradcam,8173,18,0.005,3,7384397133206063386,valid,0.9969849161403618,0.9639921722113503,18,18,True,0.9999691247940063,0.999967098236084,2.0265579223632812e-06,0.003992972429841757,9.950215000117169
voc,vgg16,gradcam,8173,18,0.005,4,7207923362354915897,valid,0.9925919711410723,0.9487378640776699,18,18,True,0.9999691247940063,0.9999613761901855,7.748603820800781e-06,0.003987052943557501,9.939327000211051
voc,vgg16,gradcam,8927,9,0.005,0,2972210994312305306,valid,0.9643588936787405,0.7740852041718225,16,16,True,0.026238370686769485,0.010783574543893337,0.015454796142876148,0.003956443630158901,9.924635000061244
voc,vgg16,gradcam,8927,9,0.005,1,3098727151507634343,valid,0.9814333451218863,0.8557692307692307,16,16,True,0.026238370686769485,0.014351638965308666,0.01188673172146082,0.003959944471716881,9.948696999799722
voc,vgg16,gradcam,8927,9,0.005,2,3156827023830551964,valid,0.9655751245743097,0.7918228887698625,16,16,True,0.026238370686769485,0.012571831233799458,0.013666539452970028,0.00395288597792387,9.9432289998731
voc,vgg16,gradcam,8927,9,0.005,3,2568375632386903713,valid,0.9682835830328816,0.8428204186558942,16,16,True,0.026238370686769485,0.012033835984766483,0.014204534702003002,0.003952330444008112,9.937030000401137
voc,vgg16,gradcam,8927,9,0.005,4,487923459527200765,valid,0.9816918913481653,0.8523440383905501,16,16,True,0.026238370686769485,0.02080215886235237,0.005436211824417114,0.003944706171751022,9.93396700005178
voc,vgg16,gradcam,5803,10,0.005,0,3852546974185743096,valid,0.9704457463166769,0.8758878504672897,8,8,True,0.9876433610916138,0.9848596453666687,0.0027837157249450684,0.003981397021561861,9.95065600000089
voc,vgg16,gradcam,5803,10,0.005,1,2371425837951975359,valid,0.9479880793576523,0.670439414114514,8,8,True,0.9876433610916138,0.982642650604248,0.005000710487365723,0.003984390292316675,9.940858999925695
voc,vgg16,gradcam,5803,10,0.005,2,6461432094931278540,valid,0.9444083136578667,0.6788223486115758,8,8,True,0.9876433610916138,0.9870490431785583,0.0005943179130554199,0.003981403075158596,9.946197999852302
voc,vgg16,gradcam,5803,10,0.005,3,7926371796250851087,valid,0.9456781330714447,0.60576,8,8,True,0.9876433610916138,0.9846622943878174,0.0029810667037963867,0.003993417136371136,9.963166000034107
voc,vgg16,gradcam,5803,10,0.005,4,2273525925788181717,valid,0.9024288335936614,0.5757575757575758,8,8,True,0.9876433610916138,0.9845306873321533,0.0031126737594604492,0.003981274086982012,9.950558000127785
voc,vgg16,gradcam,39,19,0.005,0,2479825858614679456,valid,0.9492203887709723,0.8948461393241457,19,19,True,0.9999816417694092,0.9999797344207764,1.9073486328125e-06,0.00398419750854373,9.926442000050884
voc,vgg16,gradcam,39,19,0.005,1,2409326931739155617,valid,0.9436753523819018,0.8242776667272397,19,19,True,0.9999816417694092,0.9999737739562988,7.867813110351562e-06,0.003993691876530647,9.939123000094696
voc,vgg16,gradcam,39,19,0.005,2,6067917643963702541,valid,0.9395465722072845,0.8697839046199702,19,19,True,0.9999816417694092,0.999977707862854,3.933906555175781e-06,0.003987385891377926,9.93537300018943
voc,vgg16,gradcam,39,19,0.005,3,3836945159140576186,valid,0.9632162602629029,0.8973534971644612,19,19,True,0.9999816417694092,0.9999746084213257,7.033348083496094e-06,0.00398008618503809,9.930749999966793
voc,vgg16,gradcam,39,19,0.005,4,2894779989879545488,valid,0.9712944153044806,0.8747199402539209,19,19,True,0.9999816417694092,0.9999767541885376,4.887580871582031e-06,0.003976120613515377,9.92962999998781
voc,vgg16,gradcam,1686,14,0.005,0,2407452988058933126,both_constant,,,14,14,True,0.9959312081336975,0.995749831199646,0.00018137693405151367,0.003984620328992605,9.912514000006922
voc,vgg16,gradcam,1686,14,0.005,1,1416983024301229683,both_constant,,,14,14,True,0.9959312081336975,0.9959354400634766,4.231929779052734e-06,0.0039873202331364155,9.928336000029958
voc,vgg16,gradcam,1686,14,0.005,2,329098390142242351,both_constant,,,14,14,True,0.9959312081336975,0.9959574341773987,2.6226043701171875e-05,0.003991101402789354,9.909648000302695
voc,vgg16,gradcam,1686,14,0.005,3,8332520142723992066,both_constant,,,14,14,True,0.9959312081336975,0.9959760308265686,4.482269287109375e-05,0.003986937925219536,9.914330999890808
voc,vgg16,gradcam,1686,14,0.005,4,4678094734876851399,both_constant,,,14,14,True,0.9959312081336975,0.9954034090042114,0.000527799129486084,0.0039848992601037025,9.924266999860265
voc,vgg16,gradcam,5544,18,0.005,0,7605300728157470724,valid,0.9920392254419066,0.9476033378614399,18,18,True,0.9977865219116211,0.9959217309951782,0.001864790916442871,0.003989167511463165,9.931427000083204
voc,vgg16,gradcam,5544,18,0.005,1,7713127228031362199,valid,0.9924801901940148,0.9487378640776699,18,18,True,0.9977865219116211,0.9959388971328735,0.0018476247787475586,0.003987888805568218,9.930897999765875
voc,vgg16,gradcam,5544,18,0.005,2,3269339992068861176,valid,0.9937512850520265,0.9532892175943947,18,18,True,0.9977865219116211,0.99817955493927,0.0003930330276489258,0.003979042638093233,9.939286000189895
voc,vgg16,gradcam,5544,18,0.005,3,3089590639899074028,valid,0.9790957122108984,0.9288871804728042,18,18,True,0.9977865219116211,0.9946783781051636,0.0031081438064575195,0.003996388986706734,9.941754000010405
voc,vgg16,gradcam,5544,18,0.005,4,6201695411679841990,valid,0.9819901823180017,0.9374517374517375,18,18,True,0.9977865219116211,0.9971089959144592,0.0006775259971618652,0.0039961994625627995,9.934714999872085
voc,vgg16,gradcam,3784,1,0.005,0,568371097838651679,valid,0.9866766615655637,0.9270353302611367,1,1,True,0.9999548196792603,0.9999547004699707,1.1920928955078125e-07,0.003933827858418226,9.913998000229185
voc,vgg16,gradcam,3784,1,0.005,1,8730973129268750908,valid,0.9953012416862164,0.9559540050672384,1,1,True,0.9999548196792603,0.9999533891677856,1.430511474609375e-06,0.003937961533665657,9.947409000233165
voc,vgg16,gradcam,3784,1,0.005,2,4988815491858760642,valid,0.9847122724956917,0.8925136715066944,1,1,True,0.9999548196792603,0.999950647354126,4.172325134277344e-06,0.003942861687391996,9.935750999829907
voc,vgg16,gradcam,3784,1,0.005,3,4107072592214049901,valid,0.9950254019993598,0.9270353302611367,1,1,True,0.9999548196792603,0.9999568462371826,2.0265579223632812e-06,0.003928969614207745,9.925119999934395
voc,vgg16,gradcam,3784,1,0.005,4,2770030334258850844,valid,0.9807235024349051,0.933718689788054,1,1,True,0.9999548196792603,0.9999529123306274,1.9073486328125e-06,0.003948383964598179,9.939121999650524
voc,vgg16,gradcam,6304,3,0.005,0,7830137365422260441,valid,0.9667864937306327,0.9109419600380589,3,3,True,0.9284529089927673,0.8635851740837097,0.06486773490905762,0.0039367470890283585,9.934014000009483
voc,vgg16,gradcam,6304,3,0.005,1,4661326768319657430,valid,0.9834594474348758,0.9055028462998103,3,3,True,0.9284529089927673,0.872197151184082,0.0562557578086853,0.003948709461838007,10.4997150001509
voc,vgg16,gradcam,6304,3,0.005,2,6619020526136302124,valid,0.9888402787073548,0.9175100248233722,3,3,True,0.9284529089927673,0.9230028390884399,0.005450069904327393,0.003933782689273357,9.941976999925828
voc,vgg16,gradcam,6304,3,0.005,3,6800945400057756425,valid,0.9760702402700235,0.8965061378659113,3,3,True,0.9284529089927673,0.8903893232345581,0.03806358575820923,0.003943027462810278,9.939564999967843
voc,vgg16,gradcam,6304,3,0.005,4,7042581768829889240,valid,0.9774238766652658,0.9330125120307988,3,3,True,0.9284529089927673,0.908735990524292,0.019716918468475342,0.0039486452005803585,9.933606999766198
voc,vgg16,gradcam,158,2,0.005,0,3522680649187379204,valid,0.9580299634992668,0.9593908629441624,2,2,True,0.9998774528503418,0.9999123811721802,3.4928321838378906e-05,0.003991131670773029,9.925818999818148
voc,vgg16,gradcam,158,2,0.005,1,419294351200179885,valid,0.9705098993113805,0.9438311059461554,2,2,True,0.9998774528503418,0.9999144077301025,3.695487976074219e-05,0.003987189847975969,9.930955000072572
voc,vgg16,gradcam,158,2,0.005,2,3028218364960125082,valid,0.9600886608636127,0.926295585412668,2,2,True,0.9998774528503418,0.9999094009399414,3.1948089599609375e-05,0.003988075070083141,9.939492999819777
voc,vgg16,gradcam,158,2,0.005,3,6052761022673377132,valid,0.9729399343374905,0.9389489953632149,2,2,True,0.9998774528503418,0.9999322891235352,5.4836273193359375e-05,0.0039986358024179935,9.941532000084408
voc,vgg16,gradcam,158,2,0.005,4,3347453041863134171,valid,0.9636208298220617,0.9032808647828561,2,2,True,0.9998774528503418,0.9999074935913086,3.0040740966796875e-05,0.003982962109148502,9.947732000000542
voc,vgg16,gradcam,9571,0,0.005,0,2590450077393174903,valid,0.8694972715507064,0.32453477629668737,3,3,True,0.6186216473579407,0.8130707740783691,0.19444912672042847,0.003983283881098032,9.923349000018789
voc,vgg16,gradcam,9571,0,0.005,1,7132724899960905381,valid,0.9242362444784775,0.4018717698002514,3,3,True,0.6186216473579407,0.7374244928359985,0.11880284547805786,0.0039848992601037025,10.364753999965615
voc,vgg16,gradcam,9571,0,0.005,2,1120045858359378571,valid,0.8867918955889232,0.3174061433447099,3,3,True,0.6186216473579407,0.7418453097343445,0.12322366237640381,0.003979082219302654,9.942715999841312
voc,vgg16,gradcam,9571,0,0.005,3,3030323471833644395,valid,0.9137263355897379,0.46789527570571887,3,3,True,0.6186216473579407,0.7947797775268555,0.1761581301689148,0.003983946982771158,9.935531000337505
voc,vgg16,gradcam,9571,0,0.005,4,3981683401082662910,valid,0.8731640120157393,0.3343970216726499,3,3,True,0.6186216473579407,0.7311906218528748,0.11256897449493408,0.0039966232143342495,9.939517000020714
voc,vgg16,gradcam,4263,2,0.005,0,1604950784437852059,valid,0.9806722768243072,0.8258181818181818,2,2,True,0.9999991655349731,0.9999992847442627,1.1920928955078125e-07,0.0039625102654099464,9.922327999902336
voc,vgg16,gradcam,4263,2,0.005,1,3247925513014509242,valid,0.9701529286772773,0.772639011473963,2,2,True,0.9999991655349731,0.9999994039535522,2.384185791015625e-07,0.003958556335419416,9.935463000147138
voc,vgg16,gradcam,4263,2,0.005,2,1389457712123523278,valid,0.9702345096030014,0.8108887687038039,2,2,True,0.9999991655349731,0.9999992847442627,1.1920928955078125e-07,0.003949703648686409,9.93477600013648
voc,vgg16,gradcam,4263,2,0.005,3,480244618116577529,valid,0.968121236661296,0.7751458370160863,2,2,True,0.9999991655349731,0.9999992847442627,1.1920928955078125e-07,0.0039580343291163445,9.934018999956606
voc,vgg16,gradcam,4263,2,0.005,4,7967479866348952647,valid,0.9744117984902597,0.8172276511038726,2,2,True,0.9999991655349731,0.9999992847442627,1.1920928955078125e-07,0.003958020359277725,9.942707999925915
voc,vgg16,gradcam,9735,8,0.005,0,429024551757205530,valid,0.9964931970794767,0.9460926895481869,6,6,True,0.01245979405939579,0.012614918872714043,0.00015512481331825256,0.003983628004789352,9.919703999912599
voc,vgg16,gradcam,9735,8,0.005,1,38723299165083365,valid,0.9955154537771252,0.950252623396813,6,6,True,0.01245979405939579,0.011229434981942177,0.0012303590774536133,0.003989045042544603,9.951149000244186
voc,vgg16,gradcam,9735,8,0.005,2,9178114752112229949,valid,0.9938343999024586,0.9438311059461554,6,6,True,0.01245979405939579,0.012188476510345936,0.0002713175490498543,0.003987479489296675,9.93960400001015
voc,vgg16,gradcam,9735,8,0.005,3,1031284293776987046,valid,0.9904222451422451,0.9281460134486071,6,6,True,0.01245979405939579,0.010388520546257496,0.0020712735131382942,0.003983379807323217,9.948830000212183
voc,vgg16,gradcam,9735,8,0.005,4,3348561243312525669,valid,0.9947066972515424,0.9563352826510721,6,6,True,0.01245979405939579,0.011470180004835129,0.0009896140545606613,0.0039871190674602985,9.938297999724455
voc,vgg16,gradcam,2260,13,0.005,0,5025200367840149463,valid,0.9952189040266235,0.9138062547673532,13,13,True,0.9542283415794373,0.9524593949317932,0.001768946647644043,0.003985061775892973,9.90659900026003
voc,vgg16,gradcam,2260,13,0.005,1,3411743008570029691,valid,0.9889967025647263,0.8273852876911871,13,13,True,0.9542283415794373,0.9555183053016663,0.001289963722229004,0.003988680895417929,9.942158000285417
voc,vgg16,gradcam,2260,13,0.005,2,7032992938641812369,valid,0.9890344150968549,0.8647342995169082,13,13,True,0.9542283415794373,0.9603850245475769,0.0061566829681396484,0.003985942341387272,9.937841999999364
voc,vgg16,gradcam,2260,13,0.005,3,4430730098924563606,valid,0.9846909093067359,0.8585185185185186,13,13,True,0.9542283415794373,0.9519654512405396,0.002262890338897705,0.0040060668252408504,9.97505400027876
voc,vgg16,gradcam,2260,13,0.005,4,7988849592980058792,valid,0.988302443919299,0.8950151057401813,13,13,True,0.9542283415794373,0.9545711278915405,0.0003427863121032715,0.003984048031270504,9.93430000016815
voc,vgg16,gradcam,605,6,0.005,0,1408266758386522545,valid,0.9836334713758963,0.7838606469960896,6,6,True,0.7126535773277283,0.7467862367630005,0.03413265943527222,0.003988117910921574,9.926143000029697
voc,vgg16,gradcam,605,6,0.005,1,734413310480609420,valid,0.9909382531616037,0.7459986082115518,6,6,True,0.7126535773277283,0.7270963191986084,0.014442741870880127,0.003993346821516752,9.939676000158215
voc,vgg16,gradcam,605,6,0.005,2,6413108089302143601,valid,0.9772651406162542,0.7076739833248256,6,6,True,0.7126535773277283,0.743617057800293,0.030963480472564697,0.003993013873696327,9.955268000339856
voc,vgg16,gradcam,605,6,0.005,3,2368469526416546982,valid,0.9807004623022094,0.7505668934240363,6,6,True,0.7126535773277283,0.759782075881958,0.047128498554229736,0.004002243280410767,9.940515999915078
voc,vgg16,gradcam,605,6,0.005,4,5244897393308048599,valid,0.9877379836933499,0.8154848046309696,6,6,True,0.7126535773277283,0.7375050187110901,0.024851441383361816,0.003978576976805925,9.938845000306173
voc,vgg16,gradcam,12,6,0.005,0,6380489679620311017,valid,0.9514274268403653,0.6820770519262982,6,6,True,0.9979280233383179,0.9977329969406128,0.00019502639770507812,0.003993874881416559,9.92478799980745
voc,vgg16,gradcam,12,6,0.005,1,7024435155116285770,valid,0.933766448236873,0.7584515677001226,6,6,True,0.9979280233383179,0.9976054430007935,0.00032258033752441406,0.003997286316007376,9.945937999873422
voc,vgg16,gradcam,12,6,0.005,2,3062577145113922538,valid,0.9671130194809956,0.7217361468519472,6,6,True,0.9979280233383179,0.9976226687431335,0.00030535459518432617,0.003982046153396368,9.944759000063641
voc,vgg16,gradcam,12,6,0.005,3,756160407238986896,valid,0.9454470986516895,0.6536496951721865,6,6,True,0.9979280233383179,0.9974984526634216,0.00042957067489624023,0.003993476741015911,9.952067000085663
voc,vgg16,gradcam,12,6,0.005,4,2380232883162648843,valid,0.9398859682521797,0.6205393185854997,6,6,True,0.9979280233383179,0.9974161386489868,0.0005118846893310547,0.003986918833106756,9.925382000346872
voc,vgg16,gradcam,6335,4,0.005,0,7266703710182033630,valid,0.9059707372678432,0.7991039426523298,4,4,True,0.9999802112579346,0.9999823570251465,2.1457672119140625e-06,0.003975051920861006,9.93096100000912
voc,vgg16,gradcam,6335,4,0.005,1,2058730484570914110,valid,0.7988123760270562,0.7692713833157339,4,4,True,0.9999802112579346,0.9999827146530151,2.5033950805664062e-06,0.003979587461799383,9.926392000124906
voc,vgg16,gradcam,6335,4,0.005,2,5622625592551355526,valid,0.9069701755879046,0.8059033989266547,4,4,True,0.9999802112579346,0.9999839067459106,3.6954879760742188e-06,0.003989832010120153,9.938189999957103
voc,vgg16,gradcam,6335,4,0.005,3,1149384304444514773,valid,0.7969464165979268,0.7082340932289894,4,4,True,0.9999802112579346,0.999982476234436,2.2649765014648438e-06,0.003973313607275486,9.938260999660997
voc,vgg16,gradcam,6335,4,0.005,4,1368511953220648720,valid,0.8149178601576865,0.6548541288940168,4,4,True,0.9999802112579346,0.9999788999557495,1.3113021850585938e-06,0.0039856210350990295,9.934028999850852
voc,vgg16,gradcam,7467,18,0.005,0,7800003000653008807,valid,0.9980280174767838,0.9487378640776699,18,18,True,0.9823178052902222,0.982862114906311,0.0005443096160888672,0.0039892964996397495,9.920988000430953
voc,vgg16,gradcam,7467,18,0.005,1,3182953704350948054,valid,0.997281423837145,0.9374879413467104,18,18,True,0.9823178052902222,0.9744220972061157,0.007895708084106445,0.0039834268391132355,9.938388999671588
voc,vgg16,gradcam,7467,18,0.005,2,8787006245562663044,valid,0.9985789618651912,0.9200306102927109,18,18,True,0.9823178052902222,0.9816495776176453,0.0006682276725769043,0.003987150266766548,9.93736300006276
voc,vgg16,gradcam,7467,18,0.005,3,2631177189532017221,valid,0.9981137863684513,0.9430784123910939,18,18,True,0.9823178052902222,0.9836615920066833,0.0013437867164611816,0.003980529494583607,9.936621000179002
voc,vgg16,gradcam,7467,18,0.005,4,2697424900096002369,valid,0.9982008065310507,0.9285165257494236,18,18,True,0.9823178052902222,0.9770696759223938,0.005248129367828369,0.003988667391240597,10.063404999982595
voc,vgg16,gradcam,8923,6,0.005,0,8535845287753839827,valid,0.9652204633040129,0.7114597544338336,6,6,True,0.9996362924575806,0.9996461868286133,9.894371032714844e-06,0.003981161862611771,9.920083999986673
voc,vgg16,gradcam,8923,6,0.005,1,6425213829186736156,valid,0.9707500362153182,0.68107202680067,6,6,True,0.9996362924575806,0.9996287822723389,7.510185241699219e-06,0.0039887200109660625,9.942469000179699
voc,vgg16,gradcam,8923,6,0.005,2,8216193328553423208,valid,0.953362301143861,0.6577469441691444,6,6,True,0.9996362924575806,0.9996469020843506,1.0609626770019531e-05,0.003965487238019705,9.935192000284587
voc,vgg16,gradcam,8923,6,0.005,3,8727306689685044685,valid,0.8994274586742605,0.6964164976335362,6,6,True,0.9996362924575806,0.9996722936630249,3.600120544433594e-05,0.003974519670009613,9.936127999935707
voc,vgg16,gradcam,8923,6,0.005,4,2115439416598246831,valid,0.9424896637681431,0.6602150537634408,6,6,True,0.9996362924575806,0.9996508359909058,1.4543533325195312e-05,0.003985342103987932,9.938238999893656
voc,vgg16,gradcam,6070,2,0.005,0,8176075420989258968,valid,0.8735281525880979,0.677360066833751,2,2,True,0.9994924068450928,0.9995664954185486,7.408857345581055e-05,0.003990681376308203,9.919740999976057
voc,vgg16,gradcam,6070,2,0.005,1,3883376375087179934,valid,0.8563060145174328,0.6858102434928631,2,2,True,0.9994924068450928,0.9994345307350159,5.78761100769043e-05,0.0039891996420919895,9.928274000230886
voc,vgg16,gradcam,6070,2,0.005,2,937512255825271957,valid,0.8855782873080893,0.6481694303070104,2,2,True,0.9994924068450928,0.9995168447494507,2.4437904357910156e-05,0.003979874309152365,9.923842000262084
voc,vgg16,gradcam,6070,2,0.005,3,8862256097771777575,valid,0.8977094345267767,0.6977845425334009,2,2,True,0.9994924068450928,0.9996107220649719,0.00011831521987915039,0.003977686632424593,9.936909999851196
voc,vgg16,gradcam,6070,2,0.005,4,8352079534336211832,valid,0.8430092535662913,0.60086110668155,2,2,True,0.9994924068450928,0.9994445443153381,4.786252975463867e-05,0.003990346100181341,9.951817999990453
voc,vgg16,gradcam,9350,6,0.005,0,7528528802294777855,valid,0.9811218782394319,0.8689013035381751,6,6,True,0.9554941654205322,0.9554057717323303,8.83936882019043e-05,0.004013692028820515,9.934241999872029
voc,vgg16,gradcam,9350,6,0.005,1,3984736845230428495,valid,0.961331931042333,0.8050359712230216,6,6,True,0.9554941654205322,0.9578284621238708,0.002334296703338623,0.003990530036389828,9.935854000104882
voc,vgg16,gradcam,9350,6,0.005,2,760316986588722661,valid,0.9595086813808094,0.8982409684130888,6,6,True,0.9554941654205322,0.9529320001602173,0.0025621652603149414,0.003996381536126137,9.935433999999077
voc,vgg16,gradcam,9350,6,0.005,3,3335686919868180309,valid,0.974674592692482,0.8839872348413741,6,6,True,0.9554941654205322,0.9566114544868469,0.0011172890663146973,0.003987916279584169,9.939947000020766
voc,vgg16,gradcam,9350,6,0.005,4,2731706351980836960,valid,0.9911730415155714,0.8709917971662938,6,6,True,0.9554941654205322,0.9580207467079163,0.002526581287384033,0.003991837613284588,9.930608000104257
voc,vgg16,gradcam,6136,16,0.005,0,3553062391789888395,valid,0.9816043180424732,0.853055196603286,16,16,True,0.9989873766899109,0.9987618923187256,0.00022548437118530273,0.0039986493065953255,9.93077099974471
voc,vgg16,gradcam,6136,16,0.005,1,9040047505948696195,valid,0.987917247216581,0.784850640113798,16,16,True,0.9989873766899109,0.9988480806350708,0.0001392960548400879,0.003985515795648098,9.934504999819183
voc,vgg16,gradcam,6136,16,0.005,2,3731367986805198140,valid,0.9885463205757353,0.8547671840354767,16,16,True,0.9989873766899109,0.9987874627113342,0.00019991397857666016,0.003996615298092365,9.93935299993609
voc,vgg16,gradcam,6136,16,0.005,3,4758686824483242357,valid,0.9776596755753786,0.85579589572934,16,16,True,0.9989873766899109,0.999002993106842,1.5616416931152344e-05,0.00397955346852541,9.935171000051923
voc,vgg16,gradcam,6136,16,0.005,4,5987871277666387327,valid,0.990586359066441,0.9062262718299164,16,16,True,0.9989873766899109,0.9991005659103394,0.0001131892204284668,0.003982909023761749,9.929184000156965
voc,vgg16,gradcam,8919,12,0.005,0,8997875348459840141,valid,0.9777744377358344,0.8769403403777819,9,9,True,0.9051780104637146,0.8971980810165405,0.007979929447174072,0.003982063848525286,9.92381000014575
voc,vgg16,gradcam,8919,12,0.005,1,6719013068151611595,valid,0.9749863216683253,0.9141712759870303,9,9,True,0.9051780104637146,0.8869631886482239,0.018214821815490723,0.0039967880584299564,9.933053000168002
voc,vgg16,gradcam,8919,12,0.005,2,6804670966095309884,valid,0.9850419473544744,0.9404485692188709,9,9,True,0.9051780104637146,0.8567233085632324,0.04845470190048218,0.003976715728640556,9.939812000084203
voc,vgg16,gradcam,8919,12,0.005,3,2840208956740015292,valid,0.9824461985831467,0.9127120259195731,9,9,True,0.9051780104637146,0.8984163999557495,0.006761610507965088,0.003986033145338297,9.934797999903822
voc,vgg16,gradcam,8919,12,0.005,4,4984008792992495882,valid,0.9799296841039498,0.913441372735939,9,9,True,0.9051780104637146,0.8839775323867798,0.021200478076934814,0.00398150784894824,9.935068999766372
voc,vgg16,gradcam,6252,11,0.005,0,7374814095542933128,valid,0.9856112784072396,0.9090736161308731,11,11,True,0.870671272277832,0.8572193384170532,0.013451933860778809,0.003989774733781815,9.909319000144023
voc,vgg16,gradcam,6252,11,0.005,1,584848945964013034,valid,0.986538127590929,0.8836336336336337,11,11,True,0.870671272277832,0.8772480487823486,0.0065767765045166016,0.003996257204562426,9.931243000210088
voc,vgg16,gradcam,6252,11,0.005,2,8298605397671154098,valid,0.9867352826627921,0.8407923697725606,11,11,True,0.870671272277832,0.8568354845046997,0.013835787773132324,0.004003005567938089,9.944613999778085
voc,vgg16,gradcam,6252,11,0.005,3,3425794410507211966,valid,0.9929773167485798,0.8978819969742814,11,11,True,0.870671272277832,0.853205144405365,0.01746612787246704,0.003998854663223028,9.942934000264358
voc,vgg16,gradcam,6252,11,0.005,4,5863502613563450398,valid,0.9644039804186068,0.6884253028263796,11,11,True,0.870671272277832,0.8240575790405273,0.04661369323730469,0.003985176328569651,9.94593600034932
voc,vgg16,gradcam,9348,0,0.005,0,110231658331128164,valid,0.9823758140603968,0.9000378644452859,0,0,True,0.9963996410369873,0.9963759779930115,2.3663043975830078e-05,0.004001502878963947,10.13309100017068
voc,vgg16,gradcam,9348,0,0.005,1,9002787145464827941,valid,0.9910170468419647,0.9374517374517375,0,0,True,0.9963996410369873,0.9967132806777954,0.00031363964080810547,0.003981970716267824,9.958047000054648
voc,vgg16,gradcam,9348,0,0.005,2,3850202729401011018,valid,0.9950842128772277,0.9274054157864413,0,0,True,0.9963996410369873,0.995612382888794,0.0007872581481933594,0.003976086620241404,9.941611000158446
voc,vgg16,gradcam,9348,0,0.005,3,6347149697064204936,valid,0.9912290794280783,0.9666862629825593,0,0,True,0.9963996410369873,0.9966862797737122,0.0002866387367248535,0.003989476710557938,9.926811000241287
voc,vgg16,gradcam,9348,0,0.005,4,86957952805582142,valid,0.9928059924814506,0.9226053639846743,0,0,True,0.9963996410369873,0.9952862858772278,0.0011133551597595215,0.003998749423772097,9.931903000051534
voc,vgg16,gradcam,9185,11,0.005,0,770057058163844119,valid,0.9162809099140141,0.9453382438457065,11,11,True,0.9997778534889221,0.9997770190238953,8.344650268554688e-07,0.003968844190239906,9.920034999595373
voc,vgg16,gradcam,9185,11,0.005,1,430113233436584468,valid,0.9397824490694772,0.9333461760739742,11,11,True,0.9997778534889221,0.9997846484184265,6.794929504394531e-06,0.003979220986366272,9.94828199964104
voc,vgg16,gradcam,9185,11,0.005,2,7277659768102874392,valid,0.9186060481946682,0.9513902391600233,11,11,True,0.9997778534889221,0.9997115731239319,6.628036499023438e-05,0.003960773814469576,9.944746000201121
voc,vgg16,gradcam,9185,11,0.005,3,2356679689533405010,valid,0.964676924878726,0.9748130657221566,11,11,True,0.9997778534889221,0.999790370464325,1.2516975402832031e-05,0.003942582290619612,10.463001000061922
voc,vgg16,gradcam,9185,11,0.005,4,4418457342207845275,valid,0.9379292028048529,0.967843137254902,11,11,True,0.9997778534889221,0.9997835755348206,5.7220458984375e-06,0.0039626555517315865,9.946368999862898
voc,vgg16,gradcam,6219,11,0.005,0,3701942161707854505,valid,0.9832495721127799,0.9355834136933462,11,11,True,0.9997267127037048,0.999778687953949,5.1975250244140625e-05,0.003990946803241968,9.921643999859953
voc,vgg16,gradcam,6219,11,0.005,1,6540902343793752805,valid,0.9592999485355942,0.8609308362692379,11,11,True,0.9997267127037048,0.9996813535690308,4.5359134674072266e-05,0.003979867324233055,9.94244899993646
voc,vgg16,gradcam,6219,11,0.005,2,2348129838446693546,valid,0.9453317100494855,0.8424821002386634,11,11,True,0.9997267127037048,0.9996848106384277,4.190206527709961e-05,0.003976752515882254,9.931569000400486
voc,vgg16,gradcam,6219,11,0.005,3,2671931975039817424,valid,0.9947012905942089,0.9705478107205969,11,11,True,0.9997267127037048,0.9997310042381287,4.291534423828125e-06,0.003990772180259228,9.938785000031203
voc,vgg16,gradcam,6219,11,0.005,4,1899445604942049004,valid,0.9837914185838121,0.9079847908745247,11,11,True,0.9997267127037048,0.9997000694274902,2.664327621459961e-05,0.00398498959839344,9.943091999957687
voc,vgg16,gradcam,1273,2,0.005,0,9168507270778338518,valid,0.9563309236894635,0.6544675239037256,2,2,True,0.9999364614486694,0.9999312162399292,5.245208740234375e-06,0.00399660924449563,9.922221999659087
voc,vgg16,gradcam,1273,2,0.005,1,3080832874991223474,valid,0.9830737878300678,0.7878517990737443,2,2,True,0.9999364614486694,0.9999262094497681,1.0251998901367188e-05,0.00399231631308794,9.947952999937115
voc,vgg16,gradcam,1273,2,0.005,2,586347988131817274,valid,0.9730705839020308,0.8151564478205824,2,2,True,0.9999364614486694,0.9999220371246338,1.4424324035644531e-05,0.003985802177339792,9.927915000389476
voc,vgg16,gradcam,1273,2,0.005,3,1659127970543462193,valid,0.9826629777185509,0.7788018433179723,2,2,True,0.9999364614486694,0.9999356269836426,8.344650268554688e-07,0.00399787537753582,9.93961299991497
voc,vgg16,gradcam,1273,2,0.005,4,7020780874504587280,valid,0.9402394044090907,0.5152475845410628,2,2,True,0.9999364614486694,0.9999436140060425,7.152557373046875e-06,0.003988410346210003,9.927079000135564
voc,vgg16,gradcam,563,3,0.005,0,6949831724463588672,valid,0.9986577242408395,0.9344641480339244,3,3,True,0.9999854564666748,0.9999872446060181,1.7881393432617188e-06,0.003985056187957525,9.933950000231562
voc,vgg16,gradcam,563,3,0.005,1,4026115949122591262,valid,0.996277146915571,0.8896629636603276,3,3,True,0.9999854564666748,0.9999856948852539,2.384185791015625e-07,0.003998697269707918,9.926715999881708
voc,vgg16,gradcam,563,3,0.005,2,5222168100560739601,valid,0.9940399100823948,0.9415747726833044,3,3,True,0.9999854564666748,0.9999866485595703,1.1920928955078125e-06,0.003974745515733957,9.941173999777675
voc,vgg16,gradcam,563,3,0.005,3,5376010537337676334,valid,0.9933379566677268,0.9434546862896979,3,3,True,0.9999854564666748,0.999988317489624,2.86102294921875e-06,0.003988063428550959,9.9275449997549
voc,vgg16,gradcam,563,3,0.005,4,1180884290087723805,valid,0.9962227970315116,0.9378258351033018,3,3,True,0.9999854564666748,0.9999881982803345,2.7418136596679688e-06,0.003985632210969925,9.941634999904636
voc,vgg16,gradcam,9524,14,0.005,0,2917751078990365690,valid,0.9916120368635197,0.9674573613017056,2,2,True,0.3782406151294708,0.3298977017402649,0.04834291338920593,0.003989378456026316,9.926214000188338
voc,vgg16,gradcam,9524,14,0.005,1,2383114237310698817,valid,0.9901933564210961,0.9453382438457065,2,2,True,0.3782406151294708,0.34271833300590515,0.035522282123565674,0.0040086666122078896,9.941734000221913
voc,vgg16,gradcam,9524,14,0.005,2,1056569341057656110,valid,0.9936607658507596,0.9636079045196635,2,2,True,0.3782406151294708,0.32873156666755676,0.04950904846191406,0.0039850687608122826,9.942580999904749
voc,vgg16,gradcam,9524,14,0.005,3,2031197014861192982,valid,0.9898338495054053,0.9525291828793774,2,2,True,0.3782406151294708,0.37142765522003174,0.006812959909439087,0.004000959452241659,9.942801999841322
voc,vgg16,gradcam,9524,14,0.005,4,3605346839599098624,valid,0.9949595622937322,0.9705478107205969,2,2,True,0.3782406151294708,0.3610815703868866,0.01715904474258423,0.003987139090895653,9.928410000156873
voc,vgg16,gradcam,6067,0,0.005,0,5723002977642024367,valid,0.8456784228985115,0.7260862098574618,0,0,True,0.999990701675415,0.9999920129776001,1.3113021850585938e-06,0.003997919149696827,9.911514000123134
voc,vgg16,gradcam,6067,0,0.005,1,5529229040250783174,valid,0.8653653185716854,0.7047344306804684,0,0,True,0.999990701675415,0.9999920129776001,1.3113021850585938e-06,0.0039818924851715565,9.928931999638735
voc,vgg16,gradcam,6067,0,0.005,2,1877803580088221135,valid,0.8658544054871845,0.650131406044678,0,0,True,0.999990701675415,0.999991774559021,1.0728836059570312e-06,0.004006372764706612,9.943533000296156
voc,vgg16,gradcam,6067,0,0.005,3,5551567823411456925,valid,0.8972883713737345,0.6777369826435247,0,0,True,0.999990701675415,0.9999896287918091,1.0728836059570312e-06,0.00400070333853364,9.925304999796936
voc,vgg16,gradcam,6067,0,0.005,4,1983970328660534008,valid,0.8807332898508846,0.7140419723596656,0,0,True,0.999990701675415,0.999991774559021,1.0728836059570312e-06,0.003985370974987745,9.940107999682368
voc,vgg16,gradcam,5407,18,0.005,0,9086438905188328775,valid,0.9915008487939114,0.9050873196659074,1,1,True,0.3131241500377655,0.3100949823856354,0.003029167652130127,0.003933584317564964,9.913417999996454
voc,vgg16,gradcam,5407,18,0.005,1,7301998592360026452,valid,0.9924436820571176,0.9101636848115722,1,1,True,0.3131241500377655,0.3159934878349304,0.002869337797164917,0.00392915541306138,9.929345999807992
voc,vgg16,gradcam,5407,18,0.005,2,7160963401273547667,valid,0.9935112140180612,0.9203980099502488,1,1,True,0.3131241500377655,0.29180851578712463,0.02131563425064087,0.003928649704903364,9.936161000041466
voc,vgg16,gradcam,5407,18,0.005,3,2048276915005807060,valid,0.988031219589857,0.833729216152019,1,1,True,0.3131241500377655,0.31062424182891846,0.002499908208847046,0.003949337638914585,9.946086000127252
voc,vgg16,gradcam,5407,18,0.005,4,5464098046004089150,valid,0.9927420057205169,0.8808095952023988,1,1,True,0.3131241500377655,0.306540846824646,0.006583303213119507,0.003942001610994339,9.924683999997796
voc,vgg16,gradcam,7863,7,0.005,0,5134825225546985846,valid,0.97866371058602,0.9101636848115722,7,7,True,0.998468816280365,0.9992483258247375,0.0007795095443725586,0.00396859273314476,9.923006000008172
voc,vgg16,gradcam,7863,7,0.005,1,2511839093063816830,valid,0.9794857787006442,0.9540498442367601,7,7,True,0.998468816280365,0.9986386895179749,0.00016987323760986328,0.0039800722151994705,9.932942999967054
voc,vgg16,gradcam,7863,7,0.005,2,5448166675399807755,valid,0.9859707227454496,0.9244487056567593,7,7,True,0.998468816280365,0.9985038042068481,3.49879264831543e-05,0.003975120838731527,9.927254999638535
voc,vgg16,gradcam,7863,7,0.005,3,6295564134202275404,valid,0.9744080372496804,0.913076629813191,7,7,True,0.998468816280365,0.9983792304992676,8.958578109741211e-05,0.00397254154086113,9.935399000369216
voc,vgg16,gradcam,7863,7,0.005,4,3712980148670184908,valid,0.9866200124162476,0.96015625,7,7,True,0.998468816280365,0.9986812472343445,0.0002124309539794922,0.003971342463046312,9.928421000040544
voc,vgg16,gradcam,6162,0,0.005,0,7632449449902570069,valid,0.9137707222493116,0.8939422532553312,0,0,True,0.9999996423721313,0.9999994039535522,2.384185791015625e-07,0.0039952602237463,9.911698999985674
voc,vgg16,gradcam,6162,0,0.005,1,3802685298682577884,valid,0.9348987533276011,0.9281460134486071,0,0,True,0.9999996423721313,0.9999992847442627,3.5762786865234375e-07,0.003990139812231064,9.934934000284557
voc,vgg16,gradcam,6162,0,0.005,2,645666305175528849,valid,0.9368254747788956,0.8928706148623161,0,0,True,0.9999996423721313,0.9999994039535522,2.384185791015625e-07,0.003984477836638689,9.950444999958563
voc,vgg16,gradcam,6162,0,0.005,3,8408867924325803249,valid,0.9214513946816629,0.9032808647828561,0,0,True,0.9999996423721313,0.9999992847442627,3.5762786865234375e-07,0.003993939142674208,9.931417999723635
voc,vgg16,gradcam,6162,0,0.005,4,4498081951960403672,valid,0.9212792262755192,0.8790488672533233,0,0,True,0.9999996423721313,0.9999991655349731,4.76837158203125e-07,0.0039866771548986435,9.923673999765015
voc,vgg16,gradcam,9754,14,0.005,0,7739242529401136328,valid,0.9696919398571326,0.7947067238912733,17,17,True,0.9714670181274414,0.9636834263801575,0.0077835917472839355,0.00396427558735013,9.91014599958362
voc,vgg16,gradcam,9754,14,0.005,1,5091316030814605689,valid,0.9632311884627341,0.7585421412300684,17,17,True,0.9714670181274414,0.9649311900138855,0.006535828113555908,0.003981020767241716,9.936998000284802
voc,vgg16,gradcam,9754,14,0.005,2,1231902815645750962,valid,0.9625868337035751,0.7336327517705994,17,17,True,0.9714670181274414,0.9598696231842041,0.011597394943237305,0.003970898222178221,9.945515999788768
voc,vgg16,gradcam,9754,14,0.005,3,877014072797426259,valid,0.9418220935269749,0.7173169062286106,17,17,True,0.9714670181274414,0.960474967956543,0.010992050170898438,0.0039719706401228905,10.022351000316121
voc,vgg16,gradcam,9754,14,0.005,4,3590516625225738162,valid,0.9453538891454517,0.8482504604051565,17,17,True,0.9714670181274414,0.9684191942214966,0.0030478239059448242,0.003980202600359917,9.935347999999067
voc,vgg16,gradcam,1934,7,0.005,0,689292329030594692,valid,0.9833934447823657,0.8716896680343156,7,7,True,0.9999876022338867,0.9999880790710449,4.76837158203125e-07,0.003991944249719381,9.917496000070969
voc,vgg16,gradcam,1934,7,0.005,1,1398196950242832667,valid,0.9882937859727392,0.8237325095402508,7,7,True,0.9999876022338867,0.9999901056289673,2.5033950805664062e-06,0.003977412357926369,9.954842000297504
voc,vgg16,gradcam,1934,7,0.005,2,2401927568781739027,valid,0.9967385847500819,0.8893072289156626,7,7,True,0.9999876022338867,0.9999830722808838,4.5299530029296875e-06,0.003978226333856583,9.94015500009482
voc,vgg16,gradcam,1934,7,0.005,3,8626752469360939461,valid,0.9947089055070905,0.9226053639846743,7,7,True,0.9999876022338867,0.9999877214431763,1.1920928955078125e-07,0.004003079608082771,9.945395000158896
voc,vgg16,gradcam,1934,7,0.005,4,7556159184066847955,valid,0.9944995439763725,0.8794007490636704,7,7,True,0.9999876022338867,0.9999847412109375,2.86102294921875e-06,0.003987846430391073,9.938980999777414
voc,vgg16,gradcam,867,15,0.005,0,3337439362088445178,valid,0.9092798063989912,0.7886294778114418,8,8,True,0.8168025612831116,0.8181449770927429,0.0013424158096313477,0.003987802192568779,9.982350999962364
voc,vgg16,gradcam,867,15,0.005,1,6541123427427846859,valid,0.9067320508709874,0.682199128394234,8,8,True,0.8168025612831116,0.807135283946991,0.009667277336120605,0.00398625573143363,9.949953999694117
voc,vgg16,gradcam,867,15,0.005,2,5662683352550188705,valid,0.8962627741597493,0.6883619239825093,8,8,True,0.8168025612831116,0.8199881911277771,0.0031856298446655273,0.003994464408606291,9.942465999756678
voc,vgg16,gradcam,867,15,0.005,3,3125894880157416653,valid,0.910888282042043,0.6624151068411462,8,8,True,0.8168025612831116,0.8056144118309021,0.011188149452209473,0.003982723690569401,9.936210999967443
voc,vgg16,gradcam,867,15,0.005,4,748457529550318541,valid,0.9261051567257529,0.6884253028263796,8,8,True,0.8168025612831116,0.81080561876297,0.0059969425201416016,0.0039741420187056065,9.948012000222661
voc,vgg16,gradcam,6470,2,0.005,0,1148712032312462193,valid,0.939748910744203,0.7939599714081487,2,2,True,0.9977040886878967,0.9979220032691956,0.00021791458129882812,0.003987019881606102,9.919475000060629
voc,vgg16,gradcam,6470,2,0.005,1,5057445869661550314,valid,0.9116312261468269,0.7593760953382405,2,2,True,0.9977040886878967,0.997552216053009,0.0001518726348876953,0.003992843441665173,9.939867999946728
voc,vgg16,gradcam,6470,2,0.005,2,7610881164644978911,valid,0.9703858023764271,0.726991226561156,2,2,True,0.9977040886878967,0.9977479577064514,4.38690185546875e-05,0.003995595965534449,9.936632000062673
voc,vgg16,gradcam,6470,2,0.005,3,796676747641877853,valid,0.93554346214015,0.7419746659725838,2,2,True,0.9977040886878967,0.9972952008247375,0.0004088878631591797,0.003982139751315117,9.955021999758173
voc,vgg16,gradcam,6470,2,0.005,4,7350450962949674820,valid,0.900690928339751,0.7506538796861377,2,2,True,0.9977040886878967,0.9974114298820496,0.00029265880584716797,0.003980350214987993,9.945676999905118
voc,vgg16,gradcam,9707,7,0.005,0,6035500590665988924,valid,0.9217982685404938,0.6150627615062761,7,7,True,0.9972949624061584,0.997246265411377,4.869699478149414e-05,0.00385465519502759,9.916833999795927
voc,vgg16,gradcam,9707,7,0.005,1,3476331270106691074,valid,0.9123442934159673,0.6489326765188834,7,7,True,0.9972949624061584,0.9969362020492554,0.00035876035690307617,0.003842000151053071,9.932527000273694
voc,vgg16,gradcam,9707,7,0.005,2,4616168888384495383,valid,0.9493191845778626,0.761938202247191,7,7,True,0.9972949624061584,0.9975517392158508,0.0002567768096923828,0.0038357162848114967,9.942717999820161
voc,vgg16,gradcam,9707,7,0.005,3,4764608985804825764,valid,0.9304250590202611,0.7021709633649932,7,7,True,0.9972949624061584,0.9973383545875549,4.3392181396484375e-05,0.003847045125439763,9.931471000072634
voc,vgg16,gradcam,9707,7,0.005,4,397224487975366582,valid,0.9838025896220093,0.8108985925658607,7,7,True,0.9972949624061584,0.9970284104347229,0.0002665519714355469,0.0038438886404037476,9.9289430004319
voc,vgg16,gradcam,7921,6,0.005,0,1688832457416568054,valid,0.9798427157875562,0.8675102344622255,6,6,True,0.9561540484428406,0.9556615948677063,0.0004924535751342773,0.0038651078939437866,9.917717000007542
voc,vgg16,gradcam,7921,6,0.005,1,2937111257285802299,valid,0.9806425437203559,0.8801049082053204,6,6,True,0.9561540484428406,0.9558538794517517,0.0003001689910888672,0.0038858975749462843,9.933700000146928
voc,vgg16,gradcam,7921,6,0.005,2,7455802078173067410,valid,0.9828203428504211,0.9078472354170625,6,6,True,0.9561540484428406,0.9556570053100586,0.0004970431327819824,0.003881195792928338,9.92925800028388
voc,vgg16,gradcam,7921,6,0.005,3,7487267920786200820,valid,0.9846182781837427,0.917287488061127,6,6,True,0.9561540484428406,0.9534946084022522,0.002659440040588379,0.0038668536581099033,9.922313000060967
voc,vgg16,gradcam,7921,6,0.005,4,6853403642392499147,valid,0.946467648335726,0.858174412145899,6,6,True,0.9561540484428406,0.9574352502822876,0.0012812018394470215,0.003868832951411605,9.93560000006255
voc,vgg16,gradcam,6947,19,0.005,0,6088969200513587501,valid,0.9950511929086243,0.9529091262891614,5,5,True,0.009582574479281902,0.00807113666087389,0.0015114378184080124,0.0038873946759849787,9.92994699981864
voc,vgg16,gradcam,6947,19,0.005,1,5356956380127377315,valid,0.9924057320146856,0.9430784123910939,5,5,True,0.009582574479281902,0.006742977071553469,0.0028395974077284336,0.003871313529089093,9.915017000366788
voc,vgg16,gradcam,6947,19,0.005,2,6971857894491676606,valid,0.9938089177191914,0.9643765903307888,5,5,True,0.009582574479281902,0.008220387622714043,0.0013621868565678596,0.0038729666266590357,9.932283000125608
voc,vgg16,gradcam,6947,19,0.005,3,5643272929788852849,valid,0.9906592979377403,0.9404485692188709,5,5,True,0.009582574479281902,0.007991623133420944,0.001590951345860958,0.0038817119784653187,9.944590000031894
voc,vgg16,gradcam,6947,19,0.005,4,8673762418453570745,valid,0.99516807826316,0.9616888193901486,5,5,True,0.009582574479281902,0.007659493014216423,0.0019230814650654793,0.003893650369718671,9.927186999902915
voc,resnet50,ig,8173,18,0.005,0,2568184002337986066,valid,0.8238629564819036,0.5634834086306278,18,18,True,0.9120569229125977,0.9091078639030457,0.002949059009552002,0.00399689469486475,167.00744599984318
voc,resnet50,ig,8173,18,0.005,1,2700930089002217196,valid,0.8263398411437516,0.565922920892495,18,18,True,0.9120569229125977,0.910099983215332,0.001956939697265625,0.003999899607151747,167.09420999995928
voc,resnet50,ig,8173,18,0.005,2,6274773280352562869,valid,0.8252706044746934,0.5547637490317583,18,18,True,0.9120569229125977,0.9015796184539795,0.010477304458618164,0.003980373032391071,167.08586000004289
voc,resnet50,ig,8173,18,0.005,3,7384397133206063386,valid,0.8199630848363489,0.5598383587193037,18,18,True,0.9120569229125977,0.909614622592926,0.002442300319671631,0.003992972429841757,167.92704899989985
voc,resnet50,ig,8173,18,0.005,4,7207923362354915897,valid,0.8201045944568944,0.5550046482801364,18,18,True,0.9120569229125977,0.9112191796302795,0.0008377432823181152,0.003987052943557501,167.20164500020473
voc,resnet50,ig,8927,9,0.005,0,2972210994312305306,valid,0.5761276896704117,0.3747945205479452,9,9,True,0.8023180961608887,0.7757773995399475,0.026540696620941162,0.003956443630158901,167.3508059998312
voc,resnet50,ig,8927,9,0.005,1,3098727151507634343,valid,0.5949019793966177,0.3835125448028674,9,9,True,0.8023180961608887,0.7805513739585876,0.021766722202301025,0.003959944471716881,167.29895900016345
voc,resnet50,ig,8927,9,0.005,2,3156827023830551964,valid,0.5766724447077154,0.36786152378356274,9,9,True,0.8023180961608887,0.7669138312339783,0.0354042649269104,0.00395288597792387,167.2323139996479
voc,resnet50,ig,8927,9,0.005,3,2568375632386903713,valid,0.5825263201686135,0.37857142857142856,9,9,True,0.8023180961608887,0.7758437991142273,0.026474297046661377,0.003952330444008112,168.52456500009794
voc,resnet50,ig,8927,9,0.005,4,487923459527200765,valid,0.6023430530004927,0.3894503668835664,9,9,True,0.8023180961608887,0.7989785075187683,0.0033395886421203613,0.003944706171751022,167.2917780001626
voc,resnet50,ig,5803,10,0.005,0,3852546974185743096,valid,0.4438006795808367,0.29329896907216496,8,8,True,0.8585192561149597,0.8597955107688904,0.001276254653930664,0.003981397021561861,167.14330399963728
voc,resnet50,ig,5803,10,0.005,1,2371425837951975359,valid,0.43929309960057544,0.2888146911519199,8,8,True,0.8585192561149597,0.8602314591407776,0.001712203025817871,0.003984390292316675,167.29282799997236
voc,resnet50,ig,5803,10,0.005,2,6461432094931278540,valid,0.43305531512270595,0.285677683832949,8,8,True,0.8585192561149597,0.8688138723373413,0.010294616222381592,0.003981403075158596,167.90785700004562
voc,resnet50,ig,5803,10,0.005,3,7926371796250851087,valid,0.44490695180932865,0.285677683832949,8,8,True,0.8585192561149597,0.8705894947052002,0.012070238590240479,0.003993417136371136,167.26857599996947
voc,resnet50,ig,5803,10,0.005,4,2273525925788181717,valid,0.4323322169311204,0.2846902201740911,8,8,True,0.8585192561149597,0.8709627389907837,0.012443482875823975,0.003981274086982012,167.2108840002693
voc,resnet50,ig,39,19,0.005,0,2479825858614679456,valid,0.4574796865420172,0.2678120262758969,19,19,True,0.8354922533035278,0.8349806666374207,0.0005115866661071777,0.00398419750854373,167.25745599978836
voc,resnet50,ig,39,19,0.005,1,2409326931739155617,valid,0.46792472030199816,0.2837042721923766,19,19,True,0.8354922533035278,0.832166850566864,0.0033254027366638184,0.003993691876530647,167.2302930001024
voc,resnet50,ig,39,19,0.005,2,6067917643963702541,valid,0.4549183658604793,0.2678120262758969,19,19,True,0.8354922533035278,0.8379753232002258,0.002483069896697998,0.003987385891377926,167.8513589999966
voc,resnet50,ig,39,19,0.005,3,3836945159140576186,valid,0.46450034429543074,0.27782021899668957,19,19,True,0.8354922533035278,0.8354048728942871,8.738040924072266e-05,0.00398008618503809,167.3551200001384
voc,resnet50,ig,39,19,0.005,4,2894779989879545488,valid,0.46227772766962716,0.26973684210526316,19,19,True,0.8354922533035278,0.8352686166763306,0.00022363662719726562,0.003976120613515377,167.25693600028535
voc,resnet50,ig,1686,14,0.005,0,2407452988058933126,valid,0.8264471036101543,0.5466173524425951,14,14,True,0.7900072932243347,0.7946155071258545,0.004608213901519775,0.003984620328992605,167.27642100022422
voc,resnet50,ig,1686,14,0.005,1,1416983024301229683,valid,0.8308014638929827,0.5492435937017598,14,14,True,0.7900072932243347,0.793274462223053,0.0032671689987182617,0.0039873202331364155,167.32885700002953
voc,resnet50,ig,1686,14,0.005,2,329098390142242351,valid,0.8228960781214911,0.5413914913223775,14,14,True,0.7900072932243347,0.7850186228752136,0.004988670349121094,0.003991101402789354,167.40930800006026
voc,resnet50,ig,1686,14,0.005,3,8332520142723992066,valid,0.8278568372774716,0.5478099938309685,14,14,True,0.7900072932243347,0.7921163439750671,0.002109050750732422,0.003986937925219536,167.26886299966282
voc,resnet50,ig,1686,14,0.005,4,4678094734876851399,valid,0.8343982117279842,0.5513989797495749,14,14,True,0.7900072932243347,0.7908000946044922,0.0007928013801574707,0.0039848992601037025,167.31011000001672
voc,resnet50,ig,5544,18,0.005,0,7605300728157470724,valid,0.4740791224885602,0.3084343631860253,18,18,True,0.8930060863494873,0.8788049221038818,0.014201164245605469,0.003989167511463165,167.19208999984403
voc,resnet50,ig,5544,18,0.005,1,7713127228031362199,valid,0.46510622764347737,0.31339963360376866,18,18,True,0.8930060863494873,0.8823547959327698,0.01065129041671753,0.003987888805568218,167.84037300021737
voc,resnet50,ig,5544,18,0.005,2,3269339992068861176,valid,0.46843478566641383,0.3046925776680099,18,18,True,0.8930060863494873,0.8764292001724243,0.01657688617706299,0.003979042638093233,167.2161309998046
voc,resnet50,ig,5544,18,0.005,3,3089590639899074028,valid,0.4808657387604237,0.316327868852459,18,18,True,0.8930060863494873,0.8790156245231628,0.013990461826324463,0.003996388986706734,167.22259800008032
voc,resnet50,ig,5544,18,0.005,4,6201695411679841990,valid,0.4857222442554452,0.32379319440780796,18,18,True,0.8930060863494873,0.8849881291389465,0.008017957210540771,0.0039961994625627995,167.18829999990703
voc,resnet50,ig,3784,1,0.005,0,568371097838651679,valid,0.7079443947289492,0.47609942638623326,1,1,True,0.8706156611442566,0.867588222026825,0.0030274391174316406,0.003933827858418226,167.2228469997208
voc,resnet50,ig,3784,1,0.005,1,8730973129268750908,valid,0.7037863015839706,0.46340040828229806,1,1,True,0.8706156611442566,0.8664860129356384,0.004129648208618164,0.003937961533665657,167.75981999990108
voc,resnet50,ig,3784,1,0.005,2,4988815491858760642,valid,0.701100131135897,0.4599941809717777,1,1,True,0.8706156611442566,0.8743976950645447,0.003782033920288086,0.003942861687391996,167.25797100025375
voc,resnet50,ig,3784,1,0.005,3,4107072592214049901,valid,0.7021694517999273,0.4640408460977389,1,1,True,0.8706156611442566,0.8648715615272522,0.0057440996170043945,0.003928969614207745,167.29116000033173
voc,resnet50,ig,3784,1,0.005,4,2770030334258850844,valid,0.7016597244310977,0.46617969320672026,1,1,True,0.8706156611442566,0.8685321807861328,0.0020834803581237793,0.003948383964598179,167.29730099996232
voc,resnet50,ig,6304,3,0.005,0,7830137365422260441,valid,0.42764124751195026,0.27328089317432125,3,3,True,0.9108566641807556,0.8996217250823975,0.011234939098358154,0.0039367470890283585,167.94050299995433
voc,resnet50,ig,6304,3,0.005,1,4661326768319657430,valid,0.4274219486657519,0.2631843926998112,3,3,True,0.9108566641807556,0.9049469232559204,0.005909740924835205,0.003948709461838007,167.4300259996926
voc,resnet50,ig,6304,3,0.005,2,6619020526136302124,valid,0.43452074908076593,0.2678120262758969,3,3,True,0.9108566641807556,0.9109789133071899,0.00012224912643432617,0.003933782689273357,167.2123600001214
voc,resnet50,ig,6304,3,0.005,3,6800945400057756425,valid,0.4267068556279363,0.27134532556371926,3,3,True,0.9108566641807556,0.9058250784873962,0.005031585693359375,0.003943027462810278,167.26593899966247
voc,resnet50,ig,6304,3,0.005,4,7042581768829889240,valid,0.41859972299754444,0.2623899371069182,3,3,True,0.9108566641807556,0.9086573123931885,0.0021993517875671387,0.0039486452005803585,167.2483940001257
voc,resnet50,ig,158,2,0.005,0,3522680649187379204,valid,0.18530965252655507,0.20625,2,2,True,0.7229312658309937,0.7272781729698181,0.004346907138824463,0.003991131670773029,167.83164200023748
voc,resnet50,ig,158,2,0.005,1,419294351200179885,valid,0.17650300719194023,0.2030688084392232,2,2,True,0.7229312658309937,0.7011276483535767,0.021803617477416992,0.003987189847975969,167.26103800010605
voc,resnet50,ig,158,2,0.005,2,3028218364960125082,valid,0.16480337651572763,0.19192399049881234,2,2,True,0.7229312658309937,0.7336245775222778,0.01069331169128418,0.003988075070083141,167.21993400005886
voc,resnet50,ig,158,2,0.005,3,6052761022673377132,valid,0.1765792093586651,0.20509125840537945,2,2,True,0.7229312658309937,0.7144684791564941,0.008462786674499512,0.0039986358024179935,167.24249700018845
voc,resnet50,ig,158,2,0.005,4,3347453041863134171,valid,0.18389868149687005,0.20422366210703144,2,2,True,0.7229312658309937,0.731842577457428,0.008911311626434326,0.003982962109148502,167.37816500017288
voc,resnet50,ig,9571,0,0.005,0,2590450077393174903,valid,0.25253602055750696,0.1812617702448211,3,3,True,0.8506610989570618,0.8246884346008301,0.02597266435623169,0.003983283881098032,167.2472329996708
voc,resnet50,ig,9571,0,0.005,1,7132724899960905381,valid,0.2443278821747236,0.17462546816479402,3,3,True,0.8506610989570618,0.8343582153320312,0.016302883625030518,0.0039848992601037025,167.24233000013555
voc,resnet50,ig,9571,0,0.005,2,1120045858359378571,valid,0.24823604949478806,0.17738151102768654,3,3,True,0.8506610989570618,0.7862915992736816,0.06436949968338013,0.003979082219302654,167.28903300008824
voc,resnet50,ig,9571,0,0.005,3,3030323471833644395,valid,0.2401556853965065,0.17229295643032355,3,3,True,0.8506610989570618,0.8346890211105347,0.0159720778465271,0.003983946982771158,167.75416400014365
voc,resnet50,ig,9571,0,0.005,4,3981683401082662910,valid,0.25230205035651593,0.17821084761681147,3,3,True,0.8506610989570618,0.8662915825843811,0.015630483627319336,0.0039966232143342495,167.27676000027714
voc,resnet50,ig,4263,2,0.005,0,1604950784437852059,valid,0.6962147744691843,0.49367465396636406,2,2,True,0.8795669674873352,0.8770136833190918,0.002553284168243408,0.0039625102654099464,167.2497200001999
voc,resnet50,ig,4263,2,0.005,1,3247925513014509242,valid,0.6948092040505452,0.4921201308355635,2,2,True,0.8795669674873352,0.8799025416374207,0.0003355741500854492,0.003958556335419416,167.33206199978667
voc,resnet50,ig,4263,2,0.005,2,1389457712123523278,valid,0.7038849129536703,0.4887998813232458,2,2,True,0.8795669674873352,0.8784326314926147,0.001134335994720459,0.003949703648686409,167.28914500026804
voc,resnet50,ig,4263,2,0.005,3,480244618116577529,valid,0.7010255478878383,0.49992527275444626,2,2,True,0.8795669674873352,0.8807052373886108,0.0011382699012756348,0.0039580343291163445,167.27115200001208
voc,resnet50,ig,4263,2,0.005,4,7967479866348952647,valid,0.6920565656263408,0.4868148148148148,2,2,True,0.8795669674873352,0.8794204592704773,0.00014650821685791016,0.003958020359277725,167.30281300033312
voc,resnet50,ig,9735,8,0.005,0,429024551757205530,valid,0.6110567696417087,0.36007589104214666,6,6,True,0.31881433725357056,0.32290229201316833,0.004087954759597778,0.003983628004789352,167.30298299989954
voc,resnet50,ig,9735,8,0.005,1,38723299165083365,valid,0.6194726490376576,0.38046767537826687,6,6,True,0.31881433725357056,0.3240482211112976,0.005233883857727051,0.003989045042544603,167.28207000005568
voc,resnet50,ig,9735,8,0.005,2,9178114752112229949,valid,0.6068238054178153,0.3622912990362427,6,6,True,0.31881433725357056,0.32005757093429565,0.0012432336807250977,0.003987479489296675,167.23248500011323
voc,resnet50,ig,9735,8,0.005,3,1031284293776987046,valid,0.607016119906669,0.36192156330574027,6,6,True,0.31881433725357056,0.31962183117866516,0.0008074939250946045,0.003983379807323217,167.29336300022624
voc,resnet50,ig,9735,8,0.005,4,3348561243312525669,valid,0.603526456721097,0.3563513513513514,6,6,True,0.31881433725357056,0.3191087245941162,0.0002943873405456543,0.0039871190674602985,167.894480999621
voc,resnet50,ig,2260,13,0.005,0,5025200367840149463,valid,0.7206746598994052,0.4774032091859267,13,13,True,0.8876165151596069,0.8874125480651855,0.00020396709442138672,0.003985061775892973,167.25213400013672
voc,resnet50,ig,2260,13,0.005,1,3411743008570029691,valid,0.7293780432746225,0.4863744075829384,13,13,True,0.8876165151596069,0.8817504644393921,0.005866050720214844,0.003988680895417929,167.20851400032188
voc,resnet50,ig,2260,13,0.005,2,7032992938641812369,valid,0.7229538463510108,0.4672514619883041,13,13,True,0.8876165151596069,0.8854643702507019,0.0021521449089050293,0.003985942341387272,167.4183080003786
voc,resnet50,ig,2260,13,0.005,3,4430730098924563606,valid,0.7322921311027942,0.48747591522157996,13,13,True,0.8876165151596069,0.8864406943321228,0.0011758208274841309,0.0040060668252408504,167.544972000087
voc,resnet50,ig,2260,13,0.005,4,7988849592980058792,valid,0.7264312710312781,0.47849145550972305,13,13,True,0.8876165151596069,0.8817170262336731,0.005899488925933838,0.003984048031270504,168.11764399972162
voc,resnet50,ig,605,6,0.005,0,1408266758386522545,valid,0.44492336001187754,0.2731193707979196,3,3,True,0.630755603313446,0.6169497966766357,0.013805806636810303,0.003988117910921574,167.3222520003037
voc,resnet50,ig,605,6,0.005,1,734413310480609420,valid,0.43917796515809104,0.2668518050997223,3,3,True,0.630755603313446,0.6510592103004456,0.02030360698699951,0.003993346821516752,167.3277230001986
voc,resnet50,ig,605,6,0.005,2,6413108089302143601,valid,0.4368733888224206,0.2737657063079071,3,3,True,0.630755603313446,0.6627662181854248,0.03201061487197876,0.003993013873696327,167.3078019998684
voc,resnet50,ig,605,6,0.005,3,2368469526416546982,valid,0.4476497042443394,0.27408912022343535,3,3,True,0.630755603313446,0.6310265064239502,0.0002709031105041504,0.004002243280410767,167.92579899993143
voc,resnet50,ig,605,6,0.005,4,5244897393308048599,valid,0.43120648435160847,0.25859041886129924,3,3,True,0.630755603313446,0.6540774703025818,0.023321866989135742,0.003978576976805925,167.26386700020157
voc,resnet50,ig,12,6,0.005,0,6380489679620311017,valid,0.47612525005180967,0.2991585760517799,6,6,True,0.8839967846870422,0.8640463948249817,0.019950389862060547,0.003993874881416559,167.27897100008704
voc,resnet50,ig,12,6,0.005,1,7024435155116285770,valid,0.4774066944859561,0.3054110301768991,6,6,True,0.8839967846870422,0.8773746490478516,0.006622135639190674,0.003997286316007376,167.34378000001016
voc,resnet50,ig,12,6,0.005,2,3062577145113922538,valid,0.49285449703174444,0.3043930335326228,6,6,True,0.8839967846870422,0.8737643957138062,0.010232388973236084,0.003982046153396368,167.31309500028146
voc,resnet50,ig,12,6,0.005,3,756160407238986896,valid,0.47810673616407373,0.3028690120732182,6,6,True,0.8839967846870422,0.8726634383201599,0.011333346366882324,0.003993476741015911,167.94976000028328
voc,resnet50,ig,12,6,0.005,4,2380232883162648843,valid,0.47193956631512834,0.29798241076047594,6,6,True,0.8839967846870422,0.8734297752380371,0.010567009449005127,0.003986918833106756,167.3635409997587
voc,resnet50,ig,6335,4,0.005,0,7266703710182033630,valid,0.6165408789306944,0.4081661288059492,4,4,True,0.8150165677070618,0.8287543058395386,0.013737738132476807,0.003975051920861006,167.24157999988165
voc,resnet50,ig,6335,4,0.005,1,2058730484570914110,valid,0.610549806041342,0.40678441267171295,4,4,True,0.8150165677070618,0.8192363381385803,0.004219770431518555,0.003979587461799383,167.26526299999023
voc,resnet50,ig,6335,4,0.005,2,5622625592551355526,valid,0.6205367699816937,0.40875912408759124,4,4,True,0.8150165677070618,0.8240769505500793,0.009060382843017578,0.003989832010120153,167.26263700002164
voc,resnet50,ig,6335,4,0.005,3,1149384304444514773,valid,0.6140016469962308,0.40344007831072576,4,4,True,0.8150165677070618,0.8237393498420715,0.008722782135009766,0.003973313607275486,167.28157199986526
voc,resnet50,ig,6335,4,0.005,4,1368511953220648720,valid,0.6132076504571746,0.41312306392565473,4,4,True,0.8150165677070618,0.8263136148452759,0.011297047138214111,0.0039856210350990295,167.31872199989084
voc,resnet50,ig,7467,18,0.005,0,7800003000653008807,valid,0.8114746252703169,0.5847149849992105,18,18,True,0.9416565299034119,0.9448649883270264,0.003208458423614502,0.0039892964996397495,167.37442100020417
voc,resnet50,ig,7467,18,0.005,1,3182953704350948054,valid,0.8123239342061958,0.5869702719797596,18,18,True,0.9416565299034119,0.94178307056427,0.0001265406608581543,0.0039834268391132355,167.76384000013422
voc,resnet50,ig,7467,18,0.005,2,8787006245562663044,valid,0.8101224581347187,0.5740276035131744,18,18,True,0.9416565299034119,0.9446591138839722,0.0030025839805603027,0.003987150266766548,167.9248989998996
voc,resnet50,ig,7467,18,0.005,3,2631177189532017221,valid,0.8147936382944619,0.5703332811766547,18,18,True,0.9416565299034119,0.9451666474342346,0.003510117530822754,0.003980529494583607,167.42318500018882
voc,resnet50,ig,7467,18,0.005,4,2697424900096002369,valid,0.8110600925053307,0.5588692140416278,18,18,True,0.9416565299034119,0.946285605430603,0.004629075527191162,0.003988667391240597,167.52263000034873
voc,resnet50,ig,8923,6,0.005,0,8535845287753839827,valid,0.46565828922055236,0.30881585811163276,6,6,True,0.8693526387214661,0.8674189448356628,0.0019336938858032227,0.003981161862611771,167.31174899996404
voc,resnet50,ig,8923,6,0.005,1,6425213829186736156,valid,0.46581496707887016,0.30452300493891343,6,6,True,0.8693526387214661,0.8676608800888062,0.0016917586326599121,0.0039887200109660625,167.3003300002165
voc,resnet50,ig,8923,6,0.005,2,8216193328553423208,valid,0.467060971759799,0.30558085078704306,6,6,True,0.8693526387214661,0.8688538074493408,0.0004988312721252441,0.003965487238019705,167.81568199985486
voc,resnet50,ig,8923,6,0.005,3,8727306689685044685,valid,0.46607315373578434,0.30915731802765456,6,6,True,0.8693526387214661,0.8722802996635437,0.0029276609420776367,0.003974519670009613,167.22824899989064
voc,resnet50,ig,8923,6,0.005,4,2115439416598246831,valid,0.46092261330085327,0.3108672936259143,6,6,True,0.8693526387214661,0.8736661076545715,0.004313468933105469,0.003985342103987932,167.27805300024556
voc,resnet50,ig,6070,2,0.005,0,8176075420989258968,valid,0.33701806208599333,0.41093771966821313,2,2,True,0.9052754044532776,0.9122834801673889,0.007008075714111328,0.003990681376308203,167.26357100014866
voc,resnet50,ig,6070,2,0.005,1,3883376375087179934,valid,0.3488285364740163,0.42213405129658493,2,2,True,0.9052754044532776,0.9078380465507507,0.0025626420974731445,0.0039891996420919895,167.58029500033444
voc,resnet50,ig,6070,2,0.005,2,937512255825271957,valid,0.3492181864962836,0.42032267195018397,2,2,True,0.9052754044532776,0.9138814210891724,0.008606016635894775,0.003979874309152365,167.33635400032654
voc,resnet50,ig,6070,2,0.005,3,8862256097771777575,valid,0.3548480301617918,0.42213405129658493,2,2,True,0.9052754044532776,0.9184707403182983,0.013195335865020752,0.003977686632424593,167.29128699989815
voc,resnet50,ig,6070,2,0.005,4,8352079534336211832,valid,0.35063176559809756,0.42032267195018397,2,2,True,0.9052754044532776,0.9105559587478638,0.005280554294586182,0.003990346100181341,167.28262800006632
voc,resnet50,ig,9350,6,0.005,0,7528528802294777855,valid,0.7327608010294565,0.4839568238947213,6,6,True,0.891403317451477,0.890053927898407,0.0013493895530700684,0.004013692028820515,167.18918700007634
voc,resnet50,ig,9350,6,0.005,1,3984736845230428495,valid,0.7245214513674384,0.47675103001765745,6,6,True,0.891403317451477,0.8933632969856262,0.00195997953414917,0.003990530036389828,167.8274600003533
voc,resnet50,ig,9350,6,0.005,2,760316986588722661,valid,0.7243512666099403,0.4763165636952045,6,6,True,0.891403317451477,0.8947238922119141,0.0033205747604370117,0.003996381536126137,167.30764599969916
voc,resnet50,ig,9350,6,0.005,3,3335686919868180309,valid,0.7340736716770594,0.4804543442985691,6,6,True,0.891403317451477,0.8935974836349487,0.0021941661834716797,0.003987916279584169,167.3649879999175
voc,resnet50,ig,9350,6,0.005,4,2731706351980836960,valid,0.7293710171919491,0.48001769650494025,6,6,True,0.891403317451477,0.8951025009155273,0.003699183464050293,0.003991837613284588,167.28643399983412
voc,resnet50,ig,6136,16,0.005,0,3553062391789888395,valid,0.77724516974908,0.5062284256340988,16,16,True,0.7987332940101624,0.7987841963768005,5.0902366638183594e-05,0.0039986493065953255,167.67749499967977
voc,resnet50,ig,6136,16,0.005,1,9040047505948696195,valid,0.7700562010568038,0.5019455252918288,16,16,True,0.7987332940101624,0.7999414205551147,0.0012081265449523926,0.003985515795648098,167.36407500002315
voc,resnet50,ig,6136,16,0.005,2,3731367986805198140,valid,0.7724127112882514,0.5019455252918288,16,16,True,0.7987332940101624,0.7983636260032654,0.00036966800689697266,0.003996615298092365,167.28764500021498
voc,resnet50,ig,6136,16,0.005,3,4758686824483242357,valid,0.7863282842584438,0.5189950052974118,16,16,True,0.7987332940101624,0.8020577430725098,0.003324449062347412,0.00397955346852541,167.35656299988477
voc,resnet50,ig,6136,16,0.005,4,5987871277666387327,valid,0.7770162114493927,0.5103085026335591,16,16,True,0.7987332940101624,0.7976427674293518,0.0010905265808105469,0.003982909023761749,167.32506599964836
voc,resnet50,ig,8919,12,0.005,0,8997875348459840141,valid,0.746055360610284,0.49590102846922046,11,11,True,0.859633207321167,0.8433731198310852,0.016260087490081787,0.003982063848525286,167.82129200009877
voc,resnet50,ig,8919,12,0.005,1,6719013068151611595,valid,0.73973490604424,0.49145489671570813,11,11,True,0.859633207321167,0.8525615334510803,0.00707167387008667,0.0039967880584299564,167.30572599999505
voc,resnet50,ig,8919,12,0.005,2,6804670966095309884,valid,0.7453753037886907,0.5041966426858513,11,11,True,0.859633207321167,0.8672017455101013,0.007568538188934326,0.003976715728640556,167.26434200018048
voc,resnet50,ig,8919,12,0.005,3,2840208956740015292,valid,0.7311437801242573,0.4730661969763687,11,11,True,0.859633207321167,0.8621519804000854,0.002518773078918457,0.003986033145338297,167.38612799963448
voc,resnet50,ig,8919,12,0.005,4,4984008792992495882,valid,0.7371505389730322,0.4954552227685889,11,11,True,0.859633207321167,0.8473986983299255,0.012234508991241455,0.00398150784894824,167.32970900011424
voc,resnet50,ig,6252,11,0.005,0,7374814095542933128,valid,0.7777663522151822,0.6034510305160569,11,11,True,0.8222142457962036,0.824184238910675,0.0019699931144714355,0.003989774733781815,168.23260699993625
voc,resnet50,ig,6252,11,0.005,1,584848945964013034,valid,0.7823774013454357,0.6093649775497113,11,11,True,0.8222142457962036,0.8221269249916077,8.732080459594727e-05,0.003996257204562426,167.3617930000546
voc,resnet50,ig,6252,11,0.005,2,8298605397671154098,valid,0.7763068865130259,0.6021711366538953,11,11,True,0.8222142457962036,0.8172988891601562,0.004915356636047363,0.004003005567938089,167.4010100000487
voc,resnet50,ig,6252,11,0.005,3,3425794410507211966,valid,0.7837261949467567,0.5937748134032079,11,11,True,0.8222142457962036,0.8180009722709656,0.004213273525238037,0.003998854663223028,167.37504399998215
voc,resnet50,ig,6252,11,0.005,4,5863502613563450398,valid,0.7837980394331977,0.6119498875682621,11,11,True,0.8222142457962036,0.8204160332679749,0.0017982125282287598,0.003985176328569651,167.35147899998992
voc,resnet50,ig,9348,0,0.005,0,110231658331128164,valid,0.456032960750017,0.28354009464125846,0,0,True,0.8602035045623779,0.8547512292861938,0.005452275276184082,0.004001502878963947,167.32679599999756
voc,resnet50,ig,9348,0,0.005,1,9002787145464827941,valid,0.444373372558793,0.27425088877602843,0,0,True,0.8602035045623779,0.8330631852149963,0.027140319347381592,0.003981970716267824,167.32884799966996
voc,resnet50,ig,9348,0,0.005,2,3850202729401011018,valid,0.45772109377415604,0.28633683670853627,0,0,True,0.8602035045623779,0.8592604994773865,0.0009430050849914551,0.003976086620241404,167.304716000217
voc,resnet50,ig,9348,0,0.005,3,6347149697064204936,valid,0.45756736229329786,0.2881529970478758,0,0,True,0.8602035045623779,0.8537225723266602,0.0064809322357177734,0.003989476710557938,167.30727799995293
voc,resnet50,ig,9348,0,0.005,4,86957952805582142,valid,0.4633518761075235,0.290140120838154,0,0,True,0.8602035045623779,0.8444452881813049,0.015758216381072998,0.003998749423772097,167.2526850002214
voc,resnet50,ig,9185,11,0.005,0,770057058163844119,valid,0.5441404152203432,0.40344007831072576,11,11,True,0.8715154528617859,0.8573436141014099,0.014171838760375977,0.003968844190239906,167.27889300000243
voc,resnet50,ig,9185,11,0.005,1,430113233436584468,valid,0.5480428715760317,0.4065872459705676,11,11,True,0.8715154528617859,0.8446852564811707,0.026830196380615234,0.003979220986366272,167.33667900007276
voc,resnet50,ig,9185,11,0.005,2,7277659768102874392,valid,0.5438245845542633,0.4139194139194139,11,11,True,0.8715154528617859,0.8459489345550537,0.025566518306732178,0.003960773814469576,167.39319899988914
voc,resnet50,ig,9185,11,0.005,3,2356679689533405010,valid,0.5422140379504898,0.4016759776536313,11,11,True,0.8715154528617859,0.8494166731834412,0.022098779678344727,0.003942582290619612,167.42639299991424
voc,resnet50,ig,9185,11,0.005,4,4418457342207845275,valid,0.5543527922845748,0.4219325587985265,11,11,True,0.8715154528617859,0.8611859083175659,0.01032954454421997,0.0039626555517315865,167.9465289998916
voc,resnet50,ig,6219,11,0.005,0,3701942161707854505,valid,0.7939357684856289,0.5794774944916588,11,11,True,0.8881937265396118,0.8920159339904785,0.0038222074508666992,0.003990946803241968,167.27155899980062
voc,resnet50,ig,6219,11,0.005,1,6540902343793752805,valid,0.801664164810011,0.5834648153991796,11,11,True,0.8881937265396118,0.8894118666648865,0.0012181401252746582,0.003979867324233055,167.2624379998524
voc,resnet50,ig,6219,11,0.005,2,2348129838446693546,valid,0.8059685338157404,0.5824660990223904,11,11,True,0.8881937265396118,0.8867692351341248,0.0014244914054870605,0.003976752515882254,167.27228299987473
voc,resnet50,ig,6219,11,0.005,3,2671931975039817424,valid,0.8029101914849529,0.5765001570845115,11,11,True,0.8881937265396118,0.8893832564353943,0.0011895298957824707,0.003990772180259228,167.21774400002687
voc,resnet50,ig,6219,11,0.005,4,1899445604942049004,valid,0.8029367399789399,0.5849652558433355,11,11,True,0.8881937265396118,0.8903346061706543,0.0021408796310424805,0.00398498959839344,167.84636100010175
voc,resnet50,ig,1273,2,0.005,0,9168507270778338518,valid,0.31441322013074857,0.20335731414868105,2,2,True,0.9694880843162537,0.9686906337738037,0.0007974505424499512,0.00399660924449563,167.1461860000818
voc,resnet50,ig,1273,2,0.005,1,3080832874991223474,valid,0.32226495273993033,0.20191616766467066,2,2,True,0.9694880843162537,0.9687541723251343,0.0007339119911193848,0.00399231631308794,167.51696099981928
voc,resnet50,ig,1273,2,0.005,2,586347988131817274,valid,0.3034407750205176,0.191782448640304,2,2,True,0.9694880843162537,0.9668821692466736,0.002605915069580078,0.003985802177339792,167.28506599974935
voc,resnet50,ig,1273,2,0.005,3,1659127970543462193,valid,0.309223936876476,0.18741126360624705,2,2,True,0.9694880843162537,0.9685869216918945,0.0009011626243591309,0.00399787537753582,167.30542900040746
voc,resnet50,ig,1273,2,0.005,4,7020780874504587280,valid,0.32390156740112763,0.20335731414868105,2,2,True,0.9694880843162537,0.968166708946228,0.0013213753700256348,0.003988410346210003,167.28192299979128
voc,resnet50,ig,563,3,0.005,0,6949831724463588672,valid,0.5822004590047546,0.3611826936118269,3,3,True,0.9385084509849548,0.9384347200393677,7.37309455871582e-05,0.003985056187957525,167.1317899999849
voc,resnet50,ig,563,3,0.005,1,4026115949122591262,valid,0.5736857595795105,0.3492874428609841,3,3,True,0.9385084509849548,0.939475953578949,0.0009675025939941406,0.003998697269707918,167.30805799988957
voc,resnet50,ig,563,3,0.005,2,5222168100560739601,valid,0.5830553473152086,0.36192156330574027,3,3,True,0.9385084509849548,0.9371242523193359,0.0013841986656188965,0.003974745515733957,167.29476899990914
voc,resnet50,ig,563,3,0.005,3,5376010537337676334,valid,0.5883111239331227,0.3648850809193526,3,3,True,0.9385084509849548,0.939706563949585,0.001198112964630127,0.003988063428550959,167.83384399968782
voc,resnet50,ig,563,3,0.005,4,1180884290087723805,valid,0.5800179755153166,0.34838102915491065,3,3,True,0.9385084509849548,0.9391656517982483,0.000657200813293457,0.003985632210969925,167.2667640000327
voc,resnet50,ig,9524,14,0.005,0,2917751078990365690,valid,0.8292191746074754,0.5571761055081459,14,14,True,0.6422834992408752,0.6442757248878479,0.0019922256469726562,0.003989378456026316,167.15002599994477
voc,resnet50,ig,9524,14,0.005,1,2383114237310698817,valid,0.8438757306420692,0.5688604033140534,14,14,True,0.6422834992408752,0.6413970589637756,0.0008864402770996094,0.0040086666122078896,167.33795900017867
voc,resnet50,ig,9524,14,0.005,2,1056569341057656110,valid,0.8360736605256853,0.5566930355203971,14,14,True,0.6422834992408752,0.6479074358940125,0.005623936653137207,0.0039850687608122826,167.36207699977967
voc,resnet50,ig,9524,14,0.005,3,2031197014861192982,valid,0.8398059453677239,0.5710707576706324,14,14,True,0.6422834992408752,0.6405437588691711,0.0017397403717041016,0.004000959452241659,167.83167799985677
voc,resnet50,ig,9524,14,0.005,4,3605346839599098624,valid,0.8362247703507051,0.5617802676626206,14,14,True,0.6422834992408752,0.6444644927978516,0.0021809935569763184,0.003987139090895653,167.22659800007023
voc,resnet50,ig,6067,0,0.005,0,5723002977642024367,valid,0.2817872936225777,0.17380116959064326,0,0,True,0.9529053568840027,0.9545568227767944,0.001651465892791748,0.003997919149696827,167.22169299964662
voc,resnet50,ig,6067,0,0.005,1,5529229040250783174,valid,0.2820345360056859,0.17490049168812924,0,0,True,0.9529053568840027,0.9550440311431885,0.002138674259185791,0.0039818924851715565,167.3222539998278
voc,resnet50,ig,6067,0,0.005,2,1877803580088221135,valid,0.26097670946293067,0.17297802711547453,0,0,True,0.9529053568840027,0.9515306949615479,0.001374661922454834,0.004006372764706612,167.54448700021385
voc,resnet50,ig,6067,0,0.005,3,5551567823411456925,valid,0.2662215707574276,0.1653506734788667,0,0,True,0.9529053568840027,0.9529173970222473,1.2040138244628906e-05,0.00400070333853364,167.6402049997705
voc,resnet50,ig,6067,0,0.005,4,1983970328660534008,valid,0.27309759457386007,0.16901572510192195,0,0,True,0.9529053568840027,0.9508184194564819,0.002086937427520752,0.003985370974987745,167.4374250001165
voc,resnet50,ig,5407,18,0.005,0,9086438905188328775,valid,0.7661506025214191,0.5521187751314568,18,18,True,0.875863790512085,0.8610707521438599,0.014793038368225098,0.003933584317564964,167.20716899999388
voc,resnet50,ig,5407,18,0.005,1,7301998592360026452,valid,0.7455712442011454,0.5305780082354735,18,18,True,0.875863790512085,0.8713311553001404,0.00453263521194458,0.00392915541306138,167.32747700007167
voc,resnet50,ig,5407,18,0.005,2,7160963401273547667,valid,0.7584569333629887,0.5380842911877395,18,18,True,0.875863790512085,0.8590502142906189,0.016813576221466064,0.003928649704903364,170.42188099958366
voc,resnet50,ig,5407,18,0.005,3,2048276915005807060,valid,0.7633236745863086,0.5333027803238619,18,18,True,0.875863790512085,0.872108519077301,0.0037552714347839355,0.003949337638914585,167.2709310000755
voc,resnet50,ig,5407,18,0.005,4,5464098046004089150,valid,0.7571228701090397,0.536906584992343,18,18,True,0.875863790512085,0.8594649434089661,0.016398847103118896,0.003942001610994339,167.24451399977625
voc,resnet50,ig,7863,7,0.005,0,5134825225546985846,valid,0.5404466679325733,0.33813333333333334,7,7,True,0.9493125677108765,0.9602235555648804,0.010910987854003906,0.00396859273314476,167.22341699960452
voc,resnet50,ig,7863,7,0.005,1,2511839093063816830,valid,0.5454299065423234,0.34675254965110036,7,7,True,0.9493125677108765,0.9602744579315186,0.01096189022064209,0.0039800722151994705,167.76919900030407
voc,resnet50,ig,7863,7,0.005,2,5448166675399807755,valid,0.5431617192403985,0.3429680181988492,7,7,True,0.9493125677108765,0.9588422775268555,0.009529709815979004,0.003975120838731527,167.26728200001162
voc,resnet50,ig,7863,7,0.005,3,6295564134202275404,valid,0.5388336124491112,0.3478377652430835,7,7,True,0.9493125677108765,0.956940233707428,0.007627665996551514,0.00397254154086113,167.5930450001033
voc,resnet50,ig,7863,7,0.005,4,3712980148670184908,valid,0.5365278917249919,0.33085797639570347,7,7,True,0.9493125677108765,0.9592329263687134,0.009920358657836914,0.003971342463046312,167.27739699990707
voc,resnet50,ig,6162,0,0.005,0,7632449449902570069,valid,0.19131153315733215,0.15449212009662946,0,0,True,0.947618305683136,0.9458259344100952,0.0017923712730407715,0.0039952602237463,167.143851000219
voc,resnet50,ig,6162,0,0.005,1,3802685298682577884,valid,0.19977631794876285,0.15835641735918743,0,0,True,0.947618305683136,0.9455755352973938,0.0020427703857421875,0.003990139812231064,167.87172899967118
voc,resnet50,ig,6162,0,0.005,2,645666305175528849,valid,0.19830170946043874,0.16318961520630507,0,0,True,0.947618305683136,0.9461162090301514,0.0015020966529846191,0.003984477836638689,167.23667199994452
voc,resnet50,ig,6162,0,0.005,3,8408867924325803249,valid,0.2062683974940927,0.16399907214103457,0,0,True,0.947618305683136,0.9444532990455627,0.003165006637573242,0.003993939142674208,167.4209380003049
voc,resnet50,ig,6162,0,0.005,4,4498081951960403672,valid,0.19435003939080842,0.1527682058350563,0,0,True,0.947618305683136,0.9470352530479431,0.0005830526351928711,0.0039866771548986435,167.2589939998943
voc,resnet50,ig,9754,14,0.005,0,7739242529401136328,valid,0.5667949580099112,0.3454886714036734,17,17,True,0.6763133406639099,0.675159215927124,0.0011541247367858887,0.00396427558735013,167.15596299991375
voc,resnet50,ig,9754,14,0.005,1,5091316030814605689,valid,0.5715745910293902,0.3426086956521739,17,17,True,0.6763133406639099,0.6701434850692749,0.00616985559463501,0.003981020767241716,167.82991600030073
voc,resnet50,ig,9754,14,0.005,2,1231902815645750962,valid,0.5584654457901591,0.3402777777777778,17,17,True,0.6763133406639099,0.660868763923645,0.015444576740264893,0.003970898222178221,167.2773509999388
voc,resnet50,ig,9754,14,0.005,3,877014072797426259,valid,0.5550616949834806,0.35019507601237726,17,17,True,0.6763133406639099,0.6757112741470337,0.0006020665168762207,0.0039719706401228905,167.20026599978155
voc,resnet50,ig,9754,14,0.005,4,3590516625225738162,valid,0.5397731366865276,0.31671477302545264,17,17,True,0.6763133406639099,0.6720920205116272,0.004221320152282715,0.003980202600359917,167.1881890001714
voc,resnet50,ig,1934,7,0.005,0,689292329030594692,valid,0.6685188346971158,0.427799117939963,7,7,True,0.9440204501152039,0.950676441192627,0.006655991077423096,0.003991944249719381,167.6768729998912
voc,resnet50,ig,1934,7,0.005,1,1398196950242832667,valid,0.6681226162998989,0.4201216923730013,7,7,True,0.9440204501152039,0.9566868543624878,0.012666404247283936,0.003977412357926369,167.48849899977358
voc,resnet50,ig,1934,7,0.005,2,2401927568781739027,valid,0.6728774962595513,0.43064861012116895,7,7,True,0.9440204501152039,0.9502148628234863,0.006194412708282471,0.003978226333856583,167.29761899978257
voc,resnet50,ig,1934,7,0.005,3,8626752469360939461,valid,0.6762498264816297,0.4286120996441281,7,7,True,0.9440204501152039,0.9534022808074951,0.00938183069229126,0.004003079608082771,167.16988500002117
voc,resnet50,ig,1934,7,0.005,4,7556159184066847955,valid,0.6595506656247825,0.41193021947101854,7,7,True,0.9440204501152039,0.9508079886436462,0.006787538528442383,0.003987846430391073,167.1947149998232
voc,resnet50,ig,867,15,0.005,0,3337439362088445178,valid,0.30041152858497777,0.21395742622157715,19,19,True,0.5733901262283325,0.532804012298584,0.040586113929748535,0.003987802192568779,167.7303460000985
voc,resnet50,ig,867,15,0.005,1,6541123427427846859,valid,0.2893685693635674,0.20434365250779937,19,19,True,0.5733901262283325,0.5213168263435364,0.05207329988479614,0.00398625573143363,167.17562299982092
voc,resnet50,ig,867,15,0.005,2,5662683352550188705,valid,0.2951459446889373,0.21719621634731992,19,19,True,0.5733901262283325,0.529166042804718,0.0442240834236145,0.003994464408606291,167.2463660001995
voc,resnet50,ig,867,15,0.005,3,3125894880157416653,valid,0.29144365816881407,0.21161274746499276,19,19,True,0.5733901262283325,0.5361223816871643,0.03726774454116821,0.003982723690569401,167.22663300015483
voc,resnet50,ig,867,15,0.005,4,748457529550318541,valid,0.3003335703114468,0.2120516845791571,19,19,True,0.5733901262283325,0.5296713709831238,0.04371875524520874,0.0039741420187056065,167.48681999979453
voc,resnet50,ig,6470,2,0.005,0,1148712032312462193,valid,0.5293450001261778,0.3054110301768991,2,2,True,0.9244265556335449,0.9232033491134644,0.0012232065200805664,0.003987019881606102,167.1833649998007
voc,resnet50,ig,6470,2,0.005,1,5057445869661550314,valid,0.5429588366372217,0.304901833311663,2,2,True,0.9244265556335449,0.9247376918792725,0.00031113624572753906,0.003992843441665173,167.71783099966342
voc,resnet50,ig,6470,2,0.005,2,7610881164644978911,valid,0.5406237283500807,0.3105249412379211,2,2,True,0.9244265556335449,0.9221437573432922,0.0022827982902526855,0.003995595965534449,167.22459499987963
voc,resnet50,ig,6470,2,0.005,3,796676747641877853,valid,0.5401843944264879,0.3037152507144713,2,2,True,0.9244265556335449,0.9225763082504272,0.0018502473831176758,0.003982139751315117,167.1279960000902
voc,resnet50,ig,6470,2,0.005,4,7350450962949674820,valid,0.5353403259143804,0.3124100954622728,2,2,True,0.9244265556335449,0.9258275628089905,0.0014010071754455566,0.003980350214987993,167.10551500000292
voc,resnet50,ig,9707,7,0.005,0,6035500590665988924,valid,0.5252603968082309,0.42334420649553256,7,7,True,0.860162615776062,0.8496004343032837,0.01056218147277832,0.00385465519502759,167.18356799992762
voc,resnet50,ig,9707,7,0.005,1,3476331270106691074,valid,0.5346694673187883,0.42962962962962964,7,7,True,0.860162615776062,0.8407642245292664,0.019398391246795654,0.003842000151053071,167.15271300017776
voc,resnet50,ig,9707,7,0.005,2,4616168888384495383,valid,0.5357541957199172,0.43473909935668337,7,7,True,0.860162615776062,0.8309178352355957,0.02924478054046631,0.0038357162848114967,167.18485299998065
voc,resnet50,ig,9707,7,0.005,3,4764608985804825764,valid,0.5426350323647912,0.43269093504639544,7,7,True,0.860162615776062,0.8316159844398499,0.028546631336212158,0.003847045125439763,167.19537400012996
voc,resnet50,ig,9707,7,0.005,4,397224487975366582,valid,0.5398768774235297,0.4374104841019765,7,7,True,0.860162615776062,0.852532684803009,0.0076299309730529785,0.0038438886404037476,167.24595699997735
voc,resnet50,ig,7921,6,0.005,0,1688832457416568054,valid,0.4569229332683721,0.28108246106714324,6,6,True,0.8459823727607727,0.8428384065628052,0.0031439661979675293,0.0038651078939437866,167.2460689997024
voc,resnet50,ig,7921,6,0.005,1,2937111257285802299,valid,0.4501421488423678,0.27425088877602843,6,6,True,0.8459823727607727,0.8426082134246826,0.003374159336090088,0.0038858975749462843,167.30557600021712
voc,resnet50,ig,7921,6,0.005,2,7455802078173067410,valid,0.4485293626148599,0.28354009464125846,6,6,True,0.8459823727607727,0.8397778272628784,0.006204545497894287,0.003881195792928338,167.25585299991508
voc,resnet50,ig,7921,6,0.005,3,7487267920786200820,valid,0.45724681837720915,0.27944926058133607,6,6,True,0.8459823727607727,0.8390647172927856,0.0069176554679870605,0.0038668536581099033,167.20098399991912
voc,resnet50,ig,7921,6,0.005,4,6853403642392499147,valid,0.4456402227095813,0.2797755674572813,6,6,True,0.8459823727607727,0.8473781943321228,0.0013958215713500977,0.003868832951411605,167.81450700000278
voc,resnet50,ig,6947,19,0.005,0,6088969200513587501,valid,0.6860844721148115,0.45512541684790486,3,3,True,0.3096292018890381,0.3161148726940155,0.006485670804977417,0.0038873946759849787,167.13319099972068
voc,resnet50,ig,6947,19,0.005,1,5356956380127377315,valid,0.682290392911175,0.4616953102242936,3,3,True,0.3096292018890381,0.3348405063152313,0.025211304426193237,0.003871313529089093,167.17099799961943
voc,resnet50,ig,6947,19,0.005,2,6971857894491676606,valid,0.6936239209803216,0.4730661969763687,3,3,True,0.3096292018890381,0.3293417990207672,0.019712597131729126,0.0038729666266590357,167.19465500000297
voc,resnet50,ig,6947,19,0.005,3,5643272929788852849,valid,0.6956308652082596,0.4715542521994135,3,3,True,0.3096292018890381,0.3212478458881378,0.011618643999099731,0.0038817119784653187,167.19501699981265
voc,resnet50,ig,6947,19,0.005,4,8673762418453570745,valid,0.6714631675889586,0.4438210329449,3,3,True,0.3096292018890381,0.3206886649131775,0.011059463024139404,0.003893650369718671,167.80392900000152
voc,resnet50,gradcam,8173,18,0.005,0,2568184002337986066,valid,0.9953368525841179,0.9438311059461554,18,18,True,0.9120569229125977,0.9091078639030457,0.002949059009552002,0.00399689469486475,7.759610999983124
voc,resnet50,gradcam,8173,18,0.005,1,2700930089002217196,valid,0.9887858340793723,0.9763686490744388,18,18,True,0.9120569229125977,0.910099983215332,0.001956939697265625,0.003999899607151747,7.826026000202546
voc,resnet50,gradcam,8173,18,0.005,2,6274773280352562869,valid,0.9790346597289337,0.9605391678062122,18,18,True,0.9120569229125977,0.9015796184539795,0.010477304458618164,0.003980373032391071,7.808911000211083
voc,resnet50,gradcam,8173,18,0.005,3,7384397133206063386,valid,0.9887137780575029,0.9476033378614399,18,18,True,0.9120569229125977,0.909614622592926,0.002442300319671631,0.003992972429841757,7.827405000170984
voc,resnet50,gradcam,8173,18,0.005,4,7207923362354915897,valid,0.9993796228753388,0.9728720267348142,18,18,True,0.9120569229125977,0.9112191796302795,0.0008377432823181152,0.003987052943557501,7.832280000002356
voc,resnet50,gradcam,8927,9,0.005,0,2972210994312305306,valid,0.894367178039602,0.9643765903307888,9,9,True,0.8023180961608887,0.7757773995399475,0.026540696620941162,0.003956443630158901,7.97588600016752
voc,resnet50,gradcam,8927,9,0.005,1,3098727151507634343,valid,0.9029731172245054,0.9510108864696734,9,9,True,0.8023180961608887,0.7805513739585876,0.021766722202301025,0.003959944471716881,7.823570000255131
voc,resnet50,gradcam,8927,9,0.005,2,3156827023830551964,valid,0.8920750135018822,0.956716708910119,9,9,True,0.8023180961608887,0.7669138312339783,0.0354042649269104,0.00395288597792387,7.794010999987222
voc,resnet50,gradcam,8927,9,0.005,3,2568375632386903713,valid,0.9116652346490959,0.9636079045196635,9,9,True,0.8023180961608887,0.7758437991142273,0.026474297046661377,0.003952330444008112,7.846121000056883
voc,resnet50,gradcam,8927,9,0.005,4,487923459527200765,valid,0.9039099989221391,0.9609222352481438,9,9,True,0.8023180961608887,0.7989785075187683,0.0033395886421203613,0.003944706171751022,7.834093999917968
voc,resnet50,gradcam,5803,10,0.005,0,3852546974185743096,valid,0.9941163118949817,0.8734366249766661,8,8,True,0.8585192561149597,0.8597955107688904,0.001276254653930664,0.003981397021561861,7.772514999942359
voc,resnet50,gradcam,5803,10,0.005,1,2371425837951975359,valid,0.9849482192129833,0.7819602272727273,8,8,True,0.8585192561149597,0.8602314591407776,0.001712203025817871,0.003984390292316675,7.852364999962447
voc,resnet50,gradcam,5803,10,0.005,2,6461432094931278540,valid,0.9943282066069619,0.8307187157971543,8,8,True,0.8585192561149597,0.8688138723373413,0.010294616222381592,0.003981403075158596,7.822793999821442
voc,resnet50,gradcam,5803,10,0.005,3,7926371796250851087,valid,0.9890463373042953,0.84688995215311,8,8,True,0.8585192561149597,0.8705894947052002,0.012070238590240479,0.003993417136371136,7.8101910003169905
voc,resnet50,gradcam,5803,10,0.005,4,2273525925788181717,valid,0.9942458025876334,0.8300510576221736,8,8,True,0.8585192561149597,0.8709627389907837,0.012443482875823975,0.003981274086982012,7.808424999893759
voc,resnet50,gradcam,39,19,0.005,0,2479825858614679456,valid,0.9938310841270902,0.9065349544072948,19,19,True,0.8354922533035278,0.8349806666374207,0.0005115866661071777,0.00398419750854373,7.738736999726825
voc,resnet50,gradcam,39,19,0.005,1,2409326931739155617,valid,0.9948738227766023,0.8957310162448054,19,19,True,0.8354922533035278,0.832166850566864,0.0033254027366638184,0.003993691876530647,9.502113000053214
voc,resnet50,gradcam,39,19,0.005,2,6067917643963702541,valid,0.9955627167422931,0.877642656688494,19,19,True,0.8354922533035278,0.8379753232002258,0.002483069896697998,0.003987385891377926,7.897818999936135
voc,resnet50,gradcam,39,19,0.005,3,3836945159140576186,valid,0.9943721795174085,0.9207655502392345,19,19,True,0.8354922533035278,0.8354048728942871,8.738040924072266e-05,0.00398008618503809,7.894217000284698
voc,resnet50,gradcam,39,19,0.005,4,2894779989879545488,valid,0.9937336491285723,0.8857572341225103,19,19,True,0.8354922533035278,0.8352686166763306,0.00022363662719726562,0.003976120613515377,7.907203000286245
voc,resnet50,gradcam,1686,14,0.005,0,2407452988058933126,valid,0.9988810288137445,0.9748130657221566,14,14,True,0.7900072932243347,0.7946155071258545,0.004608213901519775,0.003984620328992605,7.789676000356849
voc,resnet50,gradcam,1686,14,0.005,1,1416983024301229683,valid,0.9984776884836745,0.9682290645224554,14,14,True,0.7900072932243347,0.793274462223053,0.0032671689987182617,0.0039873202331364155,7.866895999995904
voc,resnet50,gradcam,1686,14,0.005,2,329098390142242351,valid,0.9995756696602135,0.9740361919748229,14,14,True,0.7900072932243347,0.7850186228752136,0.004988670349121094,0.003991101402789354,7.859445000121923
voc,resnet50,gradcam,1686,14,0.005,3,8332520142723992066,valid,0.998218657379095,0.9771473601260835,14,14,True,0.7900072932243347,0.7921163439750671,0.002109050750732422,0.003986937925219536,7.9554349999853
voc,resnet50,gradcam,1686,14,0.005,4,4678094734876851399,valid,0.9947565075915468,0.9755905511811024,14,14,True,0.7900072932243347,0.7908000946044922,0.0007928013801574707,0.0039848992601037025,7.888535999882151
voc,resnet50,gradcam,5544,18,0.005,0,7605300728157470724,valid,0.9855018370750878,0.96015625,18,18,True,0.8930060863494873,0.8788049221038818,0.014201164245605469,0.003989167511463165,7.765808999920409
voc,resnet50,gradcam,5544,18,0.005,1,7713127228031362199,valid,0.9723230315159392,0.9597734817418473,18,18,True,0.8930060863494873,0.8823547959327698,0.01065129041671753,0.003987888805568218,7.875743000113289
voc,resnet50,gradcam,5544,18,0.005,2,3269339992068861176,valid,0.9560415016322303,0.9532892175943947,18,18,True,0.8930060863494873,0.8764292001724243,0.01657688617706299,0.003979042638093233,7.8725309999754245
voc,resnet50,gradcam,5544,18,0.005,3,3089590639899074028,valid,0.9775844254439634,0.9709347996857817,18,18,True,0.8930060863494873,0.8790156245231628,0.013990461826324463,0.003996388986706734,7.859727000322891
voc,resnet50,gradcam,5544,18,0.005,4,6201695411679841990,valid,0.9830650069284897,0.9636079045196635,18,18,True,0.8930060863494873,0.8849881291389465,0.008017957210540771,0.0039961994625627995,7.8679729999748815
voc,resnet50,gradcam,3784,1,0.005,0,568371097838651679,valid,0.9866859762981539,0.8657743074920989,1,1,True,0.8706156611442566,0.867588222026825,0.0030274391174316406,0.003933827858418226,7.742549999875337
voc,resnet50,gradcam,3784,1,0.005,1,8730973129268750908,valid,0.9820598410274926,0.8910872432636141,1,1,True,0.8706156611442566,0.8664860129356384,0.004129648208618164,0.003937961533665657,7.938797999941016
voc,resnet50,gradcam,3784,1,0.005,2,4988815491858760642,valid,0.9939410448685303,0.878345498783455,1,1,True,0.8706156611442566,0.8743976950645447,0.003782033920288086,0.003942861687391996,7.85874800021702
voc,resnet50,gradcam,3784,1,0.005,3,4107072592214049901,valid,0.9736714118375066,0.8475699558173785,1,1,True,0.8706156611442566,0.8648715615272522,0.0057440996170043945,0.003928969614207745,7.854008999856887
voc,resnet50,gradcam,3784,1,0.005,4,2770030334258850844,valid,0.993773730863757,0.8960891743812582,1,1,True,0.8706156611442566,0.8685321807861328,0.0020834803581237793,0.003948383964598179,7.85532100007913
voc,resnet50,gradcam,6304,3,0.005,0,7830137365422260441,valid,0.9922869341603124,0.9724842767295597,3,3,True,0.9108566641807556,0.8996217250823975,0.011234939098358154,0.0039367470890283585,7.743903000118735
voc,resnet50,gradcam,6304,3,0.005,1,4661326768319657430,valid,0.9888191736430675,0.9570982839313572,3,3,True,0.9108566641807556,0.9049469232559204,0.005909740924835205,0.003948709461838007,7.864620999953331
voc,resnet50,gradcam,6304,3,0.005,2,6619020526136302124,valid,0.9880647446626025,0.9861468434593311,3,3,True,0.9108566641807556,0.9109789133071899,0.00012224912643432617,0.003933782689273357,7.8448969998135
voc,resnet50,gradcam,6304,3,0.005,3,6800945400057756425,valid,0.9659421246612705,0.9697742885181551,3,3,True,0.9108566641807556,0.9058250784873962,0.005031585693359375,0.003943027462810278,7.864429000164819
voc,resnet50,gradcam,6304,3,0.005,4,7042581768829889240,valid,0.9826482661955545,0.9806591671600553,3,3,True,0.9108566641807556,0.9086573123931885,0.0021993517875671387,0.0039486452005803585,7.876694000060525
voc,resnet50,gradcam,158,2,0.005,0,3522680649187379204,valid,0.9385544429406942,0.8612759643916914,2,2,True,0.7229312658309937,0.7272781729698181,0.004346907138824463,0.003991131670773029,7.731752999916353
voc,resnet50,gradcam,158,2,0.005,1,419294351200179885,valid,0.9526845379418268,0.9457153935633966,2,2,True,0.7229312658309937,0.7011276483535767,0.021803617477416992,0.003987189847975969,7.8480200004378275
voc,resnet50,gradcam,158,2,0.005,2,3028218364960125082,valid,0.9488011091956138,0.8441749356854098,2,2,True,0.7229312658309937,0.7336245775222778,0.01069331169128418,0.003988075070083141,8.134509000228718
voc,resnet50,gradcam,158,2,0.005,3,6052761022673377132,valid,0.9276659059037566,0.8882408278457197,2,2,True,0.7229312658309937,0.7144684791564941,0.008462786674499512,0.0039986358024179935,7.877113000176905
voc,resnet50,gradcam,158,2,0.005,4,3347453041863134171,valid,0.9473170986749334,0.8779940119760479,2,2,True,0.7229312658309937,0.731842577457428,0.008911311626434326,0.003982962109148502,7.913436999842816
voc,resnet50,gradcam,9571,0,0.005,0,2590450077393174903,valid,0.9019801254004891,0.827052612415802,3,3,True,0.8506610989570618,0.8246884346008301,0.02597266435623169,0.003983283881098032,7.781652999710786
voc,resnet50,gradcam,9571,0,0.005,1,7132724899960905381,valid,0.844117990156553,0.8797527626896423,3,3,True,0.8506610989570618,0.8343582153320312,0.016302883625030518,0.0039848992601037025,7.86551999999574
voc,resnet50,gradcam,9571,0,0.005,2,1120045858359378571,valid,0.8622039044677727,0.8772914328469884,3,3,True,0.8506610989570618,0.7862915992736816,0.06436949968338013,0.003979082219302654,7.8805939997437235
voc,resnet50,gradcam,9571,0,0.005,3,3030323471833644395,valid,0.8806041806434194,0.9529091262891614,3,3,True,0.8506610989570618,0.8346890211105347,0.0159720778465271,0.003983946982771158,7.891709999967134
voc,resnet50,gradcam,9571,0,0.005,4,3981683401082662910,valid,0.8612097845554435,0.8567992599444958,3,3,True,0.8506610989570618,0.8662915825843811,0.015630483627319336,0.0039966232143342495,7.960536000155116
voc,resnet50,gradcam,4263,2,0.005,0,1604950784437852059,valid,0.9980502524327989,0.9487378640776699,2,2,True,0.8795669674873352,0.8770136833190918,0.002553284168243408,0.0039625102654099464,7.815441999809991
voc,resnet50,gradcam,4263,2,0.005,1,3247925513014509242,valid,0.998066522235321,0.9686151431934091,2,2,True,0.8795669674873352,0.8799025416374207,0.0003355741500854492,0.003958556335419416,7.887028999903123
voc,resnet50,gradcam,4263,2,0.005,2,1389457712123523278,valid,0.9974108609676126,0.9636079045196635,2,2,True,0.8795669674873352,0.8784326314926147,0.001134335994720459,0.003949703648686409,7.865287000186072
voc,resnet50,gradcam,4263,2,0.005,3,480244618116577529,valid,0.9976828905880876,0.9740361919748229,2,2,True,0.8795669674873352,0.8807052373886108,0.0011382699012756348,0.0039580343291163445,7.938815999750659
voc,resnet50,gradcam,4263,2,0.005,4,7967479866348952647,valid,0.9978803667545526,0.96015625,2,2,True,0.8795669674873352,0.8794204592704773,0.00014650821685791016,0.003958020359277725,7.90094300009514
voc,resnet50,gradcam,9735,8,0.005,0,429024551757205530,valid,0.8471780576298957,0.8905191873589164,6,6,True,0.31881433725357056,0.32290229201316833,0.004087954759597778,0.003983628004789352,7.7790309996998985
voc,resnet50,gradcam,9735,8,0.005,1,38723299165083365,valid,0.7883723651740765,0.8457446808510638,6,6,True,0.31881433725357056,0.3240482211112976,0.005233883857727051,0.003989045042544603,7.840571000087948
voc,resnet50,gradcam,9735,8,0.005,2,9178114752112229949,valid,0.8125461587843235,0.7271789582258896,6,6,True,0.31881433725357056,0.32005757093429565,0.0012432336807250977,0.003987479489296675,7.836336999844207
voc,resnet50,gradcam,9735,8,0.005,3,1031284293776987046,valid,0.7858583334253852,0.817408613825552,6,6,True,0.31881433725357056,0.31962183117866516,0.0008074939250946045,0.003983379807323217,7.840059000045585
voc,resnet50,gradcam,9735,8,0.005,4,3348561243312525669,valid,0.7549424603971308,0.5528920507268791,6,6,True,0.31881433725357056,0.3191087245941162,0.0002943873405456543,0.0039871190674602985,7.891696000115189
voc,resnet50,gradcam,2260,13,0.005,0,5025200367840149463,valid,0.9941417743705213,0.8914436486995854,13,13,True,0.8876165151596069,0.8874125480651855,0.00020396709442138672,0.003985061775892973,7.7547060000142665
voc,resnet50,gradcam,2260,13,0.005,1,3411743008570029691,valid,0.9951799380357523,0.9237109449875407,13,13,True,0.8876165151596069,0.8817504644393921,0.005866050720214844,0.003988680895417929,7.9683060002935235
voc,resnet50,gradcam,2260,13,0.005,2,7032992938641812369,valid,0.9846605680753222,0.9494949494949495,13,13,True,0.8876165151596069,0.8854643702507019,0.0021521449089050293,0.003985942341387272,7.867220000207453
voc,resnet50,gradcam,2260,13,0.005,3,4430730098924563606,valid,0.9943885982487422,0.9476033378614399,13,13,True,0.8876165151596069,0.8864406943321228,0.0011758208274841309,0.0040060668252408504,7.85606799991001
voc,resnet50,gradcam,2260,13,0.005,4,7988849592980058792,valid,0.9992391182056747,0.8854029682509863,13,13,True,0.8876165151596069,0.8817170262336731,0.005899488925933838,0.003984048031270504,7.846398999845405
voc,resnet50,gradcam,605,6,0.005,0,1408266758386522545,valid,0.9758509596906269,0.9288871804728042,3,3,True,0.630755603313446,0.6169497966766357,0.013805806636810303,0.003988117910921574,7.846378999602166
voc,resnet50,gradcam,605,6,0.005,1,734413310480609420,valid,0.9790127055654197,0.9138062547673532,3,3,True,0.630755603313446,0.6510592103004456,0.02030360698699951,0.003993346821516752,7.8958809999676305
voc,resnet50,gradcam,605,6,0.005,2,6413108089302143601,valid,0.9776631576774982,0.9329738058551618,3,3,True,0.630755603313446,0.6627662181854248,0.03201061487197876,0.003993013873696327,7.884124000156589
voc,resnet50,gradcam,605,6,0.005,3,2368469526416546982,valid,0.975731847021915,0.8889516280820629,3,3,True,0.630755603313446,0.6310265064239502,0.0002709031105041504,0.004002243280410767,7.895983999787859
voc,resnet50,gradcam,605,6,0.005,4,5244897393308048599,valid,0.9854888379934117,0.9525291828793774,3,3,True,0.630755603313446,0.6540774703025818,0.023321866989135742,0.003978576976805925,8.204370000385097
voc,resnet50,gradcam,12,6,0.005,0,6380489679620311017,valid,0.9195452332160907,0.9510108864696734,6,6,True,0.8839967846870422,0.8640463948249817,0.019950389862060547,0.003993874881416559,7.810051999967982
voc,resnet50,gradcam,12,6,0.005,1,7024435155116285770,valid,0.9777642109192226,0.9759795235282536,6,6,True,0.8839967846870422,0.8773746490478516,0.006622135639190674,0.003997286316007376,7.9666520000500896
voc,resnet50,gradcam,12,6,0.005,2,3062577145113922538,valid,0.9771222948063847,0.9663009404388715,6,6,True,0.8839967846870422,0.8737643957138062,0.010232388973236084,0.003982046153396368,7.982580999851052
voc,resnet50,gradcam,12,6,0.005,3,756160407238986896,valid,0.9574867056495392,0.9686151431934091,6,6,True,0.8839967846870422,0.8726634383201599,0.011333346366882324,0.003993476741015911,7.893630000125995
voc,resnet50,gradcam,12,6,0.005,4,2380232883162648843,valid,0.9570682902544391,0.9586260733801717,6,6,True,0.8839967846870422,0.8734297752380371,0.010567009449005127,0.003986918833106756,7.9148969998641405
voc,resnet50,gradcam,6335,4,0.005,0,7266703710182033630,valid,0.9861632403141329,0.9167303284950343,4,4,True,0.8150165677070618,0.8287543058395386,0.013737738132476807,0.003975051920861006,7.812173999809602
voc,resnet50,gradcam,6335,4,0.005,1,2058730484570914110,valid,0.9902586565744401,0.9605391678062122,4,4,True,0.8150165677070618,0.8192363381385803,0.004219770431518555,0.003979587461799383,7.892582000295079
voc,resnet50,gradcam,6335,4,0.005,2,5622625592551355526,valid,0.9920322555426249,0.9468477206595538,4,4,True,0.8150165677070618,0.8240769505500793,0.009060382843017578,0.003989832010120153,7.889960000284191
voc,resnet50,gradcam,6335,4,0.005,3,1149384304444514773,valid,0.989610945819586,0.9311141042909371,4,4,True,0.8150165677070618,0.8237393498420715,0.008722782135009766,0.003973313607275486,7.852067999920109
voc,resnet50,gradcam,6335,4,0.005,4,1368511953220648720,valid,0.9954727168680438,0.933718689788054,4,4,True,0.8150165677070618,0.8263136148452759,0.011297047138214111,0.0039856210350990295,7.814698999936809
voc,resnet50,gradcam,7467,18,0.005,0,7800003000653008807,valid,0.9925214801030481,0.9483595418365366,18,18,True,0.9416565299034119,0.9448649883270264,0.003208458423614502,0.0039892964996397495,7.710388000305102
voc,resnet50,gradcam,7467,18,0.005,1,3182953704350948054,valid,0.9912449933240518,0.9616888193901486,18,18,True,0.9416565299034119,0.94178307056427,0.0001265406608581543,0.0039834268391132355,7.847281000067596
voc,resnet50,gradcam,7467,18,0.005,2,8787006245562663044,valid,0.9845621430677471,0.9822239778787281,18,18,True,0.9416565299034119,0.9446591138839722,0.0030025839805603027,0.003987150266766548,7.814938000137772
voc,resnet50,gradcam,7467,18,0.005,3,2631177189532017221,valid,0.9832423394097587,0.9705478107205969,18,18,True,0.9416565299034119,0.9451666474342346,0.003510117530822754,0.003980529494583607,7.8120399998624634
voc,resnet50,gradcam,7467,18,0.005,4,2697424900096002369,valid,0.987473679549221,0.9624560031286664,18,18,True,0.9416565299034119,0.946285605430603,0.004629075527191162,0.003988667391240597,7.772665000175039
voc,resnet50,gradcam,8923,6,0.005,0,8535845287753839827,valid,0.9960081992663219,0.8128612716763006,6,6,True,0.8693526387214661,0.8674189448356628,0.0019336938858032227,0.003981161862611771,7.711544999892794
voc,resnet50,gradcam,8923,6,0.005,1,6425213829186736156,valid,0.994614593917039,0.877642656688494,6,6,True,0.8693526387214661,0.8676608800888062,0.0016917586326599121,0.0039887200109660625,7.856530000026396
voc,resnet50,gradcam,8923,6,0.005,2,8216193328553423208,valid,0.9944525367245404,0.9149017363098645,6,6,True,0.8693526387214661,0.8688538074493408,0.0004988312721252441,0.003965487238019705,7.836577000034595
voc,resnet50,gradcam,8923,6,0.005,3,8727306689685044685,valid,0.9947772541372534,0.9170964660936007,6,6,True,0.8693526387214661,0.8722802996635437,0.0029276609420776367,0.003974519670009613,7.809767999788164
voc,resnet50,gradcam,8923,6,0.005,4,2115439416598246831,valid,0.9956004308794446,0.9211332312404288,6,6,True,0.8693526387214661,0.8736661076545715,0.004313468933105469,0.003985342103987932,7.897287999639957
voc,resnet50,gradcam,6070,2,0.005,0,8176075420989258968,valid,0.9823217381065685,0.9203980099502488,2,2,True,0.9052754044532776,0.9122834801673889,0.007008075714111328,0.003990681376308203,7.734948999768676
voc,resnet50,gradcam,6070,2,0.005,1,3883376375087179934,valid,0.9914057604664974,0.9370777842115422,2,2,True,0.9052754044532776,0.9078380465507507,0.0025626420974731445,0.0039891996420919895,7.820427999831736
voc,resnet50,gradcam,6070,2,0.005,2,937512255825271957,valid,0.9793240208578337,0.9061728395061729,2,2,True,0.9052754044532776,0.9138814210891724,0.008606016635894775,0.003979874309152365,7.8089109997563355
voc,resnet50,gradcam,6070,2,0.005,3,8862256097771777575,valid,0.9873506758101357,0.9138062547673532,2,2,True,0.9052754044532776,0.9184707403182983,0.013195335865020752,0.003977686632424593,7.846037000035722
voc,resnet50,gradcam,6070,2,0.005,4,8352079534336211832,valid,0.9823696602690677,0.9211332312404288,2,2,True,0.9052754044532776,0.9105559587478638,0.005280554294586182,0.003990346100181341,7.8281420001076185
voc,resnet50,gradcam,9350,6,0.005,0,7528528802294777855,valid,0.9967609797583047,0.9609222352481438,6,6,True,0.891403317451477,0.890053927898407,0.0013493895530700684,0.004013692028820515,7.768997999846761
voc,resnet50,gradcam,9350,6,0.005,1,3984736845230428495,valid,0.9977666729483706,0.9609222352481438,6,6,True,0.891403317451477,0.8933632969856262,0.00195997953414917,0.003990530036389828,7.829917999970348
voc,resnet50,gradcam,9350,6,0.005,2,760316986588722661,valid,0.9981877020600339,0.9663009404388715,6,6,True,0.891403317451477,0.8947238922119141,0.0033205747604370117,0.003996381536126137,7.836808000320161
voc,resnet50,gradcam,9350,6,0.005,3,3335686919868180309,valid,0.998885192515192,0.9896907216494846,6,6,True,0.891403317451477,0.8935974836349487,0.0021941661834716797,0.003987916279584169,7.823588000064774
voc,resnet50,gradcam,9350,6,0.005,4,2731706351980836960,valid,0.9955569805935209,0.975201731942531,6,6,True,0.891403317451477,0.8951025009155273,0.003699183464050293,0.003991837613284588,7.825336999758292
voc,resnet50,gradcam,6136,16,0.005,0,3553062391789888395,valid,0.9946820022266255,0.9904799682665609,16,16,True,0.7987332940101624,0.7987841963768005,5.0902366638183594e-05,0.0039986493065953255,7.913595999980316
voc,resnet50,gradcam,6136,16,0.005,1,9040047505948696195,valid,0.990799287968654,0.99245582688108,16,16,True,0.7987332940101624,0.7999414205551147,0.0012081265449523926,0.003985515795648098,7.942816000195307
voc,resnet50,gradcam,6136,16,0.005,2,3731367986805198140,valid,0.9952402738449252,0.9892963330029733,16,16,True,0.7987332940101624,0.7983636260032654,0.00036966800689697266,0.003996615298092365,7.855717999973422
voc,resnet50,gradcam,6136,16,0.005,3,4758686824483242357,valid,0.9926917810059069,0.99245582688108,16,16,True,0.7987332940101624,0.8020577430725098,0.003324449062347412,0.00397955346852541,7.784101999732229
voc,resnet50,gradcam,6136,16,0.005,4,5987871277666387327,valid,0.9883728189668131,0.99245582688108,16,16,True,0.7987332940101624,0.7976427674293518,0.0010905265808105469,0.003982909023761749,7.826421000117989
voc,resnet50,gradcam,8919,12,0.005,0,8997875348459840141,valid,0.9684852447817709,0.9574800078018334,11,11,True,0.859633207321167,0.8433731198310852,0.016260087490081787,0.003982063848525286,7.754543000373815
voc,resnet50,gradcam,8919,12,0.005,1,6719013068151611595,valid,0.9870780240978809,0.979877687906885,11,11,True,0.859633207321167,0.8525615334510803,0.00707167387008667,0.0039967880584299564,7.805091000136599
voc,resnet50,gradcam,8919,12,0.005,2,6804670966095309884,valid,0.9714434286445902,0.9674573613017056,11,11,True,0.859633207321167,0.8672017455101013,0.007568538188934326,0.003976715728640556,7.814967000285833
voc,resnet50,gradcam,8919,12,0.005,3,2840208956740015292,valid,0.9859295567566704,0.9613054524135235,11,11,True,0.859633207321167,0.8621519804000854,0.002518773078918457,0.003986033145338297,7.803754000178742
voc,resnet50,gradcam,8919,12,0.005,4,4984008792992495882,valid,0.989486899350535,0.9787066246056783,11,11,True,0.859633207321167,0.8473986983299255,0.012234508991241455,0.00398150784894824,7.807568000316678
voc,resnet50,gradcam,6252,11,0.005,0,7374814095542933128,valid,0.9812396936780842,0.9771473601260835,11,11,True,0.8222142457962036,0.824184238910675,0.0019699931144714355,0.003989774733781815,7.682829999794194
voc,resnet50,gradcam,6252,11,0.005,1,584848945964013034,valid,0.984842830802296,0.9574800078018334,11,11,True,0.8222142457962036,0.8221269249916077,8.732080459594727e-05,0.003996257204562426,7.817039999736153
voc,resnet50,gradcam,6252,11,0.005,2,8298605397671154098,valid,0.9830224604512192,0.9666862629825593,11,11,True,0.8222142457962036,0.8172988891601562,0.004915356636047363,0.004003005567938089,7.831676000023435
voc,resnet50,gradcam,6252,11,0.005,3,3425794410507211966,valid,0.9861861594651328,0.9536694568814483,11,11,True,0.8222142457962036,0.8180009722709656,0.004213273525238037,0.003998854663223028,7.811627000137378
voc,resnet50,gradcam,6252,11,0.005,4,5863502613563450398,valid,0.9800035504232267,0.9430784123910939,11,11,True,0.8222142457962036,0.8204160332679749,0.0017982125282287598,0.003985176328569651,7.7990800000407035
voc,resnet50,gradcam,9348,0,0.005,0,110231658331128164,valid,0.9816986290792309,0.950252623396813,0,0,True,0.8602035045623779,0.8547512292861938,0.005452275276184082,0.004001502878963947,7.8463909999300085
voc,resnet50,gradcam,9348,0,0.005,1,9002787145464827941,valid,0.9537128164023491,0.9090736161308731,0,0,True,0.8602035045623779,0.8330631852149963,0.027140319347381592,0.003981970716267824,7.9033970000637055
voc,resnet50,gradcam,9348,0,0.005,2,3850202729401011018,valid,0.9849504696063391,0.9663009404388715,0,0,True,0.8602035045623779,0.8592604994773865,0.0009430050849914551,0.003976086620241404,7.810891999724845
voc,resnet50,gradcam,9348,0,0.005,3,6347149697064204936,valid,0.9914920164227721,0.9651458782063834,0,0,True,0.8602035045623779,0.8537225723266602,0.0064809322357177734,0.003989476710557938,7.808188000126393
voc,resnet50,gradcam,9348,0,0.005,4,86957952805582142,valid,0.9806987219832225,0.9389489953632149,0,0,True,0.8602035045623779,0.8444452881813049,0.015758216381072998,0.003998749423772097,7.828984999832755
voc,resnet50,gradcam,9185,11,0.005,0,770057058163844119,valid,0.969443658370955,0.9759795235282536,11,11,True,0.8715154528617859,0.8573436141014099,0.014171838760375977,0.003968844190239906,7.837174000087543
voc,resnet50,gradcam,9185,11,0.005,1,430113233436584468,valid,0.9633220889765313,0.9167303284950343,11,11,True,0.8715154528617859,0.8446852564811707,0.026830196380615234,0.003979220986366272,7.872350000070583
voc,resnet50,gradcam,9185,11,0.005,2,7277659768102874392,valid,0.9629391855289133,0.9525291828793774,11,11,True,0.8715154528617859,0.8459489345550537,0.025566518306732178,0.003960773814469576,7.866372000080446
voc,resnet50,gradcam,9185,11,0.005,3,2356679689533405010,valid,0.9755381477438714,0.9408238251788822,11,11,True,0.8715154528617859,0.8494166731834412,0.022098779678344727,0.003942582290619612,9.101775000090129
voc,resnet50,gradcam,9185,11,0.005,4,4418457342207845275,valid,0.9741095141523013,0.9487378640776699,11,11,True,0.8715154528617859,0.8611859083175659,0.01032954454421997,0.0039626555517315865,7.910985999842524
voc,resnet50,gradcam,6219,11,0.005,0,3701942161707854505,valid,0.9853844426869901,0.9822239778787281,11,11,True,0.8881937265396118,0.8920159339904785,0.0038222074508666992,0.003990946803241968,7.802781000009418
voc,resnet50,gradcam,6219,11,0.005,1,6540902343793752805,valid,0.9886499302849849,0.9705478107205969,11,11,True,0.8881937265396118,0.8894118666648865,0.0012181401252746582,0.003979867324233055,7.930635000320763
voc,resnet50,gradcam,6219,11,0.005,2,2348129838446693546,valid,0.9934183916545914,0.988902100673801,11,11,True,0.8881937265396118,0.8867692351341248,0.0014244914054870605,0.003976752515882254,7.9267470000559115
voc,resnet50,gradcam,6219,11,0.005,3,2671931975039817424,valid,0.9881645357696571,0.9837912630954734,11,11,True,0.8881937265396118,0.8893832564353943,0.0011895298957824707,0.003990772180259228,7.86694999987958
voc,resnet50,gradcam,6219,11,0.005,4,1899445604942049004,valid,0.9918440053997809,0.988508024569051,11,11,True,0.8881937265396118,0.8903346061706543,0.0021408796310424805,0.00398498959839344,7.863519000238739
voc,resnet50,gradcam,1273,2,0.005,0,9168507270778338518,valid,0.9963793343006502,0.9408238251788822,2,2,True,0.9694880843162537,0.9686906337738037,0.0007974505424499512,0.00399660924449563,7.808524000211037
voc,resnet50,gradcam,1273,2,0.005,1,3080832874991223474,valid,0.9947430526535316,0.933718689788054,2,2,True,0.9694880843162537,0.9687541723251343,0.0007339119911193848,0.00399231631308794,7.806626000274264
voc,resnet50,gradcam,1273,2,0.005,2,586347988131817274,valid,0.9953314937611278,0.9744245524296675,2,2,True,0.9694880843162537,0.9668821692466736,0.002605915069580078,0.003985802177339792,7.827721000012389
voc,resnet50,gradcam,1273,2,0.005,3,1659127970543462193,valid,0.9924380427317996,0.9329738058551618,2,2,True,0.9694880843162537,0.9685869216918945,0.0009011626243591309,0.00399787537753582,7.827137999811384
voc,resnet50,gradcam,1273,2,0.005,4,7020780874504587280,valid,0.9976277900404452,0.9449612403100776,2,2,True,0.9694880843162537,0.968166708946228,0.0013213753700256348,0.003988410346210003,7.854126999973232
voc,resnet50,gradcam,563,3,0.005,0,6949831724463588672,valid,0.9903350674816721,0.9740361919748229,3,3,True,0.9385084509849548,0.9384347200393677,7.37309455871582e-05,0.003985056187957525,7.710472000326263
voc,resnet50,gradcam,563,3,0.005,1,4026115949122591262,valid,0.9765673432648084,0.9881141045958796,3,3,True,0.9385084509849548,0.939475953578949,0.0009675025939941406,0.003998697269707918,7.872350000070583
voc,resnet50,gradcam,563,3,0.005,2,5222168100560739601,valid,0.9824646677654065,0.9578618806086617,3,3,True,0.9385084509849548,0.9371242523193359,0.0013841986656188965,0.003974745515733957,7.814771999619552
voc,resnet50,gradcam,563,3,0.005,3,5376010537337676334,valid,0.9783898195433343,0.9663009404388715,3,3,True,0.9385084509849548,0.939706563949585,0.001198112964630127,0.003988063428550959,7.834060999812209
voc,resnet50,gradcam,563,3,0.005,4,1180884290087723805,valid,0.9922104098097633,0.9771473601260835,3,3,True,0.9385084509849548,0.9391656517982483,0.000657200813293457,0.003985632210969925,7.828578000044217
voc,resnet50,gradcam,9524,14,0.005,0,2917751078990365690,valid,0.994583421280779,0.9590083935194222,14,14,True,0.6422834992408752,0.6442757248878479,0.0019922256469726562,0.003989378456026316,7.749064000108774
voc,resnet50,gradcam,9524,14,0.005,1,2383114237310698817,valid,0.9968331089394938,0.9578618806086617,14,14,True,0.6422834992408752,0.6413970589637756,0.0008864402770996094,0.0040086666122078896,7.854817999941588
voc,resnet50,gradcam,9524,14,0.005,2,1056569341057656110,valid,0.990301934943378,0.933718689788054,14,14,True,0.6422834992408752,0.6479074358940125,0.005623936653137207,0.0039850687608122826,7.7806450003663485
voc,resnet50,gradcam,9524,14,0.005,3,2031197014861192982,valid,0.9953863214918887,0.9570982839313572,14,14,True,0.6422834992408752,0.6405437588691711,0.0017397403717041016,0.004000959452241659,8.358883000255446
voc,resnet50,gradcam,9524,14,0.005,4,3605346839599098624,valid,0.9908437761182726,0.9393236714975846,14,14,True,0.6422834992408752,0.6444644927978516,0.0021809935569763184,0.003987139090895653,7.820121999884577
voc,resnet50,gradcam,6067,0,0.005,0,5723002977642024367,valid,0.9839387708909944,0.9200306102927109,0,0,True,0.9529053568840027,0.9545568227767944,0.001651465892791748,0.003997919149696827,7.737365999673784
voc,resnet50,gradcam,6067,0,0.005,1,5529229040250783174,valid,0.9851608842237939,0.9149017363098645,0,0,True,0.9529053568840027,0.9550440311431885,0.002138674259185791,0.0039818924851715565,7.868620999943232
voc,resnet50,gradcam,6067,0,0.005,2,1877803580088221135,valid,0.9768254417307701,0.9255564082885649,0,0,True,0.9529053568840027,0.9515306949615479,0.001374661922454834,0.004006372764706612,7.810191999851668
voc,resnet50,gradcam,6067,0,0.005,3,5551567823411456925,valid,0.9835537172036205,0.9296289175158623,0,0,True,0.9529053568840027,0.9529173970222473,1.2040138244628906e-05,0.00400070333853364,7.837726000161638
voc,resnet50,gradcam,6067,0,0.005,4,1983970328660534008,valid,0.9762239133276931,0.8925136715066944,0,0,True,0.9529053568840027,0.9508184194564819,0.002086937427520752,0.003985370974987745,7.810955999957514
voc,resnet50,gradcam,5407,18,0.005,0,9086438905188328775,valid,0.982844789080255,0.9237109449875407,18,18,True,0.875863790512085,0.8610707521438599,0.014793038368225098,0.003933584317564964,7.708888999786723
voc,resnet50,gradcam,5407,18,0.005,1,7301998592360026452,valid,0.9864207474891511,0.9076221250712793,18,18,True,0.875863790512085,0.8713311553001404,0.00453263521194458,0.00392915541306138,7.827039000403602
voc,resnet50,gradcam,5407,18,0.005,2,7160963401273547667,valid,0.9840338158413257,0.8320554947060971,18,18,True,0.875863790512085,0.8590502142906189,0.016813576221466064,0.003928649704903364,7.8676799998902425
voc,resnet50,gradcam,5407,18,0.005,3,2048276915005807060,valid,0.9705263068448761,0.8885961610839292,18,18,True,0.875863790512085,0.872108519077301,0.0037552714347839355,0.003949337638914585,7.858556999963184
voc,resnet50,gradcam,5407,18,0.005,4,5464098046004089150,valid,0.98536333990656,0.8982409684130888,18,18,True,0.875863790512085,0.8594649434089661,0.016398847103118896,0.003942001610994339,7.816862000254332
voc,resnet50,gradcam,7863,7,0.005,0,5134825225546985846,valid,0.9891028669471005,0.9359567901234568,7,7,True,0.9493125677108765,0.9602235555648804,0.010910987854003906,0.00396859273314476,7.711390000167739
voc,resnet50,gradcam,7863,7,0.005,1,2511839093063816830,valid,0.9870886295300042,0.9116190476190477,7,7,True,0.9493125677108765,0.9602744579315186,0.01096189022064209,0.0039800722151994705,7.814302000042517
voc,resnet50,gradcam,7863,7,0.005,2,5448166675399807755,valid,0.993722737541335,0.9248177982355198,7,7,True,0.9493125677108765,0.9588422775268555,0.009529709815979004,0.003975120838731527,7.8469589998348965
voc,resnet50,gradcam,7863,7,0.005,3,6295564134202275404,valid,0.9890057250579092,0.9303712252356222,7,7,True,0.9493125677108765,0.956940233707428,0.007627665996551514,0.00397254154086113,7.807980000052339
voc,resnet50,gradcam,7863,7,0.005,4,3712980148670184908,valid,0.981178493805374,0.9385744639752752,7,7,True,0.9493125677108765,0.9592329263687134,0.009920358657836914,0.003971342463046312,7.891016000030504
voc,resnet50,gradcam,6162,0,0.005,0,7632449449902570069,valid,0.9768317936280215,0.9609222352481438,0,0,True,0.947618305683136,0.9458259344100952,0.0017923712730407715,0.0039952602237463,7.725771999957942
voc,resnet50,gradcam,6162,0,0.005,1,3802685298682577884,valid,0.9759181078860758,0.9532892175943947,0,0,True,0.947618305683136,0.9455755352973938,0.0020427703857421875,0.003990139812231064,7.8029549999882875
voc,resnet50,gradcam,6162,0,0.005,2,645666305175528849,valid,0.9617481081916226,0.9655307481394438,0,0,True,0.947618305683136,0.9461162090301514,0.0015020966529846191,0.003984477836638689,7.830378000107885
voc,resnet50,gradcam,6162,0,0.005,3,8408867924325803249,valid,0.9483120527846535,0.9643765903307888,0,0,True,0.947618305683136,0.9444532990455627,0.003165006637573242,0.003993939142674208,7.801955000104499
voc,resnet50,gradcam,6162,0,0.005,4,4498081951960403672,valid,0.9577948913889337,0.9613054524135235,0,0,True,0.947618305683136,0.9470352530479431,0.0005830526351928711,0.0039866771548986435,7.806294999681995
voc,resnet50,gradcam,9754,14,0.005,0,7739242529401136328,valid,0.9725120549776665,0.7100017038677798,17,17,True,0.6763133406639099,0.675159215927124,0.0011541247367858887,0.00396427558735013,7.751815000119677
voc,resnet50,gradcam,9754,14,0.005,1,5091316030814605689,valid,0.9765136957680811,0.6624151068411462,17,17,True,0.6763133406639099,0.6701434850692749,0.00616985559463501,0.003981020767241716,7.806693000020459
voc,resnet50,gradcam,9754,14,0.005,2,1231902815645750962,valid,0.9768501843384735,0.6895622895622896,17,17,True,0.6763133406639099,0.660868763923645,0.015444576740264893,0.003970898222178221,7.8586939998785965
voc,resnet50,gradcam,9754,14,0.005,3,877014072797426259,valid,0.9727490905347725,0.670439414114514,17,17,True,0.6763133406639099,0.6757112741470337,0.0006020665168762207,0.0039719706401228905,7.839019000130065
voc,resnet50,gradcam,9754,14,0.005,4,3590516625225738162,valid,0.975316783392589,0.7527069507509605,17,17,True,0.6763133406639099,0.6720920205116272,0.004221320152282715,0.003980202600359917,7.8615940001327544
voc,resnet50,gradcam,1934,7,0.005,0,689292329030594692,valid,0.991794196090193,0.9709347996857817,7,7,True,0.9440204501152039,0.950676441192627,0.006655991077423096,0.003991944249719381,7.714095000210364
voc,resnet50,gradcam,1934,7,0.005,1,1398196950242832667,valid,0.9949970392691808,0.9720966791118097,7,7,True,0.9440204501152039,0.9566868543624878,0.012666404247283936,0.003977412357926369,7.822105000286683
voc,resnet50,gradcam,1934,7,0.005,2,2401927568781739027,valid,0.9849849013437962,0.9709347996857817,7,7,True,0.9440204501152039,0.9502148628234863,0.006194412708282471,0.003978226333856583,7.929071000035037
voc,resnet50,gradcam,1934,7,0.005,3,8626752469360939461,valid,0.9967569281404745,0.9787066246056783,7,7,True,0.9440204501152039,0.9534022808074951,0.00938183069229126,0.004003079608082771,7.80388800012588
voc,resnet50,gradcam,1934,7,0.005,4,7556159184066847955,valid,0.9954935869282338,0.9771473601260835,7,7,True,0.9440204501152039,0.9508079886436462,0.006787538528442383,0.003987846430391073,7.806471999629139
voc,resnet50,gradcam,867,15,0.005,0,3337439362088445178,valid,0.9050189165234314,0.5513989797495749,19,19,True,0.5733901262283325,0.532804012298584,0.040586113929748535,0.003987802192568779,7.725401000243437
voc,resnet50,gradcam,867,15,0.005,1,6541123427427846859,valid,0.8164939936666874,0.45407128368588817,19,19,True,0.5733901262283325,0.5213168263435364,0.05207329988479614,0.00398625573143363,7.836739000140369
voc,resnet50,gradcam,867,15,0.005,2,5662683352550188705,valid,0.8656838891061631,0.46832479882955375,19,19,True,0.5733901262283325,0.529166042804718,0.0442240834236145,0.003994464408606291,7.848357000057149
voc,resnet50,gradcam,867,15,0.005,3,3125894880157416653,valid,0.8674458296163992,0.6422844051710032,19,19,True,0.5733901262283325,0.5361223816871643,0.03726774454116821,0.003982723690569401,7.803082000009454
voc,resnet50,gradcam,867,15,0.005,4,748457529550318541,valid,0.8930078256990457,0.5523588553750967,19,19,True,0.5733901262283325,0.5296713709831238,0.04371875524520874,0.0039741420187056065,7.8225730003396166
voc,resnet50,gradcam,6470,2,0.005,0,1148712032312462193,valid,0.98973956519388,0.9767579279101832,2,2,True,0.9244265556335449,0.9232033491134644,0.0012232065200805664,0.003987019881606102,7.765302999814594
voc,resnet50,gradcam,6470,2,0.005,1,5057445869661550314,valid,0.9955004266359501,0.9340913470803623,2,2,True,0.9244265556335449,0.9247376918792725,0.00031113624572753906,0.003992843441665173,7.830209000076138
voc,resnet50,gradcam,6470,2,0.005,2,7610881164644978911,valid,0.9964613847362901,0.9643765903307888,2,2,True,0.9244265556335449,0.9221437573432922,0.0022827982902526855,0.003995595965534449,7.799359999808075
voc,resnet50,gradcam,6470,2,0.005,3,796676747641877853,valid,0.9950385916657539,0.9779266850610958,2,2,True,0.9244265556335449,0.9225763082504272,0.0018502473831176758,0.003982139751315117,7.893135999893275
voc,resnet50,gradcam,6470,2,0.005,4,7350450962949674820,valid,0.9954477316684391,0.9736479842674532,2,2,True,0.9244265556335449,0.9258275628089905,0.0014010071754455566,0.003980350214987993,7.820507999895199
voc,resnet50,gradcam,9707,7,0.005,0,6035500590665988924,valid,0.9918836786160159,0.9713219406796307,7,7,True,0.860162615776062,0.8496004343032837,0.01056218147277832,0.00385465519502759,7.729736000328558
voc,resnet50,gradcam,9707,7,0.005,1,3476331270106691074,valid,0.9860854588123765,0.9763686490744388,7,7,True,0.860162615776062,0.8407642245292664,0.019398391246795654,0.003842000151053071,7.794569999987289
voc,resnet50,gradcam,9707,7,0.005,2,4616168888384495383,valid,0.9871151880811481,0.9586260733801717,7,7,True,0.860162615776062,0.8309178352355957,0.02924478054046631,0.0038357162848114967,7.8902069999458035
voc,resnet50,gradcam,9707,7,0.005,3,4764608985804825764,valid,0.9867308860769198,0.9697742885181551,7,7,True,0.860162615776062,0.8316159844398499,0.028546631336212158,0.003847045125439763,7.80392699971344
voc,resnet50,gradcam,9707,7,0.005,4,397224487975366582,valid,0.9957272567577103,0.9693877551020408,7,7,True,0.860162615776062,0.852532684803009,0.0076299309730529785,0.0038438886404037476,7.8168560003177845
voc,resnet50,gradcam,7921,6,0.005,0,1688832457416568054,valid,0.9943357309748614,0.9686151431934091,6,6,True,0.8459823727607727,0.8428384065628052,0.0031439661979675293,0.0038651078939437866,7.759957999951439
voc,resnet50,gradcam,7921,6,0.005,1,2937111257285802299,valid,0.9944101386839188,0.9404485692188709,6,6,True,0.8459823727607727,0.8426082134246826,0.003374159336090088,0.0038858975749462843,7.8337800000554125
voc,resnet50,gradcam,7921,6,0.005,2,7455802078173067410,valid,0.992249247712585,0.956716708910119,6,6,True,0.8459823727607727,0.8397778272628784,0.006204545497894287,0.003881195792928338,7.842540000183362
voc,resnet50,gradcam,7921,6,0.005,3,7487267920786200820,valid,0.9904876482090792,0.9744245524296675,6,6,True,0.8459823727607727,0.8390647172927856,0.0069176554679870605,0.0038668536581099033,7.827427000393072
voc,resnet50,gradcam,7921,6,0.005,4,6853403642392499147,valid,0.9926606469010407,0.9649706457925636,6,6,True,0.8459823727607727,0.8473781943321228,0.0013958215713500977,0.003868832951411605,7.8858349997972255
voc,resnet50,gradcam,6947,19,0.005,0,6088969200513587501,valid,0.9769069846141223,0.7036156849431336,3,3,True,0.3096292018890381,0.3161148726940155,0.006485670804977417,0.0038873946759849787,7.768268999825523
voc,resnet50,gradcam,6947,19,0.005,1,5356956380127377315,valid,0.9948144962897499,0.6707174962543699,3,3,True,0.3096292018890381,0.3348405063152313,0.025211304426193237,0.003871313529089093,7.822697999927186
voc,resnet50,gradcam,6947,19,0.005,2,6971857894491676606,valid,0.9869370363146538,0.7120436711020129,3,3,True,0.3096292018890381,0.3293417990207672,0.019712597131729126,0.0038729666266590357,7.895157000348263
voc,resnet50,gradcam,6947,19,0.005,3,5643272929788852849,valid,0.9820363758325792,0.7979218917950556,3,3,True,0.3096292018890381,0.3212478458881378,0.011618643999099731,0.0038817119784653187,7.836158999907639
voc,resnet50,gradcam,6947,19,0.005,4,8673762418453570745,valid,0.9668310338203678,0.7806955287437899,3,3,True,0.3096292018890381,0.3206886649131775,0.011059463024139404,0.003893650369718671,7.802352999988216
voc,densenet121,ig,8173,18,0.005,0,2568184002337986066,valid,0.8804464605003907,0.6297499188048068,18,18,True,0.9879387617111206,0.9870184063911438,0.0009203553199768066,0.00399689469486475,190.59332100005122
voc,densenet121,ig,8173,18,0.005,1,2700930089002217196,valid,0.8859479752759858,0.6544675239037256,18,18,True,0.9879387617111206,0.9881970286369324,0.0002582669258117676,0.003999899607151747,192.48732500000187
voc,densenet121,ig,8173,18,0.005,2,6274773280352562869,valid,0.888180668205002,0.6539222148978246,18,18,True,0.9879387617111206,0.988264799118042,0.0003260374069213867,0.003980373032391071,191.8416849998721
voc,densenet121,ig,8173,18,0.005,3,7384397133206063386,valid,0.8823587333762277,0.6420157068062827,18,18,True,0.9879387617111206,0.9874069094657898,0.0005318522453308105,0.003992972429841757,191.83686499991381
voc,densenet121,ig,8173,18,0.005,4,7207923362354915897,valid,0.8834986838684201,0.6433600785983298,18,18,True,0.9879387617111206,0.9883376955986023,0.00039893388748168945,0.003987052943557501,190.5202860002646
voc,densenet121,ig,8927,9,0.005,0,2972210994312305306,valid,0.8052929730078541,0.562753036437247,12,12,True,0.8315514922142029,0.829903244972229,0.001648247241973877,0.003956443630158901,191.10408999995343
voc,densenet121,ig,8927,9,0.005,1,3098727151507634343,valid,0.807753405839702,0.562509730655457,12,9,False,0.8315514922142029,0.8431141972541809,0.011562705039978027,0.003959944471716881,190.63249200007704
voc,densenet121,ig,8927,9,0.005,2,3156827023830551964,valid,0.8057078101749486,0.5644583008573656,12,12,True,0.8315514922142029,0.8202406167984009,0.011310875415802002,0.00395288597792387,190.3996040000493
voc,densenet121,ig,8927,9,0.005,3,2568375632386903713,valid,0.8102328715655611,0.5634834086306278,12,9,False,0.8315514922142029,0.8372884392738342,0.005736947059631348,0.003952330444008112,190.43268699988403
voc,densenet121,ig,8927,9,0.005,4,487923459527200765,valid,0.8058915041544049,0.5591113872922169,12,9,False,0.8315514922142029,0.8397106528282166,0.008159160614013672,0.003944706171751022,190.36418199993932
voc,densenet121,ig,5803,10,0.005,0,3852546974185743096,valid,0.6529767596153805,0.4014802401899176,8,8,True,0.9446763396263123,0.9457914233207703,0.0011150836944580078,0.003981397021561861,190.24132599997756
voc,densenet121,ig,5803,10,0.005,1,2371425837951975359,valid,0.6460793991150164,0.3960216998191682,8,8,True,0.9446763396263123,0.9451500177383423,0.0004736781120300293,0.003984390292316675,190.4217350002
voc,densenet121,ig,5803,10,0.005,2,6461432094931278540,valid,0.6599492645628172,0.40285155157953595,8,8,True,0.9446763396263123,0.9445518851280212,0.00012445449829101562,0.003981403075158596,190.3515129997686
voc,densenet121,ig,5803,10,0.005,3,7926371796250851087,valid,0.6492252750801173,0.4022635182338969,8,8,True,0.9446763396263123,0.9467507004737854,0.0020743608474731445,0.003993417136371136,190.43040899987318
voc,densenet121,ig,5803,10,0.005,4,2273525925788181717,valid,0.6518510629563531,0.3936953200944313,8,8,True,0.9446763396263123,0.9466845989227295,0.0020082592964172363,0.003981274086982012,190.8936149998226
voc,densenet121,ig,39,19,0.005,0,2479825858614679456,valid,0.6201014388739338,0.37310165549322755,19,19,True,0.9573963284492493,0.9567728042602539,0.0006235241889953613,0.00398419750854373,190.2898120001737
voc,densenet121,ig,39,19,0.005,1,2409326931739155617,valid,0.6178722037838329,0.3747945205479452,19,19,True,0.9573963284492493,0.9569185972213745,0.00047773122787475586,0.003993691876530647,190.33227299996724
voc,densenet121,ig,39,19,0.005,2,6067917643963702541,valid,0.6252604773619462,0.37235060850540136,19,19,True,0.9573963284492493,0.9574755430221558,7.921457290649414e-05,0.003987385891377926,190.4947030002404
voc,densenet121,ig,39,19,0.005,3,3836945159140576186,valid,0.6255750434381039,0.37235060850540136,19,19,True,0.9573963284492493,0.9573346972465515,6.16312026977539e-05,0.00398008618503809,190.2782849997493
voc,densenet121,ig,39,19,0.005,4,2894779989879545488,valid,0.6225769368054545,0.37385352498288843,19,19,True,0.9573963284492493,0.9572899341583252,0.00010639429092407227,0.003976120613515377,190.402986999743
voc,densenet121,ig,1686,14,0.005,0,2407452988058933126,valid,0.9068483518275489,0.6339954412243569,14,14,True,0.8446870446205139,0.8448261022567749,0.00013905763626098633,0.003984620328992605,190.17937299986443
voc,densenet121,ig,1686,14,0.005,1,1416983024301229683,valid,0.9043297040471433,0.6244739397863386,14,14,True,0.8446870446205139,0.8435962200164795,0.0010908246040344238,0.0039873202331364155,190.87876799994774
voc,densenet121,ig,1686,14,0.005,2,329098390142242351,valid,0.902438947872902,0.6339954412243569,14,14,True,0.8446870446205139,0.8467776775360107,0.002090632915496826,0.003991101402789354,190.26131800001167
voc,densenet121,ig,1686,14,0.005,3,8332520142723992066,valid,0.9097358918932797,0.6361265079882621,14,14,True,0.8446870446205139,0.8473075032234192,0.0026204586029052734,0.003986937925219536,190.25499899998977
voc,densenet121,ig,1686,14,0.005,4,4678094734876851399,valid,0.9059379366095865,0.6305442729488221,14,14,True,0.8446870446205139,0.8452253341674805,0.0005382895469665527,0.0039848992601037025,190.7250210001621
voc,densenet121,ig,5544,18,0.005,0,7605300728157470724,valid,0.6736148189279094,0.41491611447906385,18,18,True,0.8827662467956543,0.8826767802238464,8.946657180786133e-05,0.003989167511463165,190.85597899993445
voc,densenet121,ig,5544,18,0.005,1,7713127228031362199,valid,0.6794430435647202,0.43823445113212955,18,18,True,0.8827662467956543,0.8692167401313782,0.013549506664276123,0.003987888805568218,190.39721600029225
voc,densenet121,ig,5544,18,0.005,2,3269339992068861176,valid,0.6712093315352504,0.4197199038053473,18,18,True,0.8827662467956543,0.8797606229782104,0.0030056238174438477,0.003979042638093233,190.33703100012644
voc,densenet121,ig,5544,18,0.005,3,3089590639899074028,valid,0.6708487169814541,0.42032267195018397,18,18,True,0.8827662467956543,0.8697863221168518,0.01297992467880249,0.003996388986706734,190.40810799970131
voc,densenet121,ig,5544,18,0.005,4,6201695411679841990,valid,0.6671012518803483,0.41871642635001416,18,18,True,0.8827662467956543,0.8840398192405701,0.0012735724449157715,0.0039961994625627995,190.43154100018
voc,densenet121,ig,3784,1,0.005,0,568371097838651679,valid,0.8337680285767771,0.598598279706913,1,1,True,0.9742979407310486,0.9741015434265137,0.0001963973045349121,0.003933827858418226,190.3639059996749
voc,densenet121,ig,3784,1,0.005,1,8730973129268750908,valid,0.8350265425119273,0.5965637925548839,1,1,True,0.9742979407310486,0.9747752547264099,0.0004773139953613281,0.003937961533665657,190.27538799991817
voc,densenet121,ig,3784,1,0.005,2,4988815491858760642,valid,0.8290656572422801,0.6042199488491049,1,1,True,0.9742979407310486,0.9726049900054932,0.00169295072555542,0.003942861687391996,190.40715300025113
voc,densenet121,ig,3784,1,0.005,3,4107072592214049901,valid,0.8339734313597248,0.6014041806286899,1,1,True,0.9742979407310486,0.9716370701789856,0.0026608705520629883,0.003928969614207745,190.29182799977207
voc,densenet121,ig,3784,1,0.005,4,2770030334258850844,valid,0.8296798625832135,0.5996174689193497,1,1,True,0.9742979407310486,0.9757919311523438,0.001493990421295166,0.003948383964598179,191.0453420000522
voc,densenet121,ig,6304,3,0.005,0,7830137365422260441,valid,0.6107582551721423,0.34983187626092804,3,3,True,0.9618754386901855,0.9596498012542725,0.002225637435913086,0.0039367470890283585,190.2239930000178
voc,densenet121,ig,6304,3,0.005,1,4661326768319657430,valid,0.6168942394974993,0.3465718502616396,3,3,True,0.9618754386901855,0.9628467559814453,0.0009713172912597656,0.003948709461838007,190.2522090003913
voc,densenet121,ig,6304,3,0.005,2,6619020526136302124,valid,0.6173748933721421,0.3417112299465241,3,3,True,0.9618754386901855,0.9605473875999451,0.0013280510902404785,0.003933782689273357,190.27729399977034
voc,densenet121,ig,6304,3,0.005,3,6800945400057756425,valid,0.6247323796477801,0.34224956533369,3,3,True,0.9618754386901855,0.9593133330345154,0.002562105655670166,0.003943027462810278,190.86186300000918
voc,densenet121,ig,6304,3,0.005,4,7042581768829889240,valid,0.6181638258294272,0.34965034965034963,3,3,True,0.9618754386901855,0.9626931548118591,0.000817716121673584,0.0039486452005803585,190.27464700002383
voc,densenet121,ig,158,2,0.005,0,3522680649187379204,valid,0.31077318323725617,0.22077606130641042,2,2,True,0.48875364661216736,0.5593485236167908,0.07059487700462341,0.003991131670773029,190.21852400010175
voc,densenet121,ig,158,2,0.005,1,419294351200179885,valid,0.32720544047587363,0.2350479940930347,2,2,True,0.48875364661216736,0.5432299375534058,0.0544762909412384,0.003987189847975969,190.44656999994913
voc,densenet121,ig,158,2,0.005,2,3028218364960125082,valid,0.31245813609537987,0.2256961406936981,2,2,True,0.48875364661216736,0.5594614148139954,0.070707768201828,0.003988075070083141,190.29327099997317
voc,densenet121,ig,158,2,0.005,3,6052761022673377132,valid,0.3105030645438282,0.22420102464015615,2,2,True,0.48875364661216736,0.550838053226471,0.06208440661430359,0.0039986358024179935,190.57683200026077
voc,densenet121,ig,158,2,0.005,4,3347453041863134171,valid,0.30986866006518826,0.22524722256134783,2,2,True,0.48875364661216736,0.5408404469490051,0.05208680033683777,0.003982962109148502,190.3580170001078
voc,densenet121,ig,9571,0,0.005,0,2590450077393174903,valid,0.43431821119761416,0.26797220467466837,3,3,True,0.7219821810722351,0.7257654070854187,0.0037832260131835938,0.003983283881098032,190.81218600013017
voc,densenet121,ig,9571,0,0.005,1,7132724899960905381,valid,0.4344047576711048,0.26461693548387094,3,3,True,0.7219821810722351,0.71126389503479,0.010718286037445068,0.0039848992601037025,190.3050070000063
voc,densenet121,ig,9571,0,0.005,2,1120045858359378571,valid,0.4335050539413226,0.26749179085627683,3,3,True,0.7219821810722351,0.7136330008506775,0.008349180221557617,0.003979082219302654,190.46233100016252
voc,densenet121,ig,9571,0,0.005,3,3030323471833644395,valid,0.4310389164167161,0.2665320545179202,3,3,True,0.7219821810722351,0.7142719030380249,0.007710278034210205,0.003983946982771158,190.3133640003034
voc,densenet121,ig,9571,0,0.005,4,3981683401082662910,valid,0.45320970616431516,0.28108246106714324,3,3,True,0.7219821810722351,0.7396312952041626,0.01764911413192749,0.0039966232143342495,190.37716699995144
voc,densenet121,ig,4263,2,0.005,0,1604950784437852059,valid,0.7842099105105074,0.5917525773195876,2,2,True,0.962313711643219,0.9632304310798645,0.0009167194366455078,0.0039625102654099464,190.2136129997416
voc,densenet121,ig,4263,2,0.005,1,3247925513014509242,valid,0.7870271212261128,0.5844647931796653,2,2,True,0.962313711643219,0.961699903011322,0.0006138086318969727,0.003958556335419416,190.37255799958075
voc,densenet121,ig,4263,2,0.005,2,1389457712123523278,valid,0.7764391806225274,0.5809703843730308,2,2,True,0.962313711643219,0.9619839787483215,0.00032973289489746094,0.003949703648686409,190.27047600002334
voc,densenet121,ig,4263,2,0.005,3,480244618116577529,valid,0.7833099472474584,0.5824660990223904,2,2,True,0.962313711643219,0.9637987017631531,0.001484990119934082,0.0039580343291163445,190.70308100026523
voc,densenet121,ig,4263,2,0.005,4,7967479866348952647,valid,0.778575849168811,0.5892319873317498,2,2,True,0.962313711643219,0.9640278816223145,0.001714169979095459,0.003958020359277725,190.89140699998097
voc,densenet121,ig,9735,8,0.005,0,429024551757205530,valid,0.7612494932222922,0.4839568238947213,5,5,True,0.20974023640155792,0.2089221179485321,0.0008181184530258179,0.003983628004789352,190.18389500024568
voc,densenet121,ig,9735,8,0.005,1,38723299165083365,valid,0.7652798031160551,0.4872554831061055,5,5,True,0.20974023640155792,0.20862367749214172,0.0011165589094161987,0.003989045042544603,190.3775000000678
voc,densenet121,ig,9735,8,0.005,2,9178114752112229949,valid,0.7551102870556915,0.4780559646539028,5,5,True,0.20974023640155792,0.20730020105838776,0.002440035343170166,0.003987479489296675,190.35517400016033
voc,densenet121,ig,9735,8,0.005,3,1031284293776987046,valid,0.7654462016044024,0.48483503476845685,5,5,True,0.20974023640155792,0.2097896784543991,4.9442052841186523e-05,0.003983379807323217,190.90094600005614
voc,densenet121,ig,9735,8,0.005,4,3348561243312525669,valid,0.7611908742387782,0.4795813062066932,5,5,True,0.20974023640155792,0.2064540982246399,0.00328613817691803,0.0039871190674602985,190.23160100005043
voc,densenet121,ig,2260,13,0.005,0,5025200367840149463,valid,0.8133557377741452,0.5564516129032258,13,13,True,0.9037124514579773,0.911249577999115,0.007537126541137695,0.003985061775892973,190.33619700030613
voc,densenet121,ig,2260,13,0.005,1,3411743008570029691,valid,0.821974417516979,0.5647022139070783,13,13,True,0.9037124514579773,0.908217191696167,0.004504740238189697,0.003988680895417929,190.29458400018484
voc,densenet121,ig,2260,13,0.005,2,7032992938641812369,valid,0.8126207952834602,0.5550046482801364,13,13,True,0.9037124514579773,0.910858690738678,0.007146239280700684,0.003985942341387272,190.9825540001293
voc,densenet121,ig,2260,13,0.005,3,4430730098924563606,valid,0.8159344091285656,0.5605660083968279,13,13,True,0.9037124514579773,0.9017848372459412,0.0019276142120361328,0.0040060668252408504,190.27236400006586
voc,densenet121,ig,2260,13,0.005,4,7988849592980058792,valid,0.8119764963512716,0.551638837353123,13,13,True,0.9037124514579773,0.9073196053504944,0.00360715389251709,0.003984048031270504,190.3279799998927
voc,densenet121,ig,605,6,0.005,0,1408266758386522545,valid,0.5918306684599025,0.37781438769906645,6,3,False,0.6760496497154236,0.6505038738250732,0.025545775890350342,0.003988117910921574,190.21024199992098
voc,densenet121,ig,605,6,0.005,1,734413310480609420,valid,0.5839388048554823,0.3613673358654368,6,6,True,0.6760496497154236,0.6527754068374634,0.023274242877960205,0.003993346821516752,190.41800200011494
voc,densenet121,ig,605,6,0.005,2,6413108089302143601,valid,0.5841989762928467,0.3680479825517993,6,3,False,0.6760496497154236,0.6475902795791626,0.028459370136260986,0.003993013873696327,190.29146799994123
voc,densenet121,ig,605,6,0.005,3,2368469526416546982,valid,0.5933122961129893,0.37441796768008767,6,3,False,0.6760496497154236,0.6510940194129944,0.0249556303024292,0.004002243280410767,190.35260000009657
voc,densenet121,ig,605,6,0.005,4,5244897393308048599,valid,0.5889171483047675,0.37066375307293087,6,3,False,0.6760496497154236,0.6365566253662109,0.039493024349212646,0.003978576976805925,190.2663699997902
voc,densenet121,ig,12,6,0.005,0,6380489679620311017,valid,0.7068060898800035,0.45112781954887216,6,6,True,0.9414339065551758,0.9385204315185547,0.0029134750366210938,0.003993874881416559,190.63289799987615
voc,densenet121,ig,12,6,0.005,1,7024435155116285770,valid,0.6995049584619363,0.43447191653565814,6,6,True,0.9414339065551758,0.940635085105896,0.0007988214492797852,0.003997286316007376,190.38139100030094
voc,densenet121,ig,12,6,0.005,2,3062577145113922538,valid,0.7042197128872183,0.44527649769585254,6,6,True,0.9414339065551758,0.9415827989578247,0.00014889240264892578,0.003982046153396368,190.25204299987308
voc,densenet121,ig,12,6,0.005,3,756160407238986896,valid,0.7022113543699695,0.4419540229885057,6,6,True,0.9414339065551758,0.9399848580360413,0.0014490485191345215,0.003993476741015911,190.30991299996458
voc,densenet121,ig,12,6,0.005,4,2380232883162648843,valid,0.7067376721065467,0.4446523679286023,6,6,True,0.9414339065551758,0.9421859979629517,0.0007520914077758789,0.003986918833106756,190.90215400001398
voc,densenet121,ig,6335,4,0.005,0,7266703710182033630,valid,0.7570966458663677,0.5230652503793627,4,4,True,0.9704298377037048,0.9715453386306763,0.0011155009269714355,0.003975051920861006,190.28869300018414
voc,densenet121,ig,6335,4,0.005,1,2058730484570914110,valid,0.7605902642917001,0.5242217160212604,4,4,True,0.9704298377037048,0.9692693948745728,0.00116044282913208,0.003979587461799383,190.28132499988715
voc,densenet121,ig,6335,4,0.005,2,5622625592551355526,valid,0.7510088673902614,0.5223722129531321,4,4,True,0.9704298377037048,0.9702698588371277,0.00015997886657714844,0.003989832010120153,191.01904699982697
voc,densenet121,ig,6335,4,0.005,3,1149384304444514773,valid,0.7500811154172687,0.5152475845410628,4,4,True,0.9704298377037048,0.9679467678070068,0.002483069896697998,0.003973313607275486,191.41767599967352
voc,densenet121,ig,6335,4,0.005,4,1368511953220648720,valid,0.7651162400460649,0.5198364627498486,4,4,True,0.9704298377037048,0.9700802564620972,0.000349581241607666,0.0039856210350990295,190.91433099993083
voc,densenet121,ig,7467,18,0.005,0,7800003000653008807,valid,0.8874693237601083,0.658568831598083,18,18,True,0.950691282749176,0.9515483975410461,0.0008571147918701172,0.0039892964996397495,190.39870500000688
voc,densenet121,ig,7467,18,0.005,1,3182953704350948054,valid,0.8856063793459994,0.6525605137493825,18,18,True,0.950691282749176,0.9522194862365723,0.0015282034873962402,0.0039834268391132355,190.93600599990168
voc,densenet121,ig,7467,18,0.005,2,8787006245562663044,valid,0.8914719453305542,0.6687728633189225,18,18,True,0.950691282749176,0.9481569528579712,0.002534329891204834,0.003987150266766548,191.0627279999062
voc,densenet121,ig,7467,18,0.005,3,2631177189532017221,valid,0.8896063445103832,0.6582947785855915,18,18,True,0.950691282749176,0.953684389591217,0.0029931068420410156,0.003980529494583607,190.50277999986065
voc,densenet121,ig,7467,18,0.005,4,2697424900096002369,valid,0.8817825740408737,0.6544675239037256,18,18,True,0.950691282749176,0.9470880627632141,0.003603219985961914,0.003988667391240597,190.47323899985713
voc,densenet121,ig,8923,6,0.005,0,8535845287753839827,valid,0.6262939675290512,0.41014472390051987,6,6,True,0.9373248815536499,0.93693608045578,0.00038880109786987305,0.003981161862611771,190.50539699992441
voc,densenet121,ig,8923,6,0.005,1,6425213829186736156,valid,0.6311587764943756,0.4175141242937853,6,6,True,0.9373248815536499,0.9378372430801392,0.0005123615264892578,0.0039887200109660625,191.37642099985896
voc,densenet121,ig,8923,6,0.005,2,8216193328553423208,valid,0.6410306544696864,0.4129241165704632,6,6,True,0.9373248815536499,0.938014805316925,0.0006899237632751465,0.003965487238019705,190.53472700034035
voc,densenet121,ig,8923,6,0.005,3,8727306689685044685,valid,0.6370563136757353,0.41372024228764614,6,6,True,0.9373248815536499,0.9383479356765747,0.0010230541229248047,0.003974519670009613,190.714570000182
voc,densenet121,ig,8923,6,0.005,4,2115439416598246831,valid,0.6347473425569037,0.41691373711704083,6,6,True,0.9373248815536499,0.9351646304130554,0.0021602511405944824,0.003985342103987932,190.50902099979794
voc,densenet121,ig,6070,2,0.005,0,8176075420989258968,valid,0.4452362483500972,0.4737151248164464,2,2,True,0.9856094717979431,0.9829419851303101,0.0026674866676330566,0.003990681376308203,190.61211899997943
voc,densenet121,ig,6070,2,0.005,1,3883376375087179934,valid,0.450901625403624,0.4872554831061055,2,2,True,0.9856094717979431,0.9857160449028015,0.00010657310485839844,0.0039891996420919895,190.49070500022935
voc,densenet121,ig,6070,2,0.005,2,937512255825271957,valid,0.4641639412819484,0.4835181079083518,2,2,True,0.9856094717979431,0.9870693683624268,0.0014598965644836426,0.003979874309152365,190.57431200008068
voc,densenet121,ig,6070,2,0.005,3,8862256097771777575,valid,0.4510671446893481,0.4754483975301382,2,2,True,0.9856094717979431,0.9859477281570435,0.0003382563591003418,0.003977686632424593,190.45162900010837
voc,densenet121,ig,6070,2,0.005,4,8352079534336211832,valid,0.45051671021589434,0.4778383154174643,2,2,True,0.9856094717979431,0.9851057529449463,0.0005037188529968262,0.003990346100181341,191.13511600016864
voc,densenet121,ig,9350,6,0.005,0,7528528802294777855,valid,0.8201521550016448,0.5421020282728949,6,6,True,0.7414421439170837,0.737104058265686,0.004338085651397705,0.004013692028820515,190.35177800014935
voc,densenet121,ig,9350,6,0.005,1,3984736845230428495,valid,0.8237991196732313,0.5540414989160731,6,6,True,0.7414421439170837,0.7448222041130066,0.0033800601959228516,0.003990530036389828,190.5442350002886
voc,densenet121,ig,9350,6,0.005,2,760316986588722661,valid,0.8196783831963913,0.5456645618358232,6,6,True,0.7414421439170837,0.7430370450019836,0.0015949010848999023,0.003996381536126137,190.4920619999757
voc,densenet121,ig,9350,6,0.005,3,3335686919868180309,valid,0.8209522681874103,0.5502008032128514,6,6,True,0.7414421439170837,0.745556116104126,0.004113972187042236,0.003987916279584169,191.12212000027284
voc,densenet121,ig,9350,6,0.005,4,2731706351980836960,valid,0.8180006420474865,0.5456645618358232,6,6,True,0.7414421439170837,0.7408643960952759,0.0005777478218078613,0.003991837613284588,191.70543500013082
voc,densenet121,ig,6136,16,0.005,0,3553062391789888395,valid,0.8701958742892979,0.6514727661675168,9,9,True,0.881967306137085,0.8814216256141663,0.0005456805229187012,0.0039986493065953255,190.32327600007193
voc,densenet121,ig,6136,16,0.005,1,9040047505948696195,valid,0.8738877608127068,0.6580208161242359,9,9,True,0.881967306137085,0.8766263723373413,0.005340933799743652,0.003985515795648098,190.5751480003346
voc,densenet121,ig,6136,16,0.005,2,3731367986805198140,valid,0.8763664211716142,0.6536496951721865,9,9,True,0.881967306137085,0.8754907846450806,0.0064765214920043945,0.003996615298092365,191.1486280000645
voc,densenet121,ig,6136,16,0.005,3,4758686824483242357,valid,0.8785157469954088,0.6566523605150214,9,9,True,0.881967306137085,0.8817393183708191,0.00022798776626586914,0.00397955346852541,190.57595000003857
voc,densenet121,ig,6136,16,0.005,4,5987871277666387327,valid,0.8711195624926966,0.6509294291824314,9,9,True,0.881967306137085,0.8847654461860657,0.002798140048980713,0.003982909023761749,190.51758900013738
voc,densenet121,ig,8919,12,0.005,0,8997875348459840141,valid,0.860585026115423,0.6257897294670338,12,12,True,0.9200055599212646,0.9173317551612854,0.002673804759979248,0.003982063848525286,190.42317699995692
voc,densenet121,ig,8919,12,0.005,1,6719013068151611595,valid,0.852234157240412,0.6093649775497113,12,12,True,0.9200055599212646,0.9139905571937561,0.006015002727508545,0.0039967880584299564,191.11925300012444
voc,densenet121,ig,8919,12,0.005,2,6804670966095309884,valid,0.8541242913460025,0.6098812961180622,12,12,True,0.9200055599212646,0.9176111221313477,0.002394437789916992,0.003976715728640556,190.6187890003821
voc,densenet121,ig,8919,12,0.005,3,2840208956740015292,valid,0.8531659593690758,0.6106563954421441,12,12,True,0.9200055599212646,0.9152320623397827,0.004773497581481934,0.003986033145338297,190.546157999961
voc,densenet121,ig,8919,12,0.005,4,4984008792992495882,valid,0.846658250201113,0.5993625498007968,12,12,True,0.9200055599212646,0.911272406578064,0.008733153343200684,0.00398150784894824,190.5899359999239
voc,densenet121,ig,6252,11,0.005,0,7374814095542933128,valid,0.8787635202163375,0.6779802708577161,11,11,True,0.9504016637802124,0.9513773322105408,0.0009756684303283691,0.003989774733781815,191.4649819996157
voc,densenet121,ig,6252,11,0.005,1,584848945964013034,valid,0.8794147563436792,0.6898467755514396,11,11,True,0.9504016637802124,0.9507389068603516,0.00033724308013916016,0.003996257204562426,191.03051699994467
voc,densenet121,ig,6252,11,0.005,2,8298605397671154098,valid,0.8767070017050728,0.6853064651553317,11,11,True,0.9504016637802124,0.949206531047821,0.0011951327323913574,0.004003005567938089,190.52507400010654
voc,densenet121,ig,6252,11,0.005,3,3425794410507211966,valid,0.8815531523143907,0.6858726692423988,11,11,True,0.9504016637802124,0.9510083794593811,0.0006067156791687012,0.003998854663223028,190.50726200021018
voc,densenet121,ig,6252,11,0.005,4,5863502613563450398,valid,0.879558774657384,0.6867226890756303,11,11,True,0.9504016637802124,0.9494761228561401,0.0009255409240722656,0.003985176328569651,190.5493229996864
voc,densenet121,ig,9348,0,0.005,0,110231658331128164,valid,0.6367975717039316,0.42435424354243545,0,0,True,0.7800564169883728,0.7948548793792725,0.014798462390899658,0.004001502878963947,190.48857400002817
voc,densenet121,ig,9348,0,0.005,1,9002787145464827941,valid,0.6528295353463064,0.42516330587901163,0,0,True,0.7800564169883728,0.7758363485336304,0.004220068454742432,0.003981970716267824,190.61259599993718
voc,densenet121,ig,9348,0,0.005,2,3850202729401011018,valid,0.643019850504479,0.427799117939963,0,0,True,0.7800564169883728,0.7829546928405762,0.002898275852203369,0.003976086620241404,190.45850400016207
voc,densenet121,ig,9348,0,0.005,3,6347149697064204936,valid,0.6478486496005444,0.4215297450424929,0,0,True,0.7800564169883728,0.7828042507171631,0.002747833728790283,0.003989476710557938,191.3399710001613
voc,densenet121,ig,9348,0,0.005,4,86957952805582142,valid,0.6464382588834091,0.4185159010600707,0,0,True,0.7800564169883728,0.7665702104568481,0.013486206531524658,0.003998749423772097,190.68671399963932
voc,densenet121,ig,9185,11,0.005,0,770057058163844119,valid,0.7239919658684607,0.5350260018354237,11,11,True,0.9601885080337524,0.9671159386634827,0.006927430629730225,0.003968844190239906,190.48985400013407
voc,densenet121,ig,9185,11,0.005,1,430113233436584468,valid,0.7281456767530803,0.5270044119884375,11,11,True,0.9601885080337524,0.9636504650115967,0.0034619569778442383,0.003979220986366272,190.3005729996039
voc,densenet121,ig,9185,11,0.005,2,7277659768102874392,valid,0.727981148271589,0.5447129444358935,11,11,True,0.9601885080337524,0.9579892754554749,0.002199232578277588,0.003960773814469576,190.93337399999655
voc,densenet121,ig,9185,11,0.005,3,2356679689533405010,valid,0.7274676895716408,0.5373774509803921,11,11,True,0.9601885080337524,0.9633216857910156,0.0031331777572631836,0.003942582290619612,190.40597100001833
voc,densenet121,ig,9185,11,0.005,4,4418457342207845275,valid,0.729984222878807,0.5413914913223775,11,11,True,0.9601885080337524,0.962909460067749,0.002720952033996582,0.0039626555517315865,190.4651439999725
voc,densenet121,ig,6219,11,0.005,0,3701942161707854505,valid,0.895950190787778,0.6460554371002132,11,11,True,0.9143398404121399,0.916347086429596,0.0020072460174560547,0.003990946803241968,190.2543850001166
voc,densenet121,ig,6219,11,0.005,1,6540902343793752805,valid,0.8922171004871271,0.6533772652388797,11,11,True,0.9143398404121399,0.913724422454834,0.0006154179573059082,0.003979867324233055,190.9368709998489
voc,densenet121,ig,6219,11,0.005,2,2348129838446693546,valid,0.891976962825916,0.6366601435094585,11,11,True,0.9143398404121399,0.9133251309394836,0.00101470947265625,0.003976752515882254,190.38368400015315
voc,densenet121,ig,6219,11,0.005,3,2671931975039817424,valid,0.8851312934968424,0.6302794022092267,11,11,True,0.9143398404121399,0.9145901203155518,0.00025027990341186523,0.003990772180259228,190.42637799975637
voc,densenet121,ig,6219,11,0.005,4,1899445604942049004,valid,0.8918619036334764,0.6498438270590169,11,11,True,0.9143398404121399,0.9130750894546509,0.0012647509574890137,0.00398498959839344,190.30931299994336
voc,densenet121,ig,1273,2,0.005,0,9168507270778338518,valid,0.5272798021172829,0.28042868078591476,2,2,True,0.9600882530212402,0.9648803472518921,0.0047920942306518555,0.00399660924449563,190.77125500007241
voc,densenet121,ig,1273,2,0.005,1,3080832874991223474,valid,0.5236808041561928,0.27847133757961784,2,2,True,0.9600882530212402,0.9686349034309387,0.008546650409698486,0.00399231631308794,190.41737699990335
voc,densenet121,ig,1273,2,0.005,2,586347988131817274,valid,0.5256562493937579,0.2747364410008891,2,2,True,0.9600882530212402,0.9650306701660156,0.004942417144775391,0.003985802177339792,190.28737899998305
voc,densenet121,ig,1273,2,0.005,3,1659127970543462193,valid,0.5321731576334058,0.28354009464125846,2,2,True,0.9600882530212402,0.962115466594696,0.0020272135734558105,0.00399787537753582,190.40490299994417
voc,densenet121,ig,1273,2,0.005,4,7020780874504587280,valid,0.523676922051855,0.27489837398373984,2,2,True,0.9600882530212402,0.9687652587890625,0.008677005767822266,0.003988410346210003,190.36345999984405
voc,densenet121,ig,563,3,0.005,0,6949831724463588672,valid,0.7804186055034622,0.5583850931677019,3,3,True,0.9807646870613098,0.9809611439704895,0.0001964569091796875,0.003985056187957525,190.4593939998449
voc,densenet121,ig,563,3,0.005,1,4026115949122591262,valid,0.7786045068976793,0.5564516129032258,3,3,True,0.9807646870613098,0.9801197648048401,0.0006449222564697266,0.003998697269707918,190.3506789999483
voc,densenet121,ig,563,3,0.005,2,5222168100560739601,valid,0.7797789957020247,0.5581431454743052,3,3,True,0.9807646870613098,0.9813032746315002,0.0005385875701904297,0.003974745515733957,190.36047500003406
voc,densenet121,ig,563,3,0.005,3,5376010537337676334,valid,0.7765974427824626,0.5545229244114003,3,3,True,0.9807646870613098,0.9787825345993042,0.0019821524620056152,0.003988063428550959,190.74527499969918
voc,densenet121,ig,563,3,0.005,4,1180884290087723805,valid,0.7833477816378409,0.5772434386295773,3,3,True,0.9807646870613098,0.9814956784248352,0.0007309913635253906,0.003985632210969925,190.29180600000473
voc,densenet121,ig,9524,14,0.005,0,2917751078990365690,valid,0.9002497357184182,0.6740617180984153,2,2,True,0.6879100799560547,0.6917046904563904,0.0037946105003356934,0.003989378456026316,190.17067799995857
voc,densenet121,ig,9524,14,0.005,1,2383114237310698817,valid,0.8974812329769261,0.6746203904555315,2,2,True,0.6879100799560547,0.687539279460907,0.0003708004951477051,0.0040086666122078896,190.26714900019215
voc,densenet121,ig,9524,14,0.005,2,1056569341057656110,valid,0.8953854848301565,0.6850235057085292,2,2,True,0.6879100799560547,0.6840118765830994,0.0038982033729553223,0.0039850687608122826,190.94914500010418
voc,densenet121,ig,9524,14,0.005,3,2031197014861192982,valid,0.8923046006564714,0.681917211328976,2,2,True,0.6879100799560547,0.6825261116027832,0.005383968353271484,0.004000959452241659,190.37329100001443
voc,densenet121,ig,9524,14,0.005,4,3605346839599098624,valid,0.8940389226739152,0.669883527454243,2,2,True,0.6879100799560547,0.6807630658149719,0.007147014141082764,0.003987139090895653,190.37302800006728
voc,densenet121,ig,6067,0,0.005,0,5723002977642024367,valid,0.44165028046750515,0.2889802209093244,0,0,True,0.9521963596343994,0.962498664855957,0.010302305221557617,0.003997919149696827,190.36845000027824
voc,densenet121,ig,6067,0,0.005,1,5529229040250783174,valid,0.4475022440560911,0.3028690120732182,0,0,True,0.9521963596343994,0.9654284715652466,0.013232111930847168,0.0039818924851715565,191.18470200010051
voc,densenet121,ig,6067,0,0.005,2,1877803580088221135,valid,0.4438266976302386,0.3043930335326228,0,0,True,0.9521963596343994,0.9612825512886047,0.009086191654205322,0.004006372764706612,190.5084939999142
voc,densenet121,ig,6067,0,0.005,3,5551567823411456925,valid,0.44083098046416286,0.2889802209093244,0,0,True,0.9521963596343994,0.9633979201316833,0.011201560497283936,0.00400070333853364,190.5291930002022
voc,densenet121,ig,6067,0,0.005,4,1983970328660534008,valid,0.4466295441124368,0.2944666580678447,0,0,True,0.9521963596343994,0.9602768421173096,0.008080482482910156,0.003985370974987745,190.52055899965126
voc,densenet121,ig,5407,18,0.005,0,9086438905188328775,valid,0.8599323079434792,0.6474064346684176,18,18,True,0.6576671004295349,0.6423461437225342,0.015320956707000732,0.003933584317564964,191.15073100010704
voc,densenet121,ig,5407,18,0.005,1,7301998592360026452,valid,0.8577821875347778,0.6404053612291598,18,18,True,0.6576671004295349,0.6466560363769531,0.011011064052581787,0.00392915541306138,191.80824199975177
voc,densenet121,ig,5407,18,0.005,2,7160963401273547667,valid,0.856218848026349,0.6455156583046401,18,18,True,0.6576671004295349,0.6614626049995422,0.0037955045700073242,0.003928649704903364,191.40803399977813
voc,densenet121,ig,5407,18,0.005,3,2048276915005807060,valid,0.8527445228903312,0.6324007807417046,18,18,True,0.6576671004295349,0.6446902751922607,0.01297682523727417,0.003949337638914585,190.7701029999771
voc,densenet121,ig,5407,18,0.005,4,5464098046004089150,valid,0.8593442517913548,0.6393335511270827,18,1,False,0.6576671004295349,0.633216142654419,0.024450957775115967,0.003942001610994339,190.74260099978346
voc,densenet121,ig,7863,7,0.005,0,5134825225546985846,valid,0.6929364751441855,0.438028370826766,7,7,True,0.9563595056533813,0.9585391879081726,0.0021796822547912598,0.00396859273314476,190.45767099987643
voc,densenet121,ig,7863,7,0.005,1,2511839093063816830,valid,0.6960902152680557,0.43391913130447207,7,7,True,0.9563595056533813,0.9597139358520508,0.0033544301986694336,0.0039800722151994705,190.5411230000027
voc,densenet121,ig,7863,7,0.005,2,5448166675399807755,valid,0.7104717630324121,0.4498699797746316,7,7,True,0.9563595056533813,0.9571792483329773,0.0008197426795959473,0.003975120838731527,190.53750600005515
voc,densenet121,ig,7863,7,0.005,3,6295564134202275404,valid,0.6971498298289598,0.4288154897494305,7,7,True,0.9563595056533813,0.9597179889678955,0.00335848331451416,0.00397254154086113,190.5181120000634
voc,densenet121,ig,7863,7,0.005,4,3712980148670184908,valid,0.6953064048609359,0.44527649769585254,7,7,True,0.9563595056533813,0.9612960815429688,0.004936575889587402,0.003971342463046312,190.5949629999668
voc,densenet121,ig,6162,0,0.005,0,7632449449902570069,valid,0.376971228455162,0.21973748176956734,0,0,True,0.9984046816825867,0.9982019662857056,0.00020271539688110352,0.0039952602237463,190.48806399996465
voc,densenet121,ig,6162,0,0.005,1,3802685298682577884,valid,0.3819076264931823,0.22345483359746435,0,0,True,0.9984046816825867,0.9980825185775757,0.00032216310501098633,0.003990139812231064,190.65601400006926
voc,densenet121,ig,6162,0,0.005,2,645666305175528849,valid,0.37061685961155494,0.22405171362361265,0,0,True,0.9984046816825867,0.9983023405075073,0.0001023411750793457,0.003984477836638689,192.57969999989655
voc,densenet121,ig,6162,0,0.005,3,8408867924325803249,valid,0.37852803630764426,0.22494812644940804,0,0,True,0.9984046816825867,0.9981666803359985,0.00023800134658813477,0.003993939142674208,191.6367110002284
voc,densenet121,ig,6162,0,0.005,4,4498081951960403672,valid,0.38138204533617087,0.23065603923973022,0,0,True,0.9984046816825867,0.9981986880302429,0.00020599365234375,0.0039866771548986435,190.55544799994095
voc,densenet121,ig,9754,14,0.005,0,7739242529401136328,valid,0.6925527257869172,0.4155148095909732,17,17,True,0.7631454467773438,0.748528242111206,0.014617204666137695,0.00396427558735013,190.56684199995289
voc,densenet121,ig,9754,14,0.005,1,5091316030814605689,valid,0.6947156208578451,0.41034288926363127,17,17,True,0.7631454467773438,0.7396290302276611,0.023516416549682617,0.003981020767241716,191.1552589999701
voc,densenet121,ig,9754,14,0.005,2,1231902815645750962,valid,0.6857438849586553,0.41691373711704083,17,17,True,0.7631454467773438,0.7434034943580627,0.019741952419281006,0.003970898222178221,190.68423499993514
voc,densenet121,ig,9754,14,0.005,3,877014072797426259,valid,0.6978923990101338,0.4237480493687048,17,17,True,0.7631454467773438,0.7398827075958252,0.023262739181518555,0.0039719706401228905,191.03588600000876
voc,densenet121,ig,9754,14,0.005,4,3590516625225738162,valid,0.6945808209129695,0.4213284237360147,17,17,True,0.7631454467773438,0.7514060735702515,0.011739373207092285,0.003980202600359917,190.61653199969442
voc,densenet121,ig,1934,7,0.005,0,689292329030594692,valid,0.7943591889599386,0.5506798516687268,7,7,True,0.9736217260360718,0.974545955657959,0.000924229621887207,0.003991944249719381,191.1879469998894
voc,densenet121,ig,1934,7,0.005,1,1398196950242832667,valid,0.8015184217687795,0.5564516129032258,7,7,True,0.9736217260360718,0.9752944707870483,0.0016727447509765625,0.003977412357926369,190.5449700002464
voc,densenet121,ig,1934,7,0.005,2,2401927568781739027,valid,0.7937337162692719,0.554282174384389,7,7,True,0.9736217260360718,0.9747133255004883,0.001091599464416504,0.003978226333856583,190.6034820003697
voc,densenet121,ig,1934,7,0.005,3,8626752469360939461,valid,0.7942344198016981,0.5521187751314568,7,7,True,0.9736217260360718,0.9740826487541199,0.0004609227180480957,0.004003079608082771,190.62807599993903
voc,densenet121,ig,1934,7,0.005,4,7556159184066847955,valid,0.7994549866013255,0.555159590951348,7,7,True,0.9736217260360718,0.9736120104789734,9.715557098388672e-06,0.003987846430391073,190.5766519998906
voc,densenet121,ig,867,15,0.005,0,3337439362088445178,valid,0.46748372424866674,0.2673317338047733,8,8,True,0.7589167356491089,0.7643399238586426,0.005423188209533691,0.003987802192568779,190.5303839998851
voc,densenet121,ig,867,15,0.005,1,6541123427427846859,valid,0.46112331008444807,0.2565418805559033,8,8,True,0.7589167356491089,0.7584587335586548,0.00045800209045410156,0.00398625573143363,190.67534099986005
voc,densenet121,ig,867,15,0.005,2,5662683352550188705,valid,0.4553693878271928,0.25843260188087774,8,8,True,0.7589167356491089,0.7629859447479248,0.004069209098815918,0.003994464408606291,190.59746699986135
voc,densenet121,ig,867,15,0.005,3,3125894880157416653,valid,0.4667872386316504,0.25811708662404415,8,8,True,0.7589167356491089,0.758211076259613,0.0007056593894958496,0.003982723690569401,190.64757599971927
voc,densenet121,ig,867,15,0.005,4,748457529550318541,valid,0.46700872791647935,0.26717171717171717,8,8,True,0.7589167356491089,0.767630398273468,0.00871366262435913,0.0039741420187056065,190.6987089996619
voc,densenet121,ig,6470,2,0.005,0,1148712032312462193,valid,0.7221604789444166,0.4386467889908257,2,2,True,0.9552999138832092,0.9577057361602783,0.002405822277069092,0.003987019881606102,190.57829099983792
voc,densenet121,ig,6470,2,0.005,1,5057445869661550314,valid,0.7315451390652504,0.43926573928008034,2,2,True,0.9552999138832092,0.9616268873214722,0.0063269734382629395,0.003992843441665173,190.31240899994373
voc,densenet121,ig,6470,2,0.005,2,7610881164644978911,valid,0.723593376776372,0.4436133486766398,2,2,True,0.9552999138832092,0.9581924676895142,0.0028925538063049316,0.003995595965534449,190.67280899980688
voc,densenet121,ig,6470,2,0.005,3,796676747641877853,valid,0.722697389080737,0.4314648409641991,2,2,True,0.9552999138832092,0.9582342505455017,0.0029343366622924805,0.003982139751315117,190.56427799978337
voc,densenet121,ig,6470,2,0.005,4,7350450962949674820,valid,0.7233482222987745,0.44610951008645533,2,2,True,0.9552999138832092,0.9602222442626953,0.004922330379486084,0.003980350214987993,190.68574200036892
voc,densenet121,ig,9707,7,0.005,0,6035500590665988924,valid,0.6728146854623804,0.551638837353123,7,7,True,0.9244967699050903,0.9419368505477905,0.017440080642700195,0.00385465519502759,190.4540239997914
voc,densenet121,ig,9707,7,0.005,1,3476331270106691074,valid,0.6750006039429588,0.5506798516687268,7,7,True,0.9244967699050903,0.9315651059150696,0.007068336009979248,0.003842000151053071,191.18007399993076
voc,densenet121,ig,9707,7,0.005,2,4616168888384495383,valid,0.6820788330126037,0.5523588553750967,7,7,True,0.9244967699050903,0.9273716807365417,0.002874910831451416,0.0038357162848114967,190.6124539996199
voc,densenet121,ig,9707,7,0.005,3,4764608985804825764,valid,0.6773163937188912,0.5459026494146642,7,7,True,0.9244967699050903,0.9328806400299072,0.008383870124816895,0.003847045125439763,190.6025469997985
voc,densenet121,ig,9707,7,0.005,4,397224487975366582,valid,0.6758703127018826,0.5538008979718223,7,7,True,0.9244967699050903,0.9450728893280029,0.020576119422912598,0.0038438886404037476,190.64044399965496
voc,densenet121,ig,7921,6,0.005,0,1688832457416568054,valid,0.6059049738089499,0.3553004726536124,6,6,True,0.9049308896064758,0.9086553454399109,0.0037244558334350586,0.0038651078939437866,191.07691500039437
voc,densenet121,ig,7921,6,0.005,1,2937111257285802299,valid,0.6052066133844232,0.35750033815771676,6,6,True,0.9049308896064758,0.9082258343696594,0.0032949447631835938,0.0038858975749462843,190.53281700007574
voc,densenet121,ig,7921,6,0.005,2,7455802078173067410,valid,0.5961879554084679,0.35146781578238623,6,6,True,0.9049308896064758,0.9035840630531311,0.0013468265533447266,0.003881195792928338,190.56820500009053
voc,densenet121,ig,7921,6,0.005,3,7487267920786200820,valid,0.5919310444386064,0.34838102915491065,6,6,True,0.9049308896064758,0.9072845578193665,0.002353668212890625,0.0038668536581099033,190.6277279999813
voc,densenet121,ig,7921,6,0.005,4,6853403642392499147,valid,0.6033123849779569,0.36026023312550826,6,6,True,0.9049308896064758,0.9060882925987244,0.0011574029922485352,0.003868832951411605,190.76259999974354
voc,densenet121,ig,6947,19,0.005,0,6088969200513587501,valid,0.7873246123635947,0.5603233830845771,5,5,True,0.24065625667572021,0.25127172470092773,0.01061546802520752,0.0038873946759849787,190.60698600014803
voc,densenet121,ig,6947,19,0.005,1,5356956380127377315,valid,0.7937572791669867,0.5671455340412243,5,5,True,0.24065625667572021,0.24483539164066315,0.004179134964942932,0.003871313529089093,190.55193899976075
voc,densenet121,ig,6947,19,0.005,2,6971857894491676606,valid,0.7900796422211874,0.5617802676626206,5,5,True,0.24065625667572021,0.23160184919834137,0.009054407477378845,0.0038729666266590357,191.00207600013164
voc,densenet121,ig,6947,19,0.005,3,5643272929788852849,valid,0.7957911574172606,0.5669008587041374,5,5,True,0.24065625667572021,0.23407584428787231,0.0065804123878479,0.0038817119784653187,190.54987199979223
voc,densenet121,ig,6947,19,0.005,4,8673762418453570745,valid,0.7983042011189367,0.562753036437247,5,5,True,0.24065625667572021,0.26239895820617676,0.021742701530456543,0.003893650369718671,191.04962299979888
voc,densenet121,gradcam,8173,18,0.005,0,2568184002337986066,valid,0.9999083058687673,0.9744245524296675,18,18,True,0.9879387617111206,0.9870184063911438,0.0009203553199768066,0.00399689469486475,18.95230599984643
voc,densenet121,gradcam,8173,18,0.005,1,2700930089002217196,valid,0.9999167854327506,0.9639921722113503,18,18,True,0.9879387617111206,0.9881970286369324,0.0002582669258117676,0.003999899607151747,19.146892000208027
voc,densenet121,gradcam,8173,18,0.005,2,6274773280352562869,valid,0.9999457444140246,0.9794871794871794,18,18,True,0.9879387617111206,0.988264799118042,0.0003260374069213867,0.003980373032391071,19.257985999956873
voc,densenet121,gradcam,8173,18,0.005,3,7384397133206063386,valid,0.9999520271410524,0.9693877551020408,18,18,True,0.9879387617111206,0.9874069094657898,0.0005318522453308105,0.003992972429841757,19.110628999897017
voc,densenet121,gradcam,8173,18,0.005,4,7207923362354915897,valid,0.997642908551723,0.975201731942531,18,18,True,0.9879387617111206,0.9883376955986023,0.00039893388748168945,0.003987052943557501,19.202995999876293
voc,densenet121,gradcam,8927,9,0.005,0,2972210994312305306,valid,0.9892547530152617,0.9865399841646872,12,12,True,0.8315514922142029,0.829903244972229,0.001648247241973877,0.003956443630158901,18.976051999743504
voc,densenet121,gradcam,8927,9,0.005,1,3098727151507634343,valid,0.9965024049329629,0.975201731942531,12,9,False,0.8315514922142029,0.8431141972541809,0.011562705039978027,0.003959944471716881,19.173080999735248
voc,densenet121,gradcam,8927,9,0.005,2,3156827023830551964,valid,0.9865123735769724,0.9544303797468354,12,12,True,0.8315514922142029,0.8202406167984009,0.011310875415802002,0.00395288597792387,19.10380699973757
voc,densenet121,gradcam,8927,9,0.005,3,2568375632386903713,valid,0.9856242676748624,0.9744245524296675,12,9,False,0.8315514922142029,0.8372884392738342,0.005736947059631348,0.003952330444008112,19.15258899998662
voc,densenet121,gradcam,8927,9,0.005,4,487923459527200765,valid,0.99603160517301,0.967843137254902,12,9,False,0.8315514922142029,0.8397106528282166,0.008159160614013672,0.003944706171751022,19.214456000099744
voc,densenet121,gradcam,5803,10,0.005,0,3852546974185743096,valid,0.9994535848350461,0.9464701318851824,8,8,True,0.9446763396263123,0.9457914233207703,0.0011150836944580078,0.003981397021561861,18.931307000002562
voc,densenet121,gradcam,5803,10,0.005,1,2371425837951975359,valid,0.9995435286584585,0.975201731942531,8,8,True,0.9446763396263123,0.9451500177383423,0.0004736781120300293,0.003984390292316675,19.12688500033255
voc,densenet121,gradcam,5803,10,0.005,2,6461432094931278540,valid,0.9994876666588137,0.9007575757575758,8,8,True,0.9446763396263123,0.9445518851280212,0.00012445449829101562,0.003981403075158596,19.758446000196273
voc,densenet121,gradcam,5803,10,0.005,3,7926371796250851087,valid,0.9991978195103821,0.924079754601227,8,8,True,0.9446763396263123,0.9467507004737854,0.0020743608474731445,0.003993417136371136,19.19085100007578
voc,densenet121,gradcam,5803,10,0.005,4,2273525925788181717,valid,0.9987211747336471,0.9438311059461554,8,8,True,0.9446763396263123,0.9466845989227295,0.0020082592964172363,0.003981274086982012,19.21254599983513
voc,densenet121,gradcam,39,19,0.005,0,2479825858614679456,valid,0.999283085647648,0.9794871794871794,19,19,True,0.9573963284492493,0.9567728042602539,0.0006235241889953613,0.00398419750854373,19.075314000019716
voc,densenet121,gradcam,39,19,0.005,1,2409326931739155617,valid,0.998283934418515,0.9674573613017056,19,19,True,0.9573963284492493,0.9569185972213745,0.00047773122787475586,0.003993691876530647,19.286684000235255
voc,densenet121,gradcam,39,19,0.005,2,6067917643963702541,valid,0.9985161508400294,0.9491163332685958,19,19,True,0.9573963284492493,0.9574755430221558,7.921457290649414e-05,0.003987385891377926,19.212341000184097
voc,densenet121,gradcam,39,19,0.005,3,3836945159140576186,valid,0.9992267460971692,0.9822239778787281,19,19,True,0.9573963284492493,0.9573346972465515,6.16312026977539e-05,0.00398008618503809,19.215332999920065
voc,densenet121,gradcam,39,19,0.005,4,2894779989879545488,valid,0.9990249208975073,0.9771473601260835,19,19,True,0.9573963284492493,0.9572899341583252,0.00010639429092407227,0.003976120613515377,19.193309000002046
voc,densenet121,gradcam,1686,14,0.005,0,2407452988058933126,valid,0.9998385315634587,0.9896907216494846,14,14,True,0.8446870446205139,0.8448261022567749,0.00013905763626098633,0.003984620328992605,19.14320600008068
voc,densenet121,gradcam,1686,14,0.005,1,1416983024301229683,valid,0.9997922633416954,0.979877687906885,14,14,True,0.8446870446205139,0.8435962200164795,0.0010908246040344238,0.0039873202331364155,19.18461000013849
voc,densenet121,gradcam,1686,14,0.005,2,329098390142242351,valid,0.9998768366368849,0.9908748264233287,14,14,True,0.8446870446205139,0.8467776775360107,0.002090632915496826,0.003991101402789354,19.200541999907728
voc,densenet121,gradcam,1686,14,0.005,3,8332520142723992066,valid,0.9997977176165296,0.9837912630954734,14,14,True,0.8446870446205139,0.8473075032234192,0.0026204586029052734,0.003986937925219536,19.22589399964636
voc,densenet121,gradcam,1686,14,0.005,4,4678094734876851399,valid,0.9999016844713957,0.9830073108081406,14,14,True,0.8446870446205139,0.8452253341674805,0.0005382895469665527,0.0039848992601037025,19.21522000020559
voc,densenet121,gradcam,5544,18,0.005,0,7605300728157470724,valid,0.9990658419392676,0.9616888193901486,18,18,True,0.8827662467956543,0.8826767802238464,8.946657180786133e-05,0.003989167511463165,19.011470999885205
voc,densenet121,gradcam,5544,18,0.005,1,7713127228031362199,valid,0.9989177752704876,0.9755905511811024,18,18,True,0.8827662467956543,0.8692167401313782,0.013549506664276123,0.003987888805568218,19.17430299999978
voc,densenet121,gradcam,5544,18,0.005,2,3269339992068861176,valid,0.9984071246428188,0.983399209486166,18,18,True,0.8827662467956543,0.8797606229782104,0.0030056238174438477,0.003979042638093233,19.168591999914497
voc,densenet121,gradcam,5544,18,0.005,3,3089590639899074028,valid,0.9976956305287471,0.9651458782063834,18,18,True,0.8827662467956543,0.8697863221168518,0.01297992467880249,0.003996388986706734,19.573072000184766
voc,densenet121,gradcam,5544,18,0.005,4,6201695411679841990,valid,0.9975374308921797,0.9900852667063256,18,18,True,0.8827662467956543,0.8840398192405701,0.0012735724449157715,0.0039961994625627995,19.34734100041169
voc,densenet121,gradcam,3784,1,0.005,0,568371097838651679,valid,0.9997120702669842,0.9582439024390244,1,1,True,0.9742979407310486,0.9741015434265137,0.0001963973045349121,0.003933827858418226,19.107997999981308
voc,densenet121,gradcam,3784,1,0.005,1,8730973129268750908,valid,0.9998690733100133,0.9457153935633966,1,1,True,0.9742979407310486,0.9747752547264099,0.0004773139953613281,0.003937961533665657,19.298937999792543
voc,densenet121,gradcam,3784,1,0.005,2,4988815491858760642,valid,0.9999163721385194,0.9830073108081406,1,1,True,0.9742979407310486,0.9726049900054932,0.00169295072555542,0.003942861687391996,19.257800999639585
voc,densenet121,gradcam,3784,1,0.005,3,4107072592214049901,valid,0.999699278784594,0.9586260733801717,1,1,True,0.9742979407310486,0.9716370701789856,0.0026608705520629883,0.003928969614207745,19.207284999993135
voc,densenet121,gradcam,3784,1,0.005,4,2770030334258850844,valid,0.9999152145717313,0.9728720267348142,1,1,True,0.9742979407310486,0.9757919311523438,0.001493990421295166,0.003948383964598179,19.208448999961547
voc,densenet121,gradcam,6304,3,0.005,0,7830137365422260441,valid,0.9981959032760765,0.9826155669695772,3,3,True,0.9618754386901855,0.9596498012542725,0.002225637435913086,0.0039367470890283585,19.72367700000177
voc,densenet121,gradcam,6304,3,0.005,1,4661326768319657430,valid,0.9980474148166204,0.9845758354755784,3,3,True,0.9618754386901855,0.9628467559814453,0.0009713172912597656,0.003948709461838007,19.076806000157376
voc,densenet121,gradcam,6304,3,0.005,2,6619020526136302124,valid,0.9990049939373111,0.9693877551020408,3,3,True,0.9618754386901855,0.9605473875999451,0.0013280510902404785,0.003933782689273357,19.09705199977907
voc,densenet121,gradcam,6304,3,0.005,3,6800945400057756425,valid,0.9967703859873565,0.9697742885181551,3,3,True,0.9618754386901855,0.9593133330345154,0.002562105655670166,0.003943027462810278,19.059152999943763
voc,densenet121,gradcam,6304,3,0.005,4,7042581768829889240,valid,0.9986948031297491,0.9744245524296675,3,3,True,0.9618754386901855,0.9626931548118591,0.000817716121673584,0.0039486452005803585,19.044707999910315
voc,densenet121,gradcam,158,2,0.005,0,3522680649187379204,valid,0.968069720779131,0.9705478107205969,2,2,True,0.48875364661216736,0.5593485236167908,0.07059487700462341,0.003991131670773029,18.975212999976065
voc,densenet121,gradcam,158,2,0.005,1,419294351200179885,valid,0.9865605825506838,0.9624560031286664,2,2,True,0.48875364661216736,0.5432299375534058,0.0544762909412384,0.003987189847975969,19.099868000012066
voc,densenet121,gradcam,158,2,0.005,2,3028218364960125082,valid,0.9678970911427454,0.9740361919748229,2,2,True,0.48875364661216736,0.5594614148139954,0.070707768201828,0.003988075070083141,19.10696899994946
voc,densenet121,gradcam,158,2,0.005,3,6052761022673377132,valid,0.9928512595798848,0.9628398200664972,2,2,True,0.48875364661216736,0.550838053226471,0.06208440661430359,0.0039986358024179935,19.061446999785403
voc,densenet121,gradcam,158,2,0.005,4,3347453041863134171,valid,0.9767436958411186,0.9670717365738926,2,2,True,0.48875364661216736,0.5408404469490051,0.05208680033683777,0.003982962109148502,19.033982000109972
voc,densenet121,gradcam,9571,0,0.005,0,2590450077393174903,valid,0.9748312051144337,0.8764947683109118,3,3,True,0.7219821810722351,0.7257654070854187,0.0037832260131835938,0.003983283881098032,18.867675999899802
voc,densenet121,gradcam,9571,0,0.005,1,7132724899960905381,valid,0.9915855226566367,0.9061728395061729,3,3,True,0.7219821810722351,0.71126389503479,0.010718286037445068,0.0039848992601037025,19.171979000020656
voc,densenet121,gradcam,9571,0,0.005,2,1120045858359378571,valid,0.9899723224792208,0.9296289175158623,3,3,True,0.7219821810722351,0.7136330008506775,0.008349180221557617,0.003979082219302654,19.07200699997702
voc,densenet121,gradcam,9571,0,0.005,3,3030323471833644395,valid,0.987288982092615,0.9174627435995415,3,3,True,0.7219821810722351,0.7142719030380249,0.007710278034210205,0.003983946982771158,19.069743999807542
voc,densenet121,gradcam,9571,0,0.005,4,3981683401082662910,valid,0.993056359954174,0.9651458782063834,3,3,True,0.7219821810722351,0.7396312952041626,0.01764911413192749,0.0039966232143342495,19.09960000011779
voc,densenet121,gradcam,4263,2,0.005,0,1604950784437852059,valid,0.9996066787299667,0.9570982839313572,2,2,True,0.962313711643219,0.9632304310798645,0.0009167194366455078,0.0039625102654099464,18.962224000006245
voc,densenet121,gradcam,4263,2,0.005,1,3247925513014509242,valid,0.9998940919372233,0.988508024569051,2,2,True,0.962313711643219,0.961699903011322,0.0006138086318969727,0.003958556335419416,19.081729000390624
voc,densenet121,gradcam,4263,2,0.005,2,1389457712123523278,valid,0.9998436214423498,0.9869332805385073,2,2,True,0.962313711643219,0.9619839787483215,0.00032973289489746094,0.003949703648686409,19.090114000391623
voc,densenet121,gradcam,4263,2,0.005,3,480244618116577529,valid,0.9997898556943839,0.9663009404388715,2,2,True,0.962313711643219,0.9637987017631531,0.001484990119934082,0.0039580343291163445,19.16731199980859
voc,densenet121,gradcam,4263,2,0.005,4,7967479866348952647,valid,0.9998348218402981,0.9713219406796307,2,2,True,0.962313711643219,0.9640278816223145,0.001714169979095459,0.003958020359277725,19.11113000005571
voc,densenet121,gradcam,9735,8,0.005,0,429024551757205530,both_constant,,,5,5,True,0.20974023640155792,0.2089221179485321,0.0008181184530258179,0.003983628004789352,18.918518000191398
voc,densenet121,gradcam,9735,8,0.005,1,38723299165083365,both_constant,,,5,5,True,0.20974023640155792,0.20862367749214172,0.0011165589094161987,0.003989045042544603,18.933909000224958
voc,densenet121,gradcam,9735,8,0.005,2,9178114752112229949,both_constant,,,5,5,True,0.20974023640155792,0.20730020105838776,0.002440035343170166,0.003987479489296675,18.987678000030428
voc,densenet121,gradcam,9735,8,0.005,3,1031284293776987046,both_constant,,,5,5,True,0.20974023640155792,0.2097896784543991,4.9442052841186523e-05,0.003983379807323217,18.909176000306616
voc,densenet121,gradcam,9735,8,0.005,4,3348561243312525669,both_constant,,,5,5,True,0.20974023640155792,0.2064540982246399,0.00328613817691803,0.0039871190674602985,18.912398000338726
voc,densenet121,gradcam,2260,13,0.005,0,5025200367840149463,valid,0.9993378409323671,0.9072595971113645,13,13,True,0.9037124514579773,0.911249577999115,0.007537126541137695,0.003985061775892973,18.859154999972816
voc,densenet121,gradcam,2260,13,0.005,1,3411743008570029691,valid,0.9999078301718203,0.9775369458128079,13,13,True,0.9037124514579773,0.908217191696167,0.004504740238189697,0.003988680895417929,19.039618000078917
voc,densenet121,gradcam,2260,13,0.005,2,7032992938641812369,valid,0.9996570406739413,0.9659157688540646,13,13,True,0.9037124514579773,0.910858690738678,0.007146239280700684,0.003985942341387272,19.02704200028893
voc,densenet121,gradcam,2260,13,0.005,3,4430730098924563606,valid,0.9995031243375665,0.979877687906885,13,13,True,0.9037124514579773,0.9017848372459412,0.0019276142120361328,0.0040060668252408504,19.086007000169047
voc,densenet121,gradcam,2260,13,0.005,4,7988849592980058792,valid,0.9999040889270087,0.994435612082671,13,13,True,0.9037124514579773,0.9073196053504944,0.00360715389251709,0.003984048031270504,19.078827000157617
voc,densenet121,gradcam,605,6,0.005,0,1408266758386522545,valid,0.9868372280240529,0.8588627523615484,6,3,False,0.6760496497154236,0.6505038738250732,0.025545775890350342,0.003988117910921574,18.897537000157172
voc,densenet121,gradcam,605,6,0.005,1,734413310480609420,valid,0.9966057333416948,0.9892963330029733,6,6,True,0.6760496497154236,0.6527754068374634,0.023274242877960205,0.003993346821516752,19.097507999958907
voc,densenet121,gradcam,605,6,0.005,2,6413108089302143601,valid,0.9972363214238251,0.9693877551020408,6,3,False,0.6760496497154236,0.6475902795791626,0.028459370136260986,0.003993013873696327,19.119833999866387
voc,densenet121,gradcam,605,6,0.005,3,2368469526416546982,valid,0.9965546595390761,0.911983234901886,6,3,False,0.6760496497154236,0.6510940194129944,0.0249556303024292,0.004002243280410767,19.0346290000889
voc,densenet121,gradcam,605,6,0.005,4,5244897393308048599,valid,0.9899652709061662,0.9218690157027959,6,3,False,0.6760496497154236,0.6365566253662109,0.039493024349212646,0.003978576976805925,19.04188200023782
voc,densenet121,gradcam,12,6,0.005,0,6380489679620311017,valid,0.9988782985936053,0.983399209486166,6,6,True,0.9414339065551758,0.9385204315185547,0.0029134750366210938,0.003993874881416559,18.95684400005848
voc,densenet121,gradcam,12,6,0.005,1,7024435155116285770,valid,0.9986065782655319,0.9837912630954734,6,6,True,0.9414339065551758,0.940635085105896,0.0007988214492797852,0.003997286316007376,19.09722700020211
voc,densenet121,gradcam,12,6,0.005,2,3062577145113922538,valid,0.9970764970724652,0.9857538583300356,6,6,True,0.9414339065551758,0.9415827989578247,0.00014889240264892578,0.003982046153396368,19.72120399977939
voc,densenet121,gradcam,12,6,0.005,3,756160407238986896,valid,0.9995733790426959,0.9904799682665609,6,6,True,0.9414339065551758,0.9399848580360413,0.0014490485191345215,0.003993476741015911,19.092299999556417
voc,densenet121,gradcam,12,6,0.005,4,2380232883162648843,valid,0.9988991145106667,0.9822239778787281,6,6,True,0.9414339065551758,0.9421859979629517,0.0007520914077758789,0.003986918833106756,19.09759899990604
voc,densenet121,gradcam,6335,4,0.005,0,7266703710182033630,valid,0.9990104805039753,0.9636079045196635,4,4,True,0.9704298377037048,0.9715453386306763,0.0011155009269714355,0.003975051920861006,18.87626600000658
voc,densenet121,gradcam,6335,4,0.005,1,2058730484570914110,valid,0.999498656906644,0.9434546862896979,4,4,True,0.9704298377037048,0.9692693948745728,0.00116044282913208,0.003979587461799383,19.0484100003232
voc,densenet121,gradcam,6335,4,0.005,2,5622625592551355526,valid,0.9994872570730452,0.9818325434439179,4,4,True,0.9704298377037048,0.9702698588371277,0.00015997886657714844,0.003989832010120153,19.094686999778787
voc,densenet121,gradcam,6335,4,0.005,3,1149384304444514773,valid,0.9988838549887978,0.9651458782063834,4,4,True,0.9704298377037048,0.9679467678070068,0.002483069896697998,0.003973313607275486,19.169318999956886
voc,densenet121,gradcam,6335,4,0.005,4,1368511953220648720,valid,0.999317682747276,0.975201731942531,4,4,True,0.9704298377037048,0.9700802564620972,0.000349581241607666,0.0039856210350990295,19.16354599961778
voc,densenet121,gradcam,7467,18,0.005,0,7800003000653008807,valid,0.9993821969239086,0.9613054524135235,18,18,True,0.950691282749176,0.9515483975410461,0.0008571147918701172,0.0039892964996397495,18.931013999917923
voc,densenet121,gradcam,7467,18,0.005,1,3182953704350948054,valid,0.999669852253468,0.9674573613017056,18,18,True,0.950691282749176,0.9522194862365723,0.0015282034873962402,0.0039834268391132355,19.101567000234354
voc,densenet121,gradcam,7467,18,0.005,2,8787006245562663044,valid,0.9985700407873509,0.9333461760739742,18,18,True,0.950691282749176,0.9481569528579712,0.002534329891204834,0.003987150266766548,19.049105999783933
voc,densenet121,gradcam,7467,18,0.005,3,2631177189532017221,valid,0.9997519849935506,0.9651458782063834,18,18,True,0.950691282749176,0.953684389591217,0.0029931068420410156,0.003980529494583607,19.329548999849067
voc,densenet121,gradcam,7467,18,0.005,4,2697424900096002369,valid,0.9999092339860175,0.9802683504340963,18,18,True,0.950691282749176,0.9470880627632141,0.003603219985961914,0.003988667391240597,19.231624999974883
voc,densenet121,gradcam,8923,6,0.005,0,8535845287753839827,valid,0.9997927602238619,0.9717092337917486,6,6,True,0.9373248815536499,0.93693608045578,0.00038880109786987305,0.003981161862611771,19.095379000191315
voc,densenet121,gradcam,8923,6,0.005,1,6425213829186736156,valid,0.9997626776390088,0.9609222352481438,6,6,True,0.9373248815536499,0.9378372430801392,0.0005123615264892578,0.0039887200109660625,19.202026999664668
voc,densenet121,gradcam,8923,6,0.005,2,8216193328553423208,valid,0.9994721773851142,0.9411992263056093,6,6,True,0.9373248815536499,0.938014805316925,0.0006899237632751465,0.003965487238019705,19.24790800012488
voc,densenet121,gradcam,8923,6,0.005,3,8727306689685044685,valid,0.9998224185291542,0.967843137254902,6,6,True,0.9373248815536499,0.9383479356765747,0.0010230541229248047,0.003974519670009613,19.318350999583345
voc,densenet121,gradcam,8923,6,0.005,4,2115439416598246831,valid,0.9997112396567532,0.9849683544303798,6,6,True,0.9373248815536499,0.9351646304130554,0.0021602511405944824,0.003985342103987932,19.220915000005334
voc,densenet121,gradcam,6070,2,0.005,0,8176075420989258968,valid,0.9989840948060146,0.9472254559565386,2,2,True,0.9856094717979431,0.9829419851303101,0.0026674866676330566,0.003990681376308203,19.053387999974802
voc,densenet121,gradcam,6070,2,0.005,1,3883376375087179934,valid,0.9996985441109101,0.9767579279101832,2,2,True,0.9856094717979431,0.9857160449028015,0.00010657310485839844,0.0039891996420919895,19.245571999817912
voc,densenet121,gradcam,6070,2,0.005,2,937512255825271957,valid,0.9984609611614392,0.9510108864696734,2,2,True,0.9856094717979431,0.9870693683624268,0.0014598965644836426,0.003979874309152365,19.175289000031626
voc,densenet121,gradcam,6070,2,0.005,3,8862256097771777575,valid,0.9986951168708088,0.9713219406796307,2,2,True,0.9856094717979431,0.9859477281570435,0.0003382563591003418,0.003977686632424593,19.167818000369152
voc,densenet121,gradcam,6070,2,0.005,4,8352079534336211832,valid,0.9989992697804645,0.9393236714975846,2,2,True,0.9856094717979431,0.9851057529449463,0.0005037188529968262,0.003990346100181341,19.209205000151997
voc,densenet121,gradcam,9350,6,0.005,0,7528528802294777855,valid,0.9972845988230794,0.9697742885181551,6,6,True,0.7414421439170837,0.737104058265686,0.004338085651397705,0.004013692028820515,18.988059999628604
voc,densenet121,gradcam,9350,6,0.005,1,3984736845230428495,valid,0.9967427542820527,0.9382000772499034,6,6,True,0.7414421439170837,0.7448222041130066,0.0033800601959228516,0.003990530036389828,19.209873999898264
voc,densenet121,gradcam,9350,6,0.005,2,760316986588722661,valid,0.998174696610997,0.9843966028046612,6,6,True,0.7414421439170837,0.7430370450019836,0.0015949010848999023,0.003996381536126137,19.14877399985926
voc,densenet121,gradcam,9350,6,0.005,3,3335686919868180309,valid,0.9942655305018946,0.9499126383226558,6,6,True,0.7414421439170837,0.745556116104126,0.004113972187042236,0.003987916279584169,19.278512000255432
voc,densenet121,gradcam,9350,6,0.005,4,2731706351980836960,valid,0.9992525085987173,0.979877687906885,6,6,True,0.7414421439170837,0.7408643960952759,0.0005777478218078613,0.003991837613284588,19.18292400023347
voc,densenet121,gradcam,6136,16,0.005,0,3553062391789888395,valid,0.992728301960802,0.9822239778787281,9,9,True,0.881967306137085,0.8814216256141663,0.0005456805229187012,0.0039986493065953255,19.051657000090927
voc,densenet121,gradcam,6136,16,0.005,1,9040047505948696195,valid,0.9942916666433553,0.9869332805385073,9,9,True,0.881967306137085,0.8766263723373413,0.005340933799743652,0.003985515795648098,19.276113000159967
voc,densenet121,gradcam,6136,16,0.005,2,3731367986805198140,valid,0.9970685823180144,0.9896907216494846,9,9,True,0.881967306137085,0.8754907846450806,0.0064765214920043945,0.003996615298092365,19.151934000092297
voc,densenet121,gradcam,6136,16,0.005,3,4758686824483242357,valid,0.9948170925813186,0.994435612082671,9,9,True,0.881967306137085,0.8817393183708191,0.00022798776626586914,0.00397955346852541,19.16490999974485
voc,densenet121,gradcam,6136,16,0.005,4,5987871277666387327,valid,0.9993964716025242,0.9916650128993848,9,9,True,0.881967306137085,0.8847654461860657,0.002798140048980713,0.003982909023761749,19.209463000152027
voc,densenet121,gradcam,8919,12,0.005,0,8997875348459840141,valid,0.9982947471297186,0.9908748264233287,12,12,True,0.9200055599212646,0.9173317551612854,0.002673804759979248,0.003982063848525286,19.072144999881857
voc,densenet121,gradcam,8919,12,0.005,1,6719013068151611595,valid,0.9966466816923603,0.9881141045958796,12,12,True,0.9200055599212646,0.9139905571937561,0.006015002727508545,0.0039967880584299564,19.192105999991327
voc,densenet121,gradcam,8919,12,0.005,2,6804670966095309884,valid,0.9976755133216336,0.9936432260627731,12,12,True,0.9200055599212646,0.9176111221313477,0.002394437789916992,0.003976715728640556,19.170472000041627
voc,densenet121,gradcam,8919,12,0.005,3,2840208956740015292,valid,0.9977380279171273,0.9916650128993848,12,12,True,0.9200055599212646,0.9152320623397827,0.004773497581481934,0.003986033145338297,19.155258999944635
voc,densenet121,gradcam,8919,12,0.005,4,4984008792992495882,valid,0.9963468677472684,0.9845758354755784,12,12,True,0.9200055599212646,0.911272406578064,0.008733153343200684,0.00398150784894824,19.163981000019703
voc,densenet121,gradcam,6252,11,0.005,0,7374814095542933128,valid,0.999739977227659,0.9849683544303798,11,11,True,0.9504016637802124,0.9513773322105408,0.0009756684303283691,0.003989774733781815,19.003347999841935
voc,densenet121,gradcam,6252,11,0.005,1,584848945964013034,valid,0.9997312913247842,0.9920603414053196,11,11,True,0.9504016637802124,0.9507389068603516,0.00033724308013916016,0.003996257204562426,19.212363999940862
voc,densenet121,gradcam,6252,11,0.005,2,8298605397671154098,valid,0.9996898928514599,0.9783165779617583,11,11,True,0.9504016637802124,0.949206531047821,0.0011951327323913574,0.004003005567938089,19.17739900000015
voc,densenet121,gradcam,6252,11,0.005,3,3425794410507211966,valid,0.9997692456561575,0.9818325434439179,11,11,True,0.9504016637802124,0.9510083794593811,0.0006067156791687012,0.003998854663223028,19.233648999943398
voc,densenet121,gradcam,6252,11,0.005,4,5863502613563450398,valid,0.9994512514219066,0.9869332805385073,11,11,True,0.9504016637802124,0.9494761228561401,0.0009255409240722656,0.003985176328569651,19.152606000261585
voc,densenet121,gradcam,9348,0,0.005,0,110231658331128164,valid,0.9965416705196914,0.9597734817418473,0,0,True,0.7800564169883728,0.7948548793792725,0.014798462390899658,0.004001502878963947,18.986832000337017
voc,densenet121,gradcam,9348,0,0.005,1,9002787145464827941,valid,0.9937761125569082,0.9717092337917486,0,0,True,0.7800564169883728,0.7758363485336304,0.004220068454742432,0.003981970716267824,19.127022000247962
voc,densenet121,gradcam,9348,0,0.005,2,3850202729401011018,valid,0.9960251571264345,0.983399209486166,0,0,True,0.7800564169883728,0.7829546928405762,0.002898275852203369,0.003976086620241404,19.19485700000223
voc,densenet121,gradcam,9348,0,0.005,3,6347149697064204936,valid,0.9976125663119164,0.9873267326732673,0,0,True,0.7800564169883728,0.7828042507171631,0.002747833728790283,0.003989476710557938,19.211462999919604
voc,densenet121,gradcam,9348,0,0.005,4,86957952805582142,valid,0.9932148257211131,0.9802683504340963,0,0,True,0.7800564169883728,0.7665702104568481,0.013486206531524658,0.003998749423772097,19.219741000142676
voc,densenet121,gradcam,9185,11,0.005,0,770057058163844119,valid,0.9994099339746295,0.940073458341388,11,11,True,0.9601885080337524,0.9671159386634827,0.006927430629730225,0.003968844190239906,18.968244999996386
voc,densenet121,gradcam,9185,11,0.005,1,430113233436584468,valid,0.9995547930265154,0.9498737128424325,11,11,True,0.9601885080337524,0.9636504650115967,0.0034619569778442383,0.003979220986366272,19.171580000147515
voc,densenet121,gradcam,9185,11,0.005,2,7277659768102874392,valid,0.9996889573960788,0.9853610286844708,11,11,True,0.9601885080337524,0.9579892754554749,0.002199232578277588,0.003960773814469576,19.13738800021747
voc,densenet121,gradcam,9185,11,0.005,3,2356679689533405010,valid,0.9995857879252039,0.9920603414053196,11,11,True,0.9601885080337524,0.9633216857910156,0.0031331777572631836,0.003942582290619612,19.20089100030964
voc,densenet121,gradcam,9185,11,0.005,4,4418457342207845275,valid,0.9995616586145758,0.9555728760717069,11,11,True,0.9601885080337524,0.962909460067749,0.002720952033996582,0.0039626555517315865,19.32669799998621
voc,densenet121,gradcam,6219,11,0.005,0,3701942161707854505,valid,0.9993802961616619,0.9928514694201748,11,11,True,0.9143398404121399,0.916347086429596,0.0020072460174560547,0.003990946803241968,18.97221199988053
voc,densenet121,gradcam,6219,11,0.005,1,6540902343793752805,valid,0.9998200528459064,0.9849683544303798,11,11,True,0.9143398404121399,0.913724422454834,0.0006154179573059082,0.003979867324233055,19.156262999786122
voc,densenet121,gradcam,6219,11,0.005,2,2348129838446693546,valid,0.9990884551959628,0.9912698412698413,11,11,True,0.9143398404121399,0.9133251309394836,0.00101470947265625,0.003976752515882254,19.12758100024803
voc,densenet121,gradcam,6219,11,0.005,3,2671931975039817424,valid,0.9996886631191969,0.9912698412698413,11,11,True,0.9143398404121399,0.9145901203155518,0.00025027990341186523,0.003990772180259228,19.228371000281186
voc,densenet121,gradcam,6219,11,0.005,4,1899445604942049004,valid,0.9996495032123658,0.9845758354755784,11,11,True,0.9143398404121399,0.9130750894546509,0.0012647509574890137,0.00398498959839344,19.10878099988622
voc,densenet121,gradcam,1273,2,0.005,0,9168507270778338518,valid,0.9990696109263969,0.9076221250712793,2,2,True,0.9600882530212402,0.9648803472518921,0.0047920942306518555,0.00399660924449563,18.954398000005312
voc,densenet121,gradcam,1273,2,0.005,1,3080832874991223474,valid,0.9991123179279151,0.8932276928881343,2,2,True,0.9600882530212402,0.9686349034309387,0.008546650409698486,0.00399231631308794,19.14809299978515
voc,densenet121,gradcam,1273,2,0.005,2,586347988131817274,valid,0.9986507007611902,0.9670717365738926,2,2,True,0.9600882530212402,0.9650306701660156,0.004942417144775391,0.003985802177339792,19.143692999932682
voc,densenet121,gradcam,1273,2,0.005,3,1659127970543462193,valid,0.9996352663112325,0.9628398200664972,2,2,True,0.9600882530212402,0.962115466594696,0.0020272135734558105,0.00399787537753582,19.16466600005151
voc,densenet121,gradcam,1273,2,0.005,4,7020780874504587280,valid,0.9985521401997414,0.8885961610839292,2,2,True,0.9600882530212402,0.9687652587890625,0.008677005767822266,0.003988410346210003,19.184940000286588
voc,densenet121,gradcam,563,3,0.005,0,6949831724463588672,valid,0.9998398569155799,0.9892963330029733,3,3,True,0.9807646870613098,0.9809611439704895,0.0001964569091796875,0.003985056187957525,19.03245199991943
voc,densenet121,gradcam,563,3,0.005,1,4026115949122591262,valid,0.9997337209694352,0.9682290645224554,3,3,True,0.9807646870613098,0.9801197648048401,0.0006449222564697266,0.003998697269707918,20.962406999842642
voc,densenet121,gradcam,563,3,0.005,2,5222168100560739601,valid,0.9998414379386993,0.9869332805385073,3,3,True,0.9807646870613098,0.9813032746315002,0.0005385875701904297,0.003974745515733957,19.254678999914177
voc,densenet121,gradcam,563,3,0.005,3,5376010537337676334,valid,0.9998105606607387,0.9810501381760758,3,3,True,0.9807646870613098,0.9787825345993042,0.0019821524620056152,0.003988063428550959,19.19748199998139
voc,densenet121,gradcam,563,3,0.005,4,1180884290087723805,valid,0.9998628719043104,0.975201731942531,3,3,True,0.9807646870613098,0.9814956784248352,0.0007309913635253906,0.003985632210969925,19.249329999638576
voc,densenet121,gradcam,9524,14,0.005,0,2917751078990365690,valid,0.9830064036044237,0.994435612082671,2,2,True,0.6879100799560547,0.6917046904563904,0.0037946105003356934,0.003989378456026316,19.029771000077744
voc,densenet121,gradcam,9524,14,0.005,1,2383114237310698817,valid,0.9999134470514272,0.9881141045958796,2,2,True,0.6879100799560547,0.687539279460907,0.0003708004951477051,0.0040086666122078896,19.145206999837683
voc,densenet121,gradcam,9524,14,0.005,2,1056569341057656110,valid,0.9999545500614461,0.988902100673801,2,2,True,0.6879100799560547,0.6840118765830994,0.0038982033729553223,0.0039850687608122826,19.175506999999925
voc,densenet121,gradcam,9524,14,0.005,3,2031197014861192982,valid,0.9970858571615584,0.9960222752585521,2,2,True,0.6879100799560547,0.6825261116027832,0.005383968353271484,0.004000959452241659,19.147537000208104
voc,densenet121,gradcam,9524,14,0.005,4,3605346839599098624,valid,0.9970638791897738,0.9916650128993848,2,2,True,0.6879100799560547,0.6807630658149719,0.007147014141082764,0.003987139090895653,19.148027000028378
voc,densenet121,gradcam,6067,0,0.005,0,5723002977642024367,valid,0.9975173871097472,0.9845758354755784,0,0,True,0.9521963596343994,0.962498664855957,0.010302305221557617,0.003997919149696827,19.066182000187837
voc,densenet121,gradcam,6067,0,0.005,1,5529229040250783174,valid,0.9972424300368317,0.9720966791118097,0,0,True,0.9521963596343994,0.9654284715652466,0.013232111930847168,0.0039818924851715565,19.08939399982046
voc,densenet121,gradcam,6067,0,0.005,2,1877803580088221135,valid,0.9964470001787926,0.9697742885181551,0,0,True,0.9521963596343994,0.9612825512886047,0.009086191654205322,0.004006372764706612,19.12393400016299
voc,densenet121,gradcam,6067,0,0.005,3,5551567823411456925,valid,0.9974289103962213,0.9643765903307888,0,0,True,0.9521963596343994,0.9633979201316833,0.011201560497283936,0.00400070333853364,19.119195999792282
voc,densenet121,gradcam,6067,0,0.005,4,1983970328660534008,valid,0.9971300608627948,0.96015625,0,0,True,0.9521963596343994,0.9602768421173096,0.008080482482910156,0.003985370974987745,19.190229000287218
voc,densenet121,gradcam,5407,18,0.005,0,9086438905188328775,valid,0.9987944892520937,0.9609222352481438,18,18,True,0.6576671004295349,0.6423461437225342,0.015320956707000732,0.003933584317564964,18.985062999945512
voc,densenet121,gradcam,5407,18,0.005,1,7301998592360026452,valid,0.9975262332675234,0.9506316812439262,18,18,True,0.6576671004295349,0.6466560363769531,0.011011064052581787,0.00392915541306138,19.20372699987638
voc,densenet121,gradcam,5407,18,0.005,2,7160963401273547667,valid,0.998943839059753,0.940073458341388,18,18,True,0.6576671004295349,0.6614626049995422,0.0037955045700073242,0.003928649704903364,19.193822000033833
voc,densenet121,gradcam,5407,18,0.005,3,2048276915005807060,valid,0.9966372743166164,0.933718689788054,18,18,True,0.6576671004295349,0.6446902751922607,0.01297682523727417,0.003949337638914585,19.3209859999115
voc,densenet121,gradcam,5407,18,0.005,4,5464098046004089150,valid,0.9982974571292019,0.9779266850610958,18,1,False,0.6576671004295349,0.633216142654419,0.024450957775115967,0.003942001610994339,19.22110299983615
voc,densenet121,gradcam,7863,7,0.005,0,5134825225546985846,valid,0.9997937374065871,0.9896907216494846,7,7,True,0.9563595056533813,0.9585391879081726,0.0021796822547912598,0.00396859273314476,19.026115000087884
voc,densenet121,gradcam,7863,7,0.005,1,2511839093063816830,valid,0.9994383636882224,0.9849683544303798,7,7,True,0.9563595056533813,0.9597139358520508,0.0033544301986694336,0.0039800722151994705,19.155258999944635
voc,densenet121,gradcam,7863,7,0.005,2,5448166675399807755,valid,0.9995650652803633,0.983399209486166,7,7,True,0.9563595056533813,0.9571792483329773,0.0008197426795959473,0.003975120838731527,19.202767000024323
voc,densenet121,gradcam,7863,7,0.005,3,6295564134202275404,valid,0.9995447901024417,0.988508024569051,7,7,True,0.9563595056533813,0.9597179889678955,0.00335848331451416,0.00397254154086113,19.240163999711513
voc,densenet121,gradcam,7863,7,0.005,4,3712980148670184908,valid,0.999575206847834,0.9837912630954734,7,7,True,0.9563595056533813,0.9612960815429688,0.004936575889587402,0.003971342463046312,19.239985000240267
voc,densenet121,gradcam,6162,0,0.005,0,7632449449902570069,valid,0.9994627304427313,0.9779266850610958,0,0,True,0.9984046816825867,0.9982019662857056,0.00020271539688110352,0.0039952602237463,19.042961000195646
voc,densenet121,gradcam,6162,0,0.005,1,3802685298682577884,valid,0.9986670403344434,0.9340913470803623,0,0,True,0.9984046816825867,0.9980825185775757,0.00032216310501098633,0.003990139812231064,19.143244000133564
voc,densenet121,gradcam,6162,0,0.005,2,645666305175528849,valid,0.9988826582909299,0.956716708910119,0,0,True,0.9984046816825867,0.9983023405075073,0.0001023411750793457,0.003984477836638689,19.244563000029302
voc,densenet121,gradcam,6162,0,0.005,3,8408867924325803249,valid,0.9996130894911158,0.9655307481394438,0,0,True,0.9984046816825867,0.9981666803359985,0.00023800134658813477,0.003993939142674208,19.156113999997615
voc,densenet121,gradcam,6162,0,0.005,4,4498081951960403672,valid,0.9994982013336002,0.9639921722113503,0,0,True,0.9984046816825867,0.9981986880302429,0.00020599365234375,0.0039866771548986435,19.17924800000037
voc,densenet121,gradcam,9754,14,0.005,0,7739242529401136328,valid,0.9988363988034044,0.9720966791118097,17,17,True,0.7631454467773438,0.748528242111206,0.014617204666137695,0.00396427558735013,18.988048999744933
voc,densenet121,gradcam,9754,14,0.005,1,5091316030814605689,valid,0.9987577946370613,0.9639921722113503,17,17,True,0.7631454467773438,0.7396290302276611,0.023516416549682617,0.003981020767241716,19.14971099995455
voc,densenet121,gradcam,9754,14,0.005,2,1231902815645750962,valid,0.997748494937593,0.9032808647828561,17,17,True,0.7631454467773438,0.7434034943580627,0.019741952419281006,0.003970898222178221,19.144144000165397
voc,densenet121,gradcam,9754,14,0.005,3,877014072797426259,valid,0.9987202162154658,0.9303712252356222,17,17,True,0.7631454467773438,0.7398827075958252,0.023262739181518555,0.0039719706401228905,19.20218700024634
voc,densenet121,gradcam,9754,14,0.005,4,3590516625225738162,valid,0.9987959827598026,0.9453382438457065,17,17,True,0.7631454467773438,0.7514060735702515,0.011739373207092285,0.003980202600359917,19.170096999914676
voc,densenet121,gradcam,1934,7,0.005,0,689292329030594692,valid,0.999816817635696,0.9841834717279557,7,7,True,0.9736217260360718,0.974545955657959,0.000924229621887207,0.003991944249719381,19.06836799980738
voc,densenet121,gradcam,1934,7,0.005,1,1398196950242832667,valid,0.9996434611172443,0.9830073108081406,7,7,True,0.9736217260360718,0.9752944707870483,0.0016727447509765625,0.003977412357926369,19.208828000046196
voc,densenet121,gradcam,1934,7,0.005,2,2401927568781739027,valid,0.9994847288570136,0.9853610286844708,7,7,True,0.9736217260360718,0.9747133255004883,0.001091599464416504,0.003978226333856583,19.142701999953715
voc,densenet121,gradcam,1934,7,0.005,3,8626752469360939461,valid,0.9996289438428161,0.9814412635735439,7,7,True,0.9736217260360718,0.9740826487541199,0.0004609227180480957,0.004003079608082771,19.21756000001551
voc,densenet121,gradcam,1934,7,0.005,4,7556159184066847955,valid,0.9997966349514642,0.9877203406615171,7,7,True,0.9736217260360718,0.9736120104789734,9.715557098388672e-06,0.003987846430391073,19.138394000037806
voc,densenet121,gradcam,867,15,0.005,0,3337439362088445178,valid,0.9943028814776423,0.9170964660936007,8,8,True,0.7589167356491089,0.7643399238586426,0.005423188209533691,0.003987802192568779,19.03341700017336
voc,densenet121,gradcam,867,15,0.005,1,6541123427427846859,valid,0.9977859454769898,0.9036418816388467,8,8,True,0.7589167356491089,0.7584587335586548,0.00045800209045410156,0.00398625573143363,19.13733300034437
voc,densenet121,gradcam,867,15,0.005,2,5662683352550188705,valid,0.9986632195976599,0.9396984924623115,8,8,True,0.7589167356491089,0.7629859447479248,0.004069209098815918,0.003994464408606291,19.213293999655434
voc,densenet121,gradcam,867,15,0.005,3,3125894880157416653,valid,0.9967628122891187,0.9021986353297953,8,8,True,0.7589167356491089,0.758211076259613,0.0007056593894958496,0.003982723690569401,19.239810000271973
voc,densenet121,gradcam,867,15,0.005,4,748457529550318541,valid,0.9982445366921927,0.9476033378614399,8,8,True,0.7589167356491089,0.767630398273468,0.00871366262435913,0.0039741420187056065,19.167041000400786
voc,densenet121,gradcam,6470,2,0.005,0,1148712032312462193,valid,0.9990959596864527,0.9748130657221566,2,2,True,0.9552999138832092,0.9577057361602783,0.002405822277069092,0.003987019881606102,19.060224999975617
voc,densenet121,gradcam,6470,2,0.005,1,5057445869661550314,valid,0.9993237454819288,0.9869332805385073,2,2,True,0.9552999138832092,0.9616268873214722,0.0063269734382629395,0.003992843441665173,19.20445399991877
voc,densenet121,gradcam,6470,2,0.005,2,7610881164644978911,valid,0.9994544186160504,0.9636079045196635,2,2,True,0.9552999138832092,0.9581924676895142,0.0028925538063049316,0.003995595965534449,19.153219000145327
voc,densenet121,gradcam,6470,2,0.005,3,796676747641877853,valid,0.998664080593719,0.9498737128424325,2,2,True,0.9552999138832092,0.9582342505455017,0.0029343366622924805,0.003982139751315117,19.139651000386948
voc,densenet121,gradcam,6470,2,0.005,4,7350450962949674820,valid,0.9994695386684634,0.9865399841646872,2,2,True,0.9552999138832092,0.9602222442626953,0.004922330379486084,0.003980350214987993,19.257388999903924
voc,densenet121,gradcam,9707,7,0.005,0,6035500590665988924,valid,0.998221886811082,0.9578618806086617,7,7,True,0.9244967699050903,0.9419368505477905,0.017440080642700195,0.00385465519502759,18.95991099991079
voc,densenet121,gradcam,9707,7,0.005,1,3476331270106691074,valid,0.9965741899470612,0.9744245524296675,7,7,True,0.9244967699050903,0.9315651059150696,0.007068336009979248,0.003842000151053071,19.157814999744005
voc,densenet121,gradcam,9707,7,0.005,2,4616168888384495383,valid,0.9972058981653991,0.9686151431934091,7,7,True,0.9244967699050903,0.9273716807365417,0.002874910831451416,0.0038357162848114967,19.098674000360916
voc,densenet121,gradcam,9707,7,0.005,3,4764608985804825764,valid,0.9951251921791872,0.9873267326732673,7,7,True,0.9244967699050903,0.9328806400299072,0.008383870124816895,0.003847045125439763,19.143109000197
voc,densenet121,gradcam,9707,7,0.005,4,397224487975366582,valid,0.997704506174001,0.9693877551020408,7,7,True,0.9244967699050903,0.9450728893280029,0.020576119422912598,0.0038438886404037476,19.184340999800042
voc,densenet121,gradcam,7921,6,0.005,0,1688832457416568054,valid,0.9910943343009122,0.9845880260818021,6,6,True,0.9049308896064758,0.9086553454399109,0.0037244558334350586,0.0038651078939437866,21.07488799993007
voc,densenet121,gradcam,7921,6,0.005,1,2937111257285802299,valid,0.9977907438758576,0.9988050189205337,6,6,True,0.9049308896064758,0.9082258343696594,0.0032949447631835938,0.0038858975749462843,19.260441999904288
voc,densenet121,gradcam,7921,6,0.005,2,7455802078173067410,valid,0.998449869914752,0.9861468434593311,6,6,True,0.9049308896064758,0.9035840630531311,0.0013468265533447266,0.003881195792928338,19.217445999856864
voc,densenet121,gradcam,7921,6,0.005,3,7487267920786200820,valid,0.9978084909777225,0.9845758354755784,6,6,True,0.9049308896064758,0.9072845578193665,0.002353668212890625,0.0038668536581099033,19.17071100024259
voc,densenet121,gradcam,7921,6,0.005,4,6853403642392499147,valid,0.9929148474773354,0.979877687906885,6,6,True,0.9049308896064758,0.9060882925987244,0.0011574029922485352,0.003868832951411605,19.21351200007848
voc,densenet121,gradcam,6947,19,0.005,0,6088969200513587501,valid,0.994305543912115,0.967843137254902,5,5,True,0.24065625667572021,0.25127172470092773,0.01061546802520752,0.0038873946759849787,19.059033000303316
voc,densenet121,gradcam,6947,19,0.005,1,5356956380127377315,valid,0.993971154495865,0.9355834136933462,5,5,True,0.24065625667572021,0.24483539164066315,0.004179134964942932,0.003871313529089093,19.041955999909987
voc,densenet121,gradcam,6947,19,0.005,2,6971857894491676606,valid,0.9730304443846969,0.956716708910119,5,5,True,0.24065625667572021,0.23160184919834137,0.009054407477378845,0.0038729666266590357,19.032015999982832
voc,densenet121,gradcam,6947,19,0.005,3,5643272929788852849,valid,0.972821670124089,0.9196633511859219,5,5,True,0.24065625667572021,0.23407584428787231,0.0065804123878479,0.0038817119784653187,19.05156300017552
voc,densenet121,gradcam,6947,19,0.005,4,8673762418453570745,valid,0.9996573540659944,0.9382000772499034,5,5,True,0.24065625667572021,0.26239895820617676,0.021742701530456543,0.003893650369718671,19.0729169999031
