dataset,model,method,image_id,target,sigma,repeat,seed,status,spearman,top10_jaccard,original_pred,perturbed_pred,prediction_preserved,original_target_score,perturbed_target_score,target_score_abs_delta,perturbation_mae_pixel,attribution_time_ms
imagenet,vgg16,ig,ILSVRC2012_val_00012132,17,0.002,0,1240890485581281775,valid,0.8692779745287673,0.6607645209333113,17,17,True,0.8944293856620789,0.8989747762680054,0.004545390605926514,0.0015989053063094616,297.20253300001787
imagenet,vgg16,ig,ILSVRC2012_val_00012132,17,0.002,1,7809966714089166156,valid,0.8677790397691831,0.6657261410788382,17,17,True,0.8944293856620789,0.8967803716659546,0.0023509860038757324,0.001598738832399249,297.99940300017624
imagenet,vgg16,ig,ILSVRC2012_val_00012132,17,0.002,2,594568608699110832,valid,0.871718476390774,0.6635173213989723,17,17,True,0.8944293856620789,0.9155604839324951,0.02113109827041626,0.0015992106636986136,297.29910200012455
imagenet,vgg16,ig,ILSVRC2012_val_00012132,17,0.002,3,8272835477805138346,valid,0.8710793230332623,0.6637931034482759,17,17,True,0.8944293856620789,0.9118202924728394,0.017390906810760498,0.0015952984103932977,300.35626700009743
imagenet,vgg16,ig,ILSVRC2012_val_00012132,17,0.002,4,5588988483984321074,valid,0.8663351481768978,0.6558323708958917,17,17,True,0.8944293856620789,0.9007542133331299,0.006324827671051025,0.0015943965408951044,297.91865599963785
imagenet,vgg16,ig,ILSVRC2012_val_00012132,17,0.005,0,1240890485581281775,valid,0.6483903057675748,0.4492418772563177,17,17,True,0.8944293856620789,0.9157871007919312,0.021357715129852295,0.003996922168880701,297.1522399998321
imagenet,vgg16,ig,ILSVRC2012_val_00012132,17,0.005,1,7809966714089166156,valid,0.6430489082643643,0.45301867670479223,17,17,True,0.8944293856620789,0.9150027632713318,0.02057337760925293,0.003996476996690035,297.2439680002026
imagenet,vgg16,ig,ILSVRC2012_val_00012132,17,0.005,2,594568608699110832,valid,0.6574427071164727,0.4507082971957213,17,17,True,0.8944293856620789,0.9353545904159546,0.04092520475387573,0.003997646272182465,297.9205629999342
imagenet,vgg16,ig,ILSVRC2012_val_00012132,17,0.005,3,8272835477805138346,valid,0.649249846113556,0.45935727788279773,17,17,True,0.8944293856620789,0.9275123476982117,0.03308296203613281,0.003987786825746298,297.3152689996823
imagenet,vgg16,ig,ILSVRC2012_val_00012132,17,0.005,4,5588988483984321074,valid,0.6480166172543889,0.43823445113212955,17,17,True,0.8944293856620789,0.9125686883926392,0.018139302730560303,0.003985461313277483,297.19089099990015
imagenet,vgg16,ig,ILSVRC2012_val_00000140,558,0.002,0,2495375757937344332,valid,0.9490628266086565,0.8434974283614989,251,251,True,7.059310974000255e-06,7.06422315488453e-06,4.912180884275585e-09,0.001592604094184935,297.27361599998403
imagenet,vgg16,ig,ILSVRC2012_val_00000140,558,0.002,1,8258382046345720994,valid,0.9491113674829733,0.8370858502654219,251,251,True,7.059310974000255e-06,7.187796654761769e-06,1.2848568076151423e-07,0.001592768239788711,297.5425439999526
imagenet,vgg16,ig,ILSVRC2012_val_00000140,558,0.002,2,1986566169149637064,valid,0.9485495056052249,0.8418058359331988,251,251,True,7.059310974000255e-06,5.483858330990188e-06,1.5754526430100668e-06,0.001594298635609448,297.2757989996353
imagenet,vgg16,ig,ILSVRC2012_val_00000140,558,0.002,3,781331182807300414,valid,0.9487392686447061,0.8343995613233413,251,251,True,7.059310974000255e-06,6.340790150716202e-06,7.185208232840523e-07,0.0015953154070302844,297.9380060000949
imagenet,vgg16,ig,ILSVRC2012_val_00000140,558,0.002,4,821512256087617785,valid,0.9483185798424345,0.8374221896741121,251,251,True,7.059310974000255e-06,5.286423402139917e-06,1.7728875718603376e-06,0.0015968169318512082,297.4272420001398
imagenet,vgg16,ig,ILSVRC2012_val_00000140,558,0.005,0,2495375757937344332,valid,0.8487708738928058,0.6995766299745978,251,251,True,7.059310974000255e-06,7.543312221969245e-06,4.840012479689904e-07,0.003977824002504349,297.30947999996715
imagenet,vgg16,ig,ILSVRC2012_val_00000140,558,0.005,1,8258382046345720994,valid,0.8500311567672194,0.6961297955044786,251,251,True,7.059310974000255e-06,7.147987616917817e-06,8.867664291756228e-08,0.0039786482229828835,297.8978599999209
imagenet,vgg16,ig,ILSVRC2012_val_00000140,558,0.005,2,1986566169149637064,valid,0.8486603319388418,0.695843190266982,251,251,True,7.059310974000255e-06,3.725579517777078e-06,3.333731456223177e-06,0.003982102498412132,297.4721529999442
imagenet,vgg16,ig,ILSVRC2012_val_00000140,558,0.005,3,781331182807300414,valid,0.8493087606698346,0.6924114671163575,251,251,True,7.059310974000255e-06,6.304327598627424e-06,7.549833753728308e-07,0.003985240124166012,297.21123900026214
imagenet,vgg16,ig,ILSVRC2012_val_00000140,558,0.005,4,821512256087617785,valid,0.8530236583191494,0.7010169491525424,251,251,True,7.059310974000255e-06,4.289771823096089e-06,2.7695391509041656e-06,0.003987926058471203,297.72711700024956
imagenet,vgg16,ig,ILSVRC2012_val_00031295,237,0.002,0,7260055080022824154,valid,0.9201978983270684,0.7094191790154999,237,237,True,0.8723140358924866,0.8751079440116882,0.00279390811920166,0.0015966728096827865,297.3124620002636
imagenet,vgg16,ig,ILSVRC2012_val_00031295,237,0.002,1,6830589745658477501,valid,0.920208379231896,0.7126279863481229,237,237,True,0.8723140358924866,0.8543840050697327,0.017930030822753906,0.0015960877062752843,297.8170559999853
imagenet,vgg16,ig,ILSVRC2012_val_00031295,237,0.002,2,5572588514906466611,valid,0.9220693711770711,0.7018823130405291,237,237,True,0.8723140358924866,0.849125862121582,0.02318817377090454,0.0015926180640235543,301.8286530000296
imagenet,vgg16,ig,ILSVRC2012_val_00031295,237,0.002,3,7784788833784456437,valid,0.9204454564963552,0.7056424201223658,237,237,True,0.8723140358924866,0.8695788383483887,0.0027351975440979004,0.0015937720891088247,298.01948000022094
imagenet,vgg16,ig,ILSVRC2012_val_00031295,237,0.002,4,205616704339721179,valid,0.9196116827451797,0.7047732291489723,237,237,True,0.8723140358924866,0.8769453167915344,0.0046312808990478516,0.0015959908487275243,298.3389430000898
imagenet,vgg16,ig,ILSVRC2012_val_00031295,237,0.005,0,7260055080022824154,valid,0.758087694681903,0.5010469638049656,237,237,True,0.8723140358924866,0.8707352876663208,0.0015787482261657715,0.003991680685430765,298.6663380002028
imagenet,vgg16,ig,ILSVRC2012_val_00031295,237,0.005,1,6830589745658477501,valid,0.7604996771697408,0.49902912621359224,237,237,True,0.8723140358924866,0.8341244459152222,0.038189589977264404,0.003990218974649906,298.20471700031703
imagenet,vgg16,ig,ILSVRC2012_val_00031295,237,0.005,2,5572588514906466611,valid,0.7628972327726502,0.5066806785767902,237,237,True,0.8723140358924866,0.781984269618988,0.09032976627349854,0.003981485962867737,297.94173199979923
imagenet,vgg16,ig,ILSVRC2012_val_00031295,237,0.005,3,7784788833784456437,valid,0.7594260079648051,0.5087191822008419,237,237,True,0.8723140358924866,0.8573001027107239,0.015013933181762695,0.003984395414590836,298.60684099958235
imagenet,vgg16,ig,ILSVRC2012_val_00031295,237,0.005,4,205616704339721179,valid,0.7618255271620228,0.5087191822008419,237,237,True,0.8723140358924866,0.8633995652198792,0.008914470672607422,0.003989964723587036,298.0426540002554
imagenet,vgg16,ig,ILSVRC2012_val_00004300,330,0.002,0,2062959023804323395,valid,0.9690627240528275,0.8482504604051565,36,36,True,0.008956687524914742,0.008487189188599586,0.00046949833631515503,0.001590290805324912,298.6744869999711
imagenet,vgg16,ig,ILSVRC2012_val_00004300,330,0.002,1,1730914782129674652,valid,0.9690153614804058,0.8547403437442247,36,36,True,0.008956687524914742,0.008436323143541813,0.0005203643813729286,0.0015986295184120536,298.0199439998614
imagenet,vgg16,ig,ILSVRC2012_val_00004300,330,0.002,2,2230829393384523700,valid,0.9708170511615792,0.8482504604051565,36,36,True,0.008956687524914742,0.008462929166853428,0.0004937583580613136,0.001593650784343481,298.167426999953
imagenet,vgg16,ig,ILSVRC2012_val_00004300,330,0.002,3,2370168859087342904,valid,0.968970874359185,0.8401173450678401,36,36,True,0.008956687524914742,0.008748018182814121,0.00020866934210062027,0.0015901527367532253,298.5777710000548
imagenet,vgg16,ig,ILSVRC2012_val_00004300,330,0.002,4,9172714801131829905,valid,0.9697449859399947,0.8458708846790509,36,36,True,0.008956687524914742,0.009061368182301521,0.00010468065738677979,0.0015974178677424788,297.9615549998016
imagenet,vgg16,ig,ILSVRC2012_val_00004300,330,0.005,0,2062959023804323395,valid,0.8965373951923047,0.7161422708618331,36,36,True,0.008956687524914742,0.008000101894140244,0.000956585630774498,0.003975726664066315,298.07592899987867
imagenet,vgg16,ig,ILSVRC2012_val_00004300,330,0.005,1,1730914782129674652,valid,0.8966510316040528,0.7149692412850308,36,36,True,0.008956687524914742,0.007675467990338802,0.0012812195345759392,0.003996573854237795,298.63131000001886
imagenet,vgg16,ig,ILSVRC2012_val_00004300,330,0.005,2,2230829393384523700,valid,0.8996799285644145,0.7208504801097394,36,36,True,0.008956687524914742,0.008385688066482544,0.0005709994584321976,0.003984126728028059,298.16838199985796
imagenet,vgg16,ig,ILSVRC2012_val_00004300,330,0.005,3,2370168859087342904,valid,0.898128724733459,0.7120436711020129,36,36,True,0.008956687524914742,0.009360087104141712,0.00040339957922697067,0.00397538160905242,298.1407809998018
imagenet,vgg16,ig,ILSVRC2012_val_00004300,330,0.005,4,9172714801131829905,valid,0.8989192976719558,0.7146762344097044,36,36,True,0.008956687524914742,0.009566331282258034,0.0006096437573432922,0.003993544261902571,298.1282419996205
imagenet,vgg16,ig,ILSVRC2012_val_00007011,140,0.002,0,8693357588706766936,valid,0.9218444875765295,0.7300465436993622,140,140,True,0.9977737069129944,0.9978243112564087,5.060434341430664e-05,0.001594050438143313,298.0302500000107
imagenet,vgg16,ig,ILSVRC2012_val_00007011,140,0.002,1,7795033858281793546,valid,0.9217717832327155,0.732136693130825,140,140,True,0.9977737069129944,0.9977312684059143,4.2438507080078125e-05,0.001598520902916789,298.42017099963414
imagenet,vgg16,ig,ILSVRC2012_val_00007011,140,0.002,2,2820880621722301505,valid,0.922021347432533,0.7291523087525844,140,140,True,0.9977737069129944,0.997700035572052,7.367134094238281e-05,0.0015923784812912345,298.62537600001815
imagenet,vgg16,ig,ILSVRC2012_val_00007011,140,0.002,3,9156189342167126515,valid,0.9235891678847642,0.7264751419232754,140,140,True,0.9977737069129944,0.9979193806648254,0.0001456737518310547,0.0015983044868335128,297.9845260001639
imagenet,vgg16,ig,ILSVRC2012_val_00007011,140,0.002,4,2817173590254193893,valid,0.9234984258913755,0.7252879491146639,140,140,True,0.9977737069129944,0.997944176197052,0.0001704692840576172,0.001594396075233817,298.03807300004337
imagenet,vgg16,ig,ILSVRC2012_val_00007011,140,0.005,0,8693357588706766936,valid,0.7686819563127205,0.5399723799294154,140,140,True,0.9977737069129944,0.9984065890312195,0.0006328821182250977,0.003985125571489334,298.9221120001275
imagenet,vgg16,ig,ILSVRC2012_val_00007011,140,0.005,1,7795033858281793546,valid,0.7730730291497218,0.543050430504305,140,140,True,0.9977737069129944,0.9981966614723206,0.0004229545593261719,0.003996301908046007,297.96095099982267
imagenet,vgg16,ig,ILSVRC2012_val_00007011,140,0.005,2,2820880621722301505,valid,0.7745021876056911,0.5521187751314568,140,140,True,0.9977737069129944,0.998115062713623,0.0003413558006286621,0.003980946261435747,298.12348699988434
imagenet,vgg16,ig,ILSVRC2012_val_00007011,140,0.005,3,9156189342167126515,valid,0.7718457798394468,0.5373774509803921,140,140,True,0.9977737069129944,0.9984891414642334,0.0007154345512390137,0.0039957608096301556,298.52136999988943
imagenet,vgg16,ig,ILSVRC2012_val_00007011,140,0.005,4,2817173590254193893,valid,0.7741256243936024,0.5456645618358232,140,140,True,0.9977737069129944,0.9986862540245056,0.0009125471115112305,0.003985989838838577,298.0435659997056
imagenet,vgg16,ig,ILSVRC2012_val_00008228,381,0.002,0,4154338444683056573,valid,0.9563858325408093,0.7975998567078632,381,381,True,0.9006558656692505,0.9096230864524841,0.008967220783233643,0.0015822736313566566,298.81717499984006
imagenet,vgg16,ig,ILSVRC2012_val_00008228,381,0.002,1,8968172922966999441,valid,0.9569415418388498,0.803090190441969,381,381,True,0.9006558656692505,0.9017003774642944,0.0010445117950439453,0.0015844737645238638,298.17138899989004
imagenet,vgg16,ig,ILSVRC2012_val_00008228,381,0.002,2,4537400942497270551,valid,0.9556513542655788,0.7892672490640043,381,381,True,0.9006558656692505,0.9089563488960266,0.008300483226776123,0.0015869915951043367,298.14749800016216
imagenet,vgg16,ig,ILSVRC2012_val_00008228,381,0.002,3,650350537098486573,valid,0.9555823628799796,0.7975998567078632,381,381,True,0.9006558656692505,0.9127999544143677,0.012144088745117188,0.0015827693277969956,298.2021969996822
imagenet,vgg16,ig,ILSVRC2012_val_00008228,381,0.002,4,4634637524913072090,valid,0.954697881387924,0.7975998567078632,381,381,True,0.9006558656692505,0.8977485299110413,0.0029073357582092285,0.001579690258949995,298.8093569997545
imagenet,vgg16,ig,ILSVRC2012_val_00008228,381,0.005,0,4154338444683056573,valid,0.8698272649654818,0.636927091828413,381,381,True,0.9006558656692505,0.925889790058136,0.025233924388885498,0.003944521304219961,298.2023869999466
imagenet,vgg16,ig,ILSVRC2012_val_00008228,381,0.005,1,8968172922966999441,valid,0.8721375515316826,0.6444371620514501,381,381,True,0.9006558656692505,0.9085099697113037,0.007854104042053223,0.0039505683816969395,298.3434100001432
imagenet,vgg16,ig,ILSVRC2012_val_00008228,381,0.005,2,4537400942497270551,valid,0.8689650882339071,0.6347939403811695,381,381,True,0.9006558656692505,0.9231110215187073,0.022455155849456787,0.003956777509301901,298.75627299998087
imagenet,vgg16,ig,ILSVRC2012_val_00008228,381,0.005,3,650350537098486573,valid,0.869890790004404,0.6390658174097664,381,381,True,0.9006558656692505,0.9303796291351318,0.029723763465881348,0.003946382086724043,298.17811399971106
imagenet,vgg16,ig,ILSVRC2012_val_00008228,381,0.005,4,4634637524913072090,valid,0.8692434077308857,0.6422844051710032,381,381,True,0.9006558656692505,0.8993023633956909,0.0013535022735595703,0.003938153851777315,298.1241819998104
imagenet,vgg16,ig,ILSVRC2012_val_00016006,732,0.002,0,2689331499638741690,valid,0.8750318705310336,0.6441677588466579,732,732,True,0.8496047258377075,0.877448320388794,0.027843594551086426,0.001597630325704813,298.010856000019
imagenet,vgg16,ig,ILSVRC2012_val_00016006,732,0.002,1,8580294959909415158,valid,0.8768436302984859,0.6310742727124979,732,732,True,0.8496047258377075,0.8774119019508362,0.027807176113128662,0.0015994274290278554,298.08812600003876
imagenet,vgg16,ig,ILSVRC2012_val_00016006,732,0.002,2,9114965582325127640,valid,0.8756893411889799,0.634527687296417,732,732,True,0.8496047258377075,0.8517752289772034,0.0021705031394958496,0.0015923782484605908,298.56277799990494
imagenet,vgg16,ig,ILSVRC2012_val_00016006,732,0.002,3,6003814197834614244,valid,0.8772753147652185,0.6390658174097664,732,732,True,0.8496047258377075,0.864403247833252,0.014798521995544434,0.0016018679598346353,298.19682800007286
imagenet,vgg16,ig,ILSVRC2012_val_00016006,732,0.002,4,2271394598789847604,valid,0.873479677791282,0.6292207792207792,732,732,True,0.8496047258377075,0.8678802847862244,0.018275558948516846,0.0015963853802531958,298.1944990001466
imagenet,vgg16,ig,ILSVRC2012_val_00016006,732,0.005,0,2689331499638741690,valid,0.6644766386517441,0.4215297450424929,732,732,True,0.8496047258377075,0.9291949272155762,0.07959020137786865,0.003991495352238417,298.0977250003889
imagenet,vgg16,ig,ILSVRC2012_val_00016006,732,0.005,1,8580294959909415158,valid,0.6612878636173534,0.4117316078210719,732,732,True,0.8496047258377075,0.938241183757782,0.08863645792007446,0.003996087703853846,298.1307509999169
imagenet,vgg16,ig,ILSVRC2012_val_00016006,732,0.005,2,9114965582325127640,valid,0.6592368347164375,0.4129241165704632,732,732,True,0.8496047258377075,0.9077006578445435,0.05809593200683594,0.003978316206485033,298.11627200024304
imagenet,vgg16,ig,ILSVRC2012_val_00016006,732,0.005,3,6003814197834614244,valid,0.6608230560738326,0.41871642635001416,732,732,True,0.8496047258377075,0.9068734049797058,0.05726867914199829,0.004002221394330263,298.0538679998972
imagenet,vgg16,ig,ILSVRC2012_val_00016006,732,0.005,4,2271394598789847604,valid,0.6586681811429793,0.41014472390051987,732,732,True,0.8496047258377075,0.9216551780700684,0.07205045223236084,0.003988306038081646,298.7374680001267
imagenet,vgg16,ig,ILSVRC2012_val_00023543,254,0.002,0,270999366333867741,valid,0.937278312174416,0.7659686785148689,254,254,True,0.9831565022468567,0.9830108880996704,0.0001456141471862793,0.0015855772653594613,298.03151299984165
imagenet,vgg16,ig,ILSVRC2012_val_00023543,254,0.002,1,6483725595163808915,valid,0.9377515579784645,0.7816438842535062,254,254,True,0.9831565022468567,0.9826686382293701,0.00048786401748657227,0.001587364124134183,298.97820999985925
imagenet,vgg16,ig,ILSVRC2012_val_00023543,254,0.002,2,4939728852732550403,valid,0.9392633180722272,0.7769121813031161,254,254,True,0.9831565022468567,0.9851365089416504,0.001980006694793701,0.0015851532807573676,298.06942200002595
imagenet,vgg16,ig,ILSVRC2012_val_00023543,254,0.002,3,4468478742456119862,valid,0.9383172782272738,0.7653474054529463,254,254,True,0.9831565022468567,0.9836766719818115,0.000520169734954834,0.0015870233764871955,298.17389599975286
imagenet,vgg16,ig,ILSVRC2012_val_00023543,254,0.002,4,2390165699526937601,valid,0.9394907963844782,0.7662794790566702,254,254,True,0.9831565022468567,0.9810366630554199,0.0021198391914367676,0.0015850361669436097,298.6994689999847
imagenet,vgg16,ig,ILSVRC2012_val_00023543,254,0.005,0,270999366333867741,valid,0.8135073850269035,0.5996174689193497,254,254,True,0.9831565022468567,0.9835941195487976,0.00043761730194091797,0.003958440851420164,298.2441710000785
imagenet,vgg16,ig,ILSVRC2012_val_00023543,254,0.005,1,6483725595163808915,valid,0.8137366261723907,0.6065311349447735,254,254,True,0.9831565022468567,0.9820569753646851,0.0010995268821716309,0.003962662070989609,298.096127000008
imagenet,vgg16,ig,ILSVRC2012_val_00023543,254,0.005,2,4939728852732550403,valid,0.8177184589728903,0.6034510305160569,254,254,True,0.9831565022468567,0.986895740032196,0.0037392377853393555,0.003957195673137903,298.70264200008023
imagenet,vgg16,ig,ILSVRC2012_val_00023543,254,0.005,3,4468478742456119862,valid,0.8127033563013277,0.598343685300207,254,254,True,0.9831565022468567,0.9861499667167664,0.002993464469909668,0.003962239250540733,298.06492499983506
imagenet,vgg16,ig,ILSVRC2012_val_00023543,254,0.005,4,2390165699526937601,valid,0.8164049012229776,0.5942811755361398,254,254,True,0.9831565022468567,0.977959930896759,0.005196571350097656,0.003957102075219154,298.09465599964824
imagenet,vgg16,ig,ILSVRC2012_val_00023347,89,0.002,0,7881334844864196200,valid,0.9095265422010436,0.7637961335676625,89,89,True,1.0,1.0,0.0,0.0015961549943313003,298.5954480000146
imagenet,vgg16,ig,ILSVRC2012_val_00023347,89,0.002,1,8223420927206424359,valid,0.904825074465607,0.7665903890160183,89,89,True,1.0,1.0,0.0,0.0015987470978870988,298.14901100007773
imagenet,vgg16,ig,ILSVRC2012_val_00023347,89,0.002,2,2108301894708548545,valid,0.9071067283671109,0.7631763879128601,89,89,True,1.0,1.0,0.0,0.0015986390644684434,298.00208100004966
imagenet,vgg16,ig,ILSVRC2012_val_00023347,89,0.002,3,2944429311875253943,valid,0.905352009537304,0.7700176366843033,89,89,True,1.0,1.0,0.0,0.0015947187785059214,298.81692400022075
imagenet,vgg16,ig,ILSVRC2012_val_00023347,89,0.002,4,7481385728545187894,valid,0.9030828529315587,0.7684581497797357,89,89,True,1.0,1.0,0.0,0.0015940481098368764,298.0937920001452
imagenet,vgg16,ig,ILSVRC2012_val_00023347,89,0.005,0,7881334844864196200,valid,0.7476600198905309,0.5996174689193497,89,89,True,1.0,1.0,0.0,0.00399034982547164,298.16781299996364
imagenet,vgg16,ig,ILSVRC2012_val_00023347,89,0.005,1,8223420927206424359,valid,0.745914744346718,0.5980891719745223,89,89,True,1.0,1.0,0.0,0.003996758721768856,299.1742300000624
imagenet,vgg16,ig,ILSVRC2012_val_00023347,89,0.005,2,2108301894708548545,valid,0.746992998067148,0.5945344772799491,89,89,True,1.0,1.0,0.0,0.0039965626783668995,298.2249619999493
imagenet,vgg16,ig,ILSVRC2012_val_00023347,89,0.005,3,2944429311875253943,valid,0.7405358931286531,0.5973261180964508,89,89,True,1.0,1.0,0.0,0.003986770287156105,298.53609300016615
imagenet,vgg16,ig,ILSVRC2012_val_00023347,89,0.005,4,7481385728545187894,valid,0.7422554686742648,0.5909955611921369,89,89,True,1.0,1.0,0.0,0.003985045477747917,298.6181609999221
imagenet,vgg16,ig,ILSVRC2012_val_00011253,363,0.002,0,7969622713620301542,valid,0.9694464000726398,0.8540550526510253,270,273,False,0.00012064619659213349,0.00011190229270141572,8.743903890717775e-06,0.0015855306992307305,302.1007339998505
imagenet,vgg16,ig,ILSVRC2012_val_00011253,363,0.002,1,7338576340922310673,valid,0.9672326119947247,0.8401173450678401,270,270,True,0.00012064619659213349,0.0001299440918955952,9.2978953034617e-06,0.0015879531856626272,298.7749570002052
imagenet,vgg16,ig,ILSVRC2012_val_00011253,363,0.002,2,3200603612045899266,valid,0.9681672848503687,0.850977499077831,270,273,False,0.00012064619659213349,0.00012860781862400472,7.96162203187123e-06,0.001583081902936101,298.0322020002859
imagenet,vgg16,ig,ILSVRC2012_val_00011253,363,0.002,3,9145090093729942847,valid,0.9686617588243986,0.84688995215311,270,104,False,0.00012064619659213349,0.00012646077084355056,5.814574251417071e-06,0.0015829205513000488,298.2668449999437
imagenet,vgg16,ig,ILSVRC2012_val_00011253,363,0.002,4,2178187931079052202,valid,0.9661394916837444,0.8499539170506912,270,270,True,0.00012064619659213349,0.00012731114111375064,6.664944521617144e-06,0.0015812442870810628,298.09822600009284
imagenet,vgg16,ig,ILSVRC2012_val_00011253,363,0.005,0,7969622713620301542,valid,0.897152355491756,0.7196710075394106,270,270,True,0.00012064619659213349,0.00015077291755005717,3.012672095792368e-05,0.003959124442189932,298.8047280000501
imagenet,vgg16,ig,ILSVRC2012_val_00011253,363,0.005,1,7338576340922310673,valid,0.8911762085610598,0.6918408631153068,270,104,False,0.00012064619659213349,0.0001927809207700193,7.21347241778858e-05,0.003965461160987616,298.226522999812
imagenet,vgg16,ig,ILSVRC2012_val_00011253,363,0.005,2,3200603612045899266,valid,0.8999293627782978,0.717904827114002,270,104,False,0.00012064619659213349,0.00017237314023077488,5.172694363864139e-05,0.003952908795326948,298.2032450004226
imagenet,vgg16,ig,ILSVRC2012_val_00011253,363,0.005,3,9145090093729942847,valid,0.8968143072155831,0.704483695652174,270,104,False,0.00012064619659213349,0.00017907506844494492,5.8428871852811426e-05,0.0039524477906525135,298.6659349999172
imagenet,vgg16,ig,ILSVRC2012_val_00011253,363,0.005,4,2178187931079052202,valid,0.8977205644382896,0.7065124978745111,270,270,True,0.00012064619659213349,0.00015070376684889197,3.005757025675848e-05,0.0039482819847762585,298.19655800019973
imagenet,vgg16,gradcam,ILSVRC2012_val_00012132,17,0.002,0,1240890485581281775,valid,0.9796474326559705,0.8540550526510253,17,17,True,0.8944293856620789,0.8989747762680054,0.004545390605926514,0.0015989053063094616,10.04046699972605
imagenet,vgg16,gradcam,ILSVRC2012_val_00012132,17,0.002,1,7809966714089166156,valid,0.9733575957630396,0.8850488354620586,17,17,True,0.8944293856620789,0.8967803716659546,0.0023509860038757324,0.001598738832399249,10.059332999844628
imagenet,vgg16,gradcam,ILSVRC2012_val_00012132,17,0.002,2,594568608699110832,valid,0.9653798009346782,0.8547403437442247,17,17,True,0.8944293856620789,0.9155604839324951,0.02113109827041626,0.0015992106636986136,10.066688999813778
imagenet,vgg16,gradcam,ILSVRC2012_val_00012132,17,0.002,3,8272835477805138346,valid,0.9824135768164922,0.8950151057401813,17,17,True,0.8944293856620789,0.9118202924728394,0.017390906810760498,0.0015952984103932977,10.072098999899026
imagenet,vgg16,gradcam,ILSVRC2012_val_00012132,17,0.002,4,5588988483984321074,valid,0.9807086479765856,0.8450652453593089,17,17,True,0.8944293856620789,0.9007542133331299,0.006324827671051025,0.0015943965408951044,10.075654000047507
imagenet,vgg16,gradcam,ILSVRC2012_val_00012132,17,0.005,0,1240890485581281775,valid,0.8019959920297056,0.7159945317840055,17,17,True,0.8944293856620789,0.9157871007919312,0.021357715129852295,0.003996922168880701,10.06768999968699
imagenet,vgg16,gradcam,ILSVRC2012_val_00012132,17,0.005,1,7809966714089166156,valid,0.8971558472137088,0.7097378277153558,17,17,True,0.8944293856620789,0.9150027632713318,0.02057337760925293,0.003996476996690035,10.056312999950023
imagenet,vgg16,gradcam,ILSVRC2012_val_00012132,17,0.005,2,594568608699110832,valid,0.8171094893376978,0.694983955412937,17,17,True,0.8944293856620789,0.9353545904159546,0.04092520475387573,0.003997646272182465,10.05438900028821
imagenet,vgg16,gradcam,ILSVRC2012_val_00012132,17,0.005,3,8272835477805138346,valid,0.9268491258981106,0.744654962628194,17,17,True,0.8944293856620789,0.9275123476982117,0.03308296203613281,0.003987786825746298,10.16540199998417
imagenet,vgg16,gradcam,ILSVRC2012_val_00012132,17,0.005,4,5588988483984321074,valid,0.8879673063496191,0.6905202896110456,17,17,True,0.8944293856620789,0.9125686883926392,0.018139302730560303,0.003985461313277483,10.097189000134676
imagenet,vgg16,gradcam,ILSVRC2012_val_00000140,558,0.002,0,2495375757937344332,valid,0.8592442523053376,0.6689391420019953,251,251,True,7.059310974000255e-06,7.06422315488453e-06,4.912180884275585e-09,0.001592604094184935,10.06316400025753
imagenet,vgg16,gradcam,ILSVRC2012_val_00000140,558,0.002,1,8258382046345720994,valid,0.9105016836080335,0.10002790178571429,251,251,True,7.059310974000255e-06,7.187796654761769e-06,1.2848568076151423e-07,0.001592768239788711,10.068113999750494
imagenet,vgg16,gradcam,ILSVRC2012_val_00000140,558,0.002,2,1986566169149637064,valid,0.9105195033959564,0.10002790178571429,251,251,True,7.059310974000255e-06,5.483858330990188e-06,1.5754526430100668e-06,0.001594298635609448,10.065130999919347
imagenet,vgg16,gradcam,ILSVRC2012_val_00000140,558,0.002,3,781331182807300414,valid,0.9105105656323109,0.10002790178571429,251,251,True,7.059310974000255e-06,6.340790150716202e-06,7.185208232840523e-07,0.0015953154070302844,10.066729999834934
imagenet,vgg16,gradcam,ILSVRC2012_val_00000140,558,0.002,4,821512256087617785,valid,0.8730524501884451,0.8659602156534671,251,251,True,7.059310974000255e-06,5.286423402139917e-06,1.7728875718603376e-06,0.0015968169318512082,10.097673000018403
imagenet,vgg16,gradcam,ILSVRC2012_val_00000140,558,0.005,0,2495375757937344332,valid,0.7621584194193379,0.6646766169154229,251,251,True,7.059310974000255e-06,7.543312221969245e-06,4.840012479689904e-07,0.003977824002504349,10.069702000237157
imagenet,vgg16,gradcam,ILSVRC2012_val_00000140,558,0.005,1,8258382046345720994,valid,0.9186315310593548,0.7627327010888655,251,251,True,7.059310974000255e-06,7.147987616917817e-06,8.867664291756228e-08,0.0039786482229828835,10.068014999887964
imagenet,vgg16,gradcam,ILSVRC2012_val_00000140,558,0.005,2,1986566169149637064,valid,0.7920946963776473,0.6354896529248819,251,251,True,7.059310974000255e-06,3.725579517777078e-06,3.333731456223177e-06,0.003982102498412132,10.05960500015135
imagenet,vgg16,gradcam,ILSVRC2012_val_00000140,558,0.005,3,781331182807300414,valid,0.912196119557498,0.7567378368918446,251,251,True,7.059310974000255e-06,6.304327598627424e-06,7.549833753728308e-07,0.003985240124166012,10.065595000014582
imagenet,vgg16,gradcam,ILSVRC2012_val_00000140,558,0.005,4,821512256087617785,valid,0.8633567794866843,0.7050433010697912,251,251,True,7.059310974000255e-06,4.289771823096089e-06,2.7695391509041656e-06,0.003987926058471203,10.061807000056433
imagenet,vgg16,gradcam,ILSVRC2012_val_00031295,237,0.002,0,7260055080022824154,valid,0.9458348886897229,0.9143620064848369,237,237,True,0.8723140358924866,0.8751079440116882,0.00279390811920166,0.0015966728096827865,10.064642000088497
imagenet,vgg16,gradcam,ILSVRC2012_val_00031295,237,0.002,1,6830589745658477501,valid,0.9870140431427816,0.9025961720674626,237,237,True,0.8723140358924866,0.8543840050697327,0.017930030822753906,0.0015960877062752843,10.60353999992003
imagenet,vgg16,gradcam,ILSVRC2012_val_00031295,237,0.002,2,5572588514906466611,valid,0.9827666069555006,0.8762385492615442,237,237,True,0.8723140358924866,0.849125862121582,0.02318817377090454,0.0015926180640235543,10.072860000036599
imagenet,vgg16,gradcam,ILSVRC2012_val_00031295,237,0.002,3,7784788833784456437,valid,0.9774020913111995,0.890374835185534,237,237,True,0.8723140358924866,0.8695788383483887,0.0027351975440979004,0.0015937720891088247,10.052628999801527
imagenet,vgg16,gradcam,ILSVRC2012_val_00031295,237,0.002,4,205616704339721179,valid,0.9920922037905827,0.8779439252336448,237,237,True,0.8723140358924866,0.8769453167915344,0.0046312808990478516,0.0015959908487275243,10.085588000038115
imagenet,vgg16,gradcam,ILSVRC2012_val_00031295,237,0.005,0,7260055080022824154,valid,0.9235533806119693,0.7851298470295268,237,237,True,0.8723140358924866,0.8707352876663208,0.0015787482261657715,0.003991680685430765,10.076676999688061
imagenet,vgg16,gradcam,ILSVRC2012_val_00031295,237,0.005,1,6830589745658477501,valid,0.9498991238833121,0.7856253335705391,237,237,True,0.8723140358924866,0.8341244459152222,0.038189589977264404,0.003990218974649906,10.061367000162136
imagenet,vgg16,gradcam,ILSVRC2012_val_00031295,237,0.005,2,5572588514906466611,valid,0.9391294882050228,0.806985956067699,237,237,True,0.8723140358924866,0.781984269618988,0.09032976627349854,0.003981485962867737,10.069605999888154
imagenet,vgg16,gradcam,ILSVRC2012_val_00031295,237,0.005,3,7784788833784456437,valid,0.9485639343429434,0.7687698272823404,237,237,True,0.8723140358924866,0.8573001027107239,0.015013933181762695,0.003984395414590836,10.073675000057847
imagenet,vgg16,gradcam,ILSVRC2012_val_00031295,237,0.005,4,205616704339721179,valid,0.9467760066731463,0.7545454545454545,237,237,True,0.8723140358924866,0.8633995652198792,0.008914470672607422,0.003989964723587036,10.063708999950904
imagenet,vgg16,gradcam,ILSVRC2012_val_00004300,330,0.002,0,2062959023804323395,valid,0.9811003482056382,0.8846948356807511,36,36,True,0.008956687524914742,0.008487189188599586,0.00046949833631515503,0.001590290805324912,10.061740999844915
imagenet,vgg16,gradcam,ILSVRC2012_val_00004300,330,0.002,1,1730914782129674652,valid,0.944052044496106,0.7810115350488022,36,36,True,0.008956687524914742,0.008436323143541813,0.0005203643813729286,0.0015986295184120536,10.071881999920151
imagenet,vgg16,gradcam,ILSVRC2012_val_00004300,330,0.002,2,2230829393384523700,valid,0.9511325743314167,0.8230699364214351,36,36,True,0.008956687524914742,0.008462929166853428,0.0004937583580613136,0.001593650784343481,10.086476000196853
imagenet,vgg16,gradcam,ILSVRC2012_val_00004300,330,0.002,3,2370168859087342904,valid,0.9516462885817136,0.7743988684582744,36,36,True,0.008956687524914742,0.008748018182814121,0.00020866934210062027,0.0015901527367532253,10.080623999783711
imagenet,vgg16,gradcam,ILSVRC2012_val_00004300,330,0.002,4,9172714801131829905,valid,0.9317752819066633,0.7004405286343612,36,36,True,0.008956687524914742,0.009061368182301521,0.00010468065738677979,0.0015974178677424788,10.106640000230982
imagenet,vgg16,gradcam,ILSVRC2012_val_00004300,330,0.005,0,2062959023804323395,valid,0.9539640394647004,0.8783910196445276,36,36,True,0.008956687524914742,0.008000101894140244,0.000956585630774498,0.003975726664066315,10.243712999908894
imagenet,vgg16,gradcam,ILSVRC2012_val_00004300,330,0.005,1,1730914782129674652,valid,0.905137773690757,0.6632416307590322,36,36,True,0.008956687524914742,0.007675467990338802,0.0012812195345759392,0.003996573854237795,10.096682000039436
imagenet,vgg16,gradcam,ILSVRC2012_val_00004300,330,0.005,2,2230829393384523700,valid,0.902949782711948,0.8455314453843324,36,36,True,0.008956687524914742,0.008385688066482544,0.0005709994584321976,0.003984126728028059,10.096771999997145
imagenet,vgg16,gradcam,ILSVRC2012_val_00004300,330,0.005,3,2370168859087342904,valid,0.9366740181029523,0.7985663082437277,36,36,True,0.008956687524914742,0.009360087104141712,0.00040339957922697067,0.00397538160905242,10.074293999878137
imagenet,vgg16,gradcam,ILSVRC2012_val_00004300,330,0.005,4,9172714801131829905,valid,0.9113270412006009,0.8526859885545505,36,36,True,0.008956687524914742,0.009566331282258034,0.0006096437573432922,0.003993544261902571,10.075578999931167
imagenet,vgg16,gradcam,ILSVRC2012_val_00007011,140,0.002,0,8693357588706766936,valid,0.9830366087119604,0.9014778325123153,140,140,True,0.9977737069129944,0.9978243112564087,5.060434341430664e-05,0.001594050438143313,10.069827999814152
imagenet,vgg16,gradcam,ILSVRC2012_val_00007011,140,0.002,1,7795033858281793546,valid,0.9434358216388851,0.8747433264887063,140,140,True,0.9977737069129944,0.9977312684059143,4.2438507080078125e-05,0.001598520902916789,10.085891000017
imagenet,vgg16,gradcam,ILSVRC2012_val_00007011,140,0.002,2,2820880621722301505,valid,0.9996519281174505,0.887593984962406,140,140,True,0.9977737069129944,0.997700035572052,7.367134094238281e-05,0.0015923784812912345,10.076279000259092
imagenet,vgg16,gradcam,ILSVRC2012_val_00007011,140,0.002,3,9156189342167126515,valid,0.9582994985041978,0.9031463229719484,140,140,True,0.9977737069129944,0.9979193806648254,0.0001456737518310547,0.0015983044868335128,10.067050000088784
imagenet,vgg16,gradcam,ILSVRC2012_val_00007011,140,0.002,4,2817173590254193893,valid,0.94737070782374,0.8755372827508877,140,140,True,0.9977737069129944,0.997944176197052,0.0001704692840576172,0.001594396075233817,10.07706100017458
imagenet,vgg16,gradcam,ILSVRC2012_val_00007011,140,0.005,0,8693357588706766936,valid,0.9423723202650949,0.7684581497797357,140,140,True,0.9977737069129944,0.9984065890312195,0.0006328821182250977,0.003985125571489334,10.052734000055352
imagenet,vgg16,gradcam,ILSVRC2012_val_00007011,140,0.005,1,7795033858281793546,valid,0.9120954758727601,0.6829227417462712,140,140,True,0.9977737069129944,0.9981966614723206,0.0004229545593261719,0.003996301908046007,10.059102000013809
imagenet,vgg16,gradcam,ILSVRC2012_val_00007011,140,0.005,2,2820880621722301505,valid,0.9310567226728261,0.7217361468519472,140,140,True,0.9977737069129944,0.998115062713623,0.0003413558006286621,0.003980946261435747,10.073171999920305
imagenet,vgg16,gradcam,ILSVRC2012_val_00007011,140,0.005,3,9156189342167126515,valid,0.9333589639584335,0.7345316280677497,140,140,True,0.9977737069129944,0.9984891414642334,0.0007154345512390137,0.0039957608096301556,10.124862999873585
imagenet,vgg16,gradcam,ILSVRC2012_val_00007011,140,0.005,4,2817173590254193893,valid,0.9206440586611355,0.7202605416523826,140,140,True,0.9977737069129944,0.9986862540245056,0.0009125471115112305,0.003985989838838577,10.125465999863081
imagenet,vgg16,gradcam,ILSVRC2012_val_00008228,381,0.002,0,4154338444683056573,valid,0.9971257447210531,0.9105273177232058,381,381,True,0.9006558656692505,0.9096230864524841,0.008967220783233643,0.0015822736313566566,10.061327000130404
imagenet,vgg16,gradcam,ILSVRC2012_val_00008228,381,0.002,1,8968172922966999441,valid,0.9988507670042481,0.9578618806086617,381,381,True,0.9006558656692505,0.9017003774642944,0.0010445117950439453,0.0015844737645238638,10.080879999804893
imagenet,vgg16,gradcam,ILSVRC2012_val_00008228,381,0.002,2,4537400942497270551,valid,0.9947225227729269,0.9189292543021033,381,381,True,0.9006558656692505,0.9089563488960266,0.008300483226776123,0.0015869915951043367,10.129431999757799
imagenet,vgg16,gradcam,ILSVRC2012_val_00008228,381,0.002,3,650350537098486573,valid,0.9952602105187144,0.9370777842115422,381,381,True,0.9006558656692505,0.9127999544143677,0.012144088745117188,0.0015827693277969956,10.084706999805348
imagenet,vgg16,gradcam,ILSVRC2012_val_00008228,381,0.002,4,4634637524913072090,valid,0.9992360204843174,0.9229737497604905,381,381,True,0.9006558656692505,0.8977485299110413,0.0029073357582092285,0.001579690258949995,10.084673000164912
imagenet,vgg16,gradcam,ILSVRC2012_val_00008228,381,0.005,0,4154338444683056573,valid,0.9960081446230279,0.8374221896741121,381,381,True,0.9006558656692505,0.925889790058136,0.025233924388885498,0.003944521304219961,10.107627999786928
imagenet,vgg16,gradcam,ILSVRC2012_val_00008228,381,0.005,1,8968172922966999441,valid,0.9956187055981002,0.9254217791411042,381,381,True,0.9006558656692505,0.9085099697113037,0.007854104042053223,0.0039505683816969395,10.0963319996481
imagenet,vgg16,gradcam,ILSVRC2012_val_00008228,381,0.005,2,4537400942497270551,valid,0.9919909479681139,0.8407923697725606,381,381,True,0.9006558656692505,0.9231110215187073,0.022455155849456787,0.003956777509301901,10.076073000163888
imagenet,vgg16,gradcam,ILSVRC2012_val_00008228,381,0.005,3,650350537098486573,valid,0.9916818285196242,0.8885961610839292,381,381,True,0.9006558656692505,0.9303796291351318,0.029723763465881348,0.003946382086724043,10.122298999704071
imagenet,vgg16,gradcam,ILSVRC2012_val_00008228,381,0.005,4,4634637524913072090,valid,0.9946783086731407,0.8779940119760479,381,381,True,0.9006558656692505,0.8993023633956909,0.0013535022735595703,0.003938153851777315,10.074984000311815
imagenet,vgg16,gradcam,ILSVRC2012_val_00016006,732,0.002,0,2689331499638741690,valid,0.9893215395001358,0.8347349177330896,732,732,True,0.8496047258377075,0.877448320388794,0.027843594551086426,0.001597630325704813,10.052054999960092
imagenet,vgg16,gradcam,ILSVRC2012_val_00016006,732,0.002,1,8580294959909415158,valid,0.9900808187474752,0.8794007490636704,732,732,True,0.8496047258377075,0.8774119019508362,0.027807176113128662,0.0015994274290278554,10.078223000164144
imagenet,vgg16,gradcam,ILSVRC2012_val_00016006,732,0.002,2,9114965582325127640,valid,0.9958109861351504,0.9089007227082541,732,732,True,0.8496047258377075,0.8517752289772034,0.0021705031394958496,0.0015923782484605908,10.097029000007751
imagenet,vgg16,gradcam,ILSVRC2012_val_00016006,732,0.002,3,6003814197834614244,valid,0.9864622358086619,0.87203879873158,732,732,True,0.8496047258377075,0.864403247833252,0.014798521995544434,0.0016018679598346353,10.095148000345944
imagenet,vgg16,gradcam,ILSVRC2012_val_00016006,732,0.002,4,2271394598789847604,valid,0.9898775430866568,0.8636954503249767,732,732,True,0.8496047258377075,0.8678802847862244,0.018275558948516846,0.0015963853802531958,10.061301000405365
imagenet,vgg16,gradcam,ILSVRC2012_val_00016006,732,0.005,0,2689331499638741690,valid,0.9276919048528471,0.7972779369627507,732,732,True,0.8496047258377075,0.9291949272155762,0.07959020137786865,0.003991495352238417,10.076824999941891
imagenet,vgg16,gradcam,ILSVRC2012_val_00016006,732,0.005,1,8580294959909415158,valid,0.9416010674991411,0.7339782345828295,732,732,True,0.8496047258377075,0.938241183757782,0.08863645792007446,0.003996087703853846,10.070421999898826
imagenet,vgg16,gradcam,ILSVRC2012_val_00016006,732,0.005,2,9114965582325127640,valid,0.9667782942518716,0.8008254082181949,732,732,True,0.8496047258377075,0.9077006578445435,0.05809593200683594,0.003978316206485033,10.08235799963586
imagenet,vgg16,gradcam,ILSVRC2012_val_00016006,732,0.005,3,6003814197834614244,valid,0.970546809730768,0.8350703967818613,732,732,True,0.8496047258377075,0.9068734049797058,0.05726867914199829,0.004002221394330263,10.057058000256802
imagenet,vgg16,gradcam,ILSVRC2012_val_00016006,732,0.005,4,2271394598789847604,valid,0.9350269581773374,0.7889483065953654,732,732,True,0.8496047258377075,0.9216551780700684,0.07205045223236084,0.003988306038081646,10.124327000085032
imagenet,vgg16,gradcam,ILSVRC2012_val_00023543,254,0.002,0,270999366333867741,valid,0.9931930957947287,0.9620723362658846,254,254,True,0.9831565022468567,0.9830108880996704,0.0001456141471862793,0.0015855772653594613,10.05455799986521
imagenet,vgg16,gradcam,ILSVRC2012_val_00023543,254,0.002,1,6483725595163808915,valid,0.9819559136021183,0.9771563607719574,254,254,True,0.9831565022468567,0.9826686382293701,0.00048786401748657227,0.001587364124134183,10.101247999955376
imagenet,vgg16,gradcam,ILSVRC2012_val_00023543,254,0.002,2,4939728852732550403,valid,0.98856048625364,0.935210181257231,254,254,True,0.9831565022468567,0.9851365089416504,0.001980006694793701,0.0015851532807573676,10.0815689997944
imagenet,vgg16,gradcam,ILSVRC2012_val_00023543,254,0.002,3,4468478742456119862,valid,0.9921795813661204,0.9818325434439179,254,254,True,0.9831565022468567,0.9836766719818115,0.000520169734954834,0.0015870233764871955,10.06492199985587
imagenet,vgg16,gradcam,ILSVRC2012_val_00023543,254,0.002,4,2390165699526937601,valid,0.9748665111229906,0.9590083935194222,254,254,True,0.9831565022468567,0.9810366630554199,0.0021198391914367676,0.0015850361669436097,10.06022399997164
imagenet,vgg16,gradcam,ILSVRC2012_val_00023543,254,0.005,0,270999366333867741,valid,0.9543769517906822,0.8654275092936803,254,254,True,0.9831565022468567,0.9835941195487976,0.00043761730194091797,0.003958440851420164,10.11265299985098
imagenet,vgg16,gradcam,ILSVRC2012_val_00023543,254,0.005,1,6483725595163808915,valid,0.9644564933042664,0.8780624649336076,254,254,True,0.9831565022468567,0.9820569753646851,0.0010995268821716309,0.003962662070989609,10.067695000088861
imagenet,vgg16,gradcam,ILSVRC2012_val_00023543,254,0.005,2,4939728852732550403,valid,0.9546195368457527,0.8448529411764706,254,254,True,0.9831565022468567,0.986895740032196,0.0037392377853393555,0.003957195673137903,10.057130000404868
imagenet,vgg16,gradcam,ILSVRC2012_val_00023543,254,0.005,3,4468478742456119862,valid,0.9914208504743919,0.9460926895481869,254,254,True,0.9831565022468567,0.9861499667167664,0.002993464469909668,0.003962239250540733,10.071987999708654
imagenet,vgg16,gradcam,ILSVRC2012_val_00023543,254,0.005,4,2390165699526937601,valid,0.9377509085332121,0.9348622085180189,254,254,True,0.9831565022468567,0.977959930896759,0.005196571350097656,0.003957102075219154,10.07488100003684
imagenet,vgg16,gradcam,ILSVRC2012_val_00023347,89,0.002,0,7881334844864196200,valid,0.9964170478940363,0.9206349206349206,89,89,True,1.0,1.0,0.0,0.0015961549943313003,10.068081000099482
imagenet,vgg16,gradcam,ILSVRC2012_val_00023347,89,0.002,1,8223420927206424359,valid,0.9127009388041173,0.7254767222126782,89,89,True,1.0,1.0,0.0,0.0015987470978870988,10.07953600037581
imagenet,vgg16,gradcam,ILSVRC2012_val_00023347,89,0.002,2,2108301894708548545,valid,0.9615764405828462,0.8995649706828068,89,89,True,1.0,1.0,0.0,0.0015986390644684434,10.071480999613414
imagenet,vgg16,gradcam,ILSVRC2012_val_00023347,89,0.002,3,2944429311875253943,valid,0.9824667275572103,0.9523716951788491,89,89,True,1.0,1.0,0.0,0.0015947187785059214,10.122170000158803
imagenet,vgg16,gradcam,ILSVRC2012_val_00023347,89,0.002,4,7481385728545187894,valid,0.9774794031743312,0.8625741839762612,89,89,True,1.0,1.0,0.0,0.0015940481098368764,10.108099000262882
imagenet,vgg16,gradcam,ILSVRC2012_val_00023347,89,0.005,0,7881334844864196200,valid,0.9501107427852332,0.8853012952881547,89,89,True,1.0,1.0,0.0,0.00399034982547164,10.079828000016278
imagenet,vgg16,gradcam,ILSVRC2012_val_00023347,89,0.005,1,8223420927206424359,valid,0.8377639652375312,0.5768566493955095,89,89,True,1.0,1.0,0.0,0.003996758721768856,10.07396599970889
imagenet,vgg16,gradcam,ILSVRC2012_val_00023347,89,0.005,2,2108301894708548545,valid,0.9260782928312659,0.7600771118121276,89,89,True,1.0,1.0,0.0,0.0039965626783668995,10.082562000206963
imagenet,vgg16,gradcam,ILSVRC2012_val_00023347,89,0.005,3,2944429311875253943,valid,0.9713235455242694,0.8417384925728957,89,89,True,1.0,1.0,0.0,0.003986770287156105,10.093765999954485
imagenet,vgg16,gradcam,ILSVRC2012_val_00023347,89,0.005,4,7481385728545187894,valid,0.9478358880648247,0.74176205341658,89,89,True,1.0,1.0,0.0,0.003985045477747917,10.077665999688179
imagenet,vgg16,gradcam,ILSVRC2012_val_00011253,363,0.002,0,7969622713620301542,valid,0.9935420410162479,0.8914436486995854,270,273,False,0.00012064619659213349,0.00011190229270141572,8.743903890717775e-06,0.0015855306992307305,10.057447999770375
imagenet,vgg16,gradcam,ILSVRC2012_val_00011253,363,0.002,1,7338576340922310673,valid,0.9976291982030097,0.9491163332685958,270,270,True,0.00012064619659213349,0.0001299440918955952,9.2978953034617e-06,0.0015879531856626272,10.076162000132172
imagenet,vgg16,gradcam,ILSVRC2012_val_00011253,363,0.002,2,3200603612045899266,valid,0.9948123808769259,0.8839872348413741,270,273,False,0.00012064619659213349,0.00012860781862400472,7.96162203187123e-06,0.001583081902936101,10.093948999838176
imagenet,vgg16,gradcam,ILSVRC2012_val_00011253,363,0.002,3,9145090093729942847,valid,0.9958231416802674,0.8993186979560939,270,104,False,0.00012064619659213349,0.00012646077084355056,5.814574251417071e-06,0.0015829205513000488,10.077136999825598
imagenet,vgg16,gradcam,ILSVRC2012_val_00011253,363,0.002,4,2178187931079052202,valid,0.993053421079642,0.8782039289055191,270,270,True,0.00012064619659213349,0.00012731114111375064,6.664944521617144e-06,0.0015812442870810628,10.063484000056633
imagenet,vgg16,gradcam,ILSVRC2012_val_00011253,363,0.005,0,7969622713620301542,valid,0.9851897424608828,0.8616212205527731,270,270,True,0.00012064619659213349,0.00015077291755005717,3.012672095792368e-05,0.003959124442189932,10.122486999989633
imagenet,vgg16,gradcam,ILSVRC2012_val_00011253,363,0.005,1,7338576340922310673,valid,0.9789833983084089,0.833729216152019,270,104,False,0.00012064619659213349,0.0001927809207700193,7.21347241778858e-05,0.003965461160987616,10.101563000262104
imagenet,vgg16,gradcam,ILSVRC2012_val_00011253,363,0.005,2,3200603612045899266,valid,0.9797721280984204,0.8647342995169082,270,104,False,0.00012064619659213349,0.00017237314023077488,5.172694363864139e-05,0.003952908795326948,10.070817999803694
imagenet,vgg16,gradcam,ILSVRC2012_val_00011253,363,0.005,3,9145090093729942847,valid,0.9861703540848122,0.7973867907642742,270,104,False,0.00012064619659213349,0.00017907506844494492,5.8428871852811426e-05,0.0039524477906525135,10.071273999983532
imagenet,vgg16,gradcam,ILSVRC2012_val_00011253,363,0.005,4,2178187931079052202,valid,0.9863668400652952,0.8317211169921519,270,270,True,0.00012064619659213349,0.00015070376684889197,3.005757025675848e-05,0.0039482819847762585,10.087225000006583
imagenet,resnet50,ig,ILSVRC2012_val_00012132,17,0.002,0,1240890485581281775,valid,0.6770531038610208,0.43064861012116895,17,17,True,0.4837387204170227,0.4824336767196655,0.0013050436973571777,0.0015989053063094616,168.24206899991623
imagenet,resnet50,ig,ILSVRC2012_val_00012132,17,0.002,1,7809966714089166156,valid,0.6639408547389959,0.4209259521449809,17,17,True,0.4837387204170227,0.48293811082839966,0.0008006095886230469,0.001598738832399249,168.25628100014
imagenet,resnet50,ig,ILSVRC2012_val_00012132,17,0.002,2,594568608699110832,valid,0.6676381674252397,0.427799117939963,17,17,True,0.4837387204170227,0.49099141359329224,0.007252693176269531,0.0015992106636986136,168.60019100022328
imagenet,resnet50,ig,ILSVRC2012_val_00012132,17,0.002,3,8272835477805138346,valid,0.6729529920545032,0.43269093504639544,17,17,True,0.4837387204170227,0.48607519268989563,0.002336472272872925,0.0015952984103932977,168.2162970000718
imagenet,resnet50,ig,ILSVRC2012_val_00012132,17,0.002,4,5588988483984321074,valid,0.675415329026327,0.43823445113212955,17,17,True,0.4837387204170227,0.4856734275817871,0.0019347071647644043,0.0015943965408951044,168.22774799993567
imagenet,resnet50,ig,ILSVRC2012_val_00012132,17,0.005,0,1240890485581281775,valid,0.44253097195628815,0.28403275332650973,17,17,True,0.4837387204170227,0.4989722669124603,0.015233546495437622,0.003996922168880701,168.2931280001867
imagenet,resnet50,ig,ILSVRC2012_val_00012132,17,0.005,1,7809966714089166156,valid,0.44110522088703946,0.2814096016343207,17,17,True,0.4837387204170227,0.49707165360450745,0.013332933187484741,0.003996476996690035,168.26163799987626
imagenet,resnet50,ig,ILSVRC2012_val_00012132,17,0.005,2,594568608699110832,valid,0.43730889017043106,0.28173690932311624,17,17,True,0.4837387204170227,0.4989284574985504,0.01518973708152771,0.003997646272182465,168.29107100011242
imagenet,resnet50,ig,ILSVRC2012_val_00012132,17,0.005,3,8272835477805138346,valid,0.44327155314166555,0.2869966658117466,17,17,True,0.4837387204170227,0.5002418160438538,0.016503095626831055,0.003987786825746298,168.31670500005202
imagenet,resnet50,ig,ILSVRC2012_val_00012132,17,0.005,4,5588988483984321074,valid,0.45136369345918254,0.29146827950070775,17,17,True,0.4837387204170227,0.4945378303527832,0.010799109935760498,0.003985461313277483,169.01301799998691
imagenet,resnet50,ig,ILSVRC2012_val_00000140,558,0.002,0,2495375757937344332,valid,0.8927037121634399,0.7554661535770509,251,251,True,0.017541905865073204,0.01720193400979042,0.0003399718552827835,0.001592604094184935,168.3106739997129
imagenet,resnet50,ig,ILSVRC2012_val_00000140,558,0.002,1,8258382046345720994,valid,0.8948206335654765,0.7438748913987837,251,251,True,0.017541905865073204,0.01933414489030838,0.001792239025235176,0.001592768239788711,168.35129300034168
imagenet,resnet50,ig,ILSVRC2012_val_00000140,558,0.002,2,1986566169149637064,valid,0.8918705249426905,0.7435719249478805,251,251,True,0.017541905865073204,0.018793251365423203,0.0012513455003499985,0.001594298635609448,168.39634400002979
imagenet,resnet50,ig,ILSVRC2012_val_00000140,558,0.002,3,781331182807300414,valid,0.8930070098818133,0.7447844228094576,251,251,True,0.017541905865073204,0.016933482140302658,0.000608423724770546,0.0015953154070302844,168.40762699985135
imagenet,resnet50,ig,ILSVRC2012_val_00000140,558,0.002,4,821512256087617785,valid,0.8946065944866493,0.746606334841629,251,251,True,0.017541905865073204,0.019327552989125252,0.0017856471240520477,0.0015968169318512082,168.90404199966724
imagenet,resnet50,ig,ILSVRC2012_val_00000140,558,0.005,0,2495375757937344332,valid,0.7610925595008624,0.5937748134032079,251,251,True,0.017541905865073204,0.015943197533488274,0.0015987083315849304,0.003977824002504349,168.89363499967658
imagenet,resnet50,ig,ILSVRC2012_val_00000140,558,0.005,1,8258382046345720994,valid,0.7582102285780021,0.598598279706913,251,251,True,0.017541905865073204,0.020443212240934372,0.002901306375861168,0.0039786482229828835,168.26888300010978
imagenet,resnet50,ig,ILSVRC2012_val_00000140,558,0.005,2,1986566169149637064,valid,0.7521437202030028,0.5925103141859727,251,251,True,0.017541905865073204,0.019613366574048996,0.002071460708975792,0.003982102498412132,168.34656299988637
imagenet,resnet50,ig,ILSVRC2012_val_00000140,558,0.005,3,781331182807300414,valid,0.7552368316771733,0.594787859526458,251,251,True,0.017541905865073204,0.015370741486549377,0.0021711643785238266,0.003985240124166012,168.32423200003177
imagenet,resnet50,ig,ILSVRC2012_val_00000140,558,0.005,4,821512256087617785,valid,0.7585750242249446,0.5887288269748299,251,251,True,0.017541905865073204,0.020079033449292183,0.002537127584218979,0.003987926058471203,169.08448100002715
imagenet,resnet50,ig,ILSVRC2012_val_00031295,237,0.002,0,7260055080022824154,valid,0.8471053012199182,0.6116910229645094,237,237,True,0.5567220449447632,0.5630922913551331,0.006370246410369873,0.0015966728096827865,168.2538800000657
imagenet,resnet50,ig,ILSVRC2012_val_00031295,237,0.002,1,6830589745658477501,valid,0.8484775438829417,0.6119498875682621,237,237,True,0.5567220449447632,0.550430178642273,0.006291866302490234,0.0015960877062752843,168.34582100000262
imagenet,resnet50,ig,ILSVRC2012_val_00031295,237,0.002,2,5572588514906466611,valid,0.8465515133849217,0.6078180070490228,237,237,True,0.5567220449447632,0.5524743795394897,0.0042476654052734375,0.0015926180640235543,168.37074600016422
imagenet,resnet50,ig,ILSVRC2012_val_00031295,237,0.002,3,7784788833784456437,valid,0.8493872301591897,0.6187096774193548,237,237,True,0.5567220449447632,0.5662325024604797,0.009510457515716553,0.0015937720891088247,168.36754999985715
imagenet,resnet50,ig,ILSVRC2012_val_00031295,237,0.002,4,205616704339721179,valid,0.8443423150877157,0.6127269805560019,237,237,True,0.5567220449447632,0.5604004263877869,0.0036783814430236816,0.0015959908487275243,168.8986159997512
imagenet,resnet50,ig,ILSVRC2012_val_00031295,237,0.005,0,7260055080022824154,valid,0.6489751010481376,0.4267841910719363,237,237,True,0.5567220449447632,0.5786418914794922,0.021919846534729004,0.003991680685430765,168.52138200010813
imagenet,resnet50,ig,ILSVRC2012_val_00031295,237,0.005,1,6830589745658477501,valid,0.650557268389561,0.4286120996441281,237,237,True,0.5567220449447632,0.5540719032287598,0.002650141716003418,0.003990218974649906,168.43605399981243
imagenet,resnet50,ig,ILSVRC2012_val_00031295,237,0.005,2,5572588514906466611,valid,0.6486657734481978,0.43044469783352335,237,237,True,0.5567220449447632,0.5646693706512451,0.007947325706481934,0.003981485962867737,168.3515059999081
imagenet,resnet50,ig,ILSVRC2012_val_00031295,237,0.005,3,7784788833784456437,valid,0.6511451600363162,0.4324864401941193,237,237,True,0.5567220449447632,0.5849984288215637,0.028276383876800537,0.003984395414590836,168.32649900015895
imagenet,resnet50,ig,ILSVRC2012_val_00031295,237,0.005,4,205616704339721179,valid,0.6515033264712835,0.42435424354243545,237,237,True,0.5567220449447632,0.5623034238815308,0.005581378936767578,0.003989964723587036,168.98958399997355
imagenet,resnet50,ig,ILSVRC2012_val_00004300,330,0.002,0,2062959023804323395,valid,0.9200631687618153,0.7235102181006354,331,331,True,0.06397595256567001,0.06398767977952957,1.1727213859558105e-05,0.001590290805324912,168.26593199994022
imagenet,resnet50,ig,ILSVRC2012_val_00004300,330,0.002,1,1730914782129674652,valid,0.9182733668766413,0.7294502843356885,331,331,True,0.06397595256567001,0.06444212049245834,0.0004661679267883301,0.0015986295184120536,168.23709699974643
imagenet,resnet50,ig,ILSVRC2012_val_00004300,330,0.002,2,2230829393384523700,valid,0.9202629983680969,0.7246949647705792,331,331,True,0.06397595256567001,0.06564822047948837,0.0016722679138183594,0.001593650784343481,168.30943300010404
imagenet,resnet50,ig,ILSVRC2012_val_00004300,330,0.002,3,2370168859087342904,valid,0.9222748257684753,0.7348314606741573,331,331,True,0.06397595256567001,0.06416782736778259,0.00019187480211257935,0.0015901527367532253,168.36170199985645
imagenet,resnet50,ig,ILSVRC2012_val_00004300,330,0.002,4,9172714801131829905,valid,0.9193921358328929,0.7184931506849315,331,331,True,0.06397595256567001,0.06558651477098465,0.0016105622053146362,0.0015974178677424788,168.97104400004537
imagenet,resnet50,ig,ILSVRC2012_val_00004300,330,0.005,0,2062959023804323395,valid,0.7851397560602926,0.5634834086306278,331,331,True,0.06397595256567001,0.06199171394109726,0.001984238624572754,0.003975726664066315,168.28018399974098
imagenet,resnet50,ig,ILSVRC2012_val_00004300,330,0.005,1,1730914782129674652,valid,0.789937997417419,0.5676351140268666,331,331,True,0.06397595256567001,0.06348467618227005,0.0004912763833999634,0.003996573854237795,168.2609610002146
imagenet,resnet50,ig,ILSVRC2012_val_00004300,330,0.005,2,2230829393384523700,valid,0.7963689106176775,0.5784837999370871,331,331,True,0.06397595256567001,0.07256956398487091,0.008593611419200897,0.003984126728028059,168.10830800022813
imagenet,resnet50,ig,ILSVRC2012_val_00004300,330,0.005,3,2370168859087342904,valid,0.7921397643288691,0.5735340232047664,331,331,True,0.06397595256567001,0.0605725459754467,0.0034034065902233124,0.00397538160905242,168.7306050002917
imagenet,resnet50,ig,ILSVRC2012_val_00004300,330,0.005,4,9172714801131829905,valid,0.78824955743295,0.5637270177625429,331,331,True,0.06397595256567001,0.06776837259531021,0.0037924200296401978,0.003993544261902571,169.01957000027323
imagenet,resnet50,ig,ILSVRC2012_val_00007011,140,0.002,0,8693357588706766936,valid,0.7911082619619183,0.5075859996995644,140,140,True,0.517528235912323,0.5166908502578735,0.0008373856544494629,0.001594050438143313,168.2585180001297
imagenet,resnet50,ig,ILSVRC2012_val_00007011,140,0.002,1,7795033858281793546,valid,0.789603385378863,0.4963471000447294,140,140,True,0.517528235912323,0.5202690958976746,0.0027408599853515625,0.001598520902916789,168.5538730002918
imagenet,resnet50,ig,ILSVRC2012_val_00007011,140,0.002,2,2820880621722301505,valid,0.7995022108503246,0.5146392997283429,140,140,True,0.517528235912323,0.5156832337379456,0.0018450021743774414,0.0015923784812912345,168.24537699994835
imagenet,resnet50,ig,ILSVRC2012_val_00007011,140,0.002,3,9156189342167126515,valid,0.8002656268380208,0.5141822570911285,140,140,True,0.517528235912323,0.5248979926109314,0.0073697566986083984,0.0015983044868335128,168.1160779999118
imagenet,resnet50,ig,ILSVRC2012_val_00007011,140,0.002,4,2817173590254193893,valid,0.7937698791748958,0.5089460231544128,140,140,True,0.517528235912323,0.5140355229377747,0.00349271297454834,0.001594396075233817,169.7393809999994
imagenet,resnet50,ig,ILSVRC2012_val_00007011,140,0.005,0,8693357588706766936,valid,0.5652356068058626,0.3219178082191781,140,140,True,0.517528235912323,0.5146087408065796,0.002919495105743408,0.003985125571489334,168.238133000159
imagenet,resnet50,ig,ILSVRC2012_val_00007011,140,0.005,1,7795033858281793546,valid,0.5857842009462638,0.336173612035681,140,140,True,0.517528235912323,0.5232577323913574,0.005729496479034424,0.003996301908046007,168.2591600001615
imagenet,resnet50,ig,ILSVRC2012_val_00007011,140,0.005,2,2820880621722301505,valid,0.5834769667732446,0.3438671665773969,140,140,True,0.517528235912323,0.5140902996063232,0.003437936305999756,0.003980946261435747,168.24414399980014
imagenet,resnet50,ig,ILSVRC2012_val_00007011,140,0.005,3,9156189342167126515,valid,0.5992956574738472,0.3503767491926803,140,140,True,0.517528235912323,0.5269490480422974,0.009420812129974365,0.0039957608096301556,168.2331689999046
imagenet,resnet50,ig,ILSVRC2012_val_00007011,140,0.005,4,2817173590254193893,valid,0.577932854394735,0.3331562167906483,140,140,True,0.517528235912323,0.504939615726471,0.01258862018585205,0.003985989838838577,168.9220450002722
imagenet,resnet50,ig,ILSVRC2012_val_00008228,381,0.002,0,4154338444683056573,valid,0.907443181391192,0.7050628610261638,381,381,True,0.2238118052482605,0.22561316192150116,0.0018013566732406616,0.0015822736313566566,168.27821799961384
imagenet,resnet50,ig,ILSVRC2012_val_00008228,381,0.002,1,8968172922966999441,valid,0.9088314596912371,0.7091280653950953,381,381,True,0.2238118052482605,0.2307811826467514,0.006969377398490906,0.0015844737645238638,168.24108099990553
imagenet,resnet50,ig,ILSVRC2012_val_00008228,381,0.002,2,4537400942497270551,valid,0.9053025412965546,0.7004405286343612,381,381,True,0.2238118052482605,0.2440885603427887,0.020276755094528198,0.0015869915951043367,168.27145400020527
imagenet,resnet50,ig,ILSVRC2012_val_00008228,381,0.002,3,650350537098486573,valid,0.9082420773699003,0.7015937605968124,381,381,True,0.2238118052482605,0.23700815439224243,0.013196349143981934,0.0015827693277969956,168.23131999990437
imagenet,resnet50,ig,ILSVRC2012_val_00008228,381,0.002,4,4634637524913072090,valid,0.9093028020695444,0.7076739833248256,381,381,True,0.2238118052482605,0.22456826269626617,0.0007564574480056763,0.001579690258949995,168.88285400000314
imagenet,resnet50,ig,ILSVRC2012_val_00008228,381,0.005,0,4154338444683056573,valid,0.7994395371258473,0.558627116011803,381,381,True,0.2238118052482605,0.23079977929592133,0.006987974047660828,0.003944521304219961,168.31171300009373
imagenet,resnet50,ig,ILSVRC2012_val_00008228,381,0.005,1,8968172922966999441,valid,0.7954795521248302,0.5574177529484792,381,381,True,0.2238118052482605,0.24865181744098663,0.024840012192726135,0.0039505683816969395,168.22757099998853
imagenet,resnet50,ig,ILSVRC2012_val_00008228,381,0.005,2,4537400942497270551,valid,0.7941889575151455,0.5566930355203971,381,381,True,0.2238118052482605,0.2811618149280548,0.05735000967979431,0.003956777509301901,168.2085150000603
imagenet,resnet50,ig,ILSVRC2012_val_00008228,381,0.005,3,650350537098486573,valid,0.7962260580876297,0.54996138996139,381,381,True,0.2238118052482605,0.2521137595176697,0.02830195426940918,0.003946382086724043,168.36253799965561
imagenet,resnet50,ig,ILSVRC2012_val_00008228,381,0.005,4,4634637524913072090,valid,0.8013648749740707,0.562509730655457,381,381,True,0.2238118052482605,0.22482715547084808,0.0010153502225875854,0.003938153851777315,168.8627319999796
imagenet,resnet50,ig,ILSVRC2012_val_00016006,732,0.002,0,2689331499638741690,valid,0.7651143045042798,0.5324477019392274,732,732,True,0.34440913796424866,0.3498311936855316,0.005422055721282959,0.001597630325704813,168.2126879995849
imagenet,resnet50,ig,ILSVRC2012_val_00016006,732,0.002,1,8580294959909415158,valid,0.7612257495352825,0.525691699604743,732,732,True,0.34440913796424866,0.3378419280052185,0.006567209959030151,0.0015994274290278554,168.42775899976914
imagenet,resnet50,ig,ILSVRC2012_val_00016006,732,0.002,2,9114965582325127640,valid,0.7600699641526547,0.5284800487359123,732,732,True,0.34440913796424866,0.33692246675491333,0.007486671209335327,0.0015923782484605908,168.30013800017696
imagenet,resnet50,ig,ILSVRC2012_val_00016006,732,0.002,3,6003814197834614244,valid,0.7677881151937114,0.5315122844498703,732,732,True,0.34440913796424866,0.32928967475891113,0.015119463205337524,0.0016018679598346353,168.26908900020499
imagenet,resnet50,ig,ILSVRC2012_val_00016006,732,0.002,4,2271394598789847604,valid,0.7658507892130602,0.523607104903598,732,732,True,0.34440913796424866,0.3493185043334961,0.0049093663692474365,0.0015963853802531958,168.9030359998469
imagenet,resnet50,ig,ILSVRC2012_val_00016006,732,0.005,0,2689331499638741690,valid,0.5307695193444254,0.35768398268398266,732,732,True,0.34440913796424866,0.3685837686061859,0.024174630641937256,0.003991495352238417,168.33483399977922
imagenet,resnet50,ig,ILSVRC2012_val_00016006,732,0.005,1,8580294959909415158,valid,0.5371155435964116,0.35750033815771676,732,732,True,0.34440913796424866,0.3224911689758301,0.02191796898841858,0.003996087703853846,168.23143999999957
imagenet,resnet50,ig,ILSVRC2012_val_00016006,732,0.005,2,9114965582325127640,valid,0.5264694433778808,0.3558497703323426,732,732,True,0.34440913796424866,0.3507012724876404,0.006292134523391724,0.003978316206485033,168.38050600017596
imagenet,resnet50,ig,ILSVRC2012_val_00016006,732,0.005,3,6003814197834614244,valid,0.5435772100546649,0.37328954570333883,732,732,True,0.34440913796424866,0.32221880555152893,0.022190332412719727,0.004002221394330263,168.26613500006715
imagenet,resnet50,ig,ILSVRC2012_val_00016006,732,0.005,4,2271394598789847604,valid,0.5361123590641031,0.35658286023249525,732,732,True,0.34440913796424866,0.3648262023925781,0.020417064428329468,0.003988306038081646,168.9089960000274
imagenet,resnet50,ig,ILSVRC2012_val_00023543,254,0.002,0,270999366333867741,valid,0.8690728245874384,0.6425531914893617,254,254,True,0.3786291778087616,0.36939847469329834,0.009230703115463257,0.0015855772653594613,168.32183099995746
imagenet,resnet50,ig,ILSVRC2012_val_00023543,254,0.002,1,6483725595163808915,valid,0.8690184955982195,0.6406735327775053,254,254,True,0.3786291778087616,0.36355215311050415,0.015077024698257446,0.001587364124134183,168.28881700030252
imagenet,resnet50,ig,ILSVRC2012_val_00023543,254,0.002,2,4939728852732550403,valid,0.867400925842417,0.6377284595300261,254,254,True,0.3786291778087616,0.37488389015197754,0.0037452876567840576,0.0015851532807573676,168.35082200032048
imagenet,resnet50,ig,ILSVRC2012_val_00023543,254,0.002,3,4468478742456119862,valid,0.8688939147650472,0.6390658174097664,254,254,True,0.3786291778087616,0.3865026533603668,0.007873475551605225,0.0015870233764871955,168.23628800011647
imagenet,resnet50,ig,ILSVRC2012_val_00023543,254,0.002,4,2390165699526937601,valid,0.8709228216131738,0.6412101390024529,254,254,True,0.3786291778087616,0.37493589520454407,0.0036932826042175293,0.0015850361669436097,169.25153100009993
imagenet,resnet50,ig,ILSVRC2012_val_00023543,254,0.005,0,270999366333867741,valid,0.6967783271328104,0.4640408460977389,254,254,True,0.3786291778087616,0.3748323917388916,0.003796786069869995,0.003958440851420164,168.34832400036248
imagenet,resnet50,ig,ILSVRC2012_val_00023543,254,0.005,1,6483725595163808915,valid,0.6987265403417972,0.47263389581804843,254,254,True,0.3786291778087616,0.36105507612228394,0.01757410168647766,0.003962662070989609,168.32690000001094
imagenet,resnet50,ig,ILSVRC2012_val_00023543,254,0.005,2,4939728852732550403,valid,0.6915276449421619,0.4578733294596165,254,254,True,0.3786291778087616,0.37345781922340393,0.005171358585357666,0.003957195673137903,168.3621580000363
imagenet,resnet50,ig,ILSVRC2012_val_00023543,254,0.005,3,4468478742456119862,valid,0.6844549263281053,0.45575863069335654,254,254,True,0.3786291778087616,0.38940244913101196,0.010773271322250366,0.003962239250540733,168.3380690001286
imagenet,resnet50,ig,ILSVRC2012_val_00023543,254,0.005,4,2390165699526937601,valid,0.6952564817171134,0.4681100058513751,254,254,True,0.3786291778087616,0.37485966086387634,0.003769516944885254,0.003957102075219154,168.32213799989404
imagenet,resnet50,ig,ILSVRC2012_val_00023347,89,0.002,0,7881334844864196200,valid,0.8296062066490514,0.6278994322789944,89,89,True,0.4085824489593506,0.4101870656013489,0.001604616641998291,0.0015961549943313003,168.2345880003595
imagenet,resnet50,ig,ILSVRC2012_val_00023347,89,0.002,1,8223420927206424359,valid,0.8336411267408498,0.623948220064725,89,89,True,0.4085824489593506,0.4002084732055664,0.00837397575378418,0.0015987470978870988,168.2450789999166
imagenet,resnet50,ig,ILSVRC2012_val_00023347,89,0.002,2,2108301894708548545,valid,0.8379075170402998,0.6366601435094585,89,89,True,0.4085824489593506,0.4045366644859314,0.0040457844734191895,0.0015986390644684434,168.29867400019793
imagenet,resnet50,ig,ILSVRC2012_val_00023347,89,0.002,3,2944429311875253943,valid,0.8286692771218284,0.6252631578947369,89,89,True,0.4085824489593506,0.41240158677101135,0.0038191378116607666,0.0015947187785059214,168.2754680000471
imagenet,resnet50,ig,ILSVRC2012_val_00023347,89,0.002,4,7481385728545187894,valid,0.8309544237149447,0.6342615209249308,89,89,True,0.4085824489593506,0.40185829997062683,0.006724148988723755,0.0015940481098368764,168.91428300004918
imagenet,resnet50,ig,ILSVRC2012_val_00023347,89,0.005,0,7881334844864196200,valid,0.6295777315787677,0.4536500579374276,89,89,True,0.4085824489593506,0.4093683660030365,0.0007859170436859131,0.00399034982547164,168.28019099966696
imagenet,resnet50,ig,ILSVRC2012_val_00023347,89,0.005,1,8223420927206424359,valid,0.6408244567761227,0.45766158315177924,89,89,True,0.4085824489593506,0.39834722876548767,0.010235220193862915,0.003996758721768856,168.23383100017963
imagenet,resnet50,ig,ILSVRC2012_val_00023347,89,0.005,2,2108301894708548545,valid,0.6368393673203345,0.4640408460977389,89,89,True,0.4085824489593506,0.39503926038742065,0.013543188571929932,0.0039965626783668995,168.1871199998568
imagenet,resnet50,ig,ILSVRC2012_val_00023347,89,0.005,3,2944429311875253943,valid,0.6312146777304376,0.4555474981870921,89,89,True,0.4085824489593506,0.4117376208305359,0.0031551718711853027,0.003986770287156105,168.20615200003886
imagenet,resnet50,ig,ILSVRC2012_val_00023347,89,0.005,4,7481385728545187894,valid,0.6309748369172005,0.4572382750108901,89,89,True,0.4085824489593506,0.3995995819568634,0.008982867002487183,0.003985045477747917,168.19834600028116
imagenet,resnet50,ig,ILSVRC2012_val_00011253,363,0.002,0,7969622713620301542,valid,0.9183681346739033,0.7740852041718225,363,363,True,0.16493193805217743,0.18060776591300964,0.015675827860832214,0.0015855306992307305,168.16350799990687
imagenet,resnet50,ig,ILSVRC2012_val_00011253,363,0.002,1,7338576340922310673,valid,0.9165890716077116,0.7769121813031161,363,363,True,0.16493193805217743,0.1984955072402954,0.03356356918811798,0.0015879531856626272,168.27214799968715
imagenet,resnet50,ig,ILSVRC2012_val_00011253,363,0.002,2,3200603612045899266,valid,0.9195813357488908,0.7772268461129803,363,363,True,0.16493193805217743,0.17828546464443207,0.013353526592254639,0.001583081902936101,168.44200300010925
imagenet,resnet50,ig,ILSVRC2012_val_00011253,363,0.002,3,9145090093729942847,valid,0.9204311357235285,0.7810115350488022,363,363,True,0.16493193805217743,0.18962767720222473,0.024695739150047302,0.0015829205513000488,168.61787500010905
imagenet,resnet50,ig,ILSVRC2012_val_00011253,363,0.002,4,2178187931079052202,valid,0.9178780702462005,0.7849902187444424,363,363,True,0.16493193805217743,0.16807320713996887,0.003141269087791443,0.0015812442870810628,168.9664079999602
imagenet,resnet50,ig,ILSVRC2012_val_00011253,363,0.005,0,7969622713620301542,valid,0.8001971856291599,0.6184486373165619,363,363,True,0.16493193805217743,0.26734718680381775,0.10241524875164032,0.003959124442189932,168.13827800024228
imagenet,resnet50,ig,ILSVRC2012_val_00011253,363,0.005,1,7338576340922310673,valid,0.8025221674045887,0.6244739397863386,363,363,True,0.16493193805217743,0.3253946006298065,0.1604626625776291,0.003965461160987616,168.32515900023282
imagenet,resnet50,ig,ILSVRC2012_val_00011253,363,0.005,2,3200603612045899266,valid,0.7927362662481863,0.6140238018655516,363,363,True,0.16493193805217743,0.2861555218696594,0.121223583817482,0.003952908795326948,168.33033499960948
imagenet,resnet50,ig,ILSVRC2012_val_00011253,363,0.005,3,9145090093729942847,valid,0.8040435575102309,0.6278994322789944,363,363,True,0.16493193805217743,0.3217041492462158,0.1567722111940384,0.0039524477906525135,168.33760000008624
imagenet,resnet50,ig,ILSVRC2012_val_00011253,363,0.005,4,2178187931079052202,valid,0.8075705488888383,0.6382631407117205,363,363,True,0.16493193805217743,0.23570314049720764,0.07077120244503021,0.0039482819847762585,168.34936900022512
imagenet,resnet50,gradcam,ILSVRC2012_val_00012132,17,0.002,0,1240890485581281775,valid,0.9871074788932878,0.9900852667063256,17,17,True,0.4837387204170227,0.4824336767196655,0.0013050436973571777,0.0015989053063094616,7.864149999932124
imagenet,resnet50,gradcam,ILSVRC2012_val_00012132,17,0.002,1,7809966714089166156,valid,0.9827592174546551,0.9948320413436692,17,17,True,0.4837387204170227,0.48293811082839966,0.0008006095886230469,0.001598738832399249,7.986270999936096
imagenet,resnet50,gradcam,ILSVRC2012_val_00012132,17,0.002,2,594568608699110832,valid,0.9917268173147045,0.9932472691161867,17,17,True,0.4837387204170227,0.49099141359329224,0.007252693176269531,0.0015992106636986136,7.958228999996209
imagenet,resnet50,gradcam,ILSVRC2012_val_00012132,17,0.002,3,8272835477805138346,valid,0.9839670160478226,0.9916650128993848,17,17,True,0.4837387204170227,0.48607519268989563,0.002336472272872925,0.0015952984103932977,7.993420999810041
imagenet,resnet50,gradcam,ILSVRC2012_val_00012132,17,0.002,4,5588988483984321074,valid,0.9863346599614241,0.9904799682665609,17,17,True,0.4837387204170227,0.4856734275817871,0.0019347071647644043,0.0015943965408951044,8.002114999726473
imagenet,resnet50,gradcam,ILSVRC2012_val_00012132,17,0.005,0,1240890485581281775,valid,0.9515236848376775,0.9861468434593311,17,17,True,0.4837387204170227,0.4989722669124603,0.015233546495437622,0.003996922168880701,8.024700000078155
imagenet,resnet50,gradcam,ILSVRC2012_val_00012132,17,0.005,1,7809966714089166156,valid,0.9356975974920231,0.9857538583300356,17,17,True,0.4837387204170227,0.49707165360450745,0.013332933187484741,0.003996476996690035,7.979560999956448
imagenet,resnet50,gradcam,ILSVRC2012_val_00012132,17,0.005,2,594568608699110832,valid,0.9780434440188651,0.9865399841646872,17,17,True,0.4837387204170227,0.4989284574985504,0.01518973708152771,0.003997646272182465,7.987887999661325
imagenet,resnet50,gradcam,ILSVRC2012_val_00012132,17,0.005,3,8272835477805138346,valid,0.9477185055631453,0.9865399841646872,17,17,True,0.4837387204170227,0.5002418160438538,0.016503095626831055,0.003987786825746298,7.9297260003841075
imagenet,resnet50,gradcam,ILSVRC2012_val_00012132,17,0.005,4,5588988483984321074,valid,0.9696447827305181,0.9806591671600553,17,17,True,0.4837387204170227,0.4945378303527832,0.010799109935760498,0.003985461313277483,8.023102000151994
imagenet,resnet50,gradcam,ILSVRC2012_val_00000140,558,0.002,0,2495375757937344332,valid,0.9977974330819707,0.9873267326732673,251,251,True,0.017541905865073204,0.01720193400979042,0.0003399718552827835,0.001592604094184935,7.8855450001356076
imagenet,resnet50,gradcam,ILSVRC2012_val_00000140,558,0.002,1,8258382046345720994,valid,0.9984575683381417,0.9802683504340963,251,251,True,0.017541905865073204,0.01933414489030838,0.001792239025235176,0.001592768239788711,8.06074299998727
imagenet,resnet50,gradcam,ILSVRC2012_val_00000140,558,0.002,2,1986566169149637064,valid,0.9976004877292933,0.9748130657221566,251,251,True,0.017541905865073204,0.018793251365423203,0.0012513455003499985,0.001594298635609448,7.984102000136772
imagenet,resnet50,gradcam,ILSVRC2012_val_00000140,558,0.002,3,781331182807300414,valid,0.997448205332305,0.9643765903307888,251,251,True,0.017541905865073204,0.016933482140302658,0.000608423724770546,0.0015953154070302844,7.96550599989132
imagenet,resnet50,gradcam,ILSVRC2012_val_00000140,558,0.002,4,821512256087617785,valid,0.9976600777235173,0.9790968250838099,251,251,True,0.017541905865073204,0.019327552989125252,0.0017856471240520477,0.0015968169318512082,7.996620000085386
imagenet,resnet50,gradcam,ILSVRC2012_val_00000140,558,0.005,0,2495375757937344332,valid,0.9892319827123006,0.9404485692188709,251,251,True,0.017541905865073204,0.015943197533488274,0.0015987083315849304,0.003977824002504349,7.944310000311816
imagenet,resnet50,gradcam,ILSVRC2012_val_00000140,558,0.005,1,8258382046345720994,valid,0.9894417192048137,0.9411992263056093,251,251,True,0.017541905865073204,0.020443212240934372,0.002901306375861168,0.0039786482229828835,7.963574999848788
imagenet,resnet50,gradcam,ILSVRC2012_val_00000140,558,0.005,2,1986566169149637064,valid,0.9858223797465385,0.9333461760739742,251,251,True,0.017541905865073204,0.019613366574048996,0.002071460708975792,0.003982102498412132,7.952945999932126
imagenet,resnet50,gradcam,ILSVRC2012_val_00000140,558,0.005,3,781331182807300414,valid,0.984073930606985,0.9083475945997338,251,251,True,0.017541905865073204,0.015370741486549377,0.0021711643785238266,0.003985240124166012,8.00809800011848
imagenet,resnet50,gradcam,ILSVRC2012_val_00000140,558,0.005,4,821512256087617785,valid,0.9874315146923157,0.9510108864696734,251,251,True,0.017541905865073204,0.020079033449292183,0.002537127584218979,0.003987926058471203,8.003118000033282
imagenet,resnet50,gradcam,ILSVRC2012_val_00031295,237,0.002,0,7260055080022824154,valid,0.9997970940086442,0.9896907216494846,237,237,True,0.5567220449447632,0.5630922913551331,0.006370246410369873,0.0015966728096827865,7.825887000308285
imagenet,resnet50,gradcam,ILSVRC2012_val_00031295,237,0.002,1,6830589745658477501,valid,0.9996877392772351,0.9787066246056783,237,237,True,0.5567220449447632,0.550430178642273,0.006291866302490234,0.0015960877062752843,7.94361900034346
imagenet,resnet50,gradcam,ILSVRC2012_val_00031295,237,0.002,2,5572588514906466611,valid,0.9996804930653658,0.9818325434439179,237,237,True,0.5567220449447632,0.5524743795394897,0.0042476654052734375,0.0015926180640235543,7.950352000079874
imagenet,resnet50,gradcam,ILSVRC2012_val_00031295,237,0.002,3,7784788833784456437,valid,0.9997176687069396,0.9881141045958796,237,237,True,0.5567220449447632,0.5662325024604797,0.009510457515716553,0.0015937720891088247,7.989474999703816
imagenet,resnet50,gradcam,ILSVRC2012_val_00031295,237,0.002,4,205616704339721179,valid,0.9997310429545514,0.9849683544303798,237,237,True,0.5567220449447632,0.5604004263877869,0.0036783814430236816,0.0015959908487275243,7.949267999720178
imagenet,resnet50,gradcam,ILSVRC2012_val_00031295,237,0.005,0,7260055080022824154,valid,0.9975838293449898,0.9775369458128079,237,237,True,0.5567220449447632,0.5786418914794922,0.021919846534729004,0.003991680685430765,7.964590000028693
imagenet,resnet50,gradcam,ILSVRC2012_val_00031295,237,0.005,1,6830589745658477501,valid,0.9965351374247992,0.9018381656244078,237,237,True,0.5567220449447632,0.5540719032287598,0.002650141716003418,0.003990218974649906,7.9535179997947125
imagenet,resnet50,gradcam,ILSVRC2012_val_00031295,237,0.005,2,5572588514906466611,valid,0.9957647322895669,0.9281460134486071,237,237,True,0.5567220449447632,0.5646693706512451,0.007947325706481934,0.003981485962867737,7.9440900003646675
imagenet,resnet50,gradcam,ILSVRC2012_val_00031295,237,0.005,3,7784788833784456437,valid,0.9967803986528038,0.9559540050672384,237,237,True,0.5567220449447632,0.5849984288215637,0.028276383876800537,0.003984395414590836,7.933502000014414
imagenet,resnet50,gradcam,ILSVRC2012_val_00031295,237,0.005,4,205616704339721179,valid,0.9971543904815647,0.9322294955718137,237,237,True,0.5567220449447632,0.5623034238815308,0.005581378936767578,0.003989964723587036,8.006748000298103
imagenet,resnet50,gradcam,ILSVRC2012_val_00004300,330,0.002,0,2062959023804323395,valid,0.9994472669535465,0.9674573613017056,331,331,True,0.06397595256567001,0.06398767977952957,1.1727213859558105e-05,0.001590290805324912,7.8877820001252985
imagenet,resnet50,gradcam,ILSVRC2012_val_00004300,330,0.002,1,1730914782129674652,valid,0.9785640784030635,0.979877687906885,331,331,True,0.06397595256567001,0.06444212049245834,0.0004661679267883301,0.0015986295184120536,7.948759000100836
imagenet,resnet50,gradcam,ILSVRC2012_val_00004300,330,0.002,2,2230829393384523700,valid,0.9914926544524822,0.9865399841646872,331,331,True,0.06397595256567001,0.06564822047948837,0.0016722679138183594,0.001593650784343481,7.953559999805293
imagenet,resnet50,gradcam,ILSVRC2012_val_00004300,330,0.002,3,2370168859087342904,valid,0.9993594968068263,0.983399209486166,331,331,True,0.06397595256567001,0.06416782736778259,0.00019187480211257935,0.0015901527367532253,7.932428999993135
imagenet,resnet50,gradcam,ILSVRC2012_val_00004300,330,0.002,4,9172714801131829905,valid,0.9777929423378289,0.9814412635735439,331,331,True,0.06397595256567001,0.06558651477098465,0.0016105622053146362,0.0015974178677424788,7.9740989999663725
imagenet,resnet50,gradcam,ILSVRC2012_val_00004300,330,0.005,0,2062959023804323395,valid,0.9907001923498363,0.9170964660936007,331,331,True,0.06397595256567001,0.06199171394109726,0.001984238624572754,0.003975726664066315,7.930395000130375
imagenet,resnet50,gradcam,ILSVRC2012_val_00004300,330,0.005,1,1730914782129674652,valid,0.9516410624206667,0.9498737128424325,331,331,True,0.06397595256567001,0.06348467618227005,0.0004912763833999634,0.003996573854237795,7.966934000251058
imagenet,resnet50,gradcam,ILSVRC2012_val_00004300,330,0.005,2,2230829393384523700,valid,0.9702270755388639,0.9620723362658846,331,331,True,0.06397595256567001,0.07256956398487091,0.008593611419200897,0.003984126728028059,8.007581000128994
imagenet,resnet50,gradcam,ILSVRC2012_val_00004300,330,0.005,3,2370168859087342904,valid,0.999046433468801,0.967843137254902,331,331,True,0.06397595256567001,0.0605725459754467,0.0034034065902233124,0.00397538160905242,7.968507999976282
imagenet,resnet50,gradcam,ILSVRC2012_val_00004300,330,0.005,4,9172714801131829905,valid,0.9812990478322028,0.9744245524296675,331,331,True,0.06397595256567001,0.06776837259531021,0.0037924200296401978,0.003993544261902571,7.9808230002527125
imagenet,resnet50,gradcam,ILSVRC2012_val_00007011,140,0.002,0,8693357588706766936,valid,0.9988446537980342,0.983399209486166,140,140,True,0.517528235912323,0.5166908502578735,0.0008373856544494629,0.001594050438143313,7.835858999897027
imagenet,resnet50,gradcam,ILSVRC2012_val_00007011,140,0.002,1,7795033858281793546,valid,0.9990313752446048,0.9956253728375423,140,140,True,0.517528235912323,0.5202690958976746,0.0027408599853515625,0.001598520902916789,7.9724249999344465
imagenet,resnet50,gradcam,ILSVRC2012_val_00007011,140,0.002,2,2820880621722301505,valid,0.9989201863712416,0.9900852667063256,140,140,True,0.517528235912323,0.5156832337379456,0.0018450021743774414,0.0015923784812912345,7.9490760003864125
imagenet,resnet50,gradcam,ILSVRC2012_val_00007011,140,0.002,3,9156189342167126515,valid,0.9986586927444302,0.9892963330029733,140,140,True,0.517528235912323,0.5248979926109314,0.0073697566986083984,0.0015983044868335128,8.00739699980113
imagenet,resnet50,gradcam,ILSVRC2012_val_00007011,140,0.002,4,2817173590254193893,valid,0.9991050581864694,0.9956253728375423,140,140,True,0.517528235912323,0.5140355229377747,0.00349271297454834,0.001594396075233817,7.937144999687007
imagenet,resnet50,gradcam,ILSVRC2012_val_00007011,140,0.005,0,8693357588706766936,valid,0.9929908432085568,0.9605391678062122,140,140,True,0.517528235912323,0.5146087408065796,0.002919495105743408,0.003985125571489334,7.944083999973373
imagenet,resnet50,gradcam,ILSVRC2012_val_00007011,140,0.005,1,7795033858281793546,valid,0.9964716716786157,0.983399209486166,140,140,True,0.517528235912323,0.5232577323913574,0.005729496479034424,0.003996301908046007,7.969234000029246
imagenet,resnet50,gradcam,ILSVRC2012_val_00007011,140,0.005,2,2820880621722301505,valid,0.9965397564712963,0.9713219406796307,140,140,True,0.517528235912323,0.5140902996063232,0.003437936305999756,0.003980946261435747,7.9743440001038834
imagenet,resnet50,gradcam,ILSVRC2012_val_00007011,140,0.005,3,9156189342167126515,valid,0.9940125949502302,0.9674573613017056,140,140,True,0.517528235912323,0.5269490480422974,0.009420812129974365,0.0039957608096301556,7.938129999729426
imagenet,resnet50,gradcam,ILSVRC2012_val_00007011,140,0.005,4,2817173590254193893,valid,0.9931327322551949,0.983399209486166,140,140,True,0.517528235912323,0.504939615726471,0.01258862018585205,0.003985989838838577,9.162424000351166
imagenet,resnet50,gradcam,ILSVRC2012_val_00008228,381,0.002,0,4154338444683056573,valid,0.9992321474919756,0.9841834717279557,381,381,True,0.2238118052482605,0.22561316192150116,0.0018013566732406616,0.0015822736313566566,7.860961000005773
imagenet,resnet50,gradcam,ILSVRC2012_val_00008228,381,0.002,1,8968172922966999441,valid,0.9988542894888542,0.9964193355878257,381,381,True,0.2238118052482605,0.2307811826467514,0.006969377398490906,0.0015844737645238638,7.941167999888421
imagenet,resnet50,gradcam,ILSVRC2012_val_00008228,381,0.002,2,4537400942497270551,valid,0.9994007663623559,0.9783165779617583,381,381,True,0.2238118052482605,0.2440885603427887,0.020276755094528198,0.0015869915951043367,7.992575000116631
imagenet,resnet50,gradcam,ILSVRC2012_val_00008228,381,0.002,3,650350537098486573,valid,0.9997370319869271,0.9814412635735439,381,381,True,0.2238118052482605,0.23700815439224243,0.013196349143981934,0.0015827693277969956,7.985456999904272
imagenet,resnet50,gradcam,ILSVRC2012_val_00008228,381,0.002,4,4634637524913072090,valid,0.9998198330539587,0.9861468434593311,381,381,True,0.2238118052482605,0.22456826269626617,0.0007564574480056763,0.001579690258949995,7.9620249998697545
imagenet,resnet50,gradcam,ILSVRC2012_val_00008228,381,0.005,0,4154338444683056573,valid,0.9960551258003124,0.9620723362658846,381,381,True,0.2238118052482605,0.23079977929592133,0.006987974047660828,0.003944521304219961,8.01926900021499
imagenet,resnet50,gradcam,ILSVRC2012_val_00008228,381,0.005,1,8968172922966999441,valid,0.9806199620712001,0.9908748264233287,381,381,True,0.2238118052482605,0.24865181744098663,0.024840012192726135,0.0039505683816969395,7.990171000074042
imagenet,resnet50,gradcam,ILSVRC2012_val_00008228,381,0.005,2,4537400942497270551,valid,0.996377065633905,0.950252623396813,381,381,True,0.2238118052482605,0.2811618149280548,0.05735000967979431,0.003956777509301901,8.007653999811737
imagenet,resnet50,gradcam,ILSVRC2012_val_00008228,381,0.005,3,650350537098486573,valid,0.9980966135433165,0.9609222352481438,381,381,True,0.2238118052482605,0.2521137595176697,0.02830195426940918,0.003946382086724043,8.02708099990923
imagenet,resnet50,gradcam,ILSVRC2012_val_00008228,381,0.005,4,4634637524913072090,valid,0.9977803289113409,0.9582439024390244,381,381,True,0.2238118052482605,0.22482715547084808,0.0010153502225875854,0.003938153851777315,8.062046999839367
imagenet,resnet50,gradcam,ILSVRC2012_val_00016006,732,0.002,0,2689331499638741690,valid,0.998338052481073,0.9810501381760758,732,732,True,0.34440913796424866,0.3498311936855316,0.005422055721282959,0.001597630325704813,7.875412999965192
imagenet,resnet50,gradcam,ILSVRC2012_val_00016006,732,0.002,1,8580294959909415158,valid,0.998873071464162,0.9916650128993848,732,732,True,0.34440913796424866,0.3378419280052185,0.006567209959030151,0.0015994274290278554,8.039332999942417
imagenet,resnet50,gradcam,ILSVRC2012_val_00016006,732,0.002,2,9114965582325127640,valid,0.998494119880356,0.9841834717279557,732,732,True,0.34440913796424866,0.33692246675491333,0.007486671209335327,0.0015923782484605908,7.995185999789101
imagenet,resnet50,gradcam,ILSVRC2012_val_00016006,732,0.002,3,6003814197834614244,valid,0.9959403415708143,0.975201731942531,732,732,True,0.34440913796424866,0.32928967475891113,0.015119463205337524,0.0016018679598346353,8.013250999738375
imagenet,resnet50,gradcam,ILSVRC2012_val_00016006,732,0.002,4,2271394598789847604,valid,0.9967360402092607,0.9881141045958796,732,732,True,0.34440913796424866,0.3493185043334961,0.0049093663692474365,0.0015963853802531958,8.033362999867677
imagenet,resnet50,gradcam,ILSVRC2012_val_00016006,732,0.005,0,2689331499638741690,valid,0.9746270124923102,0.9616888193901486,732,732,True,0.34440913796424866,0.3685837686061859,0.024174630641937256,0.003991495352238417,8.039566000206833
imagenet,resnet50,gradcam,ILSVRC2012_val_00016006,732,0.005,1,8580294959909415158,valid,0.9879107486264183,0.9494949494949495,732,732,True,0.34440913796424866,0.3224911689758301,0.02191796898841858,0.003996087703853846,7.981380999808607
imagenet,resnet50,gradcam,ILSVRC2012_val_00016006,732,0.005,2,9114965582325127640,valid,0.985003248475769,0.9713219406796307,732,732,True,0.34440913796424866,0.3507012724876404,0.006292134523391724,0.003978316206485033,8.021850000204722
imagenet,resnet50,gradcam,ILSVRC2012_val_00016006,732,0.005,3,6003814197834614244,valid,0.9762658083663217,0.9404485692188709,732,732,True,0.34440913796424866,0.32221880555152893,0.022190332412719727,0.004002221394330263,7.991400999799225
imagenet,resnet50,gradcam,ILSVRC2012_val_00016006,732,0.005,4,2271394598789847604,valid,0.9644312737789336,0.975201731942531,732,732,True,0.34440913796424866,0.3648262023925781,0.020417064428329468,0.003988306038081646,7.99582499985263
imagenet,resnet50,gradcam,ILSVRC2012_val_00023543,254,0.002,0,270999366333867741,valid,0.9995564590501483,0.9861468434593311,254,254,True,0.3786291778087616,0.36939847469329834,0.009230703115463257,0.0015855772653594613,7.890911000231426
imagenet,resnet50,gradcam,ILSVRC2012_val_00023543,254,0.002,1,6483725595163808915,valid,0.9988363049095372,0.9849683544303798,254,254,True,0.3786291778087616,0.36355215311050415,0.015077024698257446,0.001587364124134183,7.997135000096023
imagenet,resnet50,gradcam,ILSVRC2012_val_00023543,254,0.002,2,4939728852732550403,valid,0.9990427133645364,0.9932472691161867,254,254,True,0.3786291778087616,0.37488389015197754,0.0037452876567840576,0.0015851532807573676,8.038007000322978
imagenet,resnet50,gradcam,ILSVRC2012_val_00023543,254,0.002,3,4468478742456119862,valid,0.998985055252008,0.9881141045958796,254,254,True,0.3786291778087616,0.3865026533603668,0.007873475551605225,0.0015870233764871955,8.030141000290314
imagenet,resnet50,gradcam,ILSVRC2012_val_00023543,254,0.002,4,2390165699526937601,valid,0.999713685238351,0.9759795235282536,254,254,True,0.3786291778087616,0.37493589520454407,0.0036932826042175293,0.0015850361669436097,8.004743000128656
imagenet,resnet50,gradcam,ILSVRC2012_val_00023543,254,0.005,0,270999366333867741,valid,0.9962632809694613,0.9736479842674532,254,254,True,0.3786291778087616,0.3748323917388916,0.003796786069869995,0.003958440851420164,7.972815999892191
imagenet,resnet50,gradcam,ILSVRC2012_val_00023543,254,0.005,1,6483725595163808915,valid,0.9940768353376607,0.9720966791118097,254,254,True,0.3786291778087616,0.36105507612228394,0.01757410168647766,0.003962662070989609,8.004190000065137
imagenet,resnet50,gradcam,ILSVRC2012_val_00023543,254,0.005,2,4939728852732550403,valid,0.9969250048964927,0.9841834717279557,254,254,True,0.3786291778087616,0.37345781922340393,0.005171358585357666,0.003957195673137903,8.001974999842787
imagenet,resnet50,gradcam,ILSVRC2012_val_00023543,254,0.005,3,4468478742456119862,valid,0.9910437442276896,0.9682290645224554,254,254,True,0.3786291778087616,0.38940244913101196,0.010773271322250366,0.003962239250540733,8.047919000091497
imagenet,resnet50,gradcam,ILSVRC2012_val_00023543,254,0.005,4,2390165699526937601,valid,0.9970164388210915,0.9655307481394438,254,254,True,0.3786291778087616,0.37485966086387634,0.003769516944885254,0.003957102075219154,8.00753600015014
imagenet,resnet50,gradcam,ILSVRC2012_val_00023347,89,0.002,0,7881334844864196200,valid,0.9998671839171476,0.9916650128993848,89,89,True,0.4085824489593506,0.4101870656013489,0.001604616641998291,0.0015961549943313003,7.880644000124448
imagenet,resnet50,gradcam,ILSVRC2012_val_00023347,89,0.002,1,8223420927206424359,valid,0.9995467735124778,0.9900852667063256,89,89,True,0.4085824489593506,0.4002084732055664,0.00837397575378418,0.0015987470978870988,8.046834000197123
imagenet,resnet50,gradcam,ILSVRC2012_val_00023347,89,0.002,2,2108301894708548545,valid,0.9996481650926631,0.9920603414053196,89,89,True,0.4085824489593506,0.4045366644859314,0.0040457844734191895,0.0015986390644684434,8.022364999760612
imagenet,resnet50,gradcam,ILSVRC2012_val_00023347,89,0.002,3,2944429311875253943,valid,0.9996711966083505,0.9892963330029733,89,89,True,0.4085824489593506,0.41240158677101135,0.0038191378116607666,0.0015947187785059214,8.006749999822205
imagenet,resnet50,gradcam,ILSVRC2012_val_00023347,89,0.002,4,7481385728545187894,valid,0.9993014091370062,0.9964193355878257,89,89,True,0.4085824489593506,0.40185829997062683,0.006724148988723755,0.0015940481098368764,8.050231000197527
imagenet,resnet50,gradcam,ILSVRC2012_val_00023347,89,0.005,0,7881334844864196200,valid,0.9983890114874909,0.9728720267348142,89,89,True,0.4085824489593506,0.4093683660030365,0.0007859170436859131,0.00399034982547164,8.032920000005106
imagenet,resnet50,gradcam,ILSVRC2012_val_00023347,89,0.005,1,8223420927206424359,valid,0.9954573158420529,0.9690013733568766,89,89,True,0.4085824489593506,0.39834722876548767,0.010235220193862915,0.003996758721768856,8.033756999793695
imagenet,resnet50,gradcam,ILSVRC2012_val_00023347,89,0.005,2,2108301894708548545,valid,0.9974307185580973,0.9822239778787281,89,89,True,0.4085824489593506,0.39503926038742065,0.013543188571929932,0.0039965626783668995,8.019180999781383
imagenet,resnet50,gradcam,ILSVRC2012_val_00023347,89,0.005,3,2944429311875253943,valid,0.9983111316028126,0.9790968250838099,89,89,True,0.4085824489593506,0.4117376208305359,0.0031551718711853027,0.003986770287156105,7.987304999915068
imagenet,resnet50,gradcam,ILSVRC2012_val_00023347,89,0.005,4,7481385728545187894,valid,0.9963809840264857,0.9814412635735439,89,89,True,0.4085824489593506,0.3995995819568634,0.008982867002487183,0.003985045477747917,7.998313999905804
imagenet,resnet50,gradcam,ILSVRC2012_val_00011253,363,0.002,0,7969622713620301542,valid,0.9976993166342921,0.9632237871674492,363,363,True,0.16493193805217743,0.18060776591300964,0.015675827860832214,0.0015855306992307305,7.916527999896061
imagenet,resnet50,gradcam,ILSVRC2012_val_00011253,363,0.002,1,7338576340922310673,valid,0.9986155057164691,0.9510108864696734,363,363,True,0.16493193805217743,0.1984955072402954,0.03356356918811798,0.0015879531856626272,8.034567999857245
imagenet,resnet50,gradcam,ILSVRC2012_val_00011253,363,0.002,2,3200603612045899266,valid,0.9989098306817552,0.9513902391600233,363,363,True,0.16493193805217743,0.17828546464443207,0.013353526592254639,0.001583081902936101,7.996127999831515
imagenet,resnet50,gradcam,ILSVRC2012_val_00011253,363,0.002,3,9145090093729942847,valid,0.9987186052034364,0.9521493872787395,363,363,True,0.16493193805217743,0.18962767720222473,0.024695739150047302,0.0015829205513000488,7.99473000006401
imagenet,resnet50,gradcam,ILSVRC2012_val_00011253,363,0.002,4,2178187931079052202,valid,0.998850427766535,0.9900852667063256,363,363,True,0.16493193805217743,0.16807320713996887,0.003141269087791443,0.0015812442870810628,7.968419000007998
imagenet,resnet50,gradcam,ILSVRC2012_val_00011253,363,0.005,0,7969622713620301542,valid,0.987300473126122,0.8942997357493394,363,363,True,0.16493193805217743,0.26734718680381775,0.10241524875164032,0.003959124442189932,7.983961000263662
imagenet,resnet50,gradcam,ILSVRC2012_val_00011253,363,0.005,1,7338576340922310673,valid,0.9900772558000753,0.8829268292682927,363,363,True,0.16493193805217743,0.3253946006298065,0.1604626625776291,0.003965461160987616,8.00288999971599
imagenet,resnet50,gradcam,ILSVRC2012_val_00011253,363,0.005,2,3200603612045899266,valid,0.9845500491259398,0.8623121172759325,363,363,True,0.16493193805217743,0.2861555218696594,0.121223583817482,0.003952908795326948,7.9748610000933695
imagenet,resnet50,gradcam,ILSVRC2012_val_00011253,363,0.005,3,9145090093729942847,valid,0.9850040818274559,0.9018381656244078,363,363,True,0.16493193805217743,0.3217041492462158,0.1567722111940384,0.0039524477906525135,8.04470000002766
imagenet,resnet50,gradcam,ILSVRC2012_val_00011253,363,0.005,4,2178187931079052202,valid,0.9894113030075107,0.9322294955718137,363,363,True,0.16493193805217743,0.23570314049720764,0.07077120244503021,0.0039482819847762585,8.038586000111536
imagenet,densenet121,ig,ILSVRC2012_val_00012132,17,0.002,0,1240890485581281775,valid,0.7658837729206737,0.48439579943795297,17,17,True,0.9872965812683105,0.9884049892425537,0.001108407974243164,0.0015989053063094616,191.53366999989885
imagenet,densenet121,ig,ILSVRC2012_val_00012132,17,0.002,1,7809966714089166156,valid,0.7616634499802443,0.48615430179179625,17,17,True,0.9872965812683105,0.9875883460044861,0.0002917647361755371,0.001598738832399249,191.68219800030784
imagenet,densenet121,ig,ILSVRC2012_val_00012132,17,0.002,2,594568608699110832,valid,0.7673653570472854,0.4965702356099016,17,17,True,0.9872965812683105,0.9884498119354248,0.0011532306671142578,0.0015992106636986136,192.31992000004539
imagenet,densenet121,ig,ILSVRC2012_val_00012132,17,0.002,3,8272835477805138346,valid,0.7633557470479914,0.4763165636952045,17,17,True,0.9872965812683105,0.9888231754302979,0.0015265941619873047,0.0015952984103932977,191.57753999979832
imagenet,densenet121,ig,ILSVRC2012_val_00012132,17,0.002,4,5588988483984321074,valid,0.7740626850944871,0.5017207840790064,17,17,True,0.9872965812683105,0.9874399900436401,0.00014340877532958984,0.0015943965408951044,191.61143000019365
imagenet,densenet121,ig,ILSVRC2012_val_00012132,17,0.005,0,1240890485581281775,valid,0.5440772577564287,0.3254094030639197,17,17,True,0.9872965812683105,0.9897148013114929,0.002418220043182373,0.003996922168880701,191.63451500025985
imagenet,densenet121,ig,ILSVRC2012_val_00012132,17,0.005,1,7809966714089166156,valid,0.5470463658633355,0.31965811965811963,17,17,True,0.9872965812683105,0.988157331943512,0.000860750675201416,0.003996476996690035,191.78641500002414
imagenet,densenet121,ig,ILSVRC2012_val_00012132,17,0.005,2,594568608699110832,valid,0.5503049442644864,0.3343525658069662,17,17,True,0.9872965812683105,0.9906248450279236,0.003328263759613037,0.003997646272182465,192.03266099975735
imagenet,densenet121,ig,ILSVRC2012_val_00012132,17,0.005,3,8272835477805138346,valid,0.55395744241615,0.32435998944312483,17,17,True,0.9872965812683105,0.9904699325561523,0.003173351287841797,0.003987786825746298,191.60610399967481
imagenet,densenet121,ig,ILSVRC2012_val_00012132,17,0.005,4,5588988483984321074,valid,0.565710502344572,0.3347519616970342,17,17,True,0.9872965812683105,0.9883986115455627,0.0011020302772521973,0.003985461313277483,191.46512999986953
imagenet,densenet121,ig,ILSVRC2012_val_00000140,558,0.002,0,2495375757937344332,valid,0.9286757173818538,0.7918228887698625,251,251,True,8.067062253758195e-07,7.932931112009101e-07,1.3413114174909424e-08,0.001592604094184935,191.37545800003863
imagenet,densenet121,ig,ILSVRC2012_val_00000140,558,0.002,1,8258382046345720994,valid,0.9330114194083384,0.7883107626514612,251,251,True,8.067062253758195e-07,8.881236794877623e-07,8.141745411194279e-08,0.001592768239788711,192.1034349998081
imagenet,densenet121,ig,ILSVRC2012_val_00000140,558,0.002,2,1986566169149637064,valid,0.9315422500206555,0.7851298470295268,251,251,True,8.067062253758195e-07,8.084728051471757e-07,1.7665797713561915e-09,0.001594298635609448,191.54741299962552
imagenet,densenet121,ig,ILSVRC2012_val_00000140,558,0.002,3,781331182807300414,valid,0.9324811485543911,0.7864008543965824,251,251,True,8.067062253758195e-07,8.06463049229933e-07,2.431761458865367e-10,0.0015953154070302844,191.55642099985926
imagenet,densenet121,ig,ILSVRC2012_val_00000140,558,0.002,4,821512256087617785,valid,0.9308804792513141,0.7800638524299397,251,251,True,8.067062253758195e-07,8.074139827840554e-07,7.077574082359206e-10,0.0015968169318512082,191.47493500031487
imagenet,densenet121,ig,ILSVRC2012_val_00000140,558,0.005,0,2495375757937344332,valid,0.8273420991095427,0.6433600785983298,251,251,True,8.067062253758195e-07,7.783060596011637e-07,2.840016577465576e-08,0.003977824002504349,191.5229190003629
imagenet,densenet121,ig,ILSVRC2012_val_00000140,558,0.005,1,8258382046345720994,valid,0.8334853654816111,0.6474064346684176,251,251,True,8.067062253758195e-07,9.941096550392103e-07,1.8740342966339085e-07,0.0039786482229828835,191.56418500006112
imagenet,densenet121,ig,ILSVRC2012_val_00000140,558,0.005,2,1986566169149637064,valid,0.8330478017745984,0.6482180982098866,251,251,True,8.067062253758195e-07,9.404898264619987e-07,1.3378360108617926e-07,0.003982102498412132,191.48923000011564
imagenet,densenet121,ig,ILSVRC2012_val_00000140,558,0.005,3,781331182807300414,valid,0.8339622012477896,0.646865769609452,251,251,True,8.067062253758195e-07,8.319953508362232e-07,2.528912546040374e-08,0.003985240124166012,191.50679800031867
imagenet,densenet121,ig,ILSVRC2012_val_00000140,558,0.005,4,821512256087617785,valid,0.8360117675062242,0.6613143519284886,251,251,True,8.067062253758195e-07,8.249937764048809e-07,1.8287551029061433e-08,0.003987926058471203,191.40417699964019
imagenet,densenet121,ig,ILSVRC2012_val_00031295,237,0.002,0,7260055080022824154,valid,0.8882130680797109,0.6673866090712743,237,237,True,0.9356824159622192,0.9464380741119385,0.010755658149719238,0.0015966728096827865,191.5690809996704
imagenet,densenet121,ig,ILSVRC2012_val_00031295,237,0.002,1,6830589745658477501,valid,0.8921665303186217,0.6607645209333113,237,237,True,0.9356824159622192,0.9337937235832214,0.0018886923789978027,0.0015960877062752843,191.43173000020397
imagenet,densenet121,ig,ILSVRC2012_val_00031295,237,0.002,2,5572588514906466611,valid,0.8912506622063749,0.6707174962543699,237,237,True,0.9356824159622192,0.9336382746696472,0.0020441412925720215,0.0015926180640235543,191.6004839999914
imagenet,densenet121,ig,ILSVRC2012_val_00031295,237,0.002,3,7784788833784456437,valid,0.890278192020726,0.6737825216811207,237,237,True,0.9356824159622192,0.9291057586669922,0.006576657295227051,0.0015937720891088247,191.50272300021243
imagenet,densenet121,ig,ILSVRC2012_val_00031295,237,0.002,4,205616704339721179,valid,0.8937336733358462,0.6765786835950551,237,237,True,0.9356824159622192,0.935049295425415,0.0006331205368041992,0.0015959908487275243,192.1105080000416
imagenet,densenet121,ig,ILSVRC2012_val_00031295,237,0.005,0,7260055080022824154,valid,0.7526323976724666,0.5084924094393507,237,237,True,0.9356824159622192,0.959449052810669,0.023766636848449707,0.003991680685430765,191.5177840000979
imagenet,densenet121,ig,ILSVRC2012_val_00031295,237,0.005,1,6830589745658477501,valid,0.7489331906782627,0.5046476761619191,237,237,True,0.9356824159622192,0.9355353713035583,0.00014704465866088867,0.003990218974649906,191.45586900003764
imagenet,densenet121,ig,ILSVRC2012_val_00031295,237,0.005,2,5572588514906466611,valid,0.7498548685832152,0.5014961101137043,237,237,True,0.9356824159622192,0.9349977374076843,0.0006846785545349121,0.003981485962867737,191.46796500035634
imagenet,densenet121,ig,ILSVRC2012_val_00031295,237,0.005,3,7784788833784456437,valid,0.7484381437029409,0.515325381247169,237,237,True,0.9356824159622192,0.9282420873641968,0.007440328598022461,0.003984395414590836,191.5023139999903
imagenet,densenet121,ig,ILSVRC2012_val_00031295,237,0.005,4,205616704339721179,valid,0.7568419705059074,0.5196850393700787,237,237,True,0.9356824159622192,0.9356065392494202,7.587671279907227e-05,0.003989964723587036,192.32207499999276
imagenet,densenet121,ig,ILSVRC2012_val_00004300,330,0.002,0,2062959023804323395,valid,0.9550019958327304,0.7554661535770509,330,330,True,0.8613166213035583,0.8583742380142212,0.002942383289337158,0.001590290805324912,191.50817200033998
imagenet,densenet121,ig,ILSVRC2012_val_00004300,330,0.002,1,1730914782129674652,valid,0.9531582651495213,0.752400907979745,330,330,True,0.8613166213035583,0.8629963994026184,0.0016797780990600586,0.0015986295184120536,191.48071199970218
imagenet,densenet121,ig,ILSVRC2012_val_00004300,330,0.002,2,2230829393384523700,valid,0.9545442904220969,0.7684581497797357,330,330,True,0.8613166213035583,0.8574711084365845,0.003845512866973877,0.001593650784343481,191.43170200004533
imagenet,densenet121,ig,ILSVRC2012_val_00004300,330,0.002,3,2370168859087342904,valid,0.9539566464601912,0.7585421412300684,330,330,True,0.8613166213035583,0.8608508110046387,0.00046581029891967773,0.0015901527367532253,192.06428100005724
imagenet,densenet121,ig,ILSVRC2012_val_00004300,330,0.002,4,9172714801131829905,valid,0.9546021026911298,0.7520949720670391,330,330,True,0.8613166213035583,0.8613135814666748,3.039836883544922e-06,0.0015974178677424788,191.50724299970534
imagenet,densenet121,ig,ILSVRC2012_val_00004300,330,0.005,0,2062959023804323395,valid,0.8744679396469995,0.6093649775497113,330,330,True,0.8613166213035583,0.8552923202514648,0.006024301052093506,0.003975726664066315,191.5235860001303
imagenet,densenet121,ig,ILSVRC2012_val_00004300,330,0.005,1,1730914782129674652,valid,0.8703402009797049,0.604989604989605,330,330,True,0.8613166213035583,0.878758430480957,0.01744180917739868,0.003996573854237795,191.38135699995473
imagenet,densenet121,ig,ILSVRC2012_val_00004300,330,0.005,2,2230829393384523700,valid,0.8724190638587725,0.6114322414900449,330,330,True,0.8613166213035583,0.8517773151397705,0.009539306163787842,0.003984126728028059,192.03015499988396
imagenet,densenet121,ig,ILSVRC2012_val_00004300,330,0.005,3,2370168859087342904,valid,0.869240047837531,0.6042199488491049,330,330,True,0.8613166213035583,0.8633280396461487,0.002011418342590332,0.00397538160905242,191.4600079999218
imagenet,densenet121,ig,ILSVRC2012_val_00004300,330,0.005,4,9172714801131829905,valid,0.8713413317434132,0.6052463211772233,330,330,True,0.8613166213035583,0.8593220114707947,0.001994609832763672,0.003993544261902571,191.48017999987132
imagenet,densenet121,ig,ILSVRC2012_val_00007011,140,0.002,0,8693357588706766936,valid,0.8765394117278344,0.6129861780777885,140,140,True,0.9624544978141785,0.9625443816184998,8.988380432128906e-05,0.001594050438143313,191.44559699998354
imagenet,densenet121,ig,ILSVRC2012_val_00007011,140,0.002,1,7795033858281793546,valid,0.8745559750619352,0.6111735431048322,140,140,True,0.9624544978141785,0.9630807042121887,0.0006262063980102539,0.001598520902916789,191.95815400007632
imagenet,densenet121,ig,ILSVRC2012_val_00007011,140,0.002,2,2820880621722301505,valid,0.8742871408012313,0.6062740076824584,140,140,True,0.9624544978141785,0.963154673576355,0.0007001757621765137,0.0015923784812912345,191.43666799982384
imagenet,densenet121,ig,ILSVRC2012_val_00007011,140,0.002,3,9156189342167126515,valid,0.8760496212092754,0.6093649775497113,140,140,True,0.9624544978141785,0.9637264013290405,0.0012719035148620605,0.0015983044868335128,191.43884999994043
imagenet,densenet121,ig,ILSVRC2012_val_00007011,140,0.002,4,2817173590254193893,valid,0.873397329859101,0.5973261180964508,140,140,True,0.9624544978141785,0.9643107056617737,0.0018562078475952148,0.001594396075233817,191.43830900020475
imagenet,densenet121,ig,ILSVRC2012_val_00007011,140,0.005,0,8693357588706766936,valid,0.7174723945037493,0.4394721744119334,140,140,True,0.9624544978141785,0.9652203917503357,0.0027658939361572266,0.003985125571489334,191.41491700020197
imagenet,densenet121,ig,ILSVRC2012_val_00007011,140,0.005,1,7795033858281793546,valid,0.7255370676132372,0.45112781954887216,140,140,True,0.9624544978141785,0.9671617746353149,0.004707276821136475,0.003996301908046007,192.03586499997982
imagenet,densenet121,ig,ILSVRC2012_val_00007011,140,0.005,2,2820880621722301505,valid,0.7247524837641576,0.43926573928008034,140,140,True,0.9624544978141785,0.9664304852485657,0.003975987434387207,0.003980946261435747,191.39983900004154
imagenet,densenet121,ig,ILSVRC2012_val_00007011,140,0.005,3,9156189342167126515,valid,0.7285125486637719,0.4473608306893568,140,140,True,0.9624544978141785,0.9676130414009094,0.005158543586730957,0.0039957608096301556,191.5293179999935
imagenet,densenet121,ig,ILSVRC2012_val_00007011,140,0.005,4,2817173590254193893,valid,0.72090567759008,0.4396786687706211,140,140,True,0.9624544978141785,0.9684837460517883,0.006029248237609863,0.003985989838838577,191.48567199999889
imagenet,densenet121,ig,ILSVRC2012_val_00008228,381,0.002,0,4154338444683056573,valid,0.9287659465879332,0.7475187184398399,381,381,True,0.6121732592582703,0.6101403832435608,0.0020328760147094727,0.0015822736313566566,192.11270799996782
imagenet,densenet121,ig,ILSVRC2012_val_00008228,381,0.002,1,8968172922966999441,valid,0.9320623385248048,0.7570028011204482,381,381,True,0.6121732592582703,0.612399697303772,0.00022643804550170898,0.0015844737645238638,191.55282100018667
imagenet,densenet121,ig,ILSVRC2012_val_00008228,381,0.002,2,4537400942497270551,valid,0.9298561579893245,0.7504359958144402,381,381,True,0.6121732592582703,0.5988840460777283,0.013289213180541992,0.0015869915951043367,191.48356499999863
imagenet,densenet121,ig,ILSVRC2012_val_00008228,381,0.002,3,650350537098486573,valid,0.9343887587016694,0.7560804899387576,381,381,True,0.6121732592582703,0.6172009110450745,0.005027651786804199,0.0015827693277969956,191.46048600032373
imagenet,densenet121,ig,ILSVRC2012_val_00008228,381,0.002,4,4634637524913072090,valid,0.9338756586704935,0.7514834205933683,381,381,True,0.6121732592582703,0.6189084053039551,0.0067351460456848145,0.001579690258949995,191.48122600017814
imagenet,densenet121,ig,ILSVRC2012_val_00008228,381,0.005,0,4154338444683056573,valid,0.8497370445884662,0.6078180070490228,381,381,True,0.6121732592582703,0.6266267895698547,0.014453530311584473,0.003944521304219961,191.5752230001999
imagenet,densenet121,ig,ILSVRC2012_val_00008228,381,0.005,1,8968172922966999441,valid,0.855230453272305,0.6221108776466785,381,381,True,0.6121732592582703,0.6158765554428101,0.003703296184539795,0.0039505683816969395,191.46898300004978
imagenet,densenet121,ig,ILSVRC2012_val_00008228,381,0.005,2,4537400942497270551,valid,0.8526835766769679,0.6192320103259116,381,381,True,0.6121732592582703,0.5847733020782471,0.027399957180023193,0.003956777509301901,191.68553199961025
imagenet,densenet121,ig,ILSVRC2012_val_00008228,381,0.005,3,650350537098486573,valid,0.8543489351270017,0.6176660219213411,381,381,True,0.6121732592582703,0.6329553723335266,0.020782113075256348,0.003946382086724043,191.63380700001653
imagenet,densenet121,ig,ILSVRC2012_val_00008228,381,0.005,4,4634637524913072090,valid,0.8530996257391563,0.6042199488491049,381,381,True,0.6121732592582703,0.6317915916442871,0.019618332386016846,0.003938153851777315,192.08986900002856
imagenet,densenet121,ig,ILSVRC2012_val_00016006,732,0.002,0,2689331499638741690,valid,0.8357986548398223,0.5902392647757883,732,732,True,0.9732236862182617,0.9775201678276062,0.004296481609344482,0.001597630325704813,191.4690620001238
imagenet,densenet121,ig,ILSVRC2012_val_00016006,732,0.002,1,8580294959909415158,valid,0.8282784396413749,0.5767478397486253,732,732,True,0.9732236862182617,0.9748910665512085,0.0016673803329467773,0.0015994274290278554,191.87527399981263
imagenet,densenet121,ig,ILSVRC2012_val_00016006,732,0.002,2,9114965582325127640,valid,0.8319182771291631,0.5877234614776143,732,732,True,0.9732236862182617,0.9738792181015015,0.0006555318832397461,0.0015923782484605908,191.59596300005433
imagenet,densenet121,ig,ILSVRC2012_val_00016006,732,0.002,3,6003814197834614244,valid,0.8294482502932319,0.5862177967441126,732,732,True,0.9732236862182617,0.9750771522521973,0.0018534660339355469,0.0016018679598346353,192.16840599983698
imagenet,densenet121,ig,ILSVRC2012_val_00016006,732,0.002,4,2271394598789847604,valid,0.836671161508444,0.5912478198826701,732,732,True,0.9732236862182617,0.9745003581047058,0.0012766718864440918,0.0015963853802531958,191.59748499987472
imagenet,densenet121,ig,ILSVRC2012_val_00016006,732,0.005,0,2689331499638741690,valid,0.6611395476060812,0.4349442379182156,732,732,True,0.9732236862182617,0.9789811968803406,0.005757510662078857,0.003991495352238417,191.53749399993103
imagenet,densenet121,ig,ILSVRC2012_val_00016006,732,0.005,1,8580294959909415158,valid,0.6540885452941215,0.42395005675368896,732,732,True,0.9732236862182617,0.9758368730545044,0.0026131868362426758,0.003996087703853846,191.63861000015459
imagenet,densenet121,ig,ILSVRC2012_val_00016006,732,0.005,2,9114965582325127640,valid,0.6477174845473385,0.4253657150972873,732,732,True,0.9732236862182617,0.9754805564880371,0.0022568702697753906,0.003978316206485033,191.75275599991437
imagenet,densenet121,ig,ILSVRC2012_val_00016006,732,0.005,3,6003814197834614244,valid,0.6574210974653046,0.4237480493687048,732,732,True,0.9732236862182617,0.9771615862846375,0.003937900066375732,0.004002221394330263,192.3081140002978
imagenet,densenet121,ig,ILSVRC2012_val_00016006,732,0.005,4,2271394598789847604,valid,0.6645137225317542,0.43391913130447207,732,732,True,0.9732236862182617,0.9739524722099304,0.0007287859916687012,0.003988306038081646,191.50543600017045
imagenet,densenet121,ig,ILSVRC2012_val_00023543,254,0.002,0,270999366333867741,valid,0.9082222472466043,0.7129202935654548,254,254,True,0.979292631149292,0.9801715612411499,0.0008789300918579102,0.0015855772653594613,191.3465770003313
imagenet,densenet121,ig,ILSVRC2012_val_00023543,254,0.002,1,6483725595163808915,valid,0.8999050788198246,0.7062223733424006,254,254,True,0.979292631149292,0.9798060059547424,0.0005133748054504395,0.001587364124134183,191.47926499999812
imagenet,densenet121,ig,ILSVRC2012_val_00023543,254,0.002,2,4939728852732550403,valid,0.908128110783636,0.7199657240788346,254,254,True,0.979292631149292,0.9793088436126709,1.621246337890625e-05,0.0015851532807573676,192.16230900019582
imagenet,densenet121,ig,ILSVRC2012_val_00023543,254,0.002,3,4468478742456119862,valid,0.9022727184474073,0.718787463606782,254,254,True,0.979292631149292,0.9790157079696655,0.00027692317962646484,0.0015870233764871955,191.67634799987354
imagenet,densenet121,ig,ILSVRC2012_val_00023543,254,0.002,4,2390165699526937601,valid,0.9016456980822279,0.7039049235993209,254,254,True,0.979292631149292,0.9799267649650574,0.0006341338157653809,0.0015850361669436097,191.48122099977627
imagenet,densenet121,ig,ILSVRC2012_val_00023543,254,0.005,0,270999366333867741,valid,0.7818815530624291,0.5547637490317583,254,254,True,0.979292631149292,0.9806033968925476,0.0013107657432556152,0.003958440851420164,191.4217829998961
imagenet,densenet121,ig,ILSVRC2012_val_00023543,254,0.005,1,6483725595163808915,valid,0.7695731933097123,0.5413914913223775,254,254,True,0.979292631149292,0.9805539846420288,0.0012613534927368164,0.003962662070989609,191.5258519998133
imagenet,densenet121,ig,ILSVRC2012_val_00023543,254,0.005,2,4939728852732550403,valid,0.7819193934519726,0.5588692140416278,254,254,True,0.979292631149292,0.9782537221908569,0.0010389089584350586,0.003957195673137903,191.48819900010494
imagenet,densenet121,ig,ILSVRC2012_val_00023543,254,0.005,3,4468478742456119862,valid,0.7796285269852669,0.5497220506485485,254,254,True,0.979292631149292,0.9776418805122375,0.0016507506370544434,0.003962239250540733,191.45559799972034
imagenet,densenet121,ig,ILSVRC2012_val_00023543,254,0.005,4,2390165699526937601,valid,0.7832093445745631,0.5523588553750967,254,254,True,0.979292631149292,0.9798510670661926,0.0005584359169006348,0.003957102075219154,191.4058710003701
imagenet,densenet121,ig,ILSVRC2012_val_00023347,89,0.002,0,7881334844864196200,valid,0.8912987744701031,0.6944116157352693,89,89,True,0.9743596315383911,0.9728869795799255,0.0014726519584655762,0.0015961549943313003,192.07977199994275
imagenet,densenet121,ig,ILSVRC2012_val_00023347,89,0.002,1,8223420927206424359,valid,0.891503536370904,0.694983955412937,89,89,True,0.9743596315383911,0.975324809551239,0.0009651780128479004,0.0015987470978870988,191.48359900009382
imagenet,densenet121,ig,ILSVRC2012_val_00023347,89,0.002,2,2108301894708548545,valid,0.8941254727770979,0.702459711620017,89,89,True,0.9743596315383911,0.9743137955665588,4.583597183227539e-05,0.0015986390644684434,191.46024499968917
imagenet,densenet121,ig,ILSVRC2012_val_00023347,89,0.002,3,2944429311875253943,valid,0.8937558521226526,0.6875735665041197,89,89,True,0.9743596315383911,0.9745917916297913,0.00023216009140014648,0.0015947187785059214,191.46493400012332
imagenet,densenet121,ig,ILSVRC2012_val_00023347,89,0.002,4,7481385728545187894,valid,0.8936579438764796,0.6878573831146989,89,89,True,0.9743596315383911,0.975088357925415,0.0007287263870239258,0.0015940481098368764,191.55009699989023
imagenet,densenet121,ig,ILSVRC2012_val_00023347,89,0.005,0,7881334844864196200,valid,0.7605759039349075,0.5454265475823837,89,89,True,0.9743596315383911,0.9703872799873352,0.003972351551055908,0.00399034982547164,192.2922630001267
imagenet,densenet121,ig,ILSVRC2012_val_00023347,89,0.005,1,8223420927206424359,valid,0.7535893947224913,0.5447129444358935,89,89,True,0.9743596315383911,0.9738757014274597,0.0004839301109313965,0.003996758721768856,191.52405800014094
imagenet,densenet121,ig,ILSVRC2012_val_00023347,89,0.005,2,2108301894708548545,valid,0.7604126542697665,0.5540414989160731,89,89,True,0.9743596315383911,0.9747672080993652,0.0004075765609741211,0.0039965626783668995,191.46179000017582
imagenet,densenet121,ig,ILSVRC2012_val_00023347,89,0.005,3,2944429311875253943,valid,0.7543398464021123,0.5399723799294154,89,89,True,0.9743596315383911,0.9772486090660095,0.002888977527618408,0.003986770287156105,191.48362700025245
imagenet,densenet121,ig,ILSVRC2012_val_00023347,89,0.005,4,7481385728545187894,valid,0.7644785593838861,0.5461408103527962,89,89,True,0.9743596315383911,0.9761589169502258,0.0017992854118347168,0.003985045477747917,191.4919060000102
imagenet,densenet121,ig,ILSVRC2012_val_00011253,363,0.002,0,7969622713620301542,valid,0.9472099412087428,0.8320554947060971,104,104,True,0.03567151352763176,0.034077033400535583,0.0015944801270961761,0.0015855306992307305,191.49121200007357
imagenet,densenet121,ig,ILSVRC2012_val_00011253,363,0.002,1,7338576340922310673,valid,0.9439802717701224,0.8240639767357325,104,104,True,0.03567151352763176,0.038086093962192535,0.0024145804345607758,0.0015879531856626272,191.49862499989467
imagenet,densenet121,ig,ILSVRC2012_val_00011253,363,0.002,2,3200603612045899266,valid,0.9443902334106444,0.8171283722614521,104,104,True,0.03567151352763176,0.03801147639751434,0.0023399628698825836,0.001583081902936101,191.81615400020746
imagenet,densenet121,ig,ILSVRC2012_val_00011253,363,0.002,3,9145090093729942847,valid,0.9434481551657247,0.8141720896601591,104,104,True,0.03567151352763176,0.03241410478949547,0.0032574087381362915,0.0015829205513000488,191.46286500017595
imagenet,densenet121,ig,ILSVRC2012_val_00011253,363,0.002,4,2178187931079052202,valid,0.9495503332119865,0.8297174111212398,104,104,True,0.03567151352763176,0.031194807961583138,0.004476705566048622,0.0015812442870810628,192.0133869998608
imagenet,densenet121,ig,ILSVRC2012_val_00011253,363,0.005,0,7969622713620301542,valid,0.8737409308321412,0.7111679454390452,104,104,True,0.03567151352763176,0.02666577324271202,0.009005740284919739,0.003959124442189932,191.60873400005585
imagenet,densenet121,ig,ILSVRC2012_val_00011253,363,0.005,1,7338576340922310673,valid,0.8685032282044864,0.7073834637631847,104,104,True,0.03567151352763176,0.04016920179128647,0.004497688263654709,0.003965461160987616,191.41381500003263
imagenet,densenet121,ig,ILSVRC2012_val_00011253,363,0.005,2,3200603612045899266,valid,0.8704474999447442,0.7082553191489361,104,104,True,0.03567151352763176,0.02804192155599594,0.0076295919716358185,0.003952908795326948,191.50508300026559
imagenet,densenet121,ig,ILSVRC2012_val_00011253,363,0.005,3,9145090093729942847,valid,0.8736876043089036,0.7065124978745111,104,104,True,0.03567151352763176,0.020469335839152336,0.015202177688479424,0.0039524477906525135,191.46102699960466
imagenet,densenet121,ig,ILSVRC2012_val_00011253,363,0.005,4,2178187931079052202,valid,0.8780008394324441,0.7173169062286106,104,104,True,0.03567151352763176,0.018753521144390106,0.016917992383241653,0.0039482819847762585,191.48708800003078
imagenet,densenet121,gradcam,ILSVRC2012_val_00012132,17,0.002,0,1240890485581281775,valid,0.999719370133419,0.9869332805385073,17,17,True,0.9872965812683105,0.9884049892425537,0.001108407974243164,0.0015989053063094616,19.370134999917354
imagenet,densenet121,gradcam,ILSVRC2012_val_00012132,17,0.002,1,7809966714089166156,valid,0.9998509340385185,0.9849683544303798,17,17,True,0.9872965812683105,0.9875883460044861,0.0002917647361755371,0.001598738832399249,19.495356999868818
imagenet,densenet121,gradcam,ILSVRC2012_val_00012132,17,0.002,2,594568608699110832,valid,0.9998351391815529,0.9892963330029733,17,17,True,0.9872965812683105,0.9884498119354248,0.0011532306671142578,0.0015992106636986136,19.470423000257142
imagenet,densenet121,gradcam,ILSVRC2012_val_00012132,17,0.002,3,8272835477805138346,valid,0.9998699875912023,0.9865399841646872,17,17,True,0.9872965812683105,0.9888231754302979,0.0015265941619873047,0.0015952984103932977,19.454191000022547
imagenet,densenet121,gradcam,ILSVRC2012_val_00012132,17,0.002,4,5588988483984321074,valid,0.9997986490172067,0.9869332805385073,17,17,True,0.9872965812683105,0.9874399900436401,0.00014340877532958984,0.0015943965408951044,19.400667999889265
imagenet,densenet121,gradcam,ILSVRC2012_val_00012132,17,0.005,0,1240890485581281775,valid,0.9987723611428657,0.9775369458128079,17,17,True,0.9872965812683105,0.9897148013114929,0.002418220043182373,0.003996922168880701,19.388960000014777
imagenet,densenet121,gradcam,ILSVRC2012_val_00012132,17,0.005,1,7809966714089166156,valid,0.9993001092691198,0.9647611589663273,17,17,True,0.9872965812683105,0.988157331943512,0.000860750675201416,0.003996476996690035,19.39738800001578
imagenet,densenet121,gradcam,ILSVRC2012_val_00012132,17,0.005,2,594568608699110832,valid,0.9988755334375571,0.9651458782063834,17,17,True,0.9872965812683105,0.9906248450279236,0.003328263759613037,0.003997646272182465,19.4866820002062
imagenet,densenet121,gradcam,ILSVRC2012_val_00012132,17,0.005,3,8272835477805138346,valid,0.9995403097723105,0.9709347996857817,17,17,True,0.9872965812683105,0.9904699325561523,0.003173351287841797,0.003987786825746298,19.428531999892584
imagenet,densenet121,gradcam,ILSVRC2012_val_00012132,17,0.005,4,5588988483984321074,valid,0.9989261261798966,0.9740361919748229,17,17,True,0.9872965812683105,0.9883986115455627,0.0011020302772521973,0.003985461313277483,19.567075000395562
imagenet,densenet121,gradcam,ILSVRC2012_val_00000140,558,0.002,0,2495375757937344332,valid,0.9985786257643814,0.8442035642109131,251,251,True,8.067062253758195e-07,7.932931112009101e-07,1.3413114174909424e-08,0.001592604094184935,19.27779700008614
imagenet,densenet121,gradcam,ILSVRC2012_val_00000140,558,0.002,1,8258382046345720994,valid,0.9992672687845402,0.9138062547673532,251,251,True,8.067062253758195e-07,8.881236794877623e-07,8.141745411194279e-08,0.001592768239788711,19.419112999912613
imagenet,densenet121,gradcam,ILSVRC2012_val_00000140,558,0.002,2,1986566169149637064,valid,0.998952176217419,0.9036418816388467,251,251,True,8.067062253758195e-07,8.084728051471757e-07,1.7665797713561915e-09,0.001594298635609448,19.445658000222465
imagenet,densenet121,gradcam,ILSVRC2012_val_00000140,558,0.002,3,781331182807300414,valid,0.9992271834938246,0.9040030354771391,251,251,True,8.067062253758195e-07,8.06463049229933e-07,2.431761458865367e-10,0.0015953154070302844,19.3849060001412
imagenet,densenet121,gradcam,ILSVRC2012_val_00000140,558,0.002,4,821512256087617785,valid,0.9992684269911948,0.9314857582755967,251,251,True,8.067062253758195e-07,8.074139827840554e-07,7.077574082359206e-10,0.0015968169318512082,19.49097900023844
imagenet,densenet121,gradcam,ILSVRC2012_val_00000140,558,0.005,0,2495375757937344332,valid,0.9898331734188218,0.6859254282835069,251,251,True,8.067062253758195e-07,7.783060596011637e-07,2.840016577465576e-08,0.003977824002504349,19.40482800000609
imagenet,densenet121,gradcam,ILSVRC2012_val_00000140,558,0.005,1,8258382046345720994,valid,0.9913322255852808,0.7718926553672316,251,251,True,8.067062253758195e-07,9.941096550392103e-07,1.8740342966339085e-07,0.0039786482229828835,19.426120999924024
imagenet,densenet121,gradcam,ILSVRC2012_val_00000140,558,0.005,2,1986566169149637064,valid,0.9853833646304376,0.8354059985369422,251,251,True,8.067062253758195e-07,9.404898264619987e-07,1.3378360108617926e-07,0.003982102498412132,19.472769999993034
imagenet,densenet121,gradcam,ILSVRC2012_val_00000140,558,0.005,3,781331182807300414,valid,0.9859361996579392,0.8313868613138686,251,251,True,8.067062253758195e-07,8.319953508362232e-07,2.528912546040374e-08,0.003985240124166012,19.40004100015358
imagenet,densenet121,gradcam,ILSVRC2012_val_00000140,558,0.005,4,821512256087617785,valid,0.991993536532603,0.8207547169811321,251,251,True,8.067062253758195e-07,8.249937764048809e-07,1.8287551029061433e-08,0.003987926058471203,19.454378000318684
imagenet,densenet121,gradcam,ILSVRC2012_val_00031295,237,0.002,0,7260055080022824154,valid,0.9999592223515453,0.9881141045958796,237,237,True,0.9356824159622192,0.9464380741119385,0.010755658149719238,0.0015966728096827865,19.41055099996447
imagenet,densenet121,gradcam,ILSVRC2012_val_00031295,237,0.002,1,6830589745658477501,valid,0.999967859769319,0.9932472691161867,237,237,True,0.9356824159622192,0.9337937235832214,0.0018886923789978027,0.0015960877062752843,19.526498999766773
imagenet,densenet121,gradcam,ILSVRC2012_val_00031295,237,0.002,2,5572588514906466611,valid,0.999943177132238,0.9960222752585521,237,237,True,0.9356824159622192,0.9336382746696472,0.0020441412925720215,0.0015926180640235543,19.45233799960988
imagenet,densenet121,gradcam,ILSVRC2012_val_00031295,237,0.002,3,7784788833784456437,valid,0.9999719953267738,0.994435612082671,237,237,True,0.9356824159622192,0.9291057586669922,0.006576657295227051,0.0015937720891088247,19.474407999950927
imagenet,densenet121,gradcam,ILSVRC2012_val_00031295,237,0.002,4,205616704339721179,valid,0.9999825414956395,0.9972139303482587,237,237,True,0.9356824159622192,0.935049295425415,0.0006331205368041992,0.0015959908487275243,19.51520199963852
imagenet,densenet121,gradcam,ILSVRC2012_val_00031295,237,0.005,0,7260055080022824154,valid,0.999832987514341,0.9857538583300356,237,237,True,0.9356824159622192,0.959449052810669,0.023766636848449707,0.003991680685430765,19.461582000076305
imagenet,densenet121,gradcam,ILSVRC2012_val_00031295,237,0.005,1,6830589745658477501,valid,0.9998728550377944,0.9904799682665609,237,237,True,0.9356824159622192,0.9355353713035583,0.00014704465866088867,0.003990218974649906,19.578967999677843
imagenet,densenet121,gradcam,ILSVRC2012_val_00031295,237,0.005,2,5572588514906466611,valid,0.9997155401977633,0.9853610286844708,237,237,True,0.9356824159622192,0.9349977374076843,0.0006846785545349121,0.003981485962867737,19.535105000159092
imagenet,densenet121,gradcam,ILSVRC2012_val_00031295,237,0.005,3,7784788833784456437,valid,0.9997994571943533,0.9810501381760758,237,237,True,0.9356824159622192,0.9282420873641968,0.007440328598022461,0.003984395414590836,19.49847800005955
imagenet,densenet121,gradcam,ILSVRC2012_val_00031295,237,0.005,4,205616704339721179,valid,0.9999711285051495,0.994435612082671,237,237,True,0.9356824159622192,0.9356065392494202,7.587671279907227e-05,0.003989964723587036,19.522744999903807
imagenet,densenet121,gradcam,ILSVRC2012_val_00004300,330,0.002,0,2062959023804323395,valid,0.9999546599363974,0.9916650128993848,330,330,True,0.8613166213035583,0.8583742380142212,0.002942383289337158,0.001590290805324912,19.38962199983507
imagenet,densenet121,gradcam,ILSVRC2012_val_00004300,330,0.002,1,1730914782129674652,valid,0.9999291870388359,0.9952286282306163,330,330,True,0.8613166213035583,0.8629963994026184,0.0016797780990600586,0.0015986295184120536,19.47393499995087
imagenet,densenet121,gradcam,ILSVRC2012_val_00004300,330,0.002,2,2230829393384523700,valid,0.9999066276329867,0.988508024569051,330,330,True,0.8613166213035583,0.8574711084365845,0.003845512866973877,0.001593650784343481,19.510640000135027
imagenet,densenet121,gradcam,ILSVRC2012_val_00004300,330,0.002,3,2370168859087342904,valid,0.999948476819466,0.9960222752585521,330,330,True,0.8613166213035583,0.8608508110046387,0.00046581029891967773,0.0015901527367532253,19.463315999928454
imagenet,densenet121,gradcam,ILSVRC2012_val_00004300,330,0.002,4,9172714801131829905,valid,0.9999553688173526,0.99245582688108,330,330,True,0.8613166213035583,0.8613135814666748,3.039836883544922e-06,0.0015974178677424788,19.4741969999086
imagenet,densenet121,gradcam,ILSVRC2012_val_00004300,330,0.005,0,2062959023804323395,valid,0.9996703932755625,0.983399209486166,330,330,True,0.8613166213035583,0.8552923202514648,0.006024301052093506,0.003975726664066315,19.502921999901446
imagenet,densenet121,gradcam,ILSVRC2012_val_00004300,330,0.005,1,1730914782129674652,valid,0.9996575136769372,0.99245582688108,330,330,True,0.8613166213035583,0.878758430480957,0.01744180917739868,0.003996573854237795,19.505717999891203
imagenet,densenet121,gradcam,ILSVRC2012_val_00004300,330,0.005,2,2230829393384523700,valid,0.9994066774268072,0.9767579279101832,330,330,True,0.8613166213035583,0.8517773151397705,0.009539306163787842,0.003984126728028059,19.466994000140403
imagenet,densenet121,gradcam,ILSVRC2012_val_00004300,330,0.005,3,2370168859087342904,valid,0.9996460542404708,0.9952286282306163,330,330,True,0.8613166213035583,0.8633280396461487,0.002011418342590332,0.00397538160905242,19.527551000010135
imagenet,densenet121,gradcam,ILSVRC2012_val_00004300,330,0.005,4,9172714801131829905,valid,0.9997432226218849,0.9818325434439179,330,330,True,0.8613166213035583,0.8593220114707947,0.001994609832763672,0.003993544261902571,19.651316000363295
imagenet,densenet121,gradcam,ILSVRC2012_val_00007011,140,0.002,0,8693357588706766936,valid,0.9998974299260602,0.994435612082671,140,140,True,0.9624544978141785,0.9625443816184998,8.988380432128906e-05,0.001594050438143313,19.37119399963194
imagenet,densenet121,gradcam,ILSVRC2012_val_00007011,140,0.002,1,7795033858281793546,valid,0.9999550740377613,0.9932472691161867,140,140,True,0.9624544978141785,0.9630807042121887,0.0006262063980102539,0.001598520902916789,19.525909000094543
imagenet,densenet121,gradcam,ILSVRC2012_val_00007011,140,0.002,2,2820880621722301505,valid,0.9999128679473697,0.99245582688108,140,140,True,0.9624544978141785,0.963154673576355,0.0007001757621765137,0.0015923784812912345,19.548278999991453
imagenet,densenet121,gradcam,ILSVRC2012_val_00007011,140,0.002,3,9156189342167126515,valid,0.9999540444542753,0.9956253728375423,140,140,True,0.9624544978141785,0.9637264013290405,0.0012719035148620605,0.0015983044868335128,19.495420000112063
imagenet,densenet121,gradcam,ILSVRC2012_val_00007011,140,0.002,4,2817173590254193893,valid,0.9999435033530698,0.9920603414053196,140,140,True,0.9624544978141785,0.9643107056617737,0.0018562078475952148,0.001594396075233817,19.487310999920737
imagenet,densenet121,gradcam,ILSVRC2012_val_00007011,140,0.005,0,8693357588706766936,valid,0.9997567829374556,0.9928514694201748,140,140,True,0.9624544978141785,0.9652203917503357,0.0027658939361572266,0.003985125571489334,19.526289999703295
imagenet,densenet121,gradcam,ILSVRC2012_val_00007011,140,0.005,1,7795033858281793546,valid,0.9997969303451775,0.9845758354755784,140,140,True,0.9624544978141785,0.9671617746353149,0.004707276821136475,0.003996301908046007,19.477412000014738
imagenet,densenet121,gradcam,ILSVRC2012_val_00007011,140,0.005,2,2820880621722301505,valid,0.9994498286296326,0.9674573613017056,140,140,True,0.9624544978141785,0.9664304852485657,0.003975987434387207,0.003980946261435747,19.521635000273818
imagenet,densenet121,gradcam,ILSVRC2012_val_00007011,140,0.005,3,9156189342167126515,valid,0.9997637858253042,0.9755905511811024,140,140,True,0.9624544978141785,0.9676130414009094,0.005158543586730957,0.0039957608096301556,19.514493999849947
imagenet,densenet121,gradcam,ILSVRC2012_val_00007011,140,0.005,4,2817173590254193893,valid,0.9998217503958443,0.9857538583300356,140,140,True,0.9624544978141785,0.9684837460517883,0.006029248237609863,0.003985989838838577,19.49640199973146
imagenet,densenet121,gradcam,ILSVRC2012_val_00008228,381,0.002,0,4154338444683056573,valid,0.999953247232193,0.9892963330029733,381,381,True,0.6121732592582703,0.6101403832435608,0.0020328760147094727,0.0015822736313566566,19.334735000029468
imagenet,densenet121,gradcam,ILSVRC2012_val_00008228,381,0.002,1,8968172922966999441,valid,0.9999794231189298,0.9932472691161867,381,381,True,0.6121732592582703,0.612399697303772,0.00022643804550170898,0.0015844737645238638,19.52788100015823
imagenet,densenet121,gradcam,ILSVRC2012_val_00008228,381,0.002,2,4537400942497270551,valid,0.9999775033951991,0.9869332805385073,381,381,True,0.6121732592582703,0.5988840460777283,0.013289213180541992,0.0015869915951043367,19.43935200006308
imagenet,densenet121,gradcam,ILSVRC2012_val_00008228,381,0.002,3,650350537098486573,valid,0.9999931389494165,0.9976114649681529,381,381,True,0.6121732592582703,0.6172009110450745,0.005027651786804199,0.0015827693277969956,19.5330350002223
imagenet,densenet121,gradcam,ILSVRC2012_val_00008228,381,0.002,4,4634637524913072090,valid,0.9999827289537392,0.9900852667063256,381,381,True,0.6121732592582703,0.6189084053039551,0.0067351460456848145,0.001579690258949995,19.483880999814573
imagenet,densenet121,gradcam,ILSVRC2012_val_00008228,381,0.005,0,4154338444683056573,valid,0.9997444359475388,0.9682290645224554,381,381,True,0.6121732592582703,0.6266267895698547,0.014453530311584473,0.003944521304219961,19.52247700000953
imagenet,densenet121,gradcam,ILSVRC2012_val_00008228,381,0.005,1,8968172922966999441,valid,0.9998650393789438,0.9771473601260835,381,381,True,0.6121732592582703,0.6158765554428101,0.003703296184539795,0.0039505683816969395,19.461458000023413
imagenet,densenet121,gradcam,ILSVRC2012_val_00008228,381,0.005,2,4537400942497270551,valid,0.999848594826954,0.9701609736945426,381,381,True,0.6121732592582703,0.5847733020782471,0.027399957180023193,0.003956777509301901,19.46897000016179
imagenet,densenet121,gradcam,ILSVRC2012_val_00008228,381,0.005,3,650350537098486573,valid,0.9999275107410773,0.9767579279101832,381,381,True,0.6121732592582703,0.6329553723335266,0.020782113075256348,0.003946382086724043,19.574436000311835
imagenet,densenet121,gradcam,ILSVRC2012_val_00008228,381,0.005,4,4634637524913072090,valid,0.9998835934154273,0.9755905511811024,381,381,True,0.6121732592582703,0.6317915916442871,0.019618332386016846,0.003938153851777315,19.478681999771652
imagenet,densenet121,gradcam,ILSVRC2012_val_00016006,732,0.002,0,2689331499638741690,valid,0.9997914271324571,0.9841834717279557,732,732,True,0.9732236862182617,0.9775201678276062,0.004296481609344482,0.001597630325704813,19.421102999785944
imagenet,densenet121,gradcam,ILSVRC2012_val_00016006,732,0.002,1,8580294959909415158,valid,0.9998772341244553,0.9881141045958796,732,732,True,0.9732236862182617,0.9748910665512085,0.0016673803329467773,0.0015994274290278554,19.475032000173087
imagenet,densenet121,gradcam,ILSVRC2012_val_00016006,732,0.002,2,9114965582325127640,valid,0.9997954215291204,0.9783165779617583,732,732,True,0.9732236862182617,0.9738792181015015,0.0006555318832397461,0.0015923782484605908,19.437845000084053
imagenet,densenet121,gradcam,ILSVRC2012_val_00016006,732,0.002,3,6003814197834614244,valid,0.9996547318685131,0.9892963330029733,732,732,True,0.9732236862182617,0.9750771522521973,0.0018534660339355469,0.0016018679598346353,19.4856590001109
imagenet,densenet121,gradcam,ILSVRC2012_val_00016006,732,0.002,4,2271394598789847604,valid,0.9997381128294309,0.9861468434593311,732,732,True,0.9732236862182617,0.9745003581047058,0.0012766718864440918,0.0015963853802531958,19.45145300032891
imagenet,densenet121,gradcam,ILSVRC2012_val_00016006,732,0.005,0,2689331499638741690,valid,0.9991854017926168,0.9659157688540646,732,732,True,0.9732236862182617,0.9789811968803406,0.005757510662078857,0.003991495352238417,19.453873000202293
imagenet,densenet121,gradcam,ILSVRC2012_val_00016006,732,0.005,1,8580294959909415158,valid,0.999179026613877,0.9713219406796307,732,732,True,0.9732236862182617,0.9758368730545044,0.0026131868362426758,0.003996087703853846,19.48862100016413
imagenet,densenet121,gradcam,ILSVRC2012_val_00016006,732,0.005,2,9114965582325127640,valid,0.9981504038419949,0.9659157688540646,732,732,True,0.9732236862182617,0.9754805564880371,0.0022568702697753906,0.003978316206485033,19.579064000026847
imagenet,densenet121,gradcam,ILSVRC2012_val_00016006,732,0.005,3,6003814197834614244,valid,0.9993157265482933,0.9849683544303798,732,732,True,0.9732236862182617,0.9771615862846375,0.003937900066375732,0.004002221394330263,19.52509700004157
imagenet,densenet121,gradcam,ILSVRC2012_val_00016006,732,0.005,4,2271394598789847604,valid,0.9990654299006141,0.9845758354755784,732,732,True,0.9732236862182617,0.9739524722099304,0.0007287859916687012,0.003988306038081646,19.49644599972089
imagenet,densenet121,gradcam,ILSVRC2012_val_00023543,254,0.002,0,270999366333867741,valid,0.9996805233700345,0.9940393403536658,254,254,True,0.979292631149292,0.9801715612411499,0.0008789300918579102,0.0015855772653594613,19.321309000133624
imagenet,densenet121,gradcam,ILSVRC2012_val_00023543,254,0.002,1,6483725595163808915,valid,0.9994645855401904,0.988902100673801,254,254,True,0.979292631149292,0.9798060059547424,0.0005133748054504395,0.001587364124134183,19.45714700013923
imagenet,densenet121,gradcam,ILSVRC2012_val_00023543,254,0.002,2,4939728852732550403,valid,0.9997157630625242,0.996816553919618,254,254,True,0.979292631149292,0.9793088436126709,1.621246337890625e-05,0.0015851532807573676,19.499219999943307
imagenet,densenet121,gradcam,ILSVRC2012_val_00023543,254,0.002,3,4468478742456119862,valid,0.9991389629819288,0.9908748264233287,254,254,True,0.979292631149292,0.9790157079696655,0.00027692317962646484,0.0015870233764871955,19.463085000097635
imagenet,densenet121,gradcam,ILSVRC2012_val_00023543,254,0.002,4,2390165699526937601,valid,0.9996456889458178,0.9936432260627731,254,254,True,0.979292631149292,0.9799267649650574,0.0006341338157653809,0.0015850361669436097,19.519311000294692
imagenet,densenet121,gradcam,ILSVRC2012_val_00023543,254,0.005,0,270999366333867741,valid,0.998712311792628,0.9767579279101832,254,254,True,0.979292631149292,0.9806033968925476,0.0013107657432556152,0.003958440851420164,19.502846999785106
imagenet,densenet121,gradcam,ILSVRC2012_val_00023543,254,0.005,1,6483725595163808915,valid,0.9986100695885536,0.983399209486166,254,254,True,0.979292631149292,0.9805539846420288,0.0012613534927368164,0.003962662070989609,19.497758999932557
imagenet,densenet121,gradcam,ILSVRC2012_val_00023543,254,0.005,2,4939728852732550403,valid,0.9981643488102714,0.9877203406615171,254,254,True,0.979292631149292,0.9782537221908569,0.0010389089584350586,0.003957195673137903,19.47844999995141
imagenet,densenet121,gradcam,ILSVRC2012_val_00023543,254,0.005,3,4468478742456119862,valid,0.9982496035051533,0.9767579279101832,254,254,True,0.979292631149292,0.9776418805122375,0.0016507506370544434,0.003962239250540733,19.5445029999064
imagenet,densenet121,gradcam,ILSVRC2012_val_00023543,254,0.005,4,2390165699526937601,valid,0.998327570202223,0.9810501381760758,254,254,True,0.979292631149292,0.9798510670661926,0.0005584359169006348,0.003957102075219154,19.595578999997088
imagenet,densenet121,gradcam,ILSVRC2012_val_00023347,89,0.002,0,7881334844864196200,valid,0.999948086557841,0.988508024569051,89,89,True,0.9743596315383911,0.9728869795799255,0.0014726519584655762,0.0015961549943313003,19.353296000190312
imagenet,densenet121,gradcam,ILSVRC2012_val_00023347,89,0.002,1,8223420927206424359,valid,0.9998741425913097,0.9783165779617583,89,89,True,0.9743596315383911,0.975324809551239,0.0009651780128479004,0.0015987470978870988,19.480855999972846
imagenet,densenet121,gradcam,ILSVRC2012_val_00023347,89,0.002,2,2108301894708548545,valid,0.9999752891116721,0.9952286282306163,89,89,True,0.9743596315383911,0.9743137955665588,4.583597183227539e-05,0.0015986390644684434,19.48837000009007
imagenet,densenet121,gradcam,ILSVRC2012_val_00023347,89,0.002,3,2944429311875253943,valid,0.9999389510327857,0.9900852667063256,89,89,True,0.9743596315383911,0.9745917916297913,0.00023216009140014648,0.0015947187785059214,19.727742999748443
imagenet,densenet121,gradcam,ILSVRC2012_val_00023347,89,0.002,4,7481385728545187894,valid,0.9998697951470409,0.9814412635735439,89,89,True,0.9743596315383911,0.975088357925415,0.0007287263870239258,0.0015940481098368764,19.54724399956831
imagenet,densenet121,gradcam,ILSVRC2012_val_00023347,89,0.005,0,7881334844864196200,valid,0.9997612367234024,0.9532892175943947,89,89,True,0.9743596315383911,0.9703872799873352,0.003972351551055908,0.00399034982547164,19.6051789998819
imagenet,densenet121,gradcam,ILSVRC2012_val_00023347,89,0.005,1,8223420927206424359,valid,0.9991395848843008,0.9411992263056093,89,89,True,0.9743596315383911,0.9738757014274597,0.0004839301109313965,0.003996758721768856,19.555685999876005
imagenet,densenet121,gradcam,ILSVRC2012_val_00023347,89,0.005,2,2108301894708548545,valid,0.9998444394598617,0.9755905511811024,89,89,True,0.9743596315383911,0.9747672080993652,0.0004075765609741211,0.0039965626783668995,19.516771999860794
imagenet,densenet121,gradcam,ILSVRC2012_val_00023347,89,0.005,3,2944429311875253943,valid,0.9995614356396202,0.983399209486166,89,89,True,0.9743596315383911,0.9772486090660095,0.002888977527618408,0.003986770287156105,19.526106000284926
imagenet,densenet121,gradcam,ILSVRC2012_val_00023347,89,0.005,4,7481385728545187894,valid,0.9990423813275027,0.9404485692188709,89,89,True,0.9743596315383911,0.9761589169502258,0.0017992854118347168,0.003985045477747917,19.521689000157494
imagenet,densenet121,gradcam,ILSVRC2012_val_00011253,363,0.002,0,7969622713620301542,valid,0.9999215937913056,0.994435612082671,104,104,True,0.03567151352763176,0.034077033400535583,0.0015944801270961761,0.0015855306992307305,19.390207000014925
imagenet,densenet121,gradcam,ILSVRC2012_val_00011253,363,0.002,1,7338576340922310673,valid,0.9999428985792793,0.9928514694201748,104,104,True,0.03567151352763176,0.038086093962192535,0.0024145804345607758,0.0015879531856626272,19.593935000102647
imagenet,densenet121,gradcam,ILSVRC2012_val_00011253,363,0.002,2,3200603612045899266,valid,0.999811884726317,0.9775369458128079,104,104,True,0.03567151352763176,0.03801147639751434,0.0023399628698825836,0.001583081902936101,19.513882999945054
imagenet,densenet121,gradcam,ILSVRC2012_val_00011253,363,0.002,3,9145090093729942847,valid,0.9998612453681256,0.9916650128993848,104,104,True,0.03567151352763176,0.03241410478949547,0.0032574087381362915,0.0015829205513000488,19.465979000415246
imagenet,densenet121,gradcam,ILSVRC2012_val_00011253,363,0.002,4,2178187931079052202,valid,0.99959838924044,0.9908748264233287,104,104,True,0.03567151352763176,0.031194807961583138,0.004476705566048622,0.0015812442870810628,19.50898299992332
imagenet,densenet121,gradcam,ILSVRC2012_val_00011253,363,0.005,0,7969622713620301542,valid,0.9988677589267706,0.9460926895481869,104,104,True,0.03567151352763176,0.02666577324271202,0.009005740284919739,0.003959124442189932,19.496106999667973
imagenet,densenet121,gradcam,ILSVRC2012_val_00011253,363,0.005,1,7338576340922310673,valid,0.9994822922232182,0.9536694568814483,104,104,True,0.03567151352763176,0.04016920179128647,0.004497688263654709,0.003965461160987616,19.463864999579528
imagenet,densenet121,gradcam,ILSVRC2012_val_00011253,363,0.005,2,3200603612045899266,valid,0.9979204421251563,0.9396984924623115,104,104,True,0.03567151352763176,0.02804192155599594,0.0076295919716358185,0.003952908795326948,19.529771000179608
imagenet,densenet121,gradcam,ILSVRC2012_val_00011253,363,0.005,3,9145090093729942847,valid,0.999336985445603,0.9506316812439262,104,104,True,0.03567151352763176,0.020469335839152336,0.015202177688479424,0.0039524477906525135,21.1454519999279
imagenet,densenet121,gradcam,ILSVRC2012_val_00011253,363,0.005,4,2178187931079052202,valid,0.9976077237810761,0.9449612403100776,104,104,True,0.03567151352763176,0.018753521144390106,0.016917992383241653,0.0039482819847762585,19.49608899985833
voc,vgg16,ig,8173,18,0.002,0,2568184002337986066,valid,0.9805570951366477,0.847910145461241,18,18,True,0.9999691247940063,0.9999676942825317,1.430511474609375e-06,0.0015987579245120287,297.4211849996209
voc,vgg16,ig,8173,18,0.002,1,2700930089002217196,valid,0.9801923628402714,0.850977499077831,18,18,True,0.9999691247940063,0.9999696016311646,4.76837158203125e-07,0.0015999599127098918,298.4434750001128
voc,vgg16,ig,8173,18,0.002,2,6274773280352562869,valid,0.9804896701752799,0.858174412145899,18,18,True,0.9999691247940063,0.9999667406082153,2.384185791015625e-06,0.001592149492353201,297.6435360001233
voc,vgg16,ig,8173,18,0.002,3,7384397133206063386,valid,0.9809047970547047,0.8489314664701547,18,18,True,0.9999691247940063,0.9999685287475586,5.960464477539062e-07,0.001597188995219767,297.58738000009544
voc,vgg16,ig,8173,18,0.002,4,7207923362354915897,valid,0.9803274106439183,0.850977499077831,18,18,True,0.9999691247940063,0.9999661445617676,2.9802322387695312e-06,0.001594821340404451,298.0699760000789
voc,vgg16,ig,8173,18,0.005,0,2568184002337986066,valid,0.9325194948397846,0.7235102181006354,18,18,True,0.9999691247940063,0.9999644756317139,4.649162292480469e-06,0.00399689469486475,297.609846999876
voc,vgg16,ig,8173,18,0.005,1,2700930089002217196,valid,0.9304466097867683,0.7120436711020129,18,18,True,0.9999691247940063,0.9999699592590332,8.344650268554688e-07,0.003999899607151747,301.7443399999138
voc,vgg16,ig,8173,18,0.005,2,6274773280352562869,valid,0.9333452896505726,0.7363321799307958,18,18,True,0.9999691247940063,0.9999614953994751,7.62939453125e-06,0.003980373032391071,297.50814999988506
voc,vgg16,ig,8173,18,0.005,3,7384397133206063386,valid,0.9322842771848023,0.7235102181006354,18,18,True,0.9999691247940063,0.999967098236084,2.0265579223632812e-06,0.003992972429841757,298.15657399967677
voc,vgg16,ig,8173,18,0.005,4,7207923362354915897,valid,0.9345936031933267,0.7351313969571232,18,18,True,0.9999691247940063,0.9999613761901855,7.748603820800781e-06,0.003987052943557501,297.3770099997637
voc,vgg16,ig,8927,9,0.002,0,2972210994312305306,valid,0.9378261899306481,0.7743988684582744,16,16,True,0.026238370686769485,0.01985013671219349,0.006388233974575996,0.0015873500378802419,298.06416199971864
voc,vgg16,ig,8927,9,0.002,1,3098727151507634343,valid,0.9356636003446607,0.7803796345573887,16,16,True,0.026238370686769485,0.02260415442287922,0.0036342162638902664,0.0015887657646089792,297.64273000000685
voc,vgg16,ig,8927,9,0.002,2,3156827023830551964,valid,0.9373945674654137,0.7841777777777778,16,16,True,0.026238370686769485,0.0214143767952919,0.004823993891477585,0.0015855910023674369,297.5347389997296
voc,vgg16,ig,8927,9,0.002,3,2568375632386903713,valid,0.934626398899036,0.7715798764342454,16,16,True,0.026238370686769485,0.020720349624753,0.005518021062016487,0.00158597226254642,298.195891999967
voc,vgg16,ig,8927,9,0.002,4,487923459527200765,valid,0.9378765189208705,0.7780336581045173,16,16,True,0.026238370686769485,0.026547130197286606,0.00030875951051712036,0.001582745579071343,297.5004899999476
voc,vgg16,ig,8927,9,0.005,0,2972210994312305306,valid,0.8278702545992341,0.5991077119184194,16,16,True,0.026238370686769485,0.010783574543893337,0.015454796142876148,0.003956443630158901,297.5308679997397
voc,vgg16,ig,8927,9,0.005,1,3098727151507634343,valid,0.8262854238020406,0.6122088353413655,16,16,True,0.026238370686769485,0.014351638965308666,0.01188673172146082,0.003959944471716881,298.2644710000386
voc,vgg16,ig,8927,9,0.005,2,3156827023830551964,valid,0.8235379968343052,0.6132454589294326,16,16,True,0.026238370686769485,0.012571831233799458,0.013666539452970028,0.00395288597792387,297.4740820000079
voc,vgg16,ig,8927,9,0.005,3,2568375632386903713,valid,0.8261755411402362,0.6024269519399649,16,16,True,0.026238370686769485,0.012033835984766483,0.014204534702003002,0.003952330444008112,297.50581799999054
voc,vgg16,ig,8927,9,0.005,4,487923459527200765,valid,0.828637869270115,0.6174053182917002,16,16,True,0.026238370686769485,0.02080215886235237,0.005436211824417114,0.003944706171751022,298.2218920001287
voc,vgg16,ig,5803,10,0.002,0,3852546974185743096,valid,0.887351366991824,0.6531049250535332,8,8,True,0.9876433610916138,0.9875854253768921,5.793571472167969e-05,0.0015928552020341158,297.4802749999981
voc,vgg16,ig,5803,10,0.002,1,2371425837951975359,valid,0.8842602154994017,0.6471360577712129,8,8,True,0.9876433610916138,0.9865291118621826,0.0011142492294311523,0.001594100845977664,297.58844499974657
voc,vgg16,ig,5803,10,0.002,2,6461432094931278540,valid,0.8889236372446685,0.6520164609053498,8,8,True,0.9876433610916138,0.9879327416419983,0.0002893805503845215,0.0015928670763969421,298.5451610002201
voc,vgg16,ig,5803,10,0.002,3,7926371796250851087,valid,0.8816913770402989,0.6457855034437521,8,8,True,0.9876433610916138,0.9871594905853271,0.0004838705062866211,0.0015976623399183154,297.40494899988335
voc,vgg16,ig,5803,10,0.002,4,2273525925788181717,valid,0.8880549262882432,0.658568831598083,8,8,True,0.9876433610916138,0.987468957901001,0.00017440319061279297,0.0015928366919979453,297.5537880001866
voc,vgg16,ig,5803,10,0.005,0,3852546974185743096,valid,0.698467154196308,0.44777841892671666,8,8,True,0.9876433610916138,0.9848596453666687,0.0027837157249450684,0.003981397021561861,298.09194700010266
voc,vgg16,ig,5803,10,0.005,1,2371425837951975359,valid,0.6917272944863414,0.4538606403013183,8,8,True,0.9876433610916138,0.982642650604248,0.005000710487365723,0.003984390292316675,297.4585389997628
voc,vgg16,ig,5803,10,0.005,2,6461432094931278540,valid,0.697455239437624,0.4502890173410405,8,8,True,0.9876433610916138,0.9870490431785583,0.0005943179130554199,0.003981403075158596,297.64115700027105
voc,vgg16,ig,5803,10,0.005,3,7926371796250851087,valid,0.6934270475221922,0.4502890173410405,8,8,True,0.9876433610916138,0.9846622943878174,0.0029810667037963867,0.003993417136371136,298.2399540001097
voc,vgg16,ig,5803,10,0.005,4,2273525925788181717,valid,0.7016900432433332,0.4509180280468411,8,8,True,0.9876433610916138,0.9845306873321533,0.0031126737594604492,0.003981274086982012,297.4961009999788
voc,vgg16,ig,39,19,0.002,0,2479825858614679456,valid,0.8662152307763435,0.6075604677238508,19,19,True,0.9999816417694092,0.9999818801879883,2.384185791015625e-07,0.0015936791896820068,298.26183000022866
voc,vgg16,ig,39,19,0.002,1,2409326931739155617,valid,0.8628891022406182,0.6026828489300543,19,19,True,0.9999816417694092,0.9999804496765137,1.1920928955078125e-06,0.001597477006725967,297.47507599995515
voc,vgg16,ig,39,19,0.002,2,6067917643963702541,valid,0.8671105116302774,0.6093649775497113,19,19,True,0.9999816417694092,0.9999810457229614,5.960464477539062e-07,0.0015949546359479427,297.47278099966934
voc,vgg16,ig,39,19,0.002,3,3836945159140576186,valid,0.870944295524464,0.6155827430779137,19,19,True,0.9999816417694092,0.9999802112579346,1.430511474609375e-06,0.0015920345904305577,297.5916259997575
voc,vgg16,ig,39,19,0.002,4,2894779989879545488,valid,0.8693578949515204,0.6087514024683442,19,19,True,0.9999816417694092,0.9999814033508301,2.384185791015625e-07,0.001590448198840022,298.2039739999891
voc,vgg16,ig,39,19,0.005,0,2479825858614679456,valid,0.6500583770027935,0.3942761878299528,19,19,True,0.9999816417694092,0.9999797344207764,1.9073486328125e-06,0.00398419750854373,297.69213800000216
voc,vgg16,ig,39,19,0.005,1,2409326931739155617,valid,0.6526990349276808,0.399721059972106,19,19,True,0.9999816417694092,0.9999737739562988,7.867813110351562e-06,0.003993691876530647,297.67421100041247
voc,vgg16,ig,39,19,0.005,2,6067917643963702541,valid,0.6580304857887467,0.4016759776536313,19,19,True,0.9999816417694092,0.999977707862854,3.933906555175781e-06,0.003987385891377926,298.36899600013567
voc,vgg16,ig,39,19,0.005,3,3836945159140576186,valid,0.6569739287088007,0.4038327038746678,19,19,True,0.9999816417694092,0.9999746084213257,7.033348083496094e-06,0.00398008618503809,297.6091870000346
voc,vgg16,ig,39,19,0.005,4,2894779989879545488,valid,0.6605812099463874,0.4026554856743536,19,19,True,0.9999816417694092,0.9999767541885376,4.887580871582031e-06,0.003976120613515377,297.63616900027046
voc,vgg16,ig,1686,14,0.002,0,2407452988058933126,valid,0.9821443457692991,0.8588627523615484,14,14,True,0.9959312081336975,0.9958738684654236,5.733966827392578e-05,0.0015939988661557436,297.78774200030966
voc,vgg16,ig,1686,14,0.002,1,1416983024301229683,valid,0.9818282153876332,0.858174412145899,14,14,True,0.9959312081336975,0.9959847927093506,5.358457565307617e-05,0.0015951610403135419,297.9341129998829
voc,vgg16,ig,1686,14,0.002,2,329098390142242351,valid,0.9828460385898329,0.8612759643916914,14,14,True,0.9959312081336975,0.9959754347801208,4.4226646423339844e-05,0.0015966679202392697,298.2701430000816
voc,vgg16,ig,1686,14,0.002,3,8332520142723992066,valid,0.9820703146653563,0.8623121172759325,14,14,True,0.9959312081336975,0.9959171414375305,1.4066696166992188e-05,0.0015949783846735954,298.0975870000293
voc,vgg16,ig,1686,14,0.002,4,4678094734876851399,valid,0.982776089235484,0.8595516027422643,14,14,True,0.9959312081336975,0.9957536458969116,0.00017756223678588867,0.0015942072495818138,297.5179189998016
voc,vgg16,ig,1686,14,0.005,0,2407452988058933126,valid,0.9409054727456116,0.7339322736696614,14,14,True,0.9959312081336975,0.995749831199646,0.00018137693405151367,0.003984620328992605,298.13875599984385
voc,vgg16,ig,1686,14,0.005,1,1416983024301229683,valid,0.9383232308017396,0.7363321799307958,14,14,True,0.9959312081336975,0.9959354400634766,4.231929779052734e-06,0.0039873202331364155,297.413140000117
voc,vgg16,ig,1686,14,0.005,2,329098390142242351,valid,0.9395362382447511,0.7411519777931992,14,14,True,0.9959312081336975,0.9959574341773987,2.6226043701171875e-05,0.003991101402789354,297.5379970002905
voc,vgg16,ig,1686,14,0.005,3,8332520142723992066,valid,0.9376485061755847,0.7441779631560653,14,14,True,0.9959312081336975,0.9959760308265686,4.482269287109375e-05,0.003986937925219536,297.39669699984006
voc,vgg16,ig,1686,14,0.005,4,4678094734876851399,valid,0.9403655332160239,0.7432690637484801,14,14,True,0.9959312081336975,0.9954034090042114,0.000527799129486084,0.0039848992601037025,298.0875319999541
voc,vgg16,ig,5544,18,0.002,0,7605300728157470724,valid,0.9108174085397056,0.7161422708618331,18,18,True,0.9977865219116211,0.997423529624939,0.0003629922866821289,0.0015960177406668663,297.37766400012333
voc,vgg16,ig,5544,18,0.002,1,7713127228031362199,valid,0.9055065606005678,0.7015937605968124,18,18,True,0.9977865219116211,0.9975221753120422,0.0002643465995788574,0.0015956397401168942,298.1321819997902
voc,vgg16,ig,5544,18,0.002,2,3269339992068861176,valid,0.909149896473659,0.7117516629711752,18,18,True,0.9977865219116211,0.9980085492134094,0.00022202730178833008,0.0015921449521556497,297.5587800001449
voc,vgg16,ig,5544,18,0.002,3,3089590639899074028,valid,0.9105353972740448,0.724991405981437,18,18,True,0.9977865219116211,0.9971617460250854,0.0006247758865356445,0.0015988994855433702,297.4978420002117
voc,vgg16,ig,5544,18,0.002,4,6201695411679841990,valid,0.9124106954871515,0.7220315717227179,18,18,True,0.9977865219116211,0.9978635907173157,7.706880569458008e-05,0.0015987862134352326,298.7196710000717
voc,vgg16,ig,5544,18,0.005,0,7605300728157470724,valid,0.7562059678287543,0.536906584992343,18,18,True,0.9977865219116211,0.9959217309951782,0.001864790916442871,0.003989167511463165,297.6336159999846
voc,vgg16,ig,5544,18,0.005,1,7713127228031362199,valid,0.7462674997331724,0.5266200182537268,18,18,True,0.9977865219116211,0.9959388971328735,0.0018476247787475586,0.003987888805568218,297.6203670000359
voc,vgg16,ig,5544,18,0.005,2,3269339992068861176,valid,0.7528115783391506,0.5343219691178719,18,18,True,0.9977865219116211,0.99817955493927,0.0003930330276489258,0.003979042638093233,298.39205000007496
voc,vgg16,ig,5544,18,0.005,3,3089590639899074028,valid,0.7531140296389571,0.5456645618358232,18,18,True,0.9977865219116211,0.9946783781051636,0.0031081438064575195,0.003996388986706734,297.59109100041314
voc,vgg16,ig,5544,18,0.005,4,6201695411679841990,valid,0.7596330464166171,0.5470941883767535,18,18,True,0.9977865219116211,0.9971089959144592,0.0006775259971618652,0.0039961994625627995,297.6959940001507
voc,vgg16,ig,3784,1,0.002,0,568371097838651679,valid,0.9593328177258789,0.8297174111212398,1,1,True,0.9999548196792603,0.9999557733535767,9.5367431640625e-07,0.0015786016592755914,297.63779699987936
voc,vgg16,ig,3784,1,0.002,1,8730973129268750908,valid,0.9575957507356011,0.8240639767357325,1,1,True,0.9999548196792603,0.9999549388885498,1.1920928955078125e-07,0.001580387121066451,297.75293400007286
voc,vgg16,ig,3784,1,0.002,2,4988815491858760642,valid,0.9569353156839688,0.8303848258252782,1,1,True,0.9999548196792603,0.9999548196792603,0.0,0.0015824723523110151,297.66809900002045
voc,vgg16,ig,3784,1,0.002,3,4107072592214049901,valid,0.9576182572192733,0.8260553129548762,1,1,True,0.9999548196792603,0.9999566078186035,1.7881393432617188e-06,0.0015764357522130013,298.1890559999556
voc,vgg16,ig,3784,1,0.002,4,2770030334258850844,valid,0.9583480089466282,0.8273852876911871,1,1,True,0.9999548196792603,0.9999545812606812,2.384185791015625e-07,0.0015846487367525697,298.0309250001483
voc,vgg16,ig,3784,1,0.005,0,568371097838651679,valid,0.889182879103905,0.6912706437478935,1,1,True,0.9999548196792603,0.9999547004699707,1.1920928955078125e-07,0.003933827858418226,297.66917300003115
voc,vgg16,ig,3784,1,0.005,1,8730973129268750908,valid,0.8897244701636767,0.6889936048468529,1,1,True,0.9999548196792603,0.9999533891677856,1.430511474609375e-06,0.003937961533665657,298.2478750000155
voc,vgg16,ig,3784,1,0.005,2,4988815491858760642,valid,0.8822456759919113,0.6946977372509288,1,1,True,0.9999548196792603,0.999950647354126,4.172325134277344e-06,0.003942861687391996,297.63986699981615
voc,vgg16,ig,3784,1,0.005,3,4107072592214049901,valid,0.887675429653761,0.6858726692423988,1,1,True,0.9999548196792603,0.9999568462371826,2.0265579223632812e-06,0.003928969614207745,297.6164919996336
voc,vgg16,ig,3784,1,0.005,4,2770030334258850844,valid,0.8861194821809095,0.6938396624472574,1,1,True,0.9999548196792603,0.9999529123306274,1.9073486328125e-06,0.003948383964598179,298.1428279999818
voc,vgg16,ig,6304,3,0.002,0,7830137365422260441,valid,0.8854488832908239,0.6441677588466579,3,3,True,0.9284529089927673,0.9076020121574402,0.02085089683532715,0.0015829249750822783,297.43425500009835
voc,vgg16,ig,6304,3,0.002,1,4661326768319657430,valid,0.8807436809640548,0.6438984438984439,3,3,True,0.9284529089927673,0.9136229157447815,0.01482999324798584,0.0015871579525992274,298.3943270000964
voc,vgg16,ig,6304,3,0.002,2,6619020526136302124,valid,0.8863014907836678,0.6520164609053498,3,3,True,0.9284529089927673,0.9261146783828735,0.002338230609893799,0.0015817671082913876,297.4648089998482
voc,vgg16,ig,6304,3,0.002,3,6800945400057756425,valid,0.8807093196689012,0.6422844051710032,3,3,True,0.9284529089927673,0.9224758744239807,0.005977034568786621,0.0015854863449931145,297.5903900000958
voc,vgg16,ig,6304,3,0.002,4,7042581768829889240,valid,0.8809790660986598,0.6385306122448979,3,3,True,0.9284529089927673,0.9237066507339478,0.00474625825881958,0.001587563892826438,297.4997779997466
voc,vgg16,ig,6304,3,0.005,0,7830137365422260441,valid,0.6937789281988515,0.4337142857142857,3,3,True,0.9284529089927673,0.8635851740837097,0.06486773490905762,0.0039367470890283585,298.198032000073
voc,vgg16,ig,6304,3,0.005,1,4661326768319657430,valid,0.6852671774082294,0.4369988545246277,3,3,True,0.9284529089927673,0.872197151184082,0.0562557578086853,0.003948709461838007,297.4642269996366
voc,vgg16,ig,6304,3,0.005,2,6619020526136302124,valid,0.6953204944585882,0.4446523679286023,3,3,True,0.9284529089927673,0.9230028390884399,0.005450069904327393,0.003933782689273357,297.6671159999569
voc,vgg16,ig,6304,3,0.005,3,6800945400057756425,valid,0.683293777045275,0.4328954882924043,3,3,True,0.9284529089927673,0.8903893232345581,0.03806358575820923,0.003943027462810278,298.1673649996992
voc,vgg16,ig,6304,3,0.005,4,7042581768829889240,valid,0.6841944051715122,0.4308525805531794,3,3,True,0.9284529089927673,0.908735990524292,0.019716918468475342,0.0039486452005803585,297.47878399984984
voc,vgg16,ig,158,2,0.002,0,3522680649187379204,valid,0.7200299178825617,0.5463790446841295,2,2,True,0.9998774528503418,0.9998911619186401,1.3709068298339844e-05,0.0015971061075106263,298.21768599958887
voc,vgg16,ig,158,2,0.002,1,419294351200179885,valid,0.7285964821241192,0.5437624980772189,2,2,True,0.9998774528503418,0.9998884201049805,1.0967254638671875e-05,0.0015956589486449957,297.5146889998541
voc,vgg16,ig,158,2,0.002,2,3028218364960125082,valid,0.72565570809422,0.5444752231455833,2,2,True,0.9998774528503418,0.9998944997787476,1.704692840576172e-05,0.001595925772562623,297.4437630000466
voc,vgg16,ig,158,2,0.002,3,6052761022673377132,valid,0.7200696663252714,0.5423390195174428,2,2,True,0.9998774528503418,0.9998974800109863,2.002716064453125e-05,0.001600170275196433,298.18308800031446
voc,vgg16,ig,158,2,0.002,4,3347453041863134171,valid,0.7189285211763122,0.5416282642089094,2,2,True,0.9998774528503418,0.9998922348022461,1.4781951904296875e-05,0.0015938309952616692,297.74874600025214
voc,vgg16,ig,158,2,0.005,0,3522680649187379204,valid,0.406323453084805,0.34675254965110036,2,2,True,0.9998774528503418,0.9999123811721802,3.4928321838378906e-05,0.003991131670773029,297.97340899995106
voc,vgg16,ig,158,2,0.005,1,419294351200179885,valid,0.41470827134681243,0.34946887185693154,2,2,True,0.9998774528503418,0.9999144077301025,3.695487976074219e-05,0.003987189847975969,298.19508099990344
voc,vgg16,ig,158,2,0.005,2,3028218364960125082,valid,0.4190566361143922,0.3509220621887199,2,2,True,0.9998774528503418,0.9999094009399414,3.1948089599609375e-05,0.003988075070083141,297.75531599989336
voc,vgg16,ig,158,2,0.005,3,6052761022673377132,valid,0.42286366436249384,0.36507072905331883,2,2,True,0.9998774528503418,0.9999322891235352,5.4836273193359375e-05,0.0039986358024179935,297.5983860001179
voc,vgg16,ig,158,2,0.005,4,3347453041863134171,valid,0.42854519177570277,0.3624762421938637,2,2,True,0.9998774528503418,0.9999074935913086,3.0040740966796875e-05,0.003982962109148502,297.57960599999933
voc,vgg16,ig,9571,0,0.002,0,2590450077393174903,valid,0.7597514901541854,0.45829700668410345,3,3,True,0.6186216473579407,0.6870471239089966,0.06842547655105591,0.001593313761986792,297.6373399997101
voc,vgg16,ig,9571,0,0.002,1,7132724899960905381,valid,0.7607574445018679,0.47675103001765745,3,3,True,0.6186216473579407,0.644116222858429,0.02549457550048828,0.0015939597506076097,297.69583799998145
voc,vgg16,ig,9571,0,0.002,2,1120045858359378571,valid,0.7589212119170832,0.4561810795124782,3,3,True,0.6186216473579407,0.6452057957649231,0.026584148406982422,0.0015916327247396111,297.9574450000655
voc,vgg16,ig,9571,0,0.002,3,3030323471833644395,valid,0.7601914485403126,0.46832479882955375,3,3,True,0.6186216473579407,0.7015491127967834,0.08292746543884277,0.0015935790725052357,297.5489529999322
voc,vgg16,ig,9571,0,0.002,4,3981683401082662910,valid,0.7670622771279514,0.4758823529411765,3,3,True,0.6186216473579407,0.6505268812179565,0.03190523386001587,0.0015986495418474078,297.4199230002341
voc,vgg16,ig,9571,0,0.005,0,2590450077393174903,valid,0.4163662830161793,0.24085064292779426,3,3,True,0.6186216473579407,0.8130707740783691,0.19444912672042847,0.003983283881098032,298.1254420001278
voc,vgg16,ig,9571,0,0.005,1,7132724899960905381,valid,0.4390001740029645,0.2495019920318725,3,3,True,0.6186216473579407,0.7374244928359985,0.11880284547805786,0.0039848992601037025,297.42979099955846
voc,vgg16,ig,9571,0,0.005,2,1120045858359378571,valid,0.4399813435263299,0.24177183865379856,3,3,True,0.6186216473579407,0.7418453097343445,0.12322366237640381,0.003979082219302654,297.45849299979454
voc,vgg16,ig,9571,0,0.005,3,3030323471833644395,valid,0.44256680796445763,0.2552845528455285,3,3,True,0.6186216473579407,0.7947797775268555,0.1761581301689148,0.003983946982771158,298.0839560000277
voc,vgg16,ig,9571,0,0.005,4,3981683401082662910,valid,0.44033130315118973,0.2563845768652979,3,3,True,0.6186216473579407,0.7311906218528748,0.11256897449493408,0.0039966232143342495,297.5794839999253
voc,vgg16,gradcam,8173,18,0.002,0,2568184002337986066,valid,0.9973653618060683,0.9453382438457065,18,18,True,0.9999691247940063,0.9999676942825317,1.430511474609375e-06,0.0015987579245120287,9.954179000033037
voc,vgg16,gradcam,8173,18,0.002,1,2700930089002217196,valid,0.9976606013700535,0.9759795235282536,18,18,True,0.9999691247940063,0.9999696016311646,4.76837158203125e-07,0.0015999599127098918,9.974482999950851
voc,vgg16,gradcam,8173,18,0.002,2,6274773280352562869,valid,0.99784845652643,0.9810501381760758,18,18,True,0.9999691247940063,0.9999667406082153,2.384185791015625e-06,0.001592149492353201,9.98127899993051
voc,vgg16,gradcam,8173,18,0.002,3,7384397133206063386,valid,0.9992376478004226,0.9841834717279557,18,18,True,0.9999691247940063,0.9999685287475586,5.960464477539062e-07,0.001597188995219767,9.975321000183612
voc,vgg16,gradcam,8173,18,0.002,4,7207923362354915897,valid,0.9988099514717936,0.9867379255740301,18,18,True,0.9999691247940063,0.9999661445617676,2.9802322387695312e-06,0.001594821340404451,9.973414000342018
voc,vgg16,gradcam,8173,18,0.005,0,2568184002337986066,valid,0.9921752791257374,0.9215010530346545,18,18,True,0.9999691247940063,0.9999644756317139,4.649162292480469e-06,0.00399689469486475,9.989046000100643
voc,vgg16,gradcam,8173,18,0.005,1,2700930089002217196,valid,0.9946352912066585,0.9613054524135235,18,18,True,0.9999691247940063,0.9999699592590332,8.344650268554688e-07,0.003999899607151747,9.977201000310743
voc,vgg16,gradcam,8173,18,0.005,2,6274773280352562869,valid,0.9976144534504168,0.9666862629825593,18,18,True,0.9999691247940063,0.9999614953994751,7.62939453125e-06,0.003980373032391071,9.970214000077249
voc,vgg16,gradcam,8173,18,0.005,3,7384397133206063386,valid,0.9969849161403618,0.9639921722113503,18,18,True,0.9999691247940063,0.999967098236084,2.0265579223632812e-06,0.003992972429841757,9.974523999972007
voc,vgg16,gradcam,8173,18,0.005,4,7207923362354915897,valid,0.9925919711410723,0.9487378640776699,18,18,True,0.9999691247940063,0.9999613761901855,7.748603820800781e-06,0.003987052943557501,9.988120999878447
voc,vgg16,gradcam,8927,9,0.002,0,2972210994312305306,valid,0.9961937248710492,0.9141712759870303,16,16,True,0.026238370686769485,0.01985013671219349,0.006388233974575996,0.0015873500378802419,9.95234000038181
voc,vgg16,gradcam,8927,9,0.002,1,3098727151507634343,valid,0.9979259449946134,0.9292579777008843,16,16,True,0.026238370686769485,0.02260415442287922,0.0036342162638902664,0.0015887657646089792,9.987700000237965
voc,vgg16,gradcam,8927,9,0.002,2,3156827023830551964,valid,0.9960368087083048,0.9189292543021033,16,16,True,0.026238370686769485,0.0214143767952919,0.004823993891477585,0.0015855910023674369,9.98666499981482
voc,vgg16,gradcam,8927,9,0.002,3,2568375632386903713,valid,0.9972603469887448,0.9504565766465902,16,16,True,0.026238370686769485,0.020720349624753,0.005518021062016487,0.00158597226254642,9.98782199985726
voc,vgg16,gradcam,8927,9,0.002,4,487923459527200765,valid,0.9978229693499839,0.9363303106309088,16,16,True,0.026238370686769485,0.026547130197286606,0.00030875951051712036,0.001582745579071343,9.98207199972967
voc,vgg16,gradcam,8927,9,0.005,0,2972210994312305306,valid,0.9643588936787405,0.7740852041718225,16,16,True,0.026238370686769485,0.010783574543893337,0.015454796142876148,0.003956443630158901,9.991883000111557
voc,vgg16,gradcam,8927,9,0.005,1,3098727151507634343,valid,0.9814333451218863,0.8557692307692307,16,16,True,0.026238370686769485,0.014351638965308666,0.01188673172146082,0.003959944471716881,9.980110000014975
voc,vgg16,gradcam,8927,9,0.005,2,3156827023830551964,valid,0.9655751245743097,0.7918228887698625,16,16,True,0.026238370686769485,0.012571831233799458,0.013666539452970028,0.00395288597792387,9.97638300032122
voc,vgg16,gradcam,8927,9,0.005,3,2568375632386903713,valid,0.9682835830328816,0.8428204186558942,16,16,True,0.026238370686769485,0.012033835984766483,0.014204534702003002,0.003952330444008112,9.98439100021642
voc,vgg16,gradcam,8927,9,0.005,4,487923459527200765,valid,0.9816918913481653,0.8523440383905501,16,16,True,0.026238370686769485,0.02080215886235237,0.005436211824417114,0.003944706171751022,9.98146399979305
voc,vgg16,gradcam,5803,10,0.002,0,3852546974185743096,valid,0.9967764651688886,0.9468477206595538,8,8,True,0.9876433610916138,0.9875854253768921,5.793571472167969e-05,0.0015928552020341158,9.958144999927754
voc,vgg16,gradcam,5803,10,0.002,1,2371425837951975359,valid,0.9936381221919607,0.9123475609756098,8,8,True,0.9876433610916138,0.9865291118621826,0.0011142492294311523,0.001594100845977664,9.975534999739466
voc,vgg16,gradcam,5803,10,0.002,2,6461432094931278540,valid,0.9843736096599027,0.9468477206595538,8,8,True,0.9876433610916138,0.9879327416419983,0.0002893805503845215,0.0015928670763969421,9.972034999918833
voc,vgg16,gradcam,5803,10,0.002,3,7926371796250851087,valid,0.9716769303569073,0.8370858502654219,8,8,True,0.9876433610916138,0.9871594905853271,0.0004838705062866211,0.0015976623399183154,9.974279000289243
voc,vgg16,gradcam,5803,10,0.002,4,2273525925788181717,valid,0.9740500651990139,0.8647342995169082,8,8,True,0.9876433610916138,0.987468957901001,0.00017440319061279297,0.0015928366919979453,9.97377299972868
voc,vgg16,gradcam,5803,10,0.005,0,3852546974185743096,valid,0.9704457463166769,0.8758878504672897,8,8,True,0.9876433610916138,0.9848596453666687,0.0027837157249450684,0.003981397021561861,9.969079999791575
voc,vgg16,gradcam,5803,10,0.005,1,2371425837951975359,valid,0.9479880793576523,0.670439414114514,8,8,True,0.9876433610916138,0.982642650604248,0.005000710487365723,0.003984390292316675,9.975182999824028
voc,vgg16,gradcam,5803,10,0.005,2,6461432094931278540,valid,0.9444083136578667,0.6788223486115758,8,8,True,0.9876433610916138,0.9870490431785583,0.0005943179130554199,0.003981403075158596,9.970463000172458
voc,vgg16,gradcam,5803,10,0.005,3,7926371796250851087,valid,0.9456781330714447,0.60576,8,8,True,0.9876433610916138,0.9846622943878174,0.0029810667037963867,0.003993417136371136,9.99086100000568
voc,vgg16,gradcam,5803,10,0.005,4,2273525925788181717,valid,0.9024288335936614,0.5757575757575758,8,8,True,0.9876433610916138,0.9845306873321533,0.0031126737594604492,0.003981274086982012,9.983316999750969
voc,vgg16,gradcam,39,19,0.002,0,2479825858614679456,valid,0.9911431463675723,0.9216925138809113,19,19,True,0.9999816417694092,0.9999818801879883,2.384185791015625e-07,0.0015936791896820068,9.95045499985281
voc,vgg16,gradcam,39,19,0.002,1,2409326931739155617,valid,0.9804919297388586,0.9257482732156562,19,19,True,0.9999816417694092,0.9999804496765137,1.1920928955078125e-06,0.001597477006725967,9.988184999656369
voc,vgg16,gradcam,39,19,0.002,2,6067917643963702541,valid,0.9916552033623287,0.9485536788973015,19,19,True,0.9999816417694092,0.9999810457229614,5.960464477539062e-07,0.0015949546359479427,9.980435999750625
voc,vgg16,gradcam,39,19,0.002,3,3836945159140576186,valid,0.9853563073593664,0.9154580152671755,19,19,True,0.9999816417694092,0.9999802112579346,1.430511474609375e-06,0.0015920345904305577,9.989600000153587
voc,vgg16,gradcam,39,19,0.002,4,2894779989879545488,valid,0.9928571632389773,0.9542534553241191,19,19,True,0.9999816417694092,0.9999814033508301,2.384185791015625e-07,0.001590448198840022,9.970908000013878
voc,vgg16,gradcam,39,19,0.005,0,2479825858614679456,valid,0.9492203887709723,0.8948461393241457,19,19,True,0.9999816417694092,0.9999797344207764,1.9073486328125e-06,0.00398419750854373,9.991744999751973
voc,vgg16,gradcam,39,19,0.005,1,2409326931739155617,valid,0.9436753523819018,0.8242776667272397,19,19,True,0.9999816417694092,0.9999737739562988,7.867813110351562e-06,0.003993691876530647,9.980407000057312
voc,vgg16,gradcam,39,19,0.005,2,6067917643963702541,valid,0.9395465722072845,0.8697839046199702,19,19,True,0.9999816417694092,0.999977707862854,3.933906555175781e-06,0.003987385891377926,10.008427000229858
voc,vgg16,gradcam,39,19,0.005,3,3836945159140576186,valid,0.9632162602629029,0.8973534971644612,19,19,True,0.9999816417694092,0.9999746084213257,7.033348083496094e-06,0.00398008618503809,9.985841999878176
voc,vgg16,gradcam,39,19,0.005,4,2894779989879545488,valid,0.9712944153044806,0.8747199402539209,19,19,True,0.9999816417694092,0.9999767541885376,4.887580871582031e-06,0.003976120613515377,9.996521000175562
voc,vgg16,gradcam,1686,14,0.002,0,2407452988058933126,both_constant,,,14,14,True,0.9959312081336975,0.9958738684654236,5.733966827392578e-05,0.0015939988661557436,9.964271999706398
voc,vgg16,gradcam,1686,14,0.002,1,1416983024301229683,both_constant,,,14,14,True,0.9959312081336975,0.9959847927093506,5.358457565307617e-05,0.0015951610403135419,9.934356000030675
voc,vgg16,gradcam,1686,14,0.002,2,329098390142242351,both_constant,,,14,14,True,0.9959312081336975,0.9959754347801208,4.4226646423339844e-05,0.0015966679202392697,9.947232999820699
voc,vgg16,gradcam,1686,14,0.002,3,8332520142723992066,both_constant,,,14,14,True,0.9959312081336975,0.9959171414375305,1.4066696166992188e-05,0.0015949783846735954,9.938595999756217
voc,vgg16,gradcam,1686,14,0.002,4,4678094734876851399,both_constant,,,14,14,True,0.9959312081336975,0.9957536458969116,0.00017756223678588867,0.0015942072495818138,9.95335499965222
voc,vgg16,gradcam,1686,14,0.005,0,2407452988058933126,both_constant,,,14,14,True,0.9959312081336975,0.995749831199646,0.00018137693405151367,0.003984620328992605,9.933333000390121
voc,vgg16,gradcam,1686,14,0.005,1,1416983024301229683,both_constant,,,14,14,True,0.9959312081336975,0.9959354400634766,4.231929779052734e-06,0.0039873202331364155,9.939985999608325
voc,vgg16,gradcam,1686,14,0.005,2,329098390142242351,both_constant,,,14,14,True,0.9959312081336975,0.9959574341773987,2.6226043701171875e-05,0.003991101402789354,9.93346700033726
voc,vgg16,gradcam,1686,14,0.005,3,8332520142723992066,both_constant,,,14,14,True,0.9959312081336975,0.9959760308265686,4.482269287109375e-05,0.003986937925219536,9.942028999830654
voc,vgg16,gradcam,1686,14,0.005,4,4678094734876851399,both_constant,,,14,14,True,0.9959312081336975,0.9954034090042114,0.000527799129486084,0.0039848992601037025,9.933718999945995
voc,vgg16,gradcam,5544,18,0.002,0,7605300728157470724,valid,0.9926002107156563,0.975201731942531,18,18,True,0.9977865219116211,0.997423529624939,0.0003629922866821289,0.0015960177406668663,9.942300000147952
voc,vgg16,gradcam,5544,18,0.002,1,7713127228031362199,valid,0.997754233768061,0.9682290645224554,18,18,True,0.9977865219116211,0.9975221753120422,0.0002643465995788574,0.0015956397401168942,9.977756999887788
voc,vgg16,gradcam,5544,18,0.002,2,3269339992068861176,valid,0.993356633899736,0.9663009404388715,18,18,True,0.9977865219116211,0.9980085492134094,0.00022202730178833008,0.0015921449521556497,9.961108999959833
voc,vgg16,gradcam,5544,18,0.002,3,3089590639899074028,valid,0.9928626702954573,0.9593908629441624,18,18,True,0.9977865219116211,0.9971617460250854,0.0006247758865356445,0.0015988994855433702,9.979190999729326
voc,vgg16,gradcam,5544,18,0.002,4,6201695411679841990,valid,0.9956185648418909,0.967843137254902,18,18,True,0.9977865219116211,0.9978635907173157,7.706880569458008e-05,0.0015987862134352326,9.96787400026733
voc,vgg16,gradcam,5544,18,0.005,0,7605300728157470724,valid,0.9920392254419066,0.9476033378614399,18,18,True,0.9977865219116211,0.9959217309951782,0.001864790916442871,0.003989167511463165,9.989330999815138
voc,vgg16,gradcam,5544,18,0.005,1,7713127228031362199,valid,0.9924801901940148,0.9487378640776699,18,18,True,0.9977865219116211,0.9959388971328735,0.0018476247787475586,0.003987888805568218,9.998765000091225
voc,vgg16,gradcam,5544,18,0.005,2,3269339992068861176,valid,0.9937512850520265,0.9532892175943947,18,18,True,0.9977865219116211,0.99817955493927,0.0003930330276489258,0.003979042638093233,9.994915999868681
voc,vgg16,gradcam,5544,18,0.005,3,3089590639899074028,valid,0.9790957122108984,0.9288871804728042,18,18,True,0.9977865219116211,0.9946783781051636,0.0031081438064575195,0.003996388986706734,9.992367999984708
voc,vgg16,gradcam,5544,18,0.005,4,6201695411679841990,valid,0.9819901823180017,0.9374517374517375,18,18,True,0.9977865219116211,0.9971089959144592,0.0006775259971618652,0.0039961994625627995,9.996737000165012
voc,vgg16,gradcam,3784,1,0.002,0,568371097838651679,valid,0.9870369462962167,0.9624560031286664,1,1,True,0.9999548196792603,0.9999557733535767,9.5367431640625e-07,0.0015786016592755914,9.960327000044344
voc,vgg16,gradcam,3784,1,0.002,1,8730973129268750908,valid,0.9959407467357562,0.9806591671600553,1,1,True,0.9999548196792603,0.9999549388885498,1.1920928955078125e-07,0.001580387121066451,9.975502000088454
voc,vgg16,gradcam,3784,1,0.002,2,4988815491858760642,valid,0.9954072637475843,0.9211332312404288,1,1,True,0.9999548196792603,0.9999548196792603,0.0,0.0015824723523110151,9.986748999835982
voc,vgg16,gradcam,3784,1,0.002,3,4107072592214049901,valid,0.9954655274918344,0.9367039752991123,1,1,True,0.9999548196792603,0.9999566078186035,1.7881393432617188e-06,0.0015764357522130013,9.981242999856477
voc,vgg16,gradcam,3784,1,0.002,4,2770030334258850844,valid,0.9864186975966149,0.9651458782063834,1,1,True,0.9999548196792603,0.9999545812606812,2.384185791015625e-07,0.0015846487367525697,9.983021000152803
voc,vgg16,gradcam,3784,1,0.005,0,568371097838651679,valid,0.9866766615655637,0.9270353302611367,1,1,True,0.9999548196792603,0.9999547004699707,1.1920928955078125e-07,0.003933827858418226,9.988082999825565
voc,vgg16,gradcam,3784,1,0.005,1,8730973129268750908,valid,0.9953012416862164,0.9559540050672384,1,1,True,0.9999548196792603,0.9999533891677856,1.430511474609375e-06,0.003937961533665657,9.985400999994454
voc,vgg16,gradcam,3784,1,0.005,2,4988815491858760642,valid,0.9847122724956917,0.8925136715066944,1,1,True,0.9999548196792603,0.999950647354126,4.172325134277344e-06,0.003942861687391996,9.978947000035987
voc,vgg16,gradcam,3784,1,0.005,3,4107072592214049901,valid,0.9950254019993598,0.9270353302611367,1,1,True,0.9999548196792603,0.9999568462371826,2.0265579223632812e-06,0.003928969614207745,9.984528000131832
voc,vgg16,gradcam,3784,1,0.005,4,2770030334258850844,valid,0.9807235024349051,0.933718689788054,1,1,True,0.9999548196792603,0.9999529123306274,1.9073486328125e-06,0.003948383964598179,9.992574000079912
voc,vgg16,gradcam,6304,3,0.002,0,7830137365422260441,valid,0.9919088446191753,0.9533346295936224,3,3,True,0.9284529089927673,0.9076020121574402,0.02085089683532715,0.0015829249750822783,9.94929000034972
voc,vgg16,gradcam,6304,3,0.002,1,4661326768319657430,valid,0.9957334052986213,0.9605622803592346,3,3,True,0.9284529089927673,0.9136229157447815,0.01482999324798584,0.0015871579525992274,9.976381999877049
voc,vgg16,gradcam,6304,3,0.002,2,6619020526136302124,valid,0.9973090725269501,0.9713388299960738,3,3,True,0.9284529089927673,0.9261146783828735,0.002338230609893799,0.0015817671082913876,9.969019999971351
voc,vgg16,gradcam,6304,3,0.002,3,6800945400057756425,valid,0.9894924497692563,0.9315252933256395,3,3,True,0.9284529089927673,0.9224758744239807,0.005977034568786621,0.0015854863449931145,9.969837999960873
voc,vgg16,gradcam,6304,3,0.002,4,7042581768829889240,valid,0.9911553834120609,0.9525568734201828,3,3,True,0.9284529089927673,0.9237066507339478,0.00474625825881958,0.001587563892826438,9.965816000203631
voc,vgg16,gradcam,6304,3,0.005,0,7830137365422260441,valid,0.9667864937306327,0.9109419600380589,3,3,True,0.9284529089927673,0.8635851740837097,0.06486773490905762,0.0039367470890283585,9.995430999879318
voc,vgg16,gradcam,6304,3,0.005,1,4661326768319657430,valid,0.9834594474348758,0.9055028462998103,3,3,True,0.9284529089927673,0.872197151184082,0.0562557578086853,0.003948709461838007,9.975728999961575
voc,vgg16,gradcam,6304,3,0.005,2,6619020526136302124,valid,0.9888402787073548,0.9175100248233722,3,3,True,0.9284529089927673,0.9230028390884399,0.005450069904327393,0.003933782689273357,9.985453999888705
voc,vgg16,gradcam,6304,3,0.005,3,6800945400057756425,valid,0.9760702402700235,0.8965061378659113,3,3,True,0.9284529089927673,0.8903893232345581,0.03806358575820923,0.003943027462810278,9.976907999771356
voc,vgg16,gradcam,6304,3,0.005,4,7042581768829889240,valid,0.9774238766652658,0.9330125120307988,3,3,True,0.9284529089927673,0.908735990524292,0.019716918468475342,0.0039486452005803585,9.983791000195197
voc,vgg16,gradcam,158,2,0.002,0,3522680649187379204,valid,0.9925512386207755,0.9582439024390244,2,2,True,0.9998774528503418,0.9998911619186401,1.3709068298339844e-05,0.0015971061075106263,9.9598810002135
voc,vgg16,gradcam,158,2,0.002,1,419294351200179885,valid,0.9986596053652774,0.9920603414053196,2,2,True,0.9998774528503418,0.9998884201049805,1.0967254638671875e-05,0.0015956589486449957,9.968172999833769
voc,vgg16,gradcam,158,2,0.002,2,3028218364960125082,valid,0.9890178576906717,0.9787066246056783,2,2,True,0.9998774528503418,0.9998944997787476,1.704692840576172e-05,0.001595925772562623,9.989630000291072
voc,vgg16,gradcam,158,2,0.002,3,6052761022673377132,valid,0.9980396819502753,0.9724842767295597,2,2,True,0.9998774528503418,0.9998974800109863,2.002716064453125e-05,0.001600170275196433,9.985896000216599
voc,vgg16,gradcam,158,2,0.002,4,3347453041863134171,valid,0.9922429048014596,0.9701609736945426,2,2,True,0.9998774528503418,0.9998922348022461,1.4781951904296875e-05,0.0015938309952616692,9.984847999930935
voc,vgg16,gradcam,158,2,0.005,0,3522680649187379204,valid,0.9580299634992668,0.9593908629441624,2,2,True,0.9998774528503418,0.9999123811721802,3.4928321838378906e-05,0.003991131670773029,9.9790309996024
voc,vgg16,gradcam,158,2,0.005,1,419294351200179885,valid,0.9705098993113805,0.9438311059461554,2,2,True,0.9998774528503418,0.9999144077301025,3.695487976074219e-05,0.003987189847975969,9.983265999835567
voc,vgg16,gradcam,158,2,0.005,2,3028218364960125082,valid,0.9600886608636127,0.926295585412668,2,2,True,0.9998774528503418,0.9999094009399414,3.1948089599609375e-05,0.003988075070083141,9.982071000194992
voc,vgg16,gradcam,158,2,0.005,3,6052761022673377132,valid,0.9729399343374905,0.9389489953632149,2,2,True,0.9998774528503418,0.9999322891235352,5.4836273193359375e-05,0.0039986358024179935,9.96683799985476
voc,vgg16,gradcam,158,2,0.005,4,3347453041863134171,valid,0.9636208298220617,0.9032808647828561,2,2,True,0.9998774528503418,0.9999074935913086,3.0040740966796875e-05,0.003982962109148502,9.987363000163896
voc,vgg16,gradcam,9571,0,0.002,0,2590450077393174903,valid,0.9898066816812395,0.8602409638554217,3,3,True,0.6186216473579407,0.6870471239089966,0.06842547655105591,0.001593313761986792,9.936414000094373
voc,vgg16,gradcam,9571,0,0.002,1,7132724899960905381,valid,0.97384079370433,0.7354314369704306,3,3,True,0.6186216473579407,0.644116222858429,0.02549457550048828,0.0015939597506076097,9.998273999826779
voc,vgg16,gradcam,9571,0,0.002,2,1120045858359378571,valid,0.9744231258056972,0.6961297955044786,3,3,True,0.6186216473579407,0.6452057957649231,0.026584148406982422,0.0015916327247396111,9.969244999865623
voc,vgg16,gradcam,9571,0,0.002,3,3030323471833644395,valid,0.9886627967447205,0.7718926553672316,3,3,True,0.6186216473579407,0.7015491127967834,0.08292746543884277,0.0015935790725052357,9.98609700036468
voc,vgg16,gradcam,9571,0,0.002,4,3981683401082662910,valid,0.981356682206354,0.7937444146559428,3,3,True,0.6186216473579407,0.6505268812179565,0.03190523386001587,0.0015986495418474078,9.966544999770122
voc,vgg16,gradcam,9571,0,0.005,0,2590450077393174903,valid,0.8694972715507064,0.32453477629668737,3,3,True,0.6186216473579407,0.8130707740783691,0.19444912672042847,0.003983283881098032,9.99309999997422
voc,vgg16,gradcam,9571,0,0.005,1,7132724899960905381,valid,0.9242362444784775,0.4018717698002514,3,3,True,0.6186216473579407,0.7374244928359985,0.11880284547805786,0.0039848992601037025,9.984596999856876
voc,vgg16,gradcam,9571,0,0.005,2,1120045858359378571,valid,0.8867918955889232,0.3174061433447099,3,3,True,0.6186216473579407,0.7418453097343445,0.12322366237640381,0.003979082219302654,9.988436000185175
voc,vgg16,gradcam,9571,0,0.005,3,3030323471833644395,valid,0.9137263355897379,0.46789527570571887,3,3,True,0.6186216473579407,0.7947797775268555,0.1761581301689148,0.003983946982771158,9.96647900001335
voc,vgg16,gradcam,9571,0,0.005,4,3981683401082662910,valid,0.8731640120157393,0.3343970216726499,3,3,True,0.6186216473579407,0.7311906218528748,0.11256897449493408,0.0039966232143342495,9.983464000015374
voc,resnet50,ig,8173,18,0.002,0,2568184002337986066,valid,0.9318899867928255,0.7136759433156906,18,18,True,0.9120569229125977,0.912314236164093,0.00025731325149536133,0.0015987579245120287,167.75125100002697
voc,resnet50,ig,8173,18,0.002,1,2700930089002217196,valid,0.930715453406426,0.7273666092943202,18,18,True,0.9120569229125977,0.9127291440963745,0.0006722211837768555,0.0015999599127098918,167.88372600012735
voc,resnet50,ig,8173,18,0.002,2,6274773280352562869,valid,0.9329231163366628,0.7199657240788346,18,18,True,0.9120569229125977,0.9079581499099731,0.004098773002624512,0.001592149492353201,168.03542099978586
voc,resnet50,ig,8173,18,0.002,3,7384397133206063386,valid,0.9311146623316555,0.7170230966638153,18,18,True,0.9120569229125977,0.912577211856842,0.0005202889442443848,0.001597188995219767,167.93733100030295
voc,resnet50,ig,8173,18,0.002,4,7207923362354915897,valid,0.9294225949506019,0.7085461355124276,18,18,True,0.9120569229125977,0.912791907787323,0.0007349848747253418,0.001594821340404451,167.969916000402
voc,resnet50,ig,8173,18,0.005,0,2568184002337986066,valid,0.8238629359731402,0.5634834086306278,18,18,True,0.9120569229125977,0.9091078639030457,0.002949059009552002,0.00399689469486475,168.30190900009256
voc,resnet50,ig,8173,18,0.005,1,2700930089002217196,valid,0.8263398326873909,0.565922920892495,18,18,True,0.9120569229125977,0.910099983215332,0.001956939697265625,0.003999899607151747,168.07547300004444
voc,resnet50,ig,8173,18,0.005,2,6274773280352562869,valid,0.8252706206059157,0.5547637490317583,18,18,True,0.9120569229125977,0.9015796184539795,0.010477304458618164,0.003980373032391071,168.26861600020493
voc,resnet50,ig,8173,18,0.005,3,7384397133206063386,valid,0.8199630861302537,0.5598383587193037,18,18,True,0.9120569229125977,0.909614622592926,0.002442300319671631,0.003992972429841757,168.03848900008234
voc,resnet50,ig,8173,18,0.005,4,7207923362354915897,valid,0.82010458627419,0.5550046482801364,18,18,True,0.9120569229125977,0.9112191796302795,0.0008377432823181152,0.003987052943557501,168.05312899987257
voc,resnet50,ig,8927,9,0.002,0,2972210994312305306,valid,0.7832754104732944,0.5390277564790676,9,9,True,0.8023180961608887,0.7956854104995728,0.006632685661315918,0.0015873500378802419,167.93166900015422
voc,resnet50,ig,8927,9,0.002,1,3098727151507634343,valid,0.7971139651158101,0.566078951474489,9,9,True,0.8023180961608887,0.8000901341438293,0.002227962017059326,0.0015887657646089792,167.96592699984103
voc,resnet50,ig,8927,9,0.002,2,3156827023830551964,valid,0.7693224126045857,0.5252279635258359,9,9,True,0.8023180961608887,0.7927401065826416,0.00957798957824707,0.0015855910023674369,168.10017699981472
voc,resnet50,ig,8927,9,0.002,3,2568375632386903713,valid,0.7946347563178807,0.5480487428659572,9,9,True,0.8023180961608887,0.7993682026863098,0.0029498934745788574,0.00158597226254642,167.946125999606
voc,resnet50,ig,8927,9,0.002,4,487923459527200765,valid,0.7952852466694522,0.5513989797495749,9,9,True,0.8023180961608887,0.8027345538139343,0.0004164576530456543,0.001582745579071343,167.8255150000041
voc,resnet50,ig,8927,9,0.005,0,2972210994312305306,valid,0.5761276663594007,0.3747945205479452,9,9,True,0.8023180961608887,0.7757773995399475,0.026540696620941162,0.003956443630158901,168.43110400031946
voc,resnet50,ig,8927,9,0.005,1,3098727151507634343,valid,0.594901975123623,0.3835125448028674,9,9,True,0.8023180961608887,0.7805513739585876,0.021766722202301025,0.003959944471716881,167.92400400026963
voc,resnet50,ig,8927,9,0.005,2,3156827023830551964,valid,0.5766724747633202,0.36786152378356274,9,9,True,0.8023180961608887,0.7669138312339783,0.0354042649269104,0.00395288597792387,168.04543999978705
voc,resnet50,ig,8927,9,0.005,3,2568375632386903713,valid,0.5825263057046292,0.37857142857142856,9,9,True,0.8023180961608887,0.7758437991142273,0.026474297046661377,0.003952330444008112,168.18252999973993
voc,resnet50,ig,8927,9,0.005,4,487923459527200765,valid,0.6023430480915389,0.3894503668835664,9,9,True,0.8023180961608887,0.7989785075187683,0.0033395886421203613,0.003944706171751022,167.9167569996025
voc,resnet50,ig,5803,10,0.002,0,3852546974185743096,valid,0.7106095459343769,0.47393156116904095,8,8,True,0.8585192561149597,0.8551395535469055,0.0033797025680541992,0.0015928552020341158,167.82660299986674
voc,resnet50,ig,5803,10,0.002,1,2371425837951975359,valid,0.7166393772200127,0.47566534333186294,8,8,True,0.8585192561149597,0.8564928770065308,0.002026379108428955,0.001594100845977664,167.8424870001436
voc,resnet50,ig,5803,10,0.002,2,6461432094931278540,valid,0.7074087488235689,0.4570267131242741,8,8,True,0.8585192561149597,0.8594332933425903,0.0009140372276306152,0.0015928670763969421,167.89787000016076
voc,resnet50,ig,5803,10,0.002,3,7926371796250851087,valid,0.7090869225751237,0.46382730455075843,8,8,True,0.8585192561149597,0.860170841217041,0.0016515851020812988,0.0015976623399183154,167.91560100000424
voc,resnet50,ig,5803,10,0.002,4,2273525925788181717,valid,0.7127881858752566,0.46126965637740247,8,8,True,0.8585192561149597,0.8619681000709534,0.0034488439559936523,0.0015928366919979453,167.8804590001164
voc,resnet50,ig,5803,10,0.005,0,3852546974185743096,valid,0.44380069647249326,0.29329896907216496,8,8,True,0.8585192561149597,0.8597955107688904,0.001276254653930664,0.003981397021561861,168.48276100017756
voc,resnet50,ig,5803,10,0.005,1,2371425837951975359,valid,0.43929311694886997,0.2888146911519199,8,8,True,0.8585192561149597,0.8602314591407776,0.001712203025817871,0.003984390292316675,167.82028300031016
voc,resnet50,ig,5803,10,0.005,2,6461432094931278540,valid,0.43305530415536525,0.285677683832949,8,8,True,0.8585192561149597,0.8688138723373413,0.010294616222381592,0.003981403075158596,167.8622870003892
voc,resnet50,ig,5803,10,0.005,3,7926371796250851087,valid,0.4449069512552691,0.285677683832949,8,8,True,0.8585192561149597,0.8705894947052002,0.012070238590240479,0.003993417136371136,167.9706630002329
voc,resnet50,ig,5803,10,0.005,4,2273525925788181717,valid,0.43233222296359247,0.2846902201740911,8,8,True,0.8585192561149597,0.8709627389907837,0.012443482875823975,0.003981274086982012,167.90301300034116
voc,resnet50,ig,39,19,0.002,0,2479825858614679456,valid,0.7042615050221285,0.4294260076912121,19,19,True,0.8354922533035278,0.8340720534324646,0.0014201998710632324,0.0015936791896820068,167.81739999987622
voc,resnet50,ig,39,19,0.002,1,2409326931739155617,valid,0.7184636777798588,0.45112781954887216,19,19,True,0.8354922533035278,0.8331250548362732,0.0023671984672546387,0.001597477006725967,167.90453799967509
voc,resnet50,ig,39,19,0.002,2,6067917643963702541,valid,0.7014271396391317,0.42516330587901163,19,19,True,0.8354922533035278,0.8378689885139465,0.002376735210418701,0.0015949546359479427,167.8515549997428
voc,resnet50,ig,39,19,0.002,3,3836945159140576186,valid,0.7132071585559998,0.4388530465949821,19,19,True,0.8354922533035278,0.8358984589576721,0.0004062056541442871,0.0015920345904305577,167.80784100001256
voc,resnet50,ig,39,19,0.002,4,2894779989879545488,valid,0.7103376657104398,0.4343289981420609,19,19,True,0.8354922533035278,0.835978090763092,0.000485837459564209,0.001590448198840022,168.3418879997589
voc,resnet50,ig,39,19,0.005,0,2479825858614679456,valid,0.45747967706592885,0.2678120262758969,19,19,True,0.8354922533035278,0.8349806666374207,0.0005115866661071777,0.00398419750854373,168.41671500014854
voc,resnet50,ig,39,19,0.005,1,2409326931739155617,valid,0.4679246769301194,0.2837042721923766,19,19,True,0.8354922533035278,0.832166850566864,0.0033254027366638184,0.003993691876530647,167.91065899997193
voc,resnet50,ig,39,19,0.005,2,6067917643963702541,valid,0.45491831969538293,0.2678120262758969,19,19,True,0.8354922533035278,0.8379753232002258,0.002483069896697998,0.003987385891377926,167.80160599955707
voc,resnet50,ig,39,19,0.005,3,3836945159140576186,valid,0.4645003544029933,0.27782021899668957,19,19,True,0.8354922533035278,0.8354048728942871,8.738040924072266e-05,0.00398008618503809,167.8916030000437
voc,resnet50,ig,39,19,0.005,4,2894779989879545488,valid,0.46227773081570267,0.26973684210526316,19,19,True,0.8354922533035278,0.8352686166763306,0.00022363662719726562,0.003976120613515377,167.8784949999681
voc,resnet50,ig,1686,14,0.002,0,2407452988058933126,valid,0.9317569252955626,0.7117516629711752,14,14,True,0.7900072932243347,0.7927590012550354,0.0027517080307006836,0.0015939988661557436,168.41603200009558
voc,resnet50,ig,1686,14,0.002,1,1416983024301229683,valid,0.9346753342343767,0.7047732291489723,14,14,True,0.7900072932243347,0.7931264042854309,0.0031191110610961914,0.0015951610403135419,167.98308599982192
voc,resnet50,ig,1686,14,0.002,2,329098390142242351,valid,0.9288172306504053,0.7007286900525335,14,14,True,0.7900072932243347,0.7893934845924377,0.0006138086318969727,0.0015966679202392697,168.16584999969564
voc,resnet50,ig,1686,14,0.002,3,8332520142723992066,valid,0.9349228109057288,0.7126279863481229,14,14,True,0.7900072932243347,0.7927537560462952,0.0027464628219604492,0.0015949783846735954,167.93580700004895
voc,resnet50,ig,1686,14,0.002,4,4678094734876851399,valid,0.9357385820389448,0.7068027210884353,14,14,True,0.7900072932243347,0.7904775738716125,0.00047028064727783203,0.0015942072495818138,167.89307599992753
voc,resnet50,ig,1686,14,0.005,0,2407452988058933126,valid,0.8264470963401801,0.5466173524425951,14,14,True,0.7900072932243347,0.7946155071258545,0.004608213901519775,0.003984620328992605,168.58332200035875
voc,resnet50,ig,1686,14,0.005,1,1416983024301229683,valid,0.8308014616074594,0.5492435937017598,14,14,True,0.7900072932243347,0.793274462223053,0.0032671689987182617,0.0039873202331364155,167.90810200018313
voc,resnet50,ig,1686,14,0.005,2,329098390142242351,valid,0.8228960660476856,0.5413914913223775,14,14,True,0.7900072932243347,0.7850186228752136,0.004988670349121094,0.003991101402789354,167.8767200000948
voc,resnet50,ig,1686,14,0.005,3,8332520142723992066,valid,0.8278568447263189,0.5478099938309685,14,14,True,0.7900072932243347,0.7921163439750671,0.002109050750732422,0.003986937925219536,167.87415999988298
voc,resnet50,ig,1686,14,0.005,4,4678094734876851399,valid,0.834398199929476,0.5513989797495749,14,14,True,0.7900072932243347,0.7908000946044922,0.0007928013801574707,0.0039848992601037025,167.89509900036137
voc,resnet50,ig,5544,18,0.002,0,7605300728157470724,valid,0.7182085208079584,0.4876964126890009,18,18,True,0.8930060863494873,0.8888299465179443,0.004176139831542969,0.0015960177406668663,168.43286499988608
voc,resnet50,ig,5544,18,0.002,1,7713127228031362199,valid,0.7210982703840441,0.48924172725923726,18,18,True,0.8930060863494873,0.8902597427368164,0.0027463436126708984,0.0015956397401168942,167.94617300001846
voc,resnet50,ig,5544,18,0.002,2,3269339992068861176,valid,0.7185598522232451,0.47870929718579636,18,18,True,0.8930060863494873,0.8854120373725891,0.007594048976898193,0.0015921449521556497,167.8634120003153
voc,resnet50,ig,5544,18,0.002,3,3089590639899074028,valid,0.71767479738224,0.48242245199409156,18,18,True,0.8930060863494873,0.8857031464576721,0.0073029398918151855,0.0015988994855433702,167.8781880000315
voc,resnet50,ig,5544,18,0.002,4,6201695411679841990,valid,0.7288061795779125,0.4863744075829384,18,18,True,0.8930060863494873,0.8907826542854309,0.0022234320640563965,0.0015987862134352326,167.83851500031233
voc,resnet50,ig,5544,18,0.005,0,7605300728157470724,valid,0.4740791071456632,0.30847457627118646,18,18,True,0.8930060863494873,0.8788049221038818,0.014201164245605469,0.003989167511463165,168.5023770000953
voc,resnet50,ig,5544,18,0.005,1,7713127228031362199,valid,0.46510623259747647,0.31344064912969505,18,18,True,0.8930060863494873,0.8823547959327698,0.01065129041671753,0.003987888805568218,167.8958769998644
voc,resnet50,ig,5544,18,0.005,2,3269339992068861176,valid,0.4684348023457888,0.3047321892875715,18,18,True,0.8930060863494873,0.8764292001724243,0.01657688617706299,0.003979042638093233,167.93495899992195
voc,resnet50,ig,5544,18,0.005,3,3089590639899074028,valid,0.4808657003419997,0.3161967213114754,18,18,True,0.8930060863494873,0.8790156245231628,0.013990461826324463,0.003996388986706734,167.8438509998159
voc,resnet50,ig,5544,18,0.005,4,6201695411679841990,valid,0.48572223522441244,0.3236613030862569,18,18,True,0.8930060863494873,0.8849881291389465,0.008017957210540771,0.0039961994625627995,167.8665849999561
voc,resnet50,ig,3784,1,0.002,0,568371097838651679,valid,0.8530600007950664,0.6433600785983298,1,1,True,0.8706156611442566,0.8703698515892029,0.00024580955505371094,0.0015786016592755914,168.45136199981425
voc,resnet50,ig,3784,1,0.002,1,8730973129268750908,valid,0.8556794605668622,0.6444371620514501,1,1,True,0.8706156611442566,0.8704351186752319,0.0001805424690246582,0.001580387121066451,167.83732200019585
voc,resnet50,ig,3784,1,0.002,2,4988815491858760642,valid,0.8560743571396282,0.6374612497960516,1,1,True,0.8706156611442566,0.8710127472877502,0.00039708614349365234,0.0015824723523110151,167.9260770001747
voc,resnet50,ig,3784,1,0.002,3,4107072592214049901,valid,0.8560106859018777,0.6396013723247835,1,1,True,0.8706156611442566,0.8696513175964355,0.0009643435478210449,0.0015764357522130013,167.76364699990154
voc,resnet50,ig,3784,1,0.002,4,2770030334258850844,valid,0.8618614000206686,0.6495726495726496,1,1,True,0.8706156611442566,0.8705481290817261,6.753206253051758e-05,0.0015846487367525697,167.94417300025088
voc,resnet50,ig,3784,1,0.005,0,568371097838651679,valid,0.7079443862092532,0.47609942638623326,1,1,True,0.8706156611442566,0.867588222026825,0.0030274391174316406,0.003933827858418226,168.49863799961895
voc,resnet50,ig,3784,1,0.005,1,8730973129268750908,valid,0.703786233525647,0.46340040828229806,1,1,True,0.8706156611442566,0.8664860129356384,0.004129648208618164,0.003937961533665657,167.9116420000355
voc,resnet50,ig,3784,1,0.005,2,4988815491858760642,valid,0.7011001035271016,0.4599941809717777,1,1,True,0.8706156611442566,0.8743976950645447,0.003782033920288086,0.003942861687391996,167.91894700008925
voc,resnet50,ig,3784,1,0.005,3,4107072592214049901,valid,0.7021694596111939,0.4640408460977389,1,1,True,0.8706156611442566,0.8648715615272522,0.0057440996170043945,0.003928969614207745,167.92657899986807
voc,resnet50,ig,3784,1,0.005,4,2770030334258850844,valid,0.701659716355004,0.46617969320672026,1,1,True,0.8706156611442566,0.8685321807861328,0.0020834803581237793,0.003948383964598179,167.87052300014693
voc,resnet50,ig,6304,3,0.002,0,7830137365422260441,valid,0.6929645385564179,0.4372046398396105,3,3,True,0.9108566641807556,0.9071367383003235,0.003719925880432129,0.0015829249750822783,168.95352200026537
voc,resnet50,ig,6304,3,0.002,1,4661326768319657430,valid,0.7000892661176898,0.4376163873370577,3,3,True,0.9108566641807556,0.9093909859657288,0.0014656782150268555,0.0015871579525992274,167.92933000033372
voc,resnet50,ig,6304,3,0.002,2,6619020526136302124,valid,0.6954001320128346,0.4353546910755149,3,3,True,0.9108566641807556,0.9119136333465576,0.001056969165802002,0.0015817671082913876,167.87009399968156
voc,resnet50,ig,6304,3,0.002,3,6800945400057756425,valid,0.6875317718377272,0.43473909935668337,3,3,True,0.9108566641807556,0.9103748202323914,0.0004818439483642578,0.0015854863449931145,167.96004999969227
voc,resnet50,ig,6304,3,0.002,4,7042581768829889240,valid,0.6806657139787798,0.42213405129658493,3,3,True,0.9108566641807556,0.909157395362854,0.0016992688179016113,0.001587563892826438,167.8452199998901
voc,resnet50,ig,6304,3,0.005,0,7830137365422260441,valid,0.42764127354968173,0.27328089317432125,3,3,True,0.9108566641807556,0.8996217250823975,0.011234939098358154,0.0039367470890283585,167.84368499975244
voc,resnet50,ig,6304,3,0.005,1,4661326768319657430,valid,0.42742200062500735,0.2631843926998112,3,3,True,0.9108566641807556,0.9049469232559204,0.005909740924835205,0.003948709461838007,167.90755100009847
voc,resnet50,ig,6304,3,0.005,2,6619020526136302124,valid,0.4345207605203589,0.2678120262758969,3,3,True,0.9108566641807556,0.9109789133071899,0.00012224912643432617,0.003933782689273357,167.911844000173
voc,resnet50,ig,6304,3,0.005,3,6800945400057756425,valid,0.4267068345012564,0.27134532556371926,3,3,True,0.9108566641807556,0.9058250784873962,0.005031585693359375,0.003943027462810278,167.93337299986888
voc,resnet50,ig,6304,3,0.005,4,7042581768829889240,valid,0.418599657169613,0.2623899371069182,3,3,True,0.9108566641807556,0.9086573123931885,0.0021993517875671387,0.0039486452005803585,167.88244999997914
voc,resnet50,ig,158,2,0.002,0,3522680649187379204,valid,0.41667646460476854,0.3124100954622728,2,2,True,0.7229312658309937,0.725101113319397,0.0021698474884033203,0.0015971061075106263,168.41683299981014
voc,resnet50,ig,158,2,0.002,1,419294351200179885,valid,0.43692545549343476,0.3224403742258532,2,2,True,0.7229312658309937,0.7088311910629272,0.014100074768066406,0.0015956589486449957,167.92104700016353
voc,resnet50,ig,158,2,0.002,2,3028218364960125082,valid,0.4033976144292828,0.3057507155867812,2,2,True,0.7229312658309937,0.7401275634765625,0.017196297645568848,0.001595925772562623,167.87887000009505
voc,resnet50,ig,158,2,0.002,3,6052761022673377132,valid,0.4165441928202075,0.3094989561586639,2,2,True,0.7229312658309937,0.7222446799278259,0.0006865859031677246,0.001600170275196433,167.94511899979625
voc,resnet50,ig,158,2,0.002,4,3347453041863134171,valid,0.4280749490559519,0.31464500916950483,2,2,True,0.7229312658309937,0.7255153656005859,0.002584099769592285,0.0015938309952616692,167.91943700036427
voc,resnet50,ig,158,2,0.005,0,3522680649187379204,valid,0.1853096210957592,0.20625,2,2,True,0.7229312658309937,0.7272781729698181,0.004346907138824463,0.003991131670773029,167.92243000008966
voc,resnet50,ig,158,2,0.005,1,419294351200179885,valid,0.1765030136357936,0.2030688084392232,2,2,True,0.7229312658309937,0.7011276483535767,0.021803617477416992,0.003987189847975969,168.5964690000219
voc,resnet50,ig,158,2,0.005,2,3028218364960125082,valid,0.1648033850926171,0.19192399049881234,2,2,True,0.7229312658309937,0.7336245775222778,0.01069331169128418,0.003988075070083141,167.88934999976846
voc,resnet50,ig,158,2,0.005,3,6052761022673377132,valid,0.176579197367018,0.20509125840537945,2,2,True,0.7229312658309937,0.7144684791564941,0.008462786674499512,0.0039986358024179935,167.85193099985918
voc,resnet50,ig,158,2,0.005,4,3347453041863134171,valid,0.1838987006972282,0.20422366210703144,2,2,True,0.7229312658309937,0.731842577457428,0.008911311626434326,0.003982962109148502,167.78789999989385
voc,resnet50,ig,9571,0,0.002,0,2590450077393174903,valid,0.5231976222760911,0.3117239576525944,3,3,True,0.8506610989570618,0.8346189260482788,0.01604217290878296,0.001593313761986792,168.4689939997952
voc,resnet50,ig,9571,0,0.002,1,7132724899960905381,valid,0.5132059822912652,0.31464500916950483,3,3,True,0.8506610989570618,0.8432806730270386,0.007380425930023193,0.0015939597506076097,167.98803699975906
voc,resnet50,ig,9571,0,0.002,2,1120045858359378571,valid,0.5047405105975158,0.3066007030334592,3,3,True,0.8506610989570618,0.8412408232688904,0.009420275688171387,0.0015916327247396111,167.88876999999047
voc,resnet50,ig,9571,0,0.002,3,3030323471833644395,valid,0.5063083961256445,0.2982796533436813,3,3,True,0.8506610989570618,0.8573250770568848,0.006663978099822998,0.0015935790725052357,167.95459300010407
voc,resnet50,ig,9571,0,0.002,4,3981683401082662910,valid,0.5178828279784178,0.31018276762402086,3,3,True,0.8506610989570618,0.8708236217498779,0.020162522792816162,0.0015986495418474078,168.1438089999574
voc,resnet50,ig,9571,0,0.005,0,2590450077393174903,valid,0.2525360107075667,0.1812617702448211,3,3,True,0.8506610989570618,0.8246884346008301,0.02597266435623169,0.003983283881098032,167.98573699998087
voc,resnet50,ig,9571,0,0.005,1,7132724899960905381,valid,0.2443278726394715,0.17462546816479402,3,3,True,0.8506610989570618,0.8343582153320312,0.016302883625030518,0.0039848992601037025,168.49832400021114
voc,resnet50,ig,9571,0,0.005,2,1120045858359378571,valid,0.2482360243478554,0.17738151102768654,3,3,True,0.8506610989570618,0.7862915992736816,0.06436949968338013,0.003979082219302654,167.94889299990245
voc,resnet50,ig,9571,0,0.005,3,3030323471833644395,valid,0.2401556776027869,0.17229295643032355,3,3,True,0.8506610989570618,0.8346890211105347,0.0159720778465271,0.003983946982771158,168.00428199985618
voc,resnet50,ig,9571,0,0.005,4,3981683401082662910,valid,0.252302030697249,0.17821084761681147,3,3,True,0.8506610989570618,0.8662915825843811,0.015630483627319336,0.0039966232143342495,167.9048060000241
voc,resnet50,gradcam,8173,18,0.002,0,2568184002337986066,valid,0.9954226281723298,0.9818325434439179,18,18,True,0.9120569229125977,0.912314236164093,0.00025731325149536133,0.0015987579245120287,7.627530999798182
voc,resnet50,gradcam,8173,18,0.002,1,2700930089002217196,valid,0.9904566045392148,0.9877203406615171,18,18,True,0.9120569229125977,0.9127291440963745,0.0006722211837768555,0.0015999599127098918,7.75240200027838
voc,resnet50,gradcam,8173,18,0.002,2,6274773280352562869,valid,0.9844525136426164,0.9794871794871794,18,18,True,0.9120569229125977,0.9079581499099731,0.004098773002624512,0.001592149492353201,7.781792000059795
voc,resnet50,gradcam,8173,18,0.002,3,7384397133206063386,valid,0.9921991397296794,0.9810501381760758,18,18,True,0.9120569229125977,0.912577211856842,0.0005202889442443848,0.001597188995219767,7.778052000048774
voc,resnet50,gradcam,8173,18,0.002,4,7207923362354915897,valid,0.9998943272304912,0.9857538583300356,18,18,True,0.9120569229125977,0.912791907787323,0.0007349848747253418,0.001594821340404451,7.816278000063903
voc,resnet50,gradcam,8173,18,0.005,0,2568184002337986066,valid,0.9953368525841179,0.9438311059461554,18,18,True,0.9120569229125977,0.9091078639030457,0.002949059009552002,0.00399689469486475,7.828198999959568
voc,resnet50,gradcam,8173,18,0.005,1,2700930089002217196,valid,0.9887858340793723,0.9763686490744388,18,18,True,0.9120569229125977,0.910099983215332,0.001956939697265625,0.003999899607151747,7.780389999879844
voc,resnet50,gradcam,8173,18,0.005,2,6274773280352562869,valid,0.9790346597289337,0.9605391678062122,18,18,True,0.9120569229125977,0.9015796184539795,0.010477304458618164,0.003980373032391071,7.767552000132127
voc,resnet50,gradcam,8173,18,0.005,3,7384397133206063386,valid,0.9887137780575029,0.9476033378614399,18,18,True,0.9120569229125977,0.909614622592926,0.002442300319671631,0.003992972429841757,7.753652000246802
voc,resnet50,gradcam,8173,18,0.005,4,7207923362354915897,valid,0.9993796228753388,0.9728720267348142,18,18,True,0.9120569229125977,0.9112191796302795,0.0008377432823181152,0.003987052943557501,7.776253999963956
voc,resnet50,gradcam,8927,9,0.002,0,2972210994312305306,valid,0.9696543495616115,0.9686151431934091,9,9,True,0.8023180961608887,0.7956854104995728,0.006632685661315918,0.0015873500378802419,7.614790999923571
voc,resnet50,gradcam,8927,9,0.002,1,3098727151507634343,valid,0.9639814016251783,0.9624560031286664,9,9,True,0.8023180961608887,0.8000901341438293,0.002227962017059326,0.0015887657646089792,7.83572299997104
voc,resnet50,gradcam,8927,9,0.002,2,3156827023830551964,valid,0.9766111284894793,0.9666862629825593,9,9,True,0.8023180961608887,0.7927401065826416,0.00957798957824707,0.0015855910023674369,7.8267429998959415
voc,resnet50,gradcam,8927,9,0.002,3,2568375632386903713,valid,0.9946591042862198,0.9701609736945426,9,9,True,0.8023180961608887,0.7993682026863098,0.0029498934745788574,0.00158597226254642,7.756105999760621
voc,resnet50,gradcam,8927,9,0.002,4,487923459527200765,valid,0.969552307147092,0.9744245524296675,9,9,True,0.8023180961608887,0.8027345538139343,0.0004164576530456543,0.001582745579071343,7.774048000101175
voc,resnet50,gradcam,8927,9,0.005,0,2972210994312305306,valid,0.894367178039602,0.9643765903307888,9,9,True,0.8023180961608887,0.7757773995399475,0.026540696620941162,0.003956443630158901,7.766366999931051
voc,resnet50,gradcam,8927,9,0.005,1,3098727151507634343,valid,0.9029731172245054,0.9510108864696734,9,9,True,0.8023180961608887,0.7805513739585876,0.021766722202301025,0.003959944471716881,8.130335999794625
voc,resnet50,gradcam,8927,9,0.005,2,3156827023830551964,valid,0.8920750135018822,0.956716708910119,9,9,True,0.8023180961608887,0.7669138312339783,0.0354042649269104,0.00395288597792387,7.825484000022698
voc,resnet50,gradcam,8927,9,0.005,3,2568375632386903713,valid,0.9116652346490959,0.9636079045196635,9,9,True,0.8023180961608887,0.7758437991142273,0.026474297046661377,0.003952330444008112,7.773437999730959
voc,resnet50,gradcam,8927,9,0.005,4,487923459527200765,valid,0.9039099989221391,0.9609222352481438,9,9,True,0.8023180961608887,0.7989785075187683,0.0033395886421203613,0.003944706171751022,7.767681000132143
voc,resnet50,gradcam,5803,10,0.002,0,3852546974185743096,valid,0.9979006648160044,0.9396984924623115,8,8,True,0.8585192561149597,0.8551395535469055,0.0033797025680541992,0.0015928552020341158,7.6382540000849986
voc,resnet50,gradcam,5803,10,0.002,1,2371425837951975359,valid,0.9966778086842342,0.9043643263757116,8,8,True,0.8585192561149597,0.8564928770065308,0.002026379108428955,0.001594100845977664,7.721738000327605
voc,resnet50,gradcam,5803,10,0.002,2,6461432094931278540,valid,0.9989822433829378,0.9438311059461554,8,8,True,0.8585192561149597,0.8594332933425903,0.0009140372276306152,0.0015928670763969421,7.822307999958866
voc,resnet50,gradcam,5803,10,0.002,3,7926371796250851087,valid,0.9980416370549509,0.9476033378614399,8,8,True,0.8585192561149597,0.860170841217041,0.0016515851020812988,0.0015976623399183154,7.7636460000576335
voc,resnet50,gradcam,5803,10,0.002,4,2273525925788181717,valid,0.9987929768322985,0.9438311059461554,8,8,True,0.8585192561149597,0.8619681000709534,0.0034488439559936523,0.0015928366919979453,7.719875000020693
voc,resnet50,gradcam,5803,10,0.005,0,3852546974185743096,valid,0.9941163118949817,0.8734366249766661,8,8,True,0.8585192561149597,0.8597955107688904,0.001276254653930664,0.003981397021561861,7.766352000089682
voc,resnet50,gradcam,5803,10,0.005,1,2371425837951975359,valid,0.9849482192129833,0.7819602272727273,8,8,True,0.8585192561149597,0.8602314591407776,0.001712203025817871,0.003984390292316675,7.781735999742523
voc,resnet50,gradcam,5803,10,0.005,2,6461432094931278540,valid,0.9943282066069619,0.8307187157971543,8,8,True,0.8585192561149597,0.8688138723373413,0.010294616222381592,0.003981403075158596,7.7161829999568
voc,resnet50,gradcam,5803,10,0.005,3,7926371796250851087,valid,0.9890463373042953,0.84688995215311,8,8,True,0.8585192561149597,0.8705894947052002,0.012070238590240479,0.003993417136371136,7.751293000183068
voc,resnet50,gradcam,5803,10,0.005,4,2273525925788181717,valid,0.9942458025876334,0.8300510576221736,8,8,True,0.8585192561149597,0.8709627389907837,0.012443482875823975,0.003981274086982012,7.905118000053335
voc,resnet50,gradcam,39,19,0.002,0,2479825858614679456,valid,0.9988451007854204,0.9790968250838099,19,19,True,0.8354922533035278,0.8340720534324646,0.0014201998710632324,0.0015936791896820068,7.59342600031232
voc,resnet50,gradcam,39,19,0.002,1,2409326931739155617,valid,0.9983670661551027,0.9632237871674492,19,19,True,0.8354922533035278,0.8331250548362732,0.0023671984672546387,0.001597477006725967,7.743178000055195
voc,resnet50,gradcam,39,19,0.002,2,6067917643963702541,valid,0.9994880517800946,0.9670717365738926,19,19,True,0.8354922533035278,0.8378689885139465,0.002376735210418701,0.0015949546359479427,7.747171000119124
voc,resnet50,gradcam,39,19,0.002,3,3836945159140576186,valid,0.9991681172268934,0.9736479842674532,19,19,True,0.8354922533035278,0.8358984589576721,0.0004062056541442871,0.0015920345904305577,7.731208999757655
voc,resnet50,gradcam,39,19,0.002,4,2894779989879545488,valid,0.9991768279759236,0.9705478107205969,19,19,True,0.8354922533035278,0.835978090763092,0.000485837459564209,0.001590448198840022,7.813678999809781
voc,resnet50,gradcam,39,19,0.005,0,2479825858614679456,valid,0.9938310841270902,0.9065349544072948,19,19,True,0.8354922533035278,0.8349806666374207,0.0005115866661071777,0.00398419750854373,7.834258000002592
voc,resnet50,gradcam,39,19,0.005,1,2409326931739155617,valid,0.9948738227766023,0.8957310162448054,19,19,True,0.8354922533035278,0.832166850566864,0.0033254027366638184,0.003993691876530647,7.737875000202621
voc,resnet50,gradcam,39,19,0.005,2,6067917643963702541,valid,0.9955627167422931,0.877642656688494,19,19,True,0.8354922533035278,0.8379753232002258,0.002483069896697998,0.003987385891377926,7.742692999727296
voc,resnet50,gradcam,39,19,0.005,3,3836945159140576186,valid,0.9943721795174085,0.9207655502392345,19,19,True,0.8354922533035278,0.8354048728942871,8.738040924072266e-05,0.00398008618503809,7.796776999839494
voc,resnet50,gradcam,39,19,0.005,4,2894779989879545488,valid,0.9937336491285723,0.8857572341225103,19,19,True,0.8354922533035278,0.8352686166763306,0.00022363662719726562,0.003976120613515377,7.742416000382946
voc,resnet50,gradcam,1686,14,0.002,0,2407452988058933126,valid,0.9997789464423084,0.9932472691161867,14,14,True,0.7900072932243347,0.7927590012550354,0.0027517080307006836,0.0015939988661557436,7.662244999664836
voc,resnet50,gradcam,1686,14,0.002,1,1416983024301229683,valid,0.9997581625836044,0.9877203406615171,14,14,True,0.7900072932243347,0.7931264042854309,0.0031191110610961914,0.0015951610403135419,7.759383000120579
voc,resnet50,gradcam,1686,14,0.002,2,329098390142242351,valid,0.9998985092491802,0.9928514694201748,14,14,True,0.7900072932243347,0.7893934845924377,0.0006138086318969727,0.0015966679202392697,7.773771999836754
voc,resnet50,gradcam,1686,14,0.002,3,8332520142723992066,valid,0.9998528145544066,0.9830073108081406,14,14,True,0.7900072932243347,0.7927537560462952,0.0027464628219604492,0.0015949783846735954,7.774568000058935
voc,resnet50,gradcam,1686,14,0.002,4,4678094734876851399,valid,0.9989677786501132,0.9896907216494846,14,14,True,0.7900072932243347,0.7904775738716125,0.00047028064727783203,0.0015942072495818138,7.764152999698126
voc,resnet50,gradcam,1686,14,0.005,0,2407452988058933126,valid,0.9988810288137445,0.9748130657221566,14,14,True,0.7900072932243347,0.7946155071258545,0.004608213901519775,0.003984620328992605,7.749676000003092
voc,resnet50,gradcam,1686,14,0.005,1,1416983024301229683,valid,0.9984776884836745,0.9682290645224554,14,14,True,0.7900072932243347,0.793274462223053,0.0032671689987182617,0.0039873202331364155,7.753342999876622
voc,resnet50,gradcam,1686,14,0.005,2,329098390142242351,valid,0.9995756696602135,0.9740361919748229,14,14,True,0.7900072932243347,0.7850186228752136,0.004988670349121094,0.003991101402789354,7.799160999638843
voc,resnet50,gradcam,1686,14,0.005,3,8332520142723992066,valid,0.998218657379095,0.9771473601260835,14,14,True,0.7900072932243347,0.7921163439750671,0.002109050750732422,0.003986937925219536,7.741184999758843
voc,resnet50,gradcam,1686,14,0.005,4,4678094734876851399,valid,0.9947565075915468,0.9755905511811024,14,14,True,0.7900072932243347,0.7908000946044922,0.0007928013801574707,0.0039848992601037025,7.7516179999292945
voc,resnet50,gradcam,5544,18,0.002,0,7605300728157470724,valid,0.9938240497986669,0.9651458782063834,18,18,True,0.8930060863494873,0.8888299465179443,0.004176139831542969,0.0015960177406668663,7.676246999835712
voc,resnet50,gradcam,5544,18,0.002,1,7713127228031362199,valid,0.9972591581168714,0.983399209486166,18,18,True,0.8930060863494873,0.8902597427368164,0.0027463436126708984,0.0015956397401168942,7.741821000308846
voc,resnet50,gradcam,5544,18,0.002,2,3269339992068861176,valid,0.9901934491820136,0.9775369458128079,18,18,True,0.8930060863494873,0.8854120373725891,0.007594048976898193,0.0015921449521556497,7.75687499981359
voc,resnet50,gradcam,5544,18,0.002,3,3089590639899074028,valid,0.995228932260932,0.9775369458128079,18,18,True,0.8930060863494873,0.8857031464576721,0.0073029398918151855,0.0015988994855433702,7.790247999764688
voc,resnet50,gradcam,5544,18,0.002,4,6201695411679841990,valid,0.9935594122187984,0.9904799682665609,18,18,True,0.8930060863494873,0.8907826542854309,0.0022234320640563965,0.0015987862134352326,7.740685000044323
voc,resnet50,gradcam,5544,18,0.005,0,7605300728157470724,valid,0.9855018370750878,0.96015625,18,18,True,0.8930060863494873,0.8788049221038818,0.014201164245605469,0.003989167511463165,7.762795999951777
voc,resnet50,gradcam,5544,18,0.005,1,7713127228031362199,valid,0.9723230315159392,0.9597734817418473,18,18,True,0.8930060863494873,0.8823547959327698,0.01065129041671753,0.003987888805568218,7.7559750002365035
voc,resnet50,gradcam,5544,18,0.005,2,3269339992068861176,valid,0.9560415016322303,0.9532892175943947,18,18,True,0.8930060863494873,0.8764292001724243,0.01657688617706299,0.003979042638093233,7.740789000308723
voc,resnet50,gradcam,5544,18,0.005,3,3089590639899074028,valid,0.9775844254439634,0.9709347996857817,18,18,True,0.8930060863494873,0.8790156245231628,0.013990461826324463,0.003996388986706734,7.734943000286876
voc,resnet50,gradcam,5544,18,0.005,4,6201695411679841990,valid,0.9830650069284897,0.9636079045196635,18,18,True,0.8930060863494873,0.8849881291389465,0.008017957210540771,0.0039961994625627995,7.753656999739178
voc,resnet50,gradcam,3784,1,0.002,0,568371097838651679,valid,0.9969869134102542,0.9434546862896979,1,1,True,0.8706156611442566,0.8703698515892029,0.00024580955505371094,0.0015786016592755914,7.609278000018094
voc,resnet50,gradcam,3784,1,0.002,1,8730973129268750908,valid,0.9957626322431535,0.96015625,1,1,True,0.8706156611442566,0.8704351186752319,0.0001805424690246582,0.001580387121066451,7.808199000010063
voc,resnet50,gradcam,3784,1,0.002,2,4988815491858760642,valid,0.9957632538346153,0.9266653868304857,1,1,True,0.8706156611442566,0.8710127472877502,0.00039708614349365234,0.0015824723523110151,7.794385000124748
voc,resnet50,gradcam,3784,1,0.002,3,4107072592214049901,valid,0.9925537013385094,0.9058108621344474,1,1,True,0.8706156611442566,0.8696513175964355,0.0009643435478210449,0.0015764357522130013,7.744135999928403
voc,resnet50,gradcam,3784,1,0.002,4,2770030334258850844,valid,0.9951462053990507,0.9344641480339244,1,1,True,0.8706156611442566,0.8705481290817261,6.753206253051758e-05,0.0015846487367525697,7.718683999883069
voc,resnet50,gradcam,3784,1,0.005,0,568371097838651679,valid,0.9866859762981539,0.8657743074920989,1,1,True,0.8706156611442566,0.867588222026825,0.0030274391174316406,0.003933827858418226,7.736404000297625
voc,resnet50,gradcam,3784,1,0.005,1,8730973129268750908,valid,0.9820598410274926,0.8910872432636141,1,1,True,0.8706156611442566,0.8664860129356384,0.004129648208618164,0.003937961533665657,7.7310860001489345
voc,resnet50,gradcam,3784,1,0.005,2,4988815491858760642,valid,0.9939410448685303,0.878345498783455,1,1,True,0.8706156611442566,0.8743976950645447,0.003782033920288086,0.003942861687391996,7.772532000217325
voc,resnet50,gradcam,3784,1,0.005,3,4107072592214049901,valid,0.9736714118375066,0.8475699558173785,1,1,True,0.8706156611442566,0.8648715615272522,0.0057440996170043945,0.003928969614207745,7.745988999886322
voc,resnet50,gradcam,3784,1,0.005,4,2770030334258850844,valid,0.993773730863757,0.8960891743812582,1,1,True,0.8706156611442566,0.8685321807861328,0.0020834803581237793,0.003948383964598179,7.824654000160081
voc,resnet50,gradcam,6304,3,0.002,0,7830137365422260441,valid,0.9972900100951317,0.9818325434439179,3,3,True,0.9108566641807556,0.9071367383003235,0.003719925880432129,0.0015829249750822783,7.611332000124094
voc,resnet50,gradcam,6304,3,0.002,1,4661326768319657430,valid,0.9961436061681467,0.9857538583300356,3,3,True,0.9108566641807556,0.9093909859657288,0.0014656782150268555,0.0015871579525992274,7.723831000021164
voc,resnet50,gradcam,6304,3,0.002,2,6619020526136302124,valid,0.9960622937553089,0.9948320413436692,3,3,True,0.9108566641807556,0.9119136333465576,0.001056969165802002,0.0015817671082913876,7.817938999778562
voc,resnet50,gradcam,6304,3,0.002,3,6800945400057756425,valid,0.9962300851554431,0.9845758354755784,3,3,True,0.9108566641807556,0.9103748202323914,0.0004818439483642578,0.0015854863449931145,7.759059999898454
voc,resnet50,gradcam,6304,3,0.002,4,7042581768829889240,valid,0.9970336607092697,0.9952286282306163,3,3,True,0.9108566641807556,0.909157395362854,0.0016992688179016113,0.001587563892826438,7.773728999836749
voc,resnet50,gradcam,6304,3,0.005,0,7830137365422260441,valid,0.9922869341603124,0.9724842767295597,3,3,True,0.9108566641807556,0.8996217250823975,0.011234939098358154,0.0039367470890283585,7.743181000023469
voc,resnet50,gradcam,6304,3,0.005,1,4661326768319657430,valid,0.9888191736430675,0.9570982839313572,3,3,True,0.9108566641807556,0.9049469232559204,0.005909740924835205,0.003948709461838007,7.76249899990944
voc,resnet50,gradcam,6304,3,0.005,2,6619020526136302124,valid,0.9880647446626025,0.9861468434593311,3,3,True,0.9108566641807556,0.9109789133071899,0.00012224912643432617,0.003933782689273357,7.7624789996662
voc,resnet50,gradcam,6304,3,0.005,3,6800945400057756425,valid,0.9659421246612705,0.9697742885181551,3,3,True,0.9108566641807556,0.9058250784873962,0.005031585693359375,0.003943027462810278,7.81817899996895
voc,resnet50,gradcam,6304,3,0.005,4,7042581768829889240,valid,0.9826482661955545,0.9806591671600553,3,3,True,0.9108566641807556,0.9086573123931885,0.0021993517875671387,0.0039486452005803585,7.756575999792403
voc,resnet50,gradcam,158,2,0.002,0,3522680649187379204,valid,0.986216984962762,0.9605391678062122,2,2,True,0.7229312658309937,0.725101113319397,0.0021698474884033203,0.0015971061075106263,7.647677000022668
voc,resnet50,gradcam,158,2,0.002,1,419294351200179885,valid,0.9950000138486322,0.9442076714451763,2,2,True,0.7229312658309937,0.7088311910629272,0.014100074768066406,0.0015956589486449957,7.789582999976119
voc,resnet50,gradcam,158,2,0.002,2,3028218364960125082,valid,0.9945751557255408,0.9396984924623115,2,2,True,0.7229312658309937,0.7401275634765625,0.017196297645568848,0.001595925772562623,7.808283000031224
voc,resnet50,gradcam,158,2,0.002,3,6052761022673377132,valid,0.9946514365598573,0.9076221250712793,2,2,True,0.7229312658309937,0.7222446799278259,0.0006865859031677246,0.001600170275196433,7.785054999658314
voc,resnet50,gradcam,158,2,0.002,4,3347453041863134171,valid,0.9932303157913099,0.9156327543424317,2,2,True,0.7229312658309937,0.7255153656005859,0.002584099769592285,0.0015938309952616692,7.848601000205235
voc,resnet50,gradcam,158,2,0.005,0,3522680649187379204,valid,0.9385544429406942,0.8612759643916914,2,2,True,0.7229312658309937,0.7272781729698181,0.004346907138824463,0.003991131670773029,7.823358000223379
voc,resnet50,gradcam,158,2,0.005,1,419294351200179885,valid,0.9526845379418268,0.9457153935633966,2,2,True,0.7229312658309937,0.7011276483535767,0.021803617477416992,0.003987189847975969,7.753957000204537
voc,resnet50,gradcam,158,2,0.005,2,3028218364960125082,valid,0.9488011091956138,0.8441749356854098,2,2,True,0.7229312658309937,0.7336245775222778,0.01069331169128418,0.003988075070083141,7.778886999858514
voc,resnet50,gradcam,158,2,0.005,3,6052761022673377132,valid,0.9276659059037566,0.8882408278457197,2,2,True,0.7229312658309937,0.7144684791564941,0.008462786674499512,0.0039986358024179935,7.810748999872885
voc,resnet50,gradcam,158,2,0.005,4,3347453041863134171,valid,0.9473170986749334,0.8779940119760479,2,2,True,0.7229312658309937,0.731842577457428,0.008911311626434326,0.003982962109148502,7.801878999998735
voc,resnet50,gradcam,9571,0,0.002,0,2590450077393174903,valid,0.9799247117154659,0.918464769906435,3,3,True,0.8506610989570618,0.8346189260482788,0.01604217290878296,0.001593313761986792,7.693438999922364
voc,resnet50,gradcam,9571,0,0.002,1,7132724899960905381,valid,0.9932740600884822,0.9818325434439179,3,3,True,0.8506610989570618,0.8432806730270386,0.007380425930023193,0.0015939597506076097,7.765958000163664
voc,resnet50,gradcam,9571,0,0.002,2,1120045858359378571,valid,0.9804119422658958,0.9563352826510721,3,3,True,0.8506610989570618,0.8412408232688904,0.009420275688171387,0.0015916327247396111,7.7493859998867265
voc,resnet50,gradcam,9571,0,0.002,3,3030323471833644395,valid,0.9763289138763036,0.9374517374517375,3,3,True,0.8506610989570618,0.8573250770568848,0.006663978099822998,0.0015935790725052357,7.757399000183796
voc,resnet50,gradcam,9571,0,0.002,4,3981683401082662910,valid,0.9767472059921454,0.8907309721175584,3,3,True,0.8506610989570618,0.8708236217498779,0.020162522792816162,0.0015986495418474078,7.789260999743419
voc,resnet50,gradcam,9571,0,0.005,0,2590450077393174903,valid,0.9019801254004891,0.827052612415802,3,3,True,0.8506610989570618,0.8246884346008301,0.02597266435623169,0.003983283881098032,7.77528499975233
voc,resnet50,gradcam,9571,0,0.005,1,7132724899960905381,valid,0.844117990156553,0.8797527626896423,3,3,True,0.8506610989570618,0.8343582153320312,0.016302883625030518,0.0039848992601037025,7.759145999898465
voc,resnet50,gradcam,9571,0,0.005,2,1120045858359378571,valid,0.8622039044677727,0.8772914328469884,3,3,True,0.8506610989570618,0.7862915992736816,0.06436949968338013,0.003979082219302654,7.79272999989189
voc,resnet50,gradcam,9571,0,0.005,3,3030323471833644395,valid,0.8806041806434194,0.9529091262891614,3,3,True,0.8506610989570618,0.8346890211105347,0.0159720778465271,0.003983946982771158,7.824331999927381
voc,resnet50,gradcam,9571,0,0.005,4,3981683401082662910,valid,0.8612097845554435,0.8567992599444958,3,3,True,0.8506610989570618,0.8662915825843811,0.015630483627319336,0.0039966232143342495,7.789495999986684
voc,densenet121,ig,8173,18,0.002,0,2568184002337986066,valid,0.9535491573247703,0.7734582081639866,18,18,True,0.9879387617111206,0.9874603748321533,0.00047838687896728516,0.0015987579245120287,190.9728640002868
voc,densenet121,ig,8173,18,0.002,1,2700930089002217196,valid,0.9553233093730358,0.7905441570026762,18,18,True,0.9879387617111206,0.9880170822143555,7.832050323486328e-05,0.0015999599127098918,191.19292000004862
voc,densenet121,ig,8173,18,0.002,2,6274773280352562869,valid,0.9575405027258029,0.7915030346304891,18,18,True,0.9879387617111206,0.9879050254821777,3.3736228942871094e-05,0.001592149492353201,191.01609799963626
voc,densenet121,ig,8173,18,0.002,3,7384397133206063386,valid,0.9544378318279415,0.7806955287437899,18,18,True,0.9879387617111206,0.9876194000244141,0.00031936168670654297,0.001597188995219767,191.06560999989597
voc,densenet121,ig,8173,18,0.002,4,7207923362354915897,valid,0.9549534023578324,0.775654635527247,18,18,True,0.9879387617111206,0.9880684018135071,0.0001296401023864746,0.001594821340404451,193.9620059997651
voc,densenet121,ig,8173,18,0.005,0,2568184002337986066,valid,0.8804464656602967,0.6297499188048068,18,18,True,0.9879387617111206,0.9870184063911438,0.0009203553199768066,0.00399689469486475,191.06593900005464
voc,densenet121,ig,8173,18,0.005,1,2700930089002217196,valid,0.8859479931309093,0.6544675239037256,18,18,True,0.9879387617111206,0.9881970286369324,0.0002582669258117676,0.003999899607151747,191.07005599971671
voc,densenet121,ig,8173,18,0.005,2,6274773280352562869,valid,0.8881806482388751,0.6539222148978246,18,18,True,0.9879387617111206,0.988264799118042,0.0003260374069213867,0.003980373032391071,191.02489399983824
voc,densenet121,ig,8173,18,0.005,3,7384397133206063386,valid,0.8823587257812703,0.6420157068062827,18,18,True,0.9879387617111206,0.9874069094657898,0.0005318522453308105,0.003992972429841757,191.10344000000623
voc,densenet121,ig,8173,18,0.005,4,7207923362354915897,valid,0.8834986774148529,0.6433600785983298,18,18,True,0.9879387617111206,0.9883376955986023,0.00039893388748168945,0.003987052943557501,191.9533750001392
voc,densenet121,ig,8927,9,0.002,0,2972210994312305306,valid,0.9117076573033401,0.7190818773552586,12,12,True,0.8315514922142029,0.830609142780304,0.0009423494338989258,0.0015873500378802419,191.01655199983725
voc,densenet121,ig,8927,9,0.002,1,3098727151507634343,valid,0.9155120717811388,0.7202605416523826,12,12,True,0.8315514922142029,0.837561845779419,0.0060103535652160645,0.0015887657646089792,192.85076699998172
voc,densenet121,ig,8927,9,0.002,2,3156827023830551964,valid,0.9159104919491132,0.7217361468519472,12,12,True,0.8315514922142029,0.8287478685379028,0.002803623676300049,0.0015855910023674369,191.09387299977243
voc,densenet121,ig,8927,9,0.002,3,2568375632386903713,valid,0.9169898630945457,0.72885443583118,12,12,True,0.8315514922142029,0.8305754065513611,0.0009760856628417969,0.00158597226254642,191.76038899968262
voc,densenet121,ig,8927,9,0.002,4,487923459527200765,valid,0.9145865150268719,0.7190818773552586,12,12,True,0.8315514922142029,0.8353912234306335,0.003839731216430664,0.001582745579071343,191.12897600007273
voc,densenet121,ig,8927,9,0.005,0,2972210994312305306,valid,0.8052929766786479,0.562753036437247,12,12,True,0.8315514922142029,0.829903244972229,0.001648247241973877,0.003956443630158901,191.1249710001357
voc,densenet121,ig,8927,9,0.005,1,3098727151507634343,valid,0.8077534184339688,0.562509730655457,12,9,False,0.8315514922142029,0.8431141972541809,0.011562705039978027,0.003959944471716881,191.10469499992178
voc,densenet121,ig,8927,9,0.005,2,3156827023830551964,valid,0.8057077998743708,0.5644583008573656,12,12,True,0.8315514922142029,0.8202406167984009,0.011310875415802002,0.00395288597792387,191.15458799979024
voc,densenet121,ig,8927,9,0.005,3,2568375632386903713,valid,0.8102328784750404,0.5634834086306278,12,9,False,0.8315514922142029,0.8372884392738342,0.005736947059631348,0.003952330444008112,191.52404899978137
voc,densenet121,ig,8927,9,0.005,4,487923459527200765,valid,0.8058914890577541,0.5591113872922169,12,9,False,0.8315514922142029,0.8397106528282166,0.008159160614013672,0.003944706171751022,194.05927800016798
voc,densenet121,ig,5803,10,0.002,0,3852546974185743096,valid,0.8326382154260833,0.5723014256619144,8,8,True,0.9446763396263123,0.9453779458999634,0.000701606273651123,0.0015928552020341158,191.54517000015403
voc,densenet121,ig,5803,10,0.002,1,2371425837951975359,valid,0.8323162842536629,0.5683700578215346,8,8,True,0.9446763396263123,0.9459447860717773,0.0012684464454650879,0.001594100845977664,191.83640399978685
voc,densenet121,ig,5803,10,0.002,2,6461432094931278540,valid,0.8345008520371654,0.5649462030251052,8,8,True,0.9446763396263123,0.9448118209838867,0.0001354813575744629,0.0015928670763969421,191.53708600015307
voc,densenet121,ig,5803,10,0.002,3,7926371796250851087,valid,0.8292439117243345,0.5671455340412243,8,8,True,0.9446763396263123,0.94663405418396,0.001957714557647705,0.0015976623399183154,191.51326299970606
voc,densenet121,ig,5803,10,0.002,4,2273525925788181717,valid,0.8313470580138907,0.5620233463035019,8,8,True,0.9446763396263123,0.9453507661819458,0.0006744265556335449,0.0015928366919979453,191.52983000003587
voc,densenet121,ig,5803,10,0.005,0,3852546974185743096,valid,0.6529767430338528,0.4014802401899176,8,8,True,0.9446763396263123,0.9457914233207703,0.0011150836944580078,0.003981397021561861,191.55412500003877
voc,densenet121,ig,5803,10,0.005,1,2371425837951975359,valid,0.646079392568893,0.3960216998191682,8,8,True,0.9446763396263123,0.9451500177383423,0.0004736781120300293,0.003984390292316675,192.17231999982687
voc,densenet121,ig,5803,10,0.005,2,6461432094931278540,valid,0.6599492627671476,0.40285155157953595,8,8,True,0.9446763396263123,0.9445518851280212,0.00012445449829101562,0.003981403075158596,191.5187220001826
voc,densenet121,ig,5803,10,0.005,3,7926371796250851087,valid,0.6492252675810772,0.4022635182338969,8,8,True,0.9446763396263123,0.9467507004737854,0.0020743608474731445,0.003993417136371136,191.87223000017184
voc,densenet121,ig,5803,10,0.005,4,2273525925788181717,valid,0.6518510606938971,0.3936953200944313,8,8,True,0.9446763396263123,0.9466845989227295,0.0020082592964172363,0.003981274086982012,191.49259300002086
voc,densenet121,ig,39,19,0.002,0,2479825858614679456,valid,0.8077054382372442,0.5312786084833689,19,19,True,0.9573963284492493,0.9569104313850403,0.0004858970642089844,0.0015936791896820068,192.11334000010538
voc,densenet121,ig,39,19,0.002,1,2409326931739155617,valid,0.8064553867696744,0.5357306809487375,19,19,True,0.9573963284492493,0.9569358825683594,0.0004604458808898926,0.001597477006725967,191.6064950000873
voc,densenet121,ig,39,19,0.002,2,6067917643963702541,valid,0.8097140598798371,0.5298780487804878,19,19,True,0.9573963284492493,0.9574438333511353,4.750490188598633e-05,0.0015949546359479427,191.53357100003632
voc,densenet121,ig,39,19,0.002,3,3836945159140576186,valid,0.813481334203257,0.544,19,19,True,0.9573963284492493,0.9572104811668396,0.00018584728240966797,0.0015920345904305577,191.58661999972537
voc,densenet121,ig,39,19,0.002,4,2894779989879545488,valid,0.8082547055782293,0.536671260143929,19,19,True,0.9573963284492493,0.9575228691101074,0.0001265406608581543,0.001590448198840022,191.65634099999806
voc,densenet121,ig,39,19,0.005,0,2479825858614679456,valid,0.6201014407637322,0.37310165549322755,19,19,True,0.9573963284492493,0.9567728042602539,0.0006235241889953613,0.00398419750854373,192.13860899981228
voc,densenet121,ig,39,19,0.005,1,2409326931739155617,valid,0.6178722039962781,0.3747945205479452,19,19,True,0.9573963284492493,0.9569185972213745,0.00047773122787475586,0.003993691876530647,191.58020800023223
voc,densenet121,ig,39,19,0.005,2,6067917643963702541,valid,0.625260457013246,0.37235060850540136,19,19,True,0.9573963284492493,0.9574755430221558,7.921457290649414e-05,0.003987385891377926,191.63890700019692
voc,densenet121,ig,39,19,0.005,3,3836945159140576186,valid,0.6255750651822386,0.37235060850540136,19,19,True,0.9573963284492493,0.9573346972465515,6.16312026977539e-05,0.00398008618503809,191.60115800013955
voc,densenet121,ig,39,19,0.005,4,2894779989879545488,valid,0.6225769391326356,0.37385352498288843,19,19,True,0.9573963284492493,0.9572899341583252,0.00010639429092407227,0.003976120613515377,192.20708100010597
voc,densenet121,ig,1686,14,0.002,0,2407452988058933126,valid,0.9655203310737266,0.7750265298903432,14,14,True,0.8446870446205139,0.8443119525909424,0.0003750920295715332,0.0015939988661557436,191.51084999975865
voc,densenet121,ig,1686,14,0.002,1,1416983024301229683,valid,0.9621842901275782,0.7631763879128601,14,14,True,0.8446870446205139,0.8445082902908325,0.00017875432968139648,0.0015951610403135419,191.48214500000904
voc,densenet121,ig,1686,14,0.002,2,329098390142242351,valid,0.9613014170622403,0.7712672079068126,14,14,True,0.8446870446205139,0.8455035090446472,0.0008164644241333008,0.0015966679202392697,191.55526999975336
voc,densenet121,ig,1686,14,0.002,3,8332520142723992066,valid,0.9651998566124429,0.783226723525231,14,14,True,0.8446870446205139,0.8458545207977295,0.0011674761772155762,0.0015949783846735954,192.0956409999235
voc,densenet121,ig,1686,14,0.002,4,4678094734876851399,valid,0.963239524676394,0.7675237759774568,14,14,True,0.8446870446205139,0.8450051546096802,0.00031810998916625977,0.0015942072495818138,191.57938099988314
voc,densenet121,ig,1686,14,0.005,0,2407452988058933126,valid,0.9068483340619136,0.6339954412243569,14,14,True,0.8446870446205139,0.8448261022567749,0.00013905763626098633,0.003984620328992605,191.5151930002139
voc,densenet121,ig,1686,14,0.005,1,1416983024301229683,valid,0.9043297072448321,0.6244739397863386,14,14,True,0.8446870446205139,0.8435962200164795,0.0010908246040344238,0.0039873202331364155,191.4961089996723
voc,densenet121,ig,1686,14,0.005,2,329098390142242351,valid,0.9024389429257551,0.6339954412243569,14,14,True,0.8446870446205139,0.8467776775360107,0.002090632915496826,0.003991101402789354,191.521854000257
voc,densenet121,ig,1686,14,0.005,3,8332520142723992066,valid,0.9097358896389544,0.6361265079882621,14,14,True,0.8446870446205139,0.8473075032234192,0.0026204586029052734,0.003986937925219536,192.23647899980278
voc,densenet121,ig,1686,14,0.005,4,4678094734876851399,valid,0.9059379394778011,0.6305442729488221,14,14,True,0.8446870446205139,0.8452253341674805,0.0005382895469665527,0.0039848992601037025,191.5323369998987
voc,densenet121,ig,5544,18,0.002,0,7605300728157470724,valid,0.8411892010849095,0.5827156599905378,18,18,True,0.8827662467956543,0.8857424259185791,0.0029761791229248047,0.0015960177406668663,191.50795400037168
voc,densenet121,ig,5544,18,0.002,1,7713127228031362199,valid,0.8452826872905445,0.5970719287078294,18,18,True,0.8827662467956543,0.8827623128890991,3.933906555175781e-06,0.0015956397401168942,191.57972399989376
voc,densenet121,ig,5544,18,0.002,2,3269339992068861176,valid,0.8387441603880498,0.5814686416640403,18,18,True,0.8827662467956543,0.8849756121635437,0.0022093653678894043,0.0015921449521556497,191.88118899955953
voc,densenet121,ig,5544,18,0.002,3,3089590639899074028,valid,0.8373919214072958,0.5742745098039216,18,18,True,0.8827662467956543,0.8787944316864014,0.00397181510925293,0.0015988994855433702,191.77123300005405
voc,densenet121,ig,5544,18,0.002,4,6201695411679841990,valid,0.8406738579904925,0.5909955611921369,18,18,True,0.8827662467956543,0.8865104913711548,0.0037442445755004883,0.0015987862134352326,191.57853200022146
voc,densenet121,ig,5544,18,0.005,0,7605300728157470724,valid,0.6736148253617951,0.41491611447906385,18,18,True,0.8827662467956543,0.8826767802238464,8.946657180786133e-05,0.003989167511463165,191.66682900004162
voc,densenet121,ig,5544,18,0.005,1,7713127228031362199,valid,0.679443052006048,0.43823445113212955,18,18,True,0.8827662467956543,0.8692167401313782,0.013549506664276123,0.003987888805568218,191.5377459999945
voc,densenet121,ig,5544,18,0.005,2,3269339992068861176,valid,0.6712093301846501,0.4197199038053473,18,18,True,0.8827662467956543,0.8797606229782104,0.0030056238174438477,0.003979042638093233,191.6240540003855
voc,densenet121,ig,5544,18,0.005,3,3089590639899074028,valid,0.670848700636657,0.42032267195018397,18,18,True,0.8827662467956543,0.8697863221168518,0.01297992467880249,0.003996388986706734,191.5804879999996
voc,densenet121,ig,5544,18,0.005,4,6201695411679841990,valid,0.6671012465783429,0.41871642635001416,18,18,True,0.8827662467956543,0.8840398192405701,0.0012735724449157715,0.0039961994625627995,192.0160639997448
voc,densenet121,ig,3784,1,0.002,0,568371097838651679,valid,0.9199881686867202,0.7366326354040491,1,1,True,0.9742979407310486,0.9744957089424133,0.0001977682113647461,0.0015786016592755914,191.97650500018426
voc,densenet121,ig,3784,1,0.002,1,8730973129268750908,valid,0.9171805487536235,0.7324356982565164,1,1,True,0.9742979407310486,0.9745593070983887,0.0002613663673400879,0.001580387121066451,191.53809299996283
voc,densenet121,ig,3784,1,0.002,2,4988815491858760642,valid,0.916660271604274,0.7306432143473013,1,1,True,0.9742979407310486,0.9733290076255798,0.00096893310546875,0.0015824723523110151,191.56890100020973
voc,densenet121,ig,3784,1,0.002,3,4107072592214049901,valid,0.9248380813560951,0.7469103568320279,1,1,True,0.9742979407310486,0.9731788635253906,0.001119077205657959,0.0015764357522130013,191.66968199988332
voc,densenet121,ig,3784,1,0.002,4,2770030334258850844,valid,0.9192040069149349,0.7318377911993097,1,1,True,0.9742979407310486,0.9747310876846313,0.00043314695358276367,0.0015846487367525697,191.48617700011528
voc,densenet121,ig,3784,1,0.005,0,568371097838651679,valid,0.8337680045509138,0.598598279706913,1,1,True,0.9742979407310486,0.9741015434265137,0.0001963973045349121,0.003933827858418226,192.17610599980617
voc,densenet121,ig,3784,1,0.005,1,8730973129268750908,valid,0.835026542688227,0.5965637925548839,1,1,True,0.9742979407310486,0.9747752547264099,0.0004773139953613281,0.003937961533665657,191.75172900031612
voc,densenet121,ig,3784,1,0.005,2,4988815491858760642,valid,0.82906564256653,0.6042199488491049,1,1,True,0.9742979407310486,0.9726049900054932,0.00169295072555542,0.003942861687391996,191.55974299974332
voc,densenet121,ig,3784,1,0.005,3,4107072592214049901,valid,0.8339734324694533,0.6014041806286899,1,1,True,0.9742979407310486,0.9716370701789856,0.0026608705520629883,0.003928969614207745,191.49102599976686
voc,densenet121,ig,3784,1,0.005,4,2770030334258850844,valid,0.829679870402068,0.5996174689193497,1,1,True,0.9742979407310486,0.9757919311523438,0.001493990421295166,0.003948383964598179,191.5408509998997
voc,densenet121,ig,6304,3,0.002,0,7830137365422260441,valid,0.8127843290323787,0.512812782634911,3,3,True,0.9618754386901855,0.9609626531600952,0.000912785530090332,0.0015829249750822783,191.4848639999036
voc,densenet121,ig,6304,3,0.002,1,4661326768319657430,valid,0.811882035482882,0.5119011750527267,3,3,True,0.9618754386901855,0.963310718536377,0.0014352798461914062,0.0015871579525992274,191.46842999998626
voc,densenet121,ig,6304,3,0.002,2,6619020526136302124,valid,0.8210685301898578,0.5169286577992744,3,3,True,0.9618754386901855,0.9614216685295105,0.00045377016067504883,0.0015817671082913876,191.5688379999665
voc,densenet121,ig,6304,3,0.002,3,6800945400057756425,valid,0.8184188284448244,0.5114457831325301,3,3,True,0.9618754386901855,0.9608049988746643,0.0010704398155212402,0.0015854863449931145,191.48481999991418
voc,densenet121,ig,6304,3,0.002,4,7042581768829889240,valid,0.8188864783544135,0.5132689987937273,3,3,True,0.9618754386901855,0.9622169137001038,0.0003414750099182129,0.001587563892826438,192.226331999791
voc,densenet121,ig,6304,3,0.005,0,7830137365422260441,valid,0.6107582546207797,0.34983187626092804,3,3,True,0.9618754386901855,0.9596498012542725,0.002225637435913086,0.0039367470890283585,191.55409499990128
voc,densenet121,ig,6304,3,0.005,1,4661326768319657430,valid,0.6168942325133134,0.3465718502616396,3,3,True,0.9618754386901855,0.9628467559814453,0.0009713172912597656,0.003948709461838007,191.5022940002018
voc,densenet121,ig,6304,3,0.005,2,6619020526136302124,valid,0.6173748806494891,0.3417112299465241,3,3,True,0.9618754386901855,0.9605473875999451,0.0013280510902404785,0.003933782689273357,191.11704700026166
voc,densenet121,ig,6304,3,0.005,3,6800945400057756425,valid,0.6247323694537067,0.34224956533369,3,3,True,0.9618754386901855,0.9593133330345154,0.002562105655670166,0.003943027462810278,191.30133599992405
voc,densenet121,ig,6304,3,0.005,4,7042581768829889240,valid,0.6181638428046387,0.34965034965034963,3,3,True,0.9618754386901855,0.9626931548118591,0.000817716121673584,0.0039486452005803585,191.36411199997383
voc,densenet121,ig,158,2,0.002,0,3522680649187379204,valid,0.5919482502375816,0.3729138166894665,2,2,True,0.48875364661216736,0.5022257566452026,0.013472110033035278,0.0015971061075106263,191.48823199975595
voc,densenet121,ig,158,2,0.002,1,419294351200179885,valid,0.6001058766217834,0.3776252573781743,2,2,True,0.48875364661216736,0.49614831805229187,0.007394671440124512,0.0015956589486449957,191.43342600000324
voc,densenet121,ig,158,2,0.002,2,3028218364960125082,valid,0.6020411975980956,0.3701023890784983,2,2,True,0.48875364661216736,0.49943575263023376,0.010682106018066406,0.001595925772562623,192.10309300024164
voc,densenet121,ig,158,2,0.002,3,6052761022673377132,valid,0.5838406469727664,0.3663716814159292,2,2,True,0.48875364661216736,0.4942265450954437,0.005472898483276367,0.001600170275196433,191.5503219997845
voc,densenet121,ig,158,2,0.002,4,3347453041863134171,valid,0.5866381629778412,0.36786152378356274,2,2,True,0.48875364661216736,0.494223415851593,0.005469769239425659,0.0015938309952616692,191.73343300008128
voc,densenet121,ig,158,2,0.005,0,3522680649187379204,valid,0.3107731667869258,0.22077606130641042,2,2,True,0.48875364661216736,0.5593485236167908,0.07059487700462341,0.003991131670773029,191.5467220001119
voc,densenet121,ig,158,2,0.005,1,419294351200179885,valid,0.3272054500327434,0.2350479940930347,2,2,True,0.48875364661216736,0.5432299375534058,0.0544762909412384,0.003987189847975969,191.52500000018335
voc,densenet121,ig,158,2,0.005,2,3028218364960125082,valid,0.3124581205188803,0.2256961406936981,2,2,True,0.48875364661216736,0.5594614148139954,0.070707768201828,0.003988075070083141,192.83324600019114
voc,densenet121,ig,158,2,0.005,3,6052761022673377132,valid,0.3105030667949295,0.22420102464015615,2,2,True,0.48875364661216736,0.550838053226471,0.06208440661430359,0.0039986358024179935,191.5977710000334
voc,densenet121,ig,158,2,0.005,4,3347453041863134171,valid,0.30986866910953814,0.22524722256134783,2,2,True,0.48875364661216736,0.5408404469490051,0.05208680033683777,0.003982962109148502,191.51280500000212
voc,densenet121,ig,9571,0,0.002,0,2590450077393174903,valid,0.6787802494631672,0.4183154324477106,3,3,True,0.7219821810722351,0.725455105304718,0.00347292423248291,0.001593313761986792,191.52122500008772
voc,densenet121,ig,9571,0,0.002,1,7132724899960905381,valid,0.6824589586857251,0.4328954882924043,3,3,True,0.7219821810722351,0.7100965976715088,0.011885583400726318,0.0015939597506076097,192.1360429996639
voc,densenet121,ig,9571,0,0.002,2,1120045858359378571,valid,0.6691663737750193,0.41611401157048117,3,3,True,0.7219821810722351,0.729462206363678,0.007480025291442871,0.0015916327247396111,191.59793699964212
voc,densenet121,ig,9571,0,0.002,3,3030323471833644395,valid,0.6759684900739037,0.4229405926556075,3,3,True,0.7219821810722351,0.7225805521011353,0.0005983710289001465,0.0015935790725052357,191.50684699980047
voc,densenet121,ig,9571,0,0.002,4,3981683401082662910,valid,0.6886596771190707,0.4316690442225392,3,3,True,0.7219821810722351,0.7260852456092834,0.00410306453704834,0.0015986495418474078,191.59724599967376
voc,densenet121,ig,9571,0,0.005,0,2590450077393174903,valid,0.43431823836352895,0.26797220467466837,3,3,True,0.7219821810722351,0.7257654070854187,0.0037832260131835938,0.003983283881098032,191.5155409997169
voc,densenet121,ig,9571,0,0.005,1,7132724899960905381,valid,0.43440478193715093,0.26461693548387094,3,3,True,0.7219821810722351,0.71126389503479,0.010718286037445068,0.0039848992601037025,193.13523799974064
voc,densenet121,ig,9571,0,0.005,2,1120045858359378571,valid,0.4335050403767565,0.26749179085627683,3,3,True,0.7219821810722351,0.7136330008506775,0.008349180221557617,0.003979082219302654,192.36925299992436
voc,densenet121,ig,9571,0,0.005,3,3030323471833644395,valid,0.43103891844293624,0.2665320545179202,3,3,True,0.7219821810722351,0.7142719030380249,0.007710278034210205,0.003983946982771158,191.75406900012604
voc,densenet121,ig,9571,0,0.005,4,3981683401082662910,valid,0.45320969894861146,0.28108246106714324,3,3,True,0.7219821810722351,0.7396312952041626,0.01764911413192749,0.0039966232143342495,191.60346600028788
voc,densenet121,gradcam,8173,18,0.002,0,2568184002337986066,valid,0.9999766173247788,0.9826155669695772,18,18,True,0.9879387617111206,0.9874603748321533,0.00047838687896728516,0.0015987579245120287,19.68779299977541
voc,densenet121,gradcam,8173,18,0.002,1,2700930089002217196,valid,0.9999888312887192,0.9841834717279557,18,18,True,0.9879387617111206,0.9880170822143555,7.832050323486328e-05,0.0015999599127098918,19.809489000181202
voc,densenet121,gradcam,8173,18,0.002,2,6274773280352562869,valid,0.9999907395791694,0.9932472691161867,18,18,True,0.9879387617111206,0.9879050254821777,3.3736228942871094e-05,0.001592149492353201,19.778527000198665
voc,densenet121,gradcam,8173,18,0.002,3,7384397133206063386,valid,0.9999891411040558,0.9853610286844708,18,18,True,0.9879387617111206,0.9876194000244141,0.00031936168670654297,0.001597188995219767,19.879264999872248
voc,densenet121,gradcam,8173,18,0.002,4,7207923362354915897,valid,0.9999747364945729,0.9794871794871794,18,18,True,0.9879387617111206,0.9880684018135071,0.0001296401023864746,0.001594821340404451,19.916467999792076
voc,densenet121,gradcam,8173,18,0.005,0,2568184002337986066,valid,0.9999083058687673,0.9744245524296675,18,18,True,0.9879387617111206,0.9870184063911438,0.0009203553199768066,0.00399689469486475,19.8757459997978
voc,densenet121,gradcam,8173,18,0.005,1,2700930089002217196,valid,0.9999167854327506,0.9639921722113503,18,18,True,0.9879387617111206,0.9881970286369324,0.0002582669258117676,0.003999899607151747,19.783645999723376
voc,densenet121,gradcam,8173,18,0.005,2,6274773280352562869,valid,0.9999457444140246,0.9794871794871794,18,18,True,0.9879387617111206,0.988264799118042,0.0003260374069213867,0.003980373032391071,19.780753000304685
voc,densenet121,gradcam,8173,18,0.005,3,7384397133206063386,valid,0.9999520271410524,0.9693877551020408,18,18,True,0.9879387617111206,0.9874069094657898,0.0005318522453308105,0.003992972429841757,19.814671999938582
voc,densenet121,gradcam,8173,18,0.005,4,7207923362354915897,valid,0.997642908551723,0.975201731942531,18,18,True,0.9879387617111206,0.9883376955986023,0.00039893388748168945,0.003987052943557501,19.80840799978978
voc,densenet121,gradcam,8927,9,0.002,0,2972210994312305306,valid,0.9902377885524706,0.9912698412698413,12,12,True,0.8315514922142029,0.830609142780304,0.0009423494338989258,0.0015873500378802419,19.64608500020404
voc,densenet121,gradcam,8927,9,0.002,1,3098727151507634343,valid,0.9977533987157272,0.9881141045958796,12,12,True,0.8315514922142029,0.837561845779419,0.0060103535652160645,0.0015887657646089792,19.85711800034551
voc,densenet121,gradcam,8927,9,0.002,2,3156827023830551964,valid,0.9923530399239959,0.9853610286844708,12,12,True,0.8315514922142029,0.8287478685379028,0.002803623676300049,0.0015855910023674369,19.779967999966175
voc,densenet121,gradcam,8927,9,0.002,3,2568375632386903713,valid,0.9998490260381907,0.9904799682665609,12,12,True,0.8315514922142029,0.8305754065513611,0.0009760856628417969,0.00158597226254642,19.810270999641943
voc,densenet121,gradcam,8927,9,0.002,4,487923459527200765,valid,0.9904148565868243,0.9932472691161867,12,12,True,0.8315514922142029,0.8353912234306335,0.003839731216430664,0.001582745579071343,19.74761000019498
voc,densenet121,gradcam,8927,9,0.005,0,2972210994312305306,valid,0.9892547530152617,0.9865399841646872,12,12,True,0.8315514922142029,0.829903244972229,0.001648247241973877,0.003956443630158901,19.791827000062767
voc,densenet121,gradcam,8927,9,0.005,1,3098727151507634343,valid,0.9965024049329629,0.975201731942531,12,9,False,0.8315514922142029,0.8431141972541809,0.011562705039978027,0.003959944471716881,19.77426000030391
voc,densenet121,gradcam,8927,9,0.005,2,3156827023830551964,valid,0.9865123735769724,0.9544303797468354,12,12,True,0.8315514922142029,0.8202406167984009,0.011310875415802002,0.00395288597792387,19.819374999769934
voc,densenet121,gradcam,8927,9,0.005,3,2568375632386903713,valid,0.9856242676748624,0.9744245524296675,12,9,False,0.8315514922142029,0.8372884392738342,0.005736947059631348,0.003952330444008112,19.82374399995024
voc,densenet121,gradcam,8927,9,0.005,4,487923459527200765,valid,0.99603160517301,0.967843137254902,12,9,False,0.8315514922142029,0.8397106528282166,0.008159160614013672,0.003944706171751022,19.860630000039237
voc,densenet121,gradcam,5803,10,0.002,0,3852546974185743096,valid,0.9998534552152122,0.9845758354755784,8,8,True,0.9446763396263123,0.9453779458999634,0.000701606273651123,0.0015928552020341158,21.359930000016902
voc,densenet121,gradcam,5803,10,0.002,1,2371425837951975359,valid,0.9998013870978358,0.9674573613017056,8,8,True,0.9446763396263123,0.9459447860717773,0.0012684464454650879,0.001594100845977664,19.907310000235157
voc,densenet121,gradcam,5803,10,0.002,2,6461432094931278540,valid,0.9998533163580572,0.9609222352481438,8,8,True,0.9446763396263123,0.9448118209838867,0.0001354813575744629,0.0015928670763969421,19.85856800001784
voc,densenet121,gradcam,5803,10,0.002,3,7926371796250851087,valid,0.9997389252070435,0.979877687906885,8,8,True,0.9446763396263123,0.94663405418396,0.001957714557647705,0.0015976623399183154,19.829488000141282
voc,densenet121,gradcam,5803,10,0.002,4,2273525925788181717,valid,0.9996796725528047,0.9724842767295597,8,8,True,0.9446763396263123,0.9453507661819458,0.0006744265556335449,0.0015928366919979453,19.85320399990087
voc,densenet121,gradcam,5803,10,0.005,0,3852546974185743096,valid,0.9994535848350461,0.9464701318851824,8,8,True,0.9446763396263123,0.9457914233207703,0.0011150836944580078,0.003981397021561861,19.874027999776445
voc,densenet121,gradcam,5803,10,0.005,1,2371425837951975359,valid,0.9995435286584585,0.975201731942531,8,8,True,0.9446763396263123,0.9451500177383423,0.0004736781120300293,0.003984390292316675,19.821279000098002
voc,densenet121,gradcam,5803,10,0.005,2,6461432094931278540,valid,0.9994876666588137,0.9007575757575758,8,8,True,0.9446763396263123,0.9445518851280212,0.00012445449829101562,0.003981403075158596,19.85425300017596
voc,densenet121,gradcam,5803,10,0.005,3,7926371796250851087,valid,0.9991978195103821,0.924079754601227,8,8,True,0.9446763396263123,0.9467507004737854,0.0020743608474731445,0.003993417136371136,19.857034999859025
voc,densenet121,gradcam,5803,10,0.005,4,2273525925788181717,valid,0.9987211747336471,0.9438311059461554,8,8,True,0.9446763396263123,0.9466845989227295,0.0020082592964172363,0.003981274086982012,19.80474799984222
voc,densenet121,gradcam,39,19,0.002,0,2479825858614679456,valid,0.9998978973210302,0.9877203406615171,19,19,True,0.9573963284492493,0.9569104313850403,0.0004858970642089844,0.0015936791896820068,19.767348000186757
voc,densenet121,gradcam,39,19,0.002,1,2409326931739155617,valid,0.9998433188080444,0.9920603414053196,19,19,True,0.9573963284492493,0.9569358825683594,0.0004604458808898926,0.001597477006725967,19.89579400014918
voc,densenet121,gradcam,39,19,0.002,2,6067917643963702541,valid,0.9998100271761848,0.9802683504340963,19,19,True,0.9573963284492493,0.9574438333511353,4.750490188598633e-05,0.0015949546359479427,19.91686099972867
voc,densenet121,gradcam,39,19,0.002,3,3836945159140576186,valid,0.9999228560706183,0.996816553919618,19,19,True,0.9573963284492493,0.9572104811668396,0.00018584728240966797,0.0015920345904305577,19.821086000320065
voc,densenet121,gradcam,39,19,0.002,4,2894779989879545488,valid,0.9999191327340737,0.9928514694201748,19,19,True,0.9573963284492493,0.9575228691101074,0.0001265406608581543,0.001590448198840022,19.852202000038233
voc,densenet121,gradcam,39,19,0.005,0,2479825858614679456,valid,0.999283085647648,0.9794871794871794,19,19,True,0.9573963284492493,0.9567728042602539,0.0006235241889953613,0.00398419750854373,19.83365199976106
voc,densenet121,gradcam,39,19,0.005,1,2409326931739155617,valid,0.998283934418515,0.9674573613017056,19,19,True,0.9573963284492493,0.9569185972213745,0.00047773122787475586,0.003993691876530647,19.881969999914872
voc,densenet121,gradcam,39,19,0.005,2,6067917643963702541,valid,0.9985161508400294,0.9491163332685958,19,19,True,0.9573963284492493,0.9574755430221558,7.921457290649414e-05,0.003987385891377926,19.89545200012799
voc,densenet121,gradcam,39,19,0.005,3,3836945159140576186,valid,0.9992267460971692,0.9822239778787281,19,19,True,0.9573963284492493,0.9573346972465515,6.16312026977539e-05,0.00398008618503809,19.9131699996542
voc,densenet121,gradcam,39,19,0.005,4,2894779989879545488,valid,0.9990249208975073,0.9771473601260835,19,19,True,0.9573963284492493,0.9572899341583252,0.00010639429092407227,0.003976120613515377,19.82534500029942
voc,densenet121,gradcam,1686,14,0.002,0,2407452988058933126,valid,0.9999384180826734,0.9962211614956245,14,14,True,0.8446870446205139,0.8443119525909424,0.0003750920295715332,0.0015939988661557436,19.667701999878773
voc,densenet121,gradcam,1686,14,0.002,1,1416983024301229683,valid,0.9999666396502476,0.994435612082671,14,14,True,0.8446870446205139,0.8445082902908325,0.00017875432968139648,0.0015951610403135419,19.875161000072694
voc,densenet121,gradcam,1686,14,0.002,2,329098390142242351,valid,0.9999717211704446,0.9980091578737806,14,14,True,0.8446870446205139,0.8455035090446472,0.0008164644241333008,0.0015966679202392697,19.802901999810274
voc,densenet121,gradcam,1686,14,0.002,3,8332520142723992066,valid,0.9999764879476079,0.994435612082671,14,14,True,0.8446870446205139,0.8458545207977295,0.0011674761772155762,0.0015949783846735954,19.759019000048283
voc,densenet121,gradcam,1686,14,0.002,4,4678094734876851399,valid,0.9999768181858559,0.9916650128993848,14,14,True,0.8446870446205139,0.8450051546096802,0.00031810998916625977,0.0015942072495818138,19.876505999945948
voc,densenet121,gradcam,1686,14,0.005,0,2407452988058933126,valid,0.9998385315634587,0.9896907216494846,14,14,True,0.8446870446205139,0.8448261022567749,0.00013905763626098633,0.003984620328992605,19.858806999764056
voc,densenet121,gradcam,1686,14,0.005,1,1416983024301229683,valid,0.9997922633416954,0.979877687906885,14,14,True,0.8446870446205139,0.8435962200164795,0.0010908246040344238,0.0039873202331364155,19.84703800007992
voc,densenet121,gradcam,1686,14,0.005,2,329098390142242351,valid,0.9998768366368849,0.9908748264233287,14,14,True,0.8446870446205139,0.8467776775360107,0.002090632915496826,0.003991101402789354,19.799628000328084
voc,densenet121,gradcam,1686,14,0.005,3,8332520142723992066,valid,0.9997977176165296,0.9837912630954734,14,14,True,0.8446870446205139,0.8473075032234192,0.0026204586029052734,0.003986937925219536,19.937315999868588
voc,densenet121,gradcam,1686,14,0.005,4,4678094734876851399,valid,0.9999016844713957,0.9830073108081406,14,14,True,0.8446870446205139,0.8452253341674805,0.0005382895469665527,0.0039848992601037025,19.80206200005341
voc,densenet121,gradcam,5544,18,0.002,0,7605300728157470724,valid,0.9995482990711044,0.9771473601260835,18,18,True,0.8827662467956543,0.8857424259185791,0.0029761791229248047,0.0015960177406668663,19.69074799990267
voc,densenet121,gradcam,5544,18,0.002,1,7713127228031362199,valid,0.9998602368004988,0.9960222752585521,18,18,True,0.8827662467956543,0.8827623128890991,3.933906555175781e-06,0.0015956397401168942,19.813913999769284
voc,densenet121,gradcam,5544,18,0.002,2,3269339992068861176,valid,0.9994521735173458,0.9916650128993848,18,18,True,0.8827662467956543,0.8849756121635437,0.0022093653678894043,0.0015921449521556497,19.858495000335097
voc,densenet121,gradcam,5544,18,0.002,3,3089590639899074028,valid,0.9998100302539462,0.9873267326732673,18,18,True,0.8827662467956543,0.8787944316864014,0.00397181510925293,0.0015988994855433702,19.809084000371513
voc,densenet121,gradcam,5544,18,0.002,4,6201695411679841990,valid,0.9985984849226857,0.9960222752585521,18,18,True,0.8827662467956543,0.8865104913711548,0.0037442445755004883,0.0015987862134352326,19.890079000106198
voc,densenet121,gradcam,5544,18,0.005,0,7605300728157470724,valid,0.9990658419392676,0.9616888193901486,18,18,True,0.8827662467956543,0.8826767802238464,8.946657180786133e-05,0.003989167511463165,19.859966000240092
voc,densenet121,gradcam,5544,18,0.005,1,7713127228031362199,valid,0.9989177752704876,0.9755905511811024,18,18,True,0.8827662467956543,0.8692167401313782,0.013549506664276123,0.003987888805568218,19.799530999989656
voc,densenet121,gradcam,5544,18,0.005,2,3269339992068861176,valid,0.9984071246428188,0.983399209486166,18,18,True,0.8827662467956543,0.8797606229782104,0.0030056238174438477,0.003979042638093233,19.836358999782533
voc,densenet121,gradcam,5544,18,0.005,3,3089590639899074028,valid,0.9976956305287471,0.9651458782063834,18,18,True,0.8827662467956543,0.8697863221168518,0.01297992467880249,0.003996388986706734,19.92163500017341
voc,densenet121,gradcam,5544,18,0.005,4,6201695411679841990,valid,0.9975374308921797,0.9900852667063256,18,18,True,0.8827662467956543,0.8840398192405701,0.0012735724449157715,0.0039961994625627995,19.831686000088666
voc,densenet121,gradcam,3784,1,0.002,0,568371097838651679,valid,0.999950167289423,0.975201731942531,1,1,True,0.9742979407310486,0.9744957089424133,0.0001977682113647461,0.0015786016592755914,19.651900000098976
voc,densenet121,gradcam,3784,1,0.002,1,8730973129268750908,valid,0.9999696695226694,0.9787066246056783,1,1,True,0.9742979407310486,0.9745593070983887,0.0002613663673400879,0.001580387121066451,19.931718000407272
voc,densenet121,gradcam,3784,1,0.002,2,4988815491858760642,valid,0.9999699020973288,0.988902100673801,1,1,True,0.9742979407310486,0.9733290076255798,0.00096893310546875,0.0015824723523110151,19.909736000045086
voc,densenet121,gradcam,3784,1,0.002,3,4107072592214049901,valid,0.9999374276576709,0.9837912630954734,1,1,True,0.9742979407310486,0.9731788635253906,0.001119077205657959,0.0015764357522130013,19.82482199991864
voc,densenet121,gradcam,3784,1,0.002,4,2770030334258850844,valid,0.999974706170267,0.9896907216494846,1,1,True,0.9742979407310486,0.9747310876846313,0.00043314695358276367,0.0015846487367525697,19.848720000027242
voc,densenet121,gradcam,3784,1,0.005,0,568371097838651679,valid,0.9997120702669842,0.9582439024390244,1,1,True,0.9742979407310486,0.9741015434265137,0.0001963973045349121,0.003933827858418226,19.894775000011578
voc,densenet121,gradcam,3784,1,0.005,1,8730973129268750908,valid,0.9998690733100133,0.9457153935633966,1,1,True,0.9742979407310486,0.9747752547264099,0.0004773139953613281,0.003937961533665657,19.805210000413354
voc,densenet121,gradcam,3784,1,0.005,2,4988815491858760642,valid,0.9999163721385194,0.9830073108081406,1,1,True,0.9742979407310486,0.9726049900054932,0.00169295072555542,0.003942861687391996,19.841356000142696
voc,densenet121,gradcam,3784,1,0.005,3,4107072592214049901,valid,0.999699278784594,0.9586260733801717,1,1,True,0.9742979407310486,0.9716370701789856,0.0026608705520629883,0.003928969614207745,19.85030099967844
voc,densenet121,gradcam,3784,1,0.005,4,2770030334258850844,valid,0.9999152145717313,0.9728720267348142,1,1,True,0.9742979407310486,0.9757919311523438,0.001493990421295166,0.003948383964598179,19.840666999698442
voc,densenet121,gradcam,6304,3,0.002,0,7830137365422260441,valid,0.9996610091738976,0.994435612082671,3,3,True,0.9618754386901855,0.9609626531600952,0.000912785530090332,0.0015829249750822783,19.700592999924993
voc,densenet121,gradcam,6304,3,0.002,1,4661326768319657430,valid,0.9997739247914753,0.9936432260627731,3,3,True,0.9618754386901855,0.963310718536377,0.0014352798461914062,0.0015871579525992274,19.900892000350723
voc,densenet121,gradcam,6304,3,0.002,2,6619020526136302124,valid,0.999851037223661,0.9896907216494846,3,3,True,0.9618754386901855,0.9614216685295105,0.00045377016067504883,0.0015817671082913876,19.866164000177378
voc,densenet121,gradcam,6304,3,0.002,3,6800945400057756425,valid,0.9997842168684405,0.9904799682665609,3,3,True,0.9618754386901855,0.9608049988746643,0.0010704398155212402,0.0015854863449931145,19.839063999825157
voc,densenet121,gradcam,6304,3,0.002,4,7042581768829889240,valid,0.999663030278159,0.9857538583300356,3,3,True,0.9618754386901855,0.9622169137001038,0.0003414750099182129,0.001587563892826438,19.805649999852903
voc,densenet121,gradcam,6304,3,0.005,0,7830137365422260441,valid,0.9981959032760765,0.9826155669695772,3,3,True,0.9618754386901855,0.9596498012542725,0.002225637435913086,0.0039367470890283585,19.876395000210323
voc,densenet121,gradcam,6304,3,0.005,1,4661326768319657430,valid,0.9980474148166204,0.9845758354755784,3,3,True,0.9618754386901855,0.9628467559814453,0.0009713172912597656,0.003948709461838007,19.819365999865113
voc,densenet121,gradcam,6304,3,0.005,2,6619020526136302124,valid,0.9990049939373111,0.9693877551020408,3,3,True,0.9618754386901855,0.9605473875999451,0.0013280510902404785,0.003933782689273357,19.804039000064222
voc,densenet121,gradcam,6304,3,0.005,3,6800945400057756425,valid,0.9967703859873565,0.9697742885181551,3,3,True,0.9618754386901855,0.9593133330345154,0.002562105655670166,0.003943027462810278,21.404786000402964
voc,densenet121,gradcam,6304,3,0.005,4,7042581768829889240,valid,0.9986948031297491,0.9744245524296675,3,3,True,0.9618754386901855,0.9626931548118591,0.000817716121673584,0.0039486452005803585,19.773557999997138
voc,densenet121,gradcam,158,2,0.002,0,3522680649187379204,valid,0.997393514438247,0.9837912630954734,2,2,True,0.48875364661216736,0.5022257566452026,0.013472110033035278,0.0015971061075106263,19.552617000044847
voc,densenet121,gradcam,158,2,0.002,1,419294351200179885,valid,0.9961966679575712,0.9763686490744388,2,2,True,0.48875364661216736,0.49614831805229187,0.007394671440124512,0.0015956589486449957,19.760190999932092
voc,densenet121,gradcam,158,2,0.002,2,3028218364960125082,valid,0.992941003281074,0.9837912630954734,2,2,True,0.48875364661216736,0.49943575263023376,0.010682106018066406,0.001595925772562623,19.738051999866002
voc,densenet121,gradcam,158,2,0.002,3,6052761022673377132,valid,0.9986693586343737,0.9853610286844708,2,2,True,0.48875364661216736,0.4942265450954437,0.005472898483276367,0.001600170275196433,19.7864000001573
voc,densenet121,gradcam,158,2,0.002,4,3347453041863134171,valid,0.9968781024008748,0.9818325434439179,2,2,True,0.48875364661216736,0.494223415851593,0.005469769239425659,0.0015938309952616692,19.79863100041257
voc,densenet121,gradcam,158,2,0.005,0,3522680649187379204,valid,0.968069720779131,0.9705478107205969,2,2,True,0.48875364661216736,0.5593485236167908,0.07059487700462341,0.003991131670773029,19.710729000053107
voc,densenet121,gradcam,158,2,0.005,1,419294351200179885,valid,0.9865605825506838,0.9624560031286664,2,2,True,0.48875364661216736,0.5432299375534058,0.0544762909412384,0.003987189847975969,19.789852000030805
voc,densenet121,gradcam,158,2,0.005,2,3028218364960125082,valid,0.9678970911427454,0.9740361919748229,2,2,True,0.48875364661216736,0.5594614148139954,0.070707768201828,0.003988075070083141,19.73372299971743
voc,densenet121,gradcam,158,2,0.005,3,6052761022673377132,valid,0.9928512595798848,0.9628398200664972,2,2,True,0.48875364661216736,0.550838053226471,0.06208440661430359,0.0039986358024179935,19.76489600019704
voc,densenet121,gradcam,158,2,0.005,4,3347453041863134171,valid,0.9767436958411186,0.9670717365738926,2,2,True,0.48875364661216736,0.5408404469490051,0.05208680033683777,0.003982962109148502,19.73970500012001
voc,densenet121,gradcam,9571,0,0.002,0,2590450077393174903,valid,0.9969382720104828,0.9663009404388715,3,3,True,0.7219821810722351,0.725455105304718,0.00347292423248291,0.001593313761986792,19.658732000152668
voc,densenet121,gradcam,9571,0,0.002,1,7132724899960905381,valid,0.9991770965132479,0.9717092337917486,3,3,True,0.7219821810722351,0.7100965976715088,0.011885583400726318,0.0015939597506076097,19.779133000156435
voc,densenet121,gradcam,9571,0,0.002,2,1120045858359378571,valid,0.9992421399279436,0.955191895577635,3,3,True,0.7219821810722351,0.729462206363678,0.007480025291442871,0.0015916327247396111,19.716539999990346
voc,densenet121,gradcam,9571,0,0.002,3,3030323471833644395,valid,0.9993708183737845,0.9826155669695772,3,3,True,0.7219821810722351,0.7225805521011353,0.0005983710289001465,0.0015935790725052357,19.729253000150493
voc,densenet121,gradcam,9571,0,0.002,4,3981683401082662910,valid,0.9994037295142608,0.9896907216494846,3,3,True,0.7219821810722351,0.7260852456092834,0.00410306453704834,0.0015986495418474078,19.73687300005622
voc,densenet121,gradcam,9571,0,0.005,0,2590450077393174903,valid,0.9748312051144337,0.8764947683109118,3,3,True,0.7219821810722351,0.7257654070854187,0.0037832260131835938,0.003983283881098032,19.723805000012362
voc,densenet121,gradcam,9571,0,0.005,1,7132724899960905381,valid,0.9915855226566367,0.9061728395061729,3,3,True,0.7219821810722351,0.71126389503479,0.010718286037445068,0.0039848992601037025,19.752216000142653
voc,densenet121,gradcam,9571,0,0.005,2,1120045858359378571,valid,0.9899723224792208,0.9296289175158623,3,3,True,0.7219821810722351,0.7136330008506775,0.008349180221557617,0.003979082219302654,19.80396099997961
voc,densenet121,gradcam,9571,0,0.005,3,3030323471833644395,valid,0.987288982092615,0.9174627435995415,3,3,True,0.7219821810722351,0.7142719030380249,0.007710278034210205,0.003983946982771158,19.754288000058295
voc,densenet121,gradcam,9571,0,0.005,4,3981683401082662910,valid,0.993056359954174,0.9651458782063834,3,3,True,0.7219821810722351,0.7396312952041626,0.01764911413192749,0.0039966232143342495,19.695853000030183
