image_id,image_path,targets
000005,voc/VOCdevkit/VOC2007/JPEGImages/000005.jpg,"[0,0,0,0,0,0,0,0,1,0,0,0,0,0,0,0,0,0,0,0]"
000009,voc/VOCdevkit/VOC2007/JPEGImages/000009.jpg,"[0,0,0,0,0,0,0,0,0,0,0,0,1,0,1,0,0,0,0,0]"
000016,voc/VOCdevkit/VOC2007/JPEGImages/000016.jpg,"[0,1,0,0,0,0,0,0,0,0,0,0,0,0,0,0,0,0,0,0]"
000017,voc/VOCdevkit/VOC2007/JPEGImages/000017.jpg,"[0,0,0,0,0,0,0,0,0,0,0,0,1,0,1,0,0,0,0,0]"
000021,voc/VOCdevkit/VOC2007/JPEGImages/000021.jpg,"[0,0,0,0,0,0,0,0,0,0,0,1,0,0,1,0,0,0,0,0]"
000023,voc/VOCdevkit/VOC2007/JPEGImages/000023.jpg,"[0,1,0,0,0,0,0,0,0,0,0,0,0,0,1,0,0,0,0,0]"
000024,voc/VOCdevkit/VOC2007/JPEGImages/000024.jpg,"[0,0,0,0,0,0,0,0,0,0,0,0,0,0,0,0,0,0,1,0]"
000026,voc/VOCdevkit/VOC2007/JPEGImages/000026.jpg,"[0,0,0,0,0,0,1,0,0,0,0,0,0,0,0,0,0,0,0,0]"
000030,voc/VOCdevkit/VOC2007/JPEGImages/000030.jpg,"[0,1,0,0,0,0,0,0,0,0,0,0,0,0,1,0,0,0,0,0]"
000032,voc/VOCdevkit/VOC2007/JPEGImages/000032.jpg,"[1,0,0,0,0,0,0,0,0,0,0,0,0,0,1,0,0,0,0,0]"
000033,voc/VOCdevkit/VOC2007/JPEGImages/000033.jpg,"[1,0,0,0,0,0,0,0,0,0,0,0,0,0,0,0,0,0,0,0]"
000034,voc/VOCdevkit/VOC2007/JPEGImages/000034.jpg,"[0,0,0,0,0,0,0,0,0,0,0,0,0,0,0,0,0,0,1,0]"
000035,voc/VOCdevkit/VOC2007/JPEGImages/000035.jpg,"[0,0,0,0,0,0,0,0,0,0,1,0,0,0,1,0,0,0,0,0]"
000041,voc/VOCdevkit/VOC2007/JPEGImages/000041.jpg,"[0,0,0,0,0,0,0,0,0,0,0,0,0,0,1,0,0,0,0,1]"
000042,voc/VOCdevkit/VOC2007/JPEGImages/000042.jpg,"[0,0,0,0,0,0,0,0,0,0,0,0,0,0,0,0,0,0,1,0]"
000044,voc/VOCdevkit/VOC2007/JPEGImages/000044.jpg,"[0,0,0,0,0,0,0,1,1,0,0,0,0,0,0,0,0,0,0,0]"
000046,voc/VOCdevkit/VOC2007/JPEGImages/000046.jpg,"[0,0,1,0,0,0,0,0,0,0,0,0,0,0,0,0,0,0,0,0]"
000047,voc/VOCdevkit/VOC2007/JPEGImages/000047.jpg,"[0,0,0,0,0,0,1,0,1,0,0,0,0,0,0,0,0,0,0,0]"
000050,voc/VOCdevkit/VOC2007/JPEGImages/000050.jpg,"[0,0,0,0,1,0,0,0,1,0,0,0,0,0,1,0,0,0,0,0]"
000051,voc/VOCdevkit/VOC2007/JPEGImages/000051.jpg,"[0,0,0,0,0,0,0,0,0,0,0,0,0,1,1,0,0,0,0,0]"
000052,voc/VOCdevkit/VOC2007/JPEGImages/000052.jpg,"[0,0,0,0,0,0,0,0,0,0,0,0,0,0,0,1,0,0,0,0]"
000060,voc/VOCdevkit/VOC2007/JPEGImages/000060.jpg,"[0,0,0,0,0,0,1,0,0,0,0,0,0,0,0,0,0,0,0,0]"
000061,voc/VOCdevkit/VOC2007/JPEGImages/000061.jpg,"[0,0,0,1,0,0,0,0,0,0,0,0,0,0,0,0,0,0,0,0]"
000063,voc/VOCdevkit/VOC2007/JPEGImages/000063.jpg,"[0,0,0,0,0,0,0,0,1,0,0,1,0,0,0,0,0,0,0,0]"
000064,voc/VOCdevkit/VOC2007/JPEGImages/000064.jpg,"[0,0,1,0,0,0,0,0,0,0,0,0,0,0,0,0,0,0,0,0]"
000065,voc/VOCdevkit/VOC2007/JPEGImages/000065.jpg,"[0,0,0,0,0,0,0,0,0,0,0,1,0,0,0,0,0,0,0,0]"
000066,voc/VOCdevkit/VOC2007/JPEGImages/000066.jpg,"[0,0,0,0,0,0,0,0,0,0,0,0,0,0,1,0,0,0,0,0]"
000072,voc/VOCdevkit/VOC2007/JPEGImages/000072.jpg,"[0,0,0,0,0,0,0,0,0,0,0,0,0,1,0,0,0,0,0,0]"
000073,voc/VOCdevkit/VOC2007/JPEGImages/000073.jpg,"[0,0,0,1,0,0,0,0,0,0,0,0,0,0,1,1,0,0,0,0]"
000077,voc/VOCdevkit/VOC2007/JPEGImages/000077.jpg,"[0,0,0,0,0,0,0,1,0,0,0,0,0,0,0,0,0,0,0,0]"
000081,voc/VOCdevkit/VOC2007/JPEGImages/000081.jpg,"[0,0,0,0,0,0,0,0,0,0,0,0,0,0,1,0,0,1,0,0]"
000089,voc/VOCdevkit/VOC2007/JPEGImages/000089.jpg,"[0,0,0,0,0,0,0,0,1,0,0,0,0,0,1,0,0,0,0,0]"
000091,voc/VOCdevkit/VOC2007/JPEGImages/000091.jpg,"[0,0,0,0,0,0,1,0,0,0,0,0,0,0,0,0,0,0,0,0]"
000093,voc/VOCdevkit/VOC2007/JPEGImages/000093.jpg,"[0,0,0,0,0,0,0,0,1,0,0,1,0,0,0,0,0,0,0,0]"
000095,voc/VOCdevkit/VOC2007/JPEGImages/000095.jpg,"[0,0,0,0,0,0,0,0,0,0,0,0,0,0,0,0,0,0,1,0]"
000099,voc/VOCdevkit/VOC2007/JPEGImages/000099.jpg,"[0,0,0,0,0,0,0,1,0,0,0,0,0,0,0,0,0,0,0,0]"
000102,voc/VOCdevkit/VOC2007/JPEGImages/000102.jpg,"[0,0,0,0,0,0,0,0,0,0,0,0,0,0,0,0,0,1,0,0]"
000104,voc/VOCdevkit/VOC2007/JPEGImages/000104.jpg,"[0,0,0,0,0,0,0,0,0,0,0,0,0,0,1,0,0,0,0,1]"
000109,voc/VOCdevkit/VOC2007/JPEGImages/000109.jpg,"[0,0,1,0,0,0,0,0,0,0,0,0,0,0,0,0,0,0,0,0]"
000110,voc/VOCdevkit/VOC2007/JPEGImages/000110.jpg,"[0,0,0,0,0,0,0,0,0,0,0,0,0,0,1,0,0,0,0,0]"
000112,voc/VOCdevkit/VOC2007/JPEGImages/000112.jpg,"[0,0,0,0,0,0,0,0,1,0,0,1,0,0,0,0,0,0,0,0]"
000121,voc/VOCdevkit/VOC2007/JPEGImages/000121.jpg,"[0,0,0,0,0,0,0,0,0,0,0,0,0,0,0,0,0,0,0,1]"
000123,voc/VOCdevkit/VOC2007/JPEGImages/000123.jpg,"[0,0,0,0,0,0,0,0,0,0,0,0,0,0,0,0,0,0,1,0]"
000125,voc/VOCdevkit/VOC2007/JPEGImages/000125.jpg,"[0,1,0,0,0,0,0,0,0,0,0,0,0,0,1,0,0,0,0,0]"
000130,voc/VOCdevkit/VOC2007/JPEGImages/000130.jpg,"[0,0,0,1,0,0,0,0,0,0,0,0,0,0,0,0,0,0,0,0]"
000133,voc/VOCdevkit/VOC2007/JPEGImages/000133.jpg,"[0,0,0,0,0,0,0,0,0,0,0,0,1,0,1,0,0,0,0,0]"
000138,voc/VOCdevkit/VOC2007/JPEGImages/000138.jpg,"[0,0,0,0,0,0,0,0,0,0,0,0,0,0,1,0,0,0,0,0]"
000140,voc/VOCdevkit/VOC2007/JPEGImages/000140.jpg,"[0,0,0,0,0,0,0,0,0,0,0,1,0,0,0,0,0,1,0,0]"
000141,voc/VOCdevkit/VOC2007/JPEGImages/000141.jpg,"[0,0,1,0,0,0,0,0,0,0,0,0,0,0,0,0,0,0,0,0]"
000142,voc/VOCdevkit/VOC2007/JPEGImages/000142.jpg,"[0,0,0,0,0,0,1,0,0,0,0,0,0,0,0,0,0,0,0,0]"
000143,voc/VOCdevkit/VOC2007/JPEGImages/000143.jpg,"[0,0,0,0,0,0,0,1,0,0,0,0,0,0,0,0,0,0,0,0]"
000146,voc/VOCdevkit/VOC2007/JPEGImages/000146.jpg,"[0,0,0,0,0,0,0,0,0,0,0,0,0,0,1,0,0,0,0,0]"
000147,voc/VOCdevkit/VOC2007/JPEGImages/000147.jpg,"[0,0,0,0,0,0,0,0,1,0,0,0,0,0,0,0,0,0,0,0]"
000153,voc/VOCdevkit/VOC2007/JPEGImages/000153.jpg,"[0,0,0,0,0,0,1,0,0,0,0,0,0,0,0,0,0,0,0,0]"
000154,voc/VOCdevkit/VOC2007/JPEGImages/000154.jpg,"[0,0,0,1,0,0,0,0,0,0,0,0,0,0,0,0,0,0,0,0]"
000156,voc/VOCdevkit/VOC2007/JPEGImages/000156.jpg,"[0,0,0,0,0,0,1,0,0,0,0,0,0,0,0,0,0,1,0,0]"
000161,voc/VOCdevkit/VOC2007/JPEGImages/000161.jpg,"[0,0,0,0,0,0,1,0,0,0,0,0,0,0,0,0,0,0,0,0]"
000162,voc/VOCdevkit/VOC2007/JPEGImages/000162.jpg,"[0,0,0,0,0,0,0,0,0,0,0,0,0,0,1,0,0,0,0,1]"
000163,voc/VOCdevkit/VOC2007/JPEGImages/000163.jpg,"[0,0,0,0,0,0,0,0,0,0,0,0,0,1,1,0,0,0,0,0]"
000164,voc/VOCdevkit/VOC2007/JPEGImages/000164.jpg,"[0,0,0,0,0,0,0,0,0,0,0,0,0,1,1,0,0,0,0,0]"
000165,voc/VOCdevkit/VOC2007/JPEGImages/000165.jpg,"[0,0,0,0,0,0,0,0,0,0,0,0,0,0,1,0,0,0,0,0]"
000169,voc/VOCdevkit/VOC2007/JPEGImages/000169.jpg,"[0,0,0,0,0,0,1,0,0,0,0,0,0,0,1,0,0,0,0,0]"
000171,voc/VOCdevkit/VOC2007/JPEGImages/000171.jpg,"[0,0,0,0,0,0,0,0,0,0,0,1,0,0,1,0,0,0,0,0]"
000173,voc/VOCdevkit/VOC2007/JPEGImages/000173.jpg,"[0,0,0,0,0,0,0,0,0,0,0,0,1,0,1,0,0,0,0,0]"
000174,voc/VOCdevkit/VOC2007/JPEGImages/000174.jpg,"[0,0,0,0,0,0,0,0,0,0,0,0,0,0,1,0,0,0,0,0]"
000177,voc/VOCdevkit/VOC2007/JPEGImages/000177.jpg,"[0,0,0,0,0,0,0,0,0,0,1,0,0,0,1,0,0,0,0,0]"
000180,voc/VOCdevkit/VOC2007/JPEGImages/000180.jpg,"[0,0,0,0,0,0,1,0,0,0,0,0,0,0,0,0,0,0,0,0]"
000184,voc/VOCdevkit/VOC2007/JPEGImages/000184.jpg,"[0,0,0,1,0,0,0,0,0,0,0,0,0,0,0,0,0,0,0,0]"
000187,voc/VOCdevkit/VOC2007/JPEGImages/000187.jpg,"[0,0,0,0,0,0,0,0,0,0,0,0,0,0,0,0,0,0,0,1]"
000189,voc/VOCdevkit/VOC2007/JPEGImages/000189.jpg,"[0,0,1,0,0,0,0,0,0,0,0,0,0,0,0,0,0,0,0,0]"
000190,voc/VOCdevkit/VOC2007/JPEGImages/000190.jpg,"[0,0,0,0,0,1,0,0,0,0,0,0,0,0,1,0,0,0,0,0]"
000192,voc/VOCdevkit/VOC2007/JPEGImages/000192.jpg,"[0,0,0,0,0,0,0,0,1,0,0,0,0,0,1,0,0,0,0,0]"
000193,voc/VOCdevkit/VOC2007/JPEGImages/000193.jpg,"[0,0,0,0,0,0,0,0,0,0,0,0,0,0,1,0,0,1,0,0]"
000198,voc/VOCdevkit/VOC2007/JPEGImages/000198.jpg,"[0,0,0,0,0,0,0,0,0,0,0,0,0,0,0,0,0,0,1,0]"
000200,voc/VOCdevkit/VOC2007/JPEGImages/000200.jpg,"[0,0,0,0,1,0,0,0,0,0,0,0,0,0,1,0,0,0,0,0]"
000207,voc/VOCdevkit/VOC2007/JPEGImages/000207.jpg,"[0,0,0,0,0,1,0,0,0,0,0,0,0,0,0,0,0,0,0,0]"
000209,voc/VOCdevkit/VOC2007/JPEGImages/000209.jpg,"[0,0,0,0,0,0,0,1,0,0,0,0,0,0,0,0,0,0,0,0]"
000210,voc/VOCdevkit/VOC2007/JPEGImages/000210.jpg,"[0,0,0,0,0,0,1,0,0,0,0,0,0,0,1,0,0,0,0,0]"
000214,voc/VOCdevkit/VOC2007/JPEGImages/000214.jpg,"[0,0,0,0,0,0,0,0,0,0,0,0,1,0,0,0,0,0,0,0]"
000218,voc/VOCdevkit/VOC2007/JPEGImages/000218.jpg,"[0,0,0,0,0,0,0,0,1,0,0,1,0,0,1,0,0,0,0,0]"
000220,voc/VOCdevkit/VOC2007/JPEGImages/000220.jpg,"[0,0,0,0,0,0,1,0,0,0,0,0,0,0,1,0,0,0,0,0]"
000222,voc/VOCdevkit/VOC2007/JPEGImages/000222.jpg,"[0,0,0,0,1,0,0,0,1,0,1,0,0,0,1,0,0,0,0,0]"
000229,voc/VOCdevkit/VOC2007/JPEGImages/000229.jpg,"[0,0,0,0,1,0,0,0,1,0,1,0,0,0,1,0,0,0,0,0]"
000232,voc/VOCdevkit/VOC2007/JPEGImages/000232.jpg,"[0,0,0,1,0,0,0,0,0,1,0,0,0,0,1,0,0,0,0,0]"
000233,voc/VOCdevkit/VOC2007/JPEGImages/000233.jpg,"[0,0,0,0,0,0,1,0,0,0,0,0,0,0,0,0,1,0,0,0]"
000235,voc/VOCdevkit/VOC2007/JPEGImages/000235.jpg,"[0,0,0,0,0,0,0,0,1,0,1,0,0,0,0,1,0,1,0,0]"
000241,voc/VOCdevkit/VOC2007/JPEGImages/000241.jpg,"[0,0,0,1,0,0,0,0,0,0,0,0,0,0,0,0,0,0,0,0]"
000242,voc/VOCdevkit/VOC2007/JPEGImages/000242.jpg,"[0,0,0,0,0,0,0,1,0,0,0,0,0,0,0,0,0,0,0,0]"
000245,voc/VOCdevkit/VOC2007/JPEGImages/000245.jpg,"[0,0,0,0,0,0,1,0,0,0,0,0,0,0,1,0,0,0,0,0]"
000249,voc/VOCdevkit/VOC2007/JPEGImages/000249.jpg,"[0,0,0,0,0,0,0,0,1,0,1,0,0,0,0,0,0,0,0,0]"
000250,voc/VOCdevkit/VOC2007/JPEGImages/000250.jpg,"[0,0,0,0,1,0,0,0,0,0,1,0,0,0,0,0,0,0,0,0]"
000251,voc/VOCdevkit/VOC2007/JPEGImages/000251.jpg,"[0,0,0,0,0,0,1,0,0,0,0,0,0,0,1,0,0,0,0,0]"
000257,voc/VOCdevkit/VOC2007/JPEGImages/000257.jpg,"[0,0,0,0,0,0,0,0,0,0,0,0,0,0,1,0,0,0,0,1]"
000259,voc/VOCdevkit/VOC2007/JPEGImages/000259.jpg,"[0,0,0,0,0,0,0,0,0,0,0,0,0,0,1,0,0,0,0,0]"
000263,voc/VOCdevkit/VOC2007/JPEGImages/000263.jpg,"[0,0,0,0,0,0,1,0,0,0,0,0,0,0,0,0,0,0,0,0]"
000266,voc/VOCdevkit/VOC2007/JPEGImages/000266.jpg,"[0,0,0,0,0,0,0,0,0,0,0,1,0,0,0,0,0,1,0,0]"
000268,voc/VOCdevkit/VOC2007/JPEGImages/000268.jpg,"[1,0,0,0,0,0,0,0,0,0,0,0,0,0,0,0,0,0,0,0]"
000269,voc/VOCdevkit/VOC2007/JPEGImages/000269.jpg,"[0,0,0,0,1,0,0,0,0,0,0,0,0,0,1,0,0,0,0,0]"
000275,voc/VOCdevkit/VOC2007/JPEGImages/000275.jpg,"[0,0,0,0,0,0,0,0,0,0,0,0,1,0,1,0,0,0,0,0]"
000276,voc/VOCdevkit/VOC2007/JPEGImages/000276.jpg,"[0,0,0,0,0,0,0,0,0,0,0,0,0,0,1,0,0,0,0,0]"
000278,voc/VOCdevkit/VOC2007/JPEGImages/000278.jpg,"[0,0,0,0,0,0,0,0,0,0,0,1,0,0,1,0,0,0,0,0]"
000282,voc/VOCdevkit/VOC2007/JPEGImages/000282.jpg,"[0,0,0,0,0,0,0,0,1,0,0,0,0,0,1,0,0,0,0,0]"
000285,voc/VOCdevkit/VOC2007/JPEGImages/000285.jpg,"[0,0,0,0,0,0,0,0,1,0,0,0,0,0,1,0,0,0,0,0]"
000294,voc/VOCdevkit/VOC2007/JPEGImages/000294.jpg,"[0,0,1,0,0,0,0,0,0,0,0,0,0,0,0,0,0,0,0,0]"
000296,voc/VOCdevkit/VOC2007/JPEGImages/000296.jpg,"[0,0,0,1,0,0,1,0,0,0,0,0,0,0,0,0,0,0,0,0]"
000302,voc/VOCdevkit/VOC2007/JPEGImages/000302.jpg,"[0,0,0,0,0,0,1,0,0,0,0,0,0,1,1,0,0,0,0,0]"
000303,voc/VOCdevkit/VOC2007/JPEGImages/000303.jpg,"[0,0,0,0,0,0,1,0,0,0,0,0,0,0,0,0,0,0,0,0]"
000304,voc/VOCdevkit/VOC2007/JPEGImages/000304.jpg,"[0,0,0,0,0,0,0,0,0,0,0,0,0,0,0,0,0,0,0,1]"
000305,voc/VOCdevkit/VOC2007/JPEGImages/000305.jpg,"[0,1,0,0,0,0,0,0,0,0,0,0,0,0,1,0,0,0,0,0]"
000306,voc/VOCdevkit/VOC2007/JPEGImages/000306.jpg,"[0,0,0,0,0,0,0,0,0,1,0,0,0,0,0,0,0,0,0,0]"
000307,voc/VOCdevkit/VOC2007/JPEGImages/000307.jpg,"[0,0,0,0,0,0,0,0,0,0,0,0,0,0,0,1,0,0,0,0]"
000311,voc/VOCdevkit/VOC2007/JPEGImages/000311.jpg,"[0,0,0,0,0,0,1,0,0,0,0,0,0,0,0,0,0,0,0,0]"
000312,voc/VOCdevkit/VOC2007/JPEGImages/000312.jpg,"[0,0,0,0,0,0,0,0,0,0,0,0,0,0,0,0,0,0,1,0]"
000320,voc/VOCdevkit/VOC2007/JPEGImages/000320.jpg,"[0,0,0,0,0,0,1,0,0,0,0,0,0,0,1,0,0,0,0,0]"
000322,voc/VOCdevkit/VOC2007/JPEGImages/000322.jpg,"[0,0,0,0,0,0,0,0,0,0,0,0,0,0,1,0,0,0,0,0]"
000323,voc/VOCdevkit/VOC2007/JPEGImages/000323.jpg,"[0,0,0,0,0,0,0,0,0,0,0,0,0,0,1,0,0,0,0,0]"
000325,voc/VOCdevkit/VOC2007/JPEGImages/000325.jpg,"[1,0,0,0,0,0,0,0,0,0,0,0,0,0,0,0,0,0,0,0]"
000328,voc/VOCdevkit/VOC2007/JPEGImages/000328.jpg,"[0,0,0,0,0,0,0,0,0,0,0,0,1,0,1,0,0,0,0,0]"
000329,voc/VOCdevkit/VOC2007/JPEGImages/000329.jpg,"[0,0,0,0,0,0,1,0,0,0,0,0,0,0,0,0,0,0,0,0]"
000331,voc/VOCdevkit/VOC2007/JPEGImages/000331.jpg,"[0,0,0,0,0,0,0,0,1,0,0,0,0,0,1,0,0,0,0,0]"
000334,voc/VOCdevkit/VOC2007/JPEGImages/000334.jpg,"[0,0,0,0,0,0,1,0,0,0,0,0,0,0,0,0,0,0,0,0]"
000336,voc/VOCdevkit/VOC2007/JPEGImages/000336.jpg,"[0,0,0,0,0,0,0,0,0,0,0,1,0,0,0,0,0,0,0,0]"
000337,voc/VOCdevkit/VOC2007/JPEGImages/000337.jpg,"[0,1,0,0,0,0,0,0,0,0,0,0,0,0,1,0,0,0,0,0]"
000338,voc/VOCdevkit/VOC2007/JPEGImages/000338.jpg,"[0,0,0,0,0,0,1,0,0,0,0,0,0,0,1,0,0,0,0,0]"
000340,voc/VOCdevkit/VOC2007/JPEGImages/000340.jpg,"[0,0,1,0,0,0,0,0,0,0,0,0,0,0,0,0,0,0,0,0]"
000343,voc/VOCdevkit/VOC2007/JPEGImages/000343.jpg,"[0,0,0,0,0,0,1,0,0,0,0,0,0,0,0,0,0,0,0,0]"
000344,voc/VOCdevkit/VOC2007/JPEGImages/000344.jpg,"[0,0,0,0,1,0,0,0,0,0,0,0,0,0,0,0,0,0,0,0]"
000347,voc/VOCdevkit/VOC2007/JPEGImages/000347.jpg,"[0,0,0,0,0,0,0,0,0,0,0,0,1,0,0,0,0,0,0,0]"
000349,voc/VOCdevkit/VOC2007/JPEGImages/000349.jpg,"[0,0,0,0,0,0,0,0,1,0,1,0,0,0,0,0,0,0,0,1]"
000352,voc/VOCdevkit/VOC2007/JPEGImages/000352.jpg,"[0,0,0,0,0,0,0,0,0,0,0,0,0,0,1,0,0,1,0,0]"
000354,voc/VOCdevkit/VOC2007/JPEGImages/000354.jpg,"[0,0,0,0,0,0,0,1,0,0,0,0,0,0,0,0,0,0,0,0]"
000355,voc/VOCdevkit/VOC2007/JPEGImages/000355.jpg,"[0,0,0,0,0,0,1,0,0,0,0,0,0,0,0,0,0,0,0,0]"
000359,voc/VOCdevkit/VOC2007/JPEGImages/000359.jpg,"[0,0,0,0,0,0,0,0,1,0,0,1,0,0,1,0,0,0,0,0]"
000363,voc/VOCdevkit/VOC2007/JPEGImages/000363.jpg,"[0,0,1,0,0,0,0,0,0,0,0,0,0,0,0,0,0,0,0,0]"
000367,voc/VOCdevkit/VOC2007/JPEGImages/000367.jpg,"[0,0,0,0,1,0,1,0,0,0,0,0,0,0,1,0,0,0,0,0]"
000370,voc/VOCdevkit/VOC2007/JPEGImages/000370.jpg,"[0,0,0,1,0,0,0,0,0,0,0,0,0,0,0,0,0,0,0,0]"
000372,voc/VOCdevkit/VOC2007/JPEGImages/000372.jpg,"[0,0,0,0,0,0,0,0,0,0,0,0,1,0,1,0,0,0,0,0]"
000373,voc/VOCdevkit/VOC2007/JPEGImages/000373.jpg,"[0,0,0,0,0,0,1,0,0,0,0,0,0,0,0,0,0,0,0,0]"
000374,voc/VOCdevkit/VOC2007/JPEGImages/000374.jpg,"[0,0,0,0,0,0,0,0,0,0,0,0,0,1,1,0,0,0,0,0]"
000379,voc/VOCdevkit/VOC2007/JPEGImages/000379.jpg,"[0,1,0,0,0,0,0,0,0,0,0,0,0,0,0,0,0,0,0,0]"
000380,voc/VOCdevkit/VOC2007/JPEGImages/000380.jpg,"[0,1,0,0,0,0,0,0,0,0,0,0,0,0,0,0,0,0,0,0]"
000381,voc/VOCdevkit/VOC2007/JPEGImages/000381.jpg,"[0,0,0,0,1,0,0,0,1,0,1,0,0,0,0,0,0,0,0,0]"
000382,voc/VOCdevkit/VOC2007/JPEGImages/000382.jpg,"[0,0,0,1,0,0,0,0,0,0,0,0,0,0,1,0,0,0,0,0]"
000387,voc/VOCdevkit/VOC2007/JPEGImages/000387.jpg,"[0,0,0,0,0,0,1,0,0,0,0,0,0,0,0,0,0,0,0,0]"
000394,voc/VOCdevkit/VOC2007/JPEGImages/000394.jpg,"[0,0,0,0,0,0,0,0,0,0,1,0,0,0,1,0,0,0,0,0]"
000395,voc/VOCdevkit/VOC2007/JPEGImages/000395.jpg,"[0,0,1,0,0,0,0,0,0,0,0,0,0,0,0,0,0,0,0,0]"
000396,voc/VOCdevkit/VOC2007/JPEGImages/000396.jpg,"[0,0,0,0,0,0,1,0,0,0,0,0,0,0,0,0,0,0,0,0]"
000400,voc/VOCdevkit/VOC2007/JPEGImages/000400.jpg,"[0,0,0,0,0,0,0,1,0,0,0,0,0,0,0,0,0,0,0,0]"
000404,voc/VOCdevkit/VOC2007/JPEGImages/000404.jpg,"[0,0,0,0,0,0,1,0,0,0,0,0,0,0,0,0,0,0,0,0]"
000406,voc/VOCdevkit/VOC2007/JPEGImages/000406.jpg,"[0,0,0,0,0,0,1,0,0,0,0,0,0,0,1,0,0,0,0,0]"
000407,voc/VOCdevkit/VOC2007/JPEGImages/000407.jpg,"[0,0,0,0,0,0,0,0,0,0,0,0,1,0,1,0,0,0,0,0]"
000411,voc/VOCdevkit/VOC2007/JPEGImages/000411.jpg,"[0,0,0,0,0,0,0,0,0,0,0,0,0,0,1,0,0,0,0,0]"
000416,voc/VOCdevkit/VOC2007/JPEGImages/000416.jpg,"[0,0,0,0,0,0,0,0,0,0,0,0,0,0,0,0,1,0,0,0]"
000417,voc/VOCdevkit/VOC2007/JPEGImages/000417.jpg,"[0,0,0,0,0,0,0,0,0,1,0,0,0,0,0,0,0,0,0,0]"
000419,voc/VOCdevkit/VOC2007/JPEGImages/000419.jpg,"[0,0,0,0,0,0,0,0,0,0,0,0,0,1,1,0,0,0,0,0]"
000420,voc/VOCdevkit/VOC2007/JPEGImages/000420.jpg,"[0,0,0,0,0,0,1,0,0,0,0,0,0,0,0,0,0,0,0,0]"
000424,voc/VOCdevkit/VOC2007/JPEGImages/000424.jpg,"[0,0,1,0,0,0,0,0,0,0,0,0,0,0,0,0,0,0,0,0]"
000427,voc/VOCdevkit/VOC2007/JPEGImages/000427.jpg,"[0,0,0,0,0,0,0,0,0,0,0,0,0,1,0,0,0,0,0,0]"
000428,voc/VOCdevkit/VOC2007/JPEGImages/000428.jpg,"[0,0,0,0,0,0,0,0,1,0,1,0,0,0,1,0,0,0,0,0]"
000430,voc/VOCdevkit/VOC2007/JPEGImages/000430.jpg,"[0,0,0,0,0,0,0,1,0,0,0,0,0,0,0,0,0,0,0,0]"
000431,voc/VOCdevkit/VOC2007/JPEGImages/000431.jpg,"[1,0,0,0,0,0,1,0,0,0,0,0,0,0,0,0,0,0,0,0]"
000433,voc/VOCdevkit/VOC2007/JPEGImages/000433.jpg,"[0,0,0,0,0,0,0,0,1,0,0,0,0,0,1,0,0,0,0,0]"
000438,voc/VOCdevkit/VOC2007/JPEGImages/000438.jpg,"[0,0,0,0,0,0,0,0,0,0,0,0,0,0,1,0,0,0,0,0]"
000439,voc/VOCdevkit/VOC2007/JPEGImages/000439.jpg,"[0,0,0,0,0,0,0,0,0,0,0,0,0,0,0,0,0,0,1,0]"
000446,voc/VOCdevkit/VOC2007/JPEGImages/000446.jpg,"[0,0,0,0,0,0,0,0,0,0,0,0,0,0,1,0,0,0,0,0]"
000448,voc/VOCdevkit/VOC2007/JPEGImages/000448.jpg,"[0,0,0,0,0,0,0,0,0,0,1,0,0,0,1,0,0,0,0,0]"
000450,voc/VOCdevkit/VOC2007/JPEGImages/000450.jpg,"[0,0,0,0,0,0,0,0,0,0,0,0,0,0,0,0,0,0,1,0]"
000454,voc/VOCdevkit/VOC2007/JPEGImages/000454.jpg,"[0,0,0,0,0,0,0,0,0,0,0,1,0,0,0,0,0,0,0,0]"
000459,voc/VOCdevkit/VOC2007/JPEGImages/000459.jpg,"[0,0,0,0,0,0,0,0,1,0,1,0,0,0,0,0,0,0,0,0]"
000460,voc/VOCdevkit/VOC2007/JPEGImages/000460.jpg,"[0,0,0,0,0,0,0,0,1,0,0,0,0,0,0,0,0,0,0,0]"
000461,voc/VOCdevkit/VOC2007/JPEGImages/000461.jpg,"[0,0,0,0,0,0,1,0,0,0,0,0,0,0,0,0,0,0,0,0]"
000462,voc/VOCdevkit/VOC2007/JPEGImages/000462.jpg,"[0,0,0,0,0,0,0,0,0,1,0,0,0,0,0,0,0,0,0,0]"
000463,voc/VOCdevkit/VOC2007/JPEGImages/000463.jpg,"[0,0,0,0,0,0,1,0,0,0,0,0,0,1,1,0,0,0,0,0]"
000464,voc/VOCdevkit/VOC2007/JPEGImages/000464.jpg,"[0,0,0,0,0,0,0,0,0,1,0,0,0,0,0,0,0,0,0,0]"
000468,voc/VOCdevkit/VOC2007/JPEGImages/000468.jpg,"[0,0,0,0,0,0,0,0,0,0,0,0,0,0,1,0,0,0,0,0]"
000469,voc/VOCdevkit/VOC2007/JPEGImages/000469.jpg,"[0,0,0,0,0,0,1,0,0,0,0,0,0,0,0,0,0,0,0,0]"
000470,voc/VOCdevkit/VOC2007/JPEGImages/000470.jpg,"[0,0,0,0,0,0,0,0,0,0,0,0,1,0,1,0,0,0,0,0]"
000474,voc/VOCdevkit/VOC2007/JPEGImages/000474.jpg,"[0,0,0,1,0,0,1,0,0,0,0,0,0,0,0,0,0,0,0,0]"
000476,voc/VOCdevkit/VOC2007/JPEGImages/000476.jpg,"[0,0,0,0,0,0,0,0,0,0,0,1,0,0,1,0,0,1,0,0]"
000480,voc/VOCdevkit/VOC2007/JPEGImages/000480.jpg,"[1,0,0,0,0,0,0,0,0,0,0,0,0,0,1,0,0,0,0,0]"
000482,voc/VOCdevkit/VOC2007/JPEGImages/000482.jpg,"[0,0,0,0,0,0,0,0,0,0,0,0,0,0,1,0,0,0,1,0]"
000483,voc/VOCdevkit/VOC2007/JPEGImages/000483.jpg,"[0,0,0,0,0,0,0,0,0,0,0,0,1,0,1,0,0,0,0,0]"
000484,voc/VOCdevkit/VOC2007/JPEGImages/000484.jpg,"[0,0,0,0,0,0,0,0,0,0,0,0,0,0,0,1,0,0,0,0]"
000486,voc/VOCdevkit/VOC2007/JPEGImages/000486.jpg,"[0,0,0,0,0,0,0,1,0,0,0,0,0,0,0,0,0,0,0,0]"
000489,voc/VOCdevkit/VOC2007/JPEGImages/000489.jpg,"[0,0,1,0,0,0,0,0,0,0,0,0,0,0,0,0,0,0,0,0]"
000491,voc/VOCdevkit/VOC2007/JPEGImages/000491.jpg,"[0,0,0,0,0,0,0,0,0,1,0,0,0,0,0,0,0,0,0,0]"
000492,voc/VOCdevkit/VOC2007/JPEGImages/000492.jpg,"[0,0,0,0,0,0,0,0,1,0,1,0,0,0,0,0,0,0,0,0]"
000494,voc/VOCdevkit/VOC2007/JPEGImages/000494.jpg,"[0,0,0,0,0,0,1,0,0,0,0,0,0,0,0,0,0,0,0,0]"
000496,voc/VOCdevkit/VOC2007/JPEGImages/000496.jpg,"[0,0,0,0,0,0,0,0,1,0,1,0,0,0,0,0,0,0,0,0]"
000498,voc/VOCdevkit/VOC2007/JPEGImages/000498.jpg,"[0,0,0,0,1,0,0,0,0,0,0,0,0,0,1,0,0,0,0,0]"
000499,voc/VOCdevkit/VOC2007/JPEGImages/000499.jpg,"[0,0,0,0,0,0,0,0,0,0,0,0,0,1,1,0,0,0,0,0]"
000500,voc/VOCdevkit/VOC2007/JPEGImages/000500.jpg,"[0,1,0,0,0,0,0,0,0,0,0,0,0,0,1,0,0,0,0,0]"
000501,voc/VOCdevkit/VOC2007/JPEGImages/000501.jpg,"[0,0,0,0,0,0,0,0,0,0,0,1,0,0,0,0,0,0,0,0]"
000503,voc/VOCdevkit/VOC2007/JPEGImages/000503.jpg,"[0,0,0,0,0,0,0,0,0,0,0,0,0,0,0,0,0,1,0,0]"
000509,voc/VOCdevkit/VOC2007/JPEGImages/000509.jpg,"[0,0,0,0,0,0,1,0,0,0,0,0,0,0,0,0,0,0,0,0]"
000513,voc/VOCdevkit/VOC2007/JPEGImages/000513.jpg,"[0,0,0,1,0,0,0,0,0,0,0,0,0,0,0,0,0,0,0,0]"
000514,voc/VOCdevkit/VOC2007/JPEGImages/000514.jpg,"[1,0,0,0,0,0,0,0,0,0,0,0,0,0,0,0,0,0,0,0]"
000516,voc/VOCdevkit/VOC2007/JPEGImages/000516.jpg,"[0,0,0,0,0,0,0,1,0,0,0,0,0,0,1,0,0,1,0,0]"
000518,voc/VOCdevkit/VOC2007/JPEGImages/000518.jpg,"[0,0,0,0,0,1,0,0,0,0,0,0,0,0,1,0,0,0,0,0]"
000519,voc/VOCdevkit/VOC2007/JPEGImages/000519.jpg,"[0,0,0,1,0,0,0,0,0,0,0,0,0,0,0,0,0,0,0,0]"
000520,voc/VOCdevkit/VOC2007/JPEGImages/000520.jpg,"[0,0,0,0,0,0,0,0,0,0,0,0,0,0,1,0,0,0,0,0]"
000523,voc/VOCdevkit/VOC2007/JPEGImages/000523.jpg,"[0,0,0,0,0,0,0,0,0,0,0,0,1,0,1,0,0,0,0,0]"
000524,voc/VOCdevkit/VOC2007/JPEGImages/000524.jpg,"[0,0,0,0,0,0,0,0,0,0,0,0,1,0,1,0,0,0,0,0]"
000525,voc/VOCdevkit/VOC2007/JPEGImages/000525.jpg,"[0,0,0,0,0,0,0,0,0,0,0,0,0,1,1,0,0,0,0,0]"
000526,voc/VOCdevkit/VOC2007/JPEGImages/000526.jpg,"[0,0,0,0,0,0,0,0,1,0,0,0,0,0,1,0,0,0,0,0]"
000530,voc/VOCdevkit/VOC2007/JPEGImages/000530.jpg,"[0,0,0,0,0,0,0,0,0,0,0,0,0,0,1,0,0,1,0,0]"
000531,voc/VOCdevkit/VOC2007/JPEGImages/000531.jpg,"[0,0,0,0,1,0,0,0,0,0,0,0,0,0,1,0,0,0,0,0]"
000535,voc/VOCdevkit/VOC2007/JPEGImages/000535.jpg,"[0,1,0,0,0,0,0,0,0,0,0,0,0,0,1,0,0,0,0,0]"
000537,voc/VOCdevkit/VOC2007/JPEGImages/000537.jpg,"[0,0,0,0,0,0,0,0,0,0,0,1,0,0,0,0,0,0,0,0]"
000541,voc/VOCdevkit/VOC2007/JPEGImages/000541.jpg,"[0,0,0,0,0,0,1,0,0,0,0,0,0,0,1,0,0,0,0,0]"
000543,voc/VOCdevkit/VOC2007/JPEGImages/000543.jpg,"[0,0,0,0,0,0,1,0,0,0,0,0,0,0,0,0,0,0,0,0]"
000544,voc/VOCdevkit/VOC2007/JPEGImages/000544.jpg,"[0,0,0,0,0,0,0,1,0,0,0,0,0,0,0,0,0,0,0,0]"
000545,voc/VOCdevkit/VOC2007/JPEGImages/000545.jpg,"[0,0,0,0,0,0,1,0,0,0,0,0,0,0,1,0,0,0,0,0]"
000549,voc/VOCdevkit/VOC2007/JPEGImages/000549.jpg,"[0,0,0,0,0,0,0,1,0,0,0,0,0,0,0,0,0,0,0,0]"
000550,voc/VOCdevkit/VOC2007/JPEGImages/000550.jpg,"[0,0,0,0,0,0,0,0,1,0,1,0,0,0,0,0,0,0,0,0]"
000552,voc/VOCdevkit/VOC2007/JPEGImages/000552.jpg,"[1,0,0,0,0,0,0,0,0,0,0,0,0,0,0,0,0,0,0,0]"
000554,voc/VOCdevkit/VOC2007/JPEGImages/000554.jpg,"[0,0,0,0,0,0,1,0,0,0,0,0,0,0,1,0,0,1,0,0]"
000555,voc/VOCdevkit/VOC2007/JPEGImages/000555.jpg,"[0,0,0,0,0,0,0,0,1,0,0,0,0,0,1,0,0,1,0,0]"
000559,voc/VOCdevkit/VOC2007/JPEGImages/000559.jpg,"[0,0,0,0,1,0,0,0,0,0,0,0,0,0,0,0,0,0,0,1]"
000564,voc/VOCdevkit/VOC2007/JPEGImages/000564.jpg,"[0,0,0,0,1,0,0,0,1,0,1,0,0,0,0,0,0,0,0,0]"
000565,voc/VOCdevkit/VOC2007/JPEGImages/000565.jpg,"[0,1,0,0,0,0,0,0,0,0,0,0,0,0,0,0,0,0,0,0]"
000577,voc/VOCdevkit/VOC2007/JPEGImages/000577.jpg,"[0,0,0,0,0,0,0,0,0,0,0,0,1,0,0,0,0,0,0,0]"
000579,voc/VOCdevkit/VOC2007/JPEGImages/000579.jpg,"[0,0,0,0,0,0,1,0,0,0,0,0,0,1,1,0,0,0,0,0]"
000581,voc/VOCdevkit/VOC2007/JPEGImages/000581.jpg,"[0,0,0,0,0,0,0,0,0,0,0,0,0,0,0,0,1,0,0,0]"
000583,voc/VOCdevkit/VOC2007/JPEGImages/000583.jpg,"[0,0,0,0,0,0,0,0,0,0,0,0,0,1,1,0,0,0,0,0]"
000588,voc/VOCdevkit/VOC2007/JPEGImages/000588.jpg,"[0,0,0,0,0,0,0,0,0,0,0,0,0,0,0,0,1,0,0,0]"
000589,voc/VOCdevkit/VOC2007/JPEGImages/000589.jpg,"[0,0,0,0,0,0,0,0,0,0,0,0,0,0,1,0,0,0,0,0]"
000590,voc/VOCdevkit/VOC2007/JPEGImages/000590.jpg,"[0,0,0,0,0,0,1,0,0,0,0,0,0,0,0,0,0,0,0,0]"
000591,voc/VOCdevkit/VOC2007/JPEGImages/000591.jpg,"[0,0,0,0,0,0,0,0,1,0,1,0,0,0,1,0,0,0,0,0]"
000592,voc/VOCdevkit/VOC2007/JPEGImages/000592.jpg,"[0,0,0,0,0,0,0,0,1,0,0,0,0,0,0,1,0,1,0,1]"
000597,voc/VOCdevkit/VOC2007/JPEGImages/000597.jpg,"[0,0,0,0,0,0,0,0,1,0,0,0,0,0,1,0,0,0,0,1]"
000598,voc/VOCdevkit/VOC2007/JPEGImages/000598.jpg,"[0,0,0,0,0,0,0,0,1,0,0,0,0,0,0,0,0,0,0,1]"
000601,voc/VOCdevkit/VOC2007/JPEGImages/000601.jpg,"[0,0,0,0,0,0,0,0,0,0,0,0,0,0,0,1,0,0,0,0]"
000608,voc/VOCdevkit/VOC2007/JPEGImages/000608.jpg,"[0,0,0,1,0,0,0,0,0,0,0,0,0,0,0,0,0,0,0,0]"
000609,voc/VOCdevkit/VOC2007/JPEGImages/000609.jpg,"[0,0,0,0,0,0,0,0,0,0,0,1,0,0,0,0,0,0,0,0]"
000610,voc/VOCdevkit/VOC2007/JPEGImages/000610.jpg,"[1,0,0,0,0,0,0,0,0,0,0,0,0,0,0,0,0,0,0,0]"
000612,voc/VOCdevkit/VOC2007/JPEGImages/000612.jpg,"[0,0,0,0,0,0,0,0,0,0,0,0,0,0,1,0,0,0,1,0]"
000613,voc/VOCdevkit/VOC2007/JPEGImages/000613.jpg,"[0,0,0,0,0,0,0,0,1,0,1,0,0,0,1,0,0,0,0,0]"
000619,voc/VOCdevkit/VOC2007/JPEGImages/000619.jpg,"[0,0,1,0,0,0,0,0,0,0,0,0,0,0,0,0,0,0,0,0]"
000620,voc/VOCdevkit/VOC2007/JPEGImages/000620.jpg,"[0,0,0,0,0,0,1,0,0,0,0,0,0,0,0,0,0,0,0,0]"
000625,voc/VOCdevkit/VOC2007/JPEGImages/000625.jpg,"[0,0,0,0,0,0,0,0,1,0,0,0,0,0,1,0,0,0,0,0]"
000626,voc/VOCdevkit/VOC2007/JPEGImages/000626.jpg,"[0,0,0,0,0,0,0,0,0,0,0,0,0,0,1,0,0,0,0,1]"
000628,voc/VOCdevkit/VOC2007/JPEGImages/000628.jpg,"[0,0,0,0,0,0,1,0,0,0,0,0,0,0,1,1,0,0,0,0]"
000632,voc/VOCdevkit/VOC2007/JPEGImages/000632.jpg,"[0,0,0,0,0,0,0,0,1,0,0,0,0,0,0,0,0,1,0,1]"
000633,voc/VOCdevkit/VOC2007/JPEGImages/000633.jpg,"[0,0,0,0,0,0,0,0,0,0,0,0,0,0,1,0,0,0,0,1]"
000635,voc/VOCdevkit/VOC2007/JPEGImages/000635.jpg,"[0,0,0,0,0,0,0,0,0,0,0,0,0,0,0,0,0,0,1,0]"
000645,voc/VOCdevkit/VOC2007/JPEGImages/000645.jpg,"[0,0,1,0,0,0,0,0,0,0,0,0,0,0,0,0,0,0,0,0]"
000647,voc/VOCdevkit/VOC2007/JPEGImages/000647.jpg,"[1,0,0,0,0,0,0,0,0,0,0,0,0,0,0,0,0,0,0,0]"
000653,voc/VOCdevkit/VOC2007/JPEGImages/000653.jpg,"[0,0,0,0,0,0,1,0,0,0,0,0,0,0,0,0,0,0,0,0]"
000654,voc/VOCdevkit/VOC2007/JPEGImages/000654.jpg,"[0,0,0,0,0,0,0,0,0,0,0,1,0,0,1,0,1,0,0,0]"
000660,voc/VOCdevkit/VOC2007/JPEGImages/000660.jpg,"[0,0,0,0,0,0,0,0,0,0,0,0,0,0,0,0,0,1,0,0]"
000661,voc/VOCdevkit/VOC2007/JPEGImages/000661.jpg,"[0,0,0,0,0,0,0,0,1,0,0,0,0,0,0,1,0,1,0,0]"
000663,voc/VOCdevkit/VOC2007/JPEGImages/000663.jpg,"[0,0,0,0,0,1,1,0,0,0,0,0,0,0,0,0,0,0,0,0]"
000667,voc/VOCdevkit/VOC2007/JPEGImages/000667.jpg,"[0,0,0,0,0,0,0,0,0,0,0,0,1,0,0,0,0,0,0,0]"
000671,voc/VOCdevkit/VOC2007/JPEGImages/000671.jpg,"[0,1,0,0,0,0,0,0,0,0,0,0,0,0,0,0,0,0,0,0]"
000672,voc/VOCdevkit/VOC2007/JPEGImages/000672.jpg,"[0,0,0,0,0,0,1,0,0,0,0,0,0,0,0,0,0,0,0,0]"
000675,voc/VOCdevkit/VOC2007/JPEGImages/000675.jpg,"[0,0,0,0,0,0,0,0,0,0,0,0,0,0,0,0,0,0,1,0]"
000676,voc/VOCdevkit/VOC2007/JPEGImages/000676.jpg,"[0,0,0,0,0,0,0,0,0,0,0,0,0,0,0,0,1,0,0,0]"
000677,voc/VOCdevkit/VOC2007/JPEGImages/000677.jpg,"[0,0,0,0,0,0,0,0,0,0,0,0,0,0,1,0,0,0,0,0]"
000680,voc/VOCdevkit/VOC2007/JPEGImages/000680.jpg,"[0,0,1,0,0,0,0,0,0,0,0,0,0,0,0,0,0,0,0,0]"
000682,voc/VOCdevkit/VOC2007/JPEGImages/000682.jpg,"[0,0,1,0,0,0,0,0,0,0,0,0,0,0,0,0,0,0,0,0]"
000684,voc/VOCdevkit/VOC2007/JPEGImages/000684.jpg,"[0,0,0,0,1,0,0,0,1,0,0,0,0,0,1,0,0,0,0,0]"
000686,voc/VOCdevkit/VOC2007/JPEGImages/000686.jpg,"[0,0,0,0,0,0,0,0,0,0,0,0,0,1,0,0,0,0,0,0]"
000688,voc/VOCdevkit/VOC2007/JPEGImages/000688.jpg,"[0,0,0,0,0,0,1,0,0,0,0,0,0,0,1,0,0,0,0,0]"
000689,voc/VOCdevkit/VOC2007/JPEGImages/000689.jpg,"[0,0,0,0,0,0,0,0,0,0,0,0,0,0,0,0,0,0,1,0]"
000690,voc/VOCdevkit/VOC2007/JPEGImages/000690.jpg,"[0,1,0,0,0,0,0,1,0,0,0,0,0,0,1,0,0,0,0,0]"
000694,voc/VOCdevkit/VOC2007/JPEGImages/000694.jpg,"[0,0,0,0,0,0,0,0,0,0,0,0,0,0,1,0,0,0,0,0]"
000695,voc/VOCdevkit/VOC2007/JPEGImages/000695.jpg,"[0,0,0,0,0,0,0,0,0,0,0,0,1,0,1,0,0,0,0,0]"
000699,voc/VOCdevkit/VOC2007/JPEGImages/000699.jpg,"[0,0,0,0,0,0,0,0,1,0,0,1,0,0,0,0,0,0,0,0]"
000700,voc/VOCdevkit/VOC2007/JPEGImages/000700.jpg,"[0,0,0,0,0,0,1,0,0,0,0,0,0,0,0,0,0,0,0,0]"
000702,voc/VOCdevkit/VOC2007/JPEGImages/000702.jpg,"[0,0,0,0,0,0,0,0,0,0,0,0,1,0,1,0,0,0,0,0]"
000705,voc/VOCdevkit/VOC2007/JPEGImages/000705.jpg,"[0,0,0,0,0,0,0,1,0,0,0,0,0,0,0,0,0,0,0,0]"
000707,voc/VOCdevkit/VOC2007/JPEGImages/000707.jpg,"[0,0,0,0,0,0,0,0,1,0,0,0,0,0,0,0,0,0,0,1]"
000709,voc/VOCdevkit/VOC2007/JPEGImages/000709.jpg,"[0,0,0,0,0,0,0,0,1,0,0,0,0,0,1,0,0,1,0,0]"
000710,voc/VOCdevkit/VOC2007/JPEGImages/000710.jpg,"[0,0,0,0,0,0,0,1,1,0,0,0,0,0,0,1,0,0,0,0]"
000711,voc/VOCdevkit/VOC2007/JPEGImages/000711.jpg,"[0,0,0,0,0,0,0,0,0,0,0,0,0,0,0,1,0,0,0,0]"
000713,voc/VOCdevkit/VOC2007/JPEGImages/000713.jpg,"[0,0,0,1,0,0,0,0,0,0,0,0,0,0,0,0,0,0,0,0]"
000717,voc/VOCdevkit/VOC2007/JPEGImages/000717.jpg,"[0,0,0,0,0,0,0,0,1,0,0,0,0,0,1,0,0,0,0,0]"
000726,voc/VOCdevkit/VOC2007/JPEGImages/000726.jpg,"[0,0,0,0,1,0,0,0,0,0,0,0,0,0,1,0,0,0,0,0]"
000729,voc/VOCdevkit/VOC2007/JPEGImages/000729.jpg,"[0,0,0,0,0,0,0,0,0,0,0,0,0,0,0,1,0,0,0,0]"
000730,voc/VOCdevkit/VOC2007/JPEGImages/000730.jpg,"[1,0,0,0,0,0,0,0,0,0,0,0,0,0,0,0,0,0,0,0]"
000731,voc/VOCdevkit/VOC2007/JPEGImages/000731.jpg,"[0,0,1,0,0,0,0,0,0,0,0,0,0,0,1,0,0,0,0,0]"
000739,voc/VOCdevkit/VOC2007/JPEGImages/000739.jpg,"[0,0,0,0,0,0,0,0,0,0,0,0,0,0,1,0,0,0,0,0]"
000740,voc/VOCdevkit/VOC2007/JPEGImages/000740.jpg,"[0,0,0,1,0,0,0,0,0,0,0,0,0,0,0,0,0,0,0,0]"
000742,voc/VOCdevkit/VOC2007/JPEGImages/000742.jpg,"[0,0,0,1,0,0,0,0,0,0,0,0,0,0,1,0,0,0,0,0]"
000746,voc/VOCdevkit/VOC2007/JPEGImages/000746.jpg,"[0,0,0,0,0,0,0,0,0,0,0,1,0,0,0,0,0,0,0,0]"
000750,voc/VOCdevkit/VOC2007/JPEGImages/000750.jpg,"[0,0,0,0,0,0,0,0,0,0,0,0,0,0,1,0,0,0,0,0]"
000752,voc/VOCdevkit/VOC2007/JPEGImages/000752.jpg,"[0,0,0,0,0,0,0,0,0,0,0,0,0,0,1,0,0,1,0,0]"
000755,voc/VOCdevkit/VOC2007/JPEGImages/000755.jpg,"[0,1,0,0,0,0,0,0,0,0,0,0,0,0,1,0,0,0,0,0]"
000756,voc/VOCdevkit/VOC2007/JPEGImages/000756.jpg,"[0,0,0,0,0,0,0,0,0,0,0,1,0,0,0,0,0,0,0,0]"
000760,voc/VOCdevkit/VOC2007/JPEGImages/000760.jpg,"[0,0,0,0,0,0,0,0,0,0,0,0,1,0,1,0,0,0,0,0]"
000761,voc/VOCdevkit/VOC2007/JPEGImages/000761.jpg,"[0,0,0,0,0,0,0,0,1,0,0,0,0,0,0,0,0,1,0,1]"
000767,voc/VOCdevkit/VOC2007/JPEGImages/000767.jpg,"[0,0,0,0,0,0,0,0,0,1,0,0,0,0,0,0,0,0,0,0]"
000768,voc/VOCdevkit/VOC2007/JPEGImages/000768.jpg,"[0,0,0,0,0,1,0,0,0,0,0,0,0,0,0,0,0,0,0,0]"
000770,voc/VOCdevkit/VOC2007/JPEGImages/000770.jpg,"[0,1,0,0,0,0,0,0,0,1,0,0,0,1,1,0,0,0,0,0]"
000771,voc/VOCdevkit/VOC2007/JPEGImages/000771.jpg,"[0,0,0,0,0,0,0,0,1,0,0,0,0,0,0,0,0,1,0,0]"
000772,voc/VOCdevkit/VOC2007/JPEGImages/000772.jpg,"[0,0,0,0,0,0,0,0,0,0,0,1,0,0,0,0,0,0,0,0]"
000774,voc/VOCdevkit/VOC2007/JPEGImages/000774.jpg,"[0,0,0,0,0,0,0,0,0,0,0,0,0,0,0,0,0,0,1,0]"
000776,voc/VOCdevkit/VOC2007/JPEGImages/000776.jpg,"[0,0,0,0,0,0,1,0,0,0,0,0,0,0,0,0,0,0,0,0]"
000777,voc/VOCdevkit/VOC2007/JPEGImages/000777.jpg,"[0,0,0,0,0,0,0,0,0,0,0,1,0,0,1,0,0,0,0,0]"
000780,voc/VOCdevkit/VOC2007/JPEGImages/000780.jpg,"[0,0,0,0,0,0,0,0,1,0,0,0,0,0,0,1,0,0,0,0]"
000782,voc/VOCdevkit/VOC2007/JPEGImages/000782.jpg,"[0,0,0,0,0,1,0,0,0,0,0,0,0,0,1,0,0,0,0,0]"
000786,voc/VOCdevkit/VOC2007/JPEGImages/000786.jpg,"[0,0,0,0,0,0,0,0,0,1,0,0,0,0,1,0,0,0,0,0]"
000787,voc/VOCdevkit/VOC2007/JPEGImages/000787.jpg,"[0,0,0,0,0,0,1,0,0,0,0,0,0,0,0,0,0,0,0,0]"
000791,voc/VOCdevkit/VOC2007/JPEGImages/000791.jpg,"[0,0,0,0,0,0,0,0,0,0,0,0,0,0,0,0,0,0,1,0]"
000793,voc/VOCdevkit/VOC2007/JPEGImages/000793.jpg,"[0,1,0,0,0,1,0,0,0,0,0,0,0,0,1,0,0,0,0,0]"
000794,voc/VOCdevkit/VOC2007/JPEGImages/000794.jpg,"[0,0,0,0,0,0,0,1,0,0,0,0,0,0,0,0,0,0,0,0]"
000796,voc/VOCdevkit/VOC2007/JPEGImages/000796.jpg,"[0,0,1,0,0,0,0,0,0,0,0,0,0,0,0,0,0,0,0,0]"
000799,voc/VOCdevkit/VOC2007/JPEGImages/000799.jpg,"[0,0,0,0,0,0,0,0,0,0,0,0,1,0,1,0,0,0,0,0]"
000800,voc/VOCdevkit/VOC2007/JPEGImages/000800.jpg,"[0,0,0,0,0,0,1,0,0,0,0,0,0,0,0,0,0,0,0,0]"
000802,voc/VOCdevkit/VOC2007/JPEGImages/000802.jpg,"[0,1,0,0,0,0,0,0,0,0,0,0,0,0,1,0,0,0,0,0]"
000804,voc/VOCdevkit/VOC2007/JPEGImages/000804.jpg,"[0,0,0,0,0,0,0,0,1,0,0,0,0,0,0,0,0,1,0,0]"
000805,voc/VOCdevkit/VOC2007/JPEGImages/000805.jpg,"[0,0,0,0,0,0,0,0,0,0,0,1,0,0,1,0,0,0,0,0]"
000806,voc/VOCdevkit/VOC2007/JPEGImages/000806.jpg,"[0,0,0,0,0,0,0,0,0,0,0,0,0,0,1,0,0,0,0,0]"
000808,voc/VOCdevkit/VOC2007/JPEGImages/000808.jpg,"[0,0,0,0,0,0,0,0,0,1,0,0,0,0,0,0,0,0,0,0]"
000810,voc/VOCdevkit/VOC2007/JPEGImages/000810.jpg,"[0,0,0,0,0,0,0,0,0,0,0,0,0,0,1,0,0,0,0,0]"
000815,voc/VOCdevkit/VOC2007/JPEGImages/000815.jpg,"[1,0,0,0,0,0,0,0,0,0,0,0,0,0,0,0,0,0,0,0]"
000816,voc/VOCdevkit/VOC2007/JPEGImages/000816.jpg,"[0,1,0,0,0,0,0,0,0,0,0,0,0,0,1,0,0,0,0,0]"
000820,voc/VOCdevkit/VOC2007/JPEGImages/000820.jpg,"[0,0,0,0,0,0,0,0,0,0,0,0,0,0,0,0,1,0,0,0]"
000822,voc/VOCdevkit/VOC2007/JPEGImages/000822.jpg,"[0,0,0,0,0,0,0,0,0,0,0,0,0,1,0,0,0,0,0,0]"
000826,voc/VOCdevkit/VOC2007/JPEGImages/000826.jpg,"[0,0,0,1,0,0,0,0,0,0,0,0,0,0,0,0,0,0,0,0]"
000827,voc/VOCdevkit/VOC2007/JPEGImages/000827.jpg,"[0,0,0,0,0,0,0,0,0,1,0,0,0,0,0,0,0,0,0,0]"
000828,voc/VOCdevkit/VOC2007/JPEGImages/000828.jpg,"[0,0,0,0,0,0,0,0,0,0,0,0,0,0,1,0,0,0,0,0]"
000829,voc/VOCdevkit/VOC2007/JPEGImages/000829.jpg,"[0,1,0,0,0,1,1,0,0,0,0,0,0,0,1,0,0,0,0,0]"
000830,voc/VOCdevkit/VOC2007/JPEGImages/000830.jpg,"[0,0,0,0,0,0,0,0,1,0,1,0,0,0,0,0,0,0,0,0]"
000834,voc/VOCdevkit/VOC2007/JPEGImages/000834.jpg,"[0,0,0,0,0,0,0,0,0,1,0,0,0,0,1,0,0,0,0,0]"
000842,voc/VOCdevkit/VOC2007/JPEGImages/000842.jpg,"[0,0,0,0,0,0,0,0,0,0,0,1,0,0,1,0,0,0,0,0]"
000843,voc/VOCdevkit/VOC2007/JPEGImages/000843.jpg,"[0,0,0,0,0,0,0,0,0,0,0,0,0,0,1,0,0,0,0,1]"
000847,voc/VOCdevkit/VOC2007/JPEGImages/000847.jpg,"[0,0,0,0,0,0,0,0,0,0,1,0,0,0,1,0,0,0,0,0]"
000848,voc/VOCdevkit/VOC2007/JPEGImages/000848.jpg,"[0,0,0,0,0,0,0,0,1,0,0,0,0,0,1,0,0,1,0,0]"
000849,voc/VOCdevkit/VOC2007/JPEGImages/000849.jpg,"[0,0,0,0,0,0,0,0,0,0,0,1,0,0,0,0,0,0,0,0]"
000850,voc/VOCdevkit/VOC2007/JPEGImages/000850.jpg,"[0,0,1,0,0,0,0,0,0,0,0,0,0,0,0,0,0,0,0,0]"
000851,voc/VOCdevkit/VOC2007/JPEGImages/000851.jpg,"[0,0,0,0,0,0,0,0,0,0,0,0,0,1,1,0,0,0,0,0]"
000854,voc/VOCdevkit/VOC2007/JPEGImages/000854.jpg,"[0,0,0,0,0,0,0,0,1,0,0,0,0,0,1,1,0,1,0,0]"
000855,voc/VOCdevkit/VOC2007/JPEGImages/000855.jpg,"[0,1,0,0,0,1,1,0,0,0,0,0,0,0,1,0,0,0,0,0]"
000857,voc/VOCdevkit/VOC2007/JPEGImages/000857.jpg,"[0,0,0,0,0,0,0,1,0,0,0,0,0,0,0,0,0,0,0,0]"
000859,voc/VOCdevkit/VOC2007/JPEGImages/000859.jpg,"[0,0,0,0,0,0,0,0,1,0,0,0,0,0,1,0,0,1,0,0]"
000860,voc/VOCdevkit/VOC2007/JPEGImages/000860.jpg,"[0,0,0,0,0,0,1,0,0,0,0,0,0,0,1,0,0,0,0,0]"
000863,voc/VOCdevkit/VOC2007/JPEGImages/000863.jpg,"[0,0,0,0,0,0,0,0,0,0,0,0,0,0,0,0,0,0,1,0]"
000865,voc/VOCdevkit/VOC2007/JPEGImages/000865.jpg,"[0,0,0,0,1,0,0,0,1,0,1,0,0,0,1,1,0,0,0,0]"
000868,voc/VOCdevkit/VOC2007/JPEGImages/000868.jpg,"[0,0,0,0,0,0,0,0,0,0,0,0,0,0,0,1,0,1,0,0]"
000872,voc/VOCdevkit/VOC2007/JPEGImages/000872.jpg,"[1,0,0,0,0,0,0,0,0,0,0,0,0,0,0,0,0,0,0,0]"
000874,voc/VOCdevkit/VOC2007/JPEGImages/000874.jpg,"[0,0,0,0,0,0,0,0,0,0,0,0,0,0,1,0,0,0,0,0]"
000876,voc/VOCdevkit/VOC2007/JPEGImages/000876.jpg,"[0,0,0,0,0,0,0,1,0,0,0,0,0,0,0,0,0,0,0,0]"
000878,voc/VOCdevkit/VOC2007/JPEGImages/000878.jpg,"[0,1,0,0,0,0,0,0,0,0,0,0,0,0,1,0,0,0,0,0]"
000879,voc/VOCdevkit/VOC2007/JPEGImages/000879.jpg,"[0,0,0,0,0,0,0,0,0,0,0,0,1,0,1,0,0,0,0,0]"
000880,voc/VOCdevkit/VOC2007/JPEGImages/000880.jpg,"[0,0,1,0,0,0,0,0,0,1,0,0,0,0,0,0,0,0,0,0]"
000882,voc/VOCdevkit/VOC2007/JPEGImages/000882.jpg,"[0,0,0,0,0,0,0,0,0,0,0,1,0,0,0,0,0,0,0,0]"
000885,voc/VOCdevkit/VOC2007/JPEGImages/000885.jpg,"[0,1,0,0,0,0,0,0,0,0,0,0,0,0,1,0,0,0,0,0]"
000887,voc/VOCdevkit/VOC2007/JPEGImages/000887.jpg,"[1,0,0,0,0,0,0,0,0,0,0,0,0,0,0,0,0,0,0,0]"
000888,voc/VOCdevkit/VOC2007/JPEGImages/000888.jpg,"[0,0,0,0,0,0,1,0,0,0,0,0,0,0,0,0,0,0,0,0]"
000889,voc/VOCdevkit/VOC2007/JPEGImages/000889.jpg,"[0,0,0,0,0,0,0,0,0,0,0,0,0,0,0,1,0,0,0,0]"
000892,voc/VOCdevkit/VOC2007/JPEGImages/000892.jpg,"[0,0,0,0,0,0,0,0,0,0,0,0,0,1,1,0,0,0,0,0]"
000896,voc/VOCdevkit/VOC2007/JPEGImages/000896.jpg,"[1,0,0,0,0,0,0,0,0,0,0,0,0,0,0,0,0,0,0,0]"
000900,voc/VOCdevkit/VOC2007/JPEGImages/000900.jpg,"[0,0,0,0,0,0,0,0,0,0,0,0,0,0,0,0,1,0,0,0]"
000902,voc/VOCdevkit/VOC2007/JPEGImages/000902.jpg,"[0,0,0,0,0,0,0,0,0,0,0,1,0,0,1,0,0,0,0,0]"
000903,voc/VOCdevkit/VOC2007/JPEGImages/000903.jpg,"[0,0,0,0,0,0,0,0,1,0,0,0,0,0,1,0,0,0,0,0]"
000906,voc/VOCdevkit/VOC2007/JPEGImages/000906.jpg,"[0,0,0,1,0,0,1,0,0,0,0,0,0,0,1,0,0,0,0,0]"
000908,voc/VOCdevkit/VOC2007/JPEGImages/000908.jpg,"[1,0,0,0,0,0,0,0,0,0,0,0,0,0,0,0,0,0,0,0]"
000912,voc/VOCdevkit/VOC2007/JPEGImages/000912.jpg,"[0,0,0,0,0,0,0,1,0,0,0,0,0,0,0,0,0,0,0,0]"
000915,voc/VOCdevkit/VOC2007/JPEGImages/000915.jpg,"[0,0,0,0,0,0,0,0,1,0,1,0,0,0,1,0,0,0,0,0]"
000917,voc/VOCdevkit/VOC2007/JPEGImages/000917.jpg,"[0,0,1,0,0,0,0,0,1,0,0,0,0,0,0,1,0,0,0,0]"
000919,voc/VOCdevkit/VOC2007/JPEGImages/000919.jpg,"[0,0,0,0,0,0,0,0,0,0,0,1,0,0,0,0,0,0,0,0]"
000920,voc/VOCdevkit/VOC2007/JPEGImages/000920.jpg,"[0,0,0,0,0,0,0,0,0,0,0,0,0,0,1,0,0,0,1,0]"
000921,voc/VOCdevkit/VOC2007/JPEGImages/000921.jpg,"[0,0,0,0,0,0,0,1,1,0,0,0,0,0,0,0,0,0,0,0]"
000926,voc/VOCdevkit/VOC2007/JPEGImages/000926.jpg,"[0,0,0,0,0,0,0,0,0,0,0,0,0,0,1,0,0,0,0,0]"
000929,voc/VOCdevkit/VOC2007/JPEGImages/000929.jpg,"[0,0,0,0,1,0,0,0,1,0,1,0,0,0,0,0,0,0,0,0]"
000931,voc/VOCdevkit/VOC2007/JPEGImages/000931.jpg,"[0,0,0,1,0,0,0,0,0,0,0,0,0,0,0,0,0,0,0,0]"
000934,voc/VOCdevkit/VOC2007/JPEGImages/000934.jpg,"[1,0,0,0,0,0,0,0,0,0,0,0,0,0,0,0,0,0,0,0]"
000935,voc/VOCdevkit/VOC2007/JPEGImages/000935.jpg,"[0,0,0,0,0,0,1,0,0,0,0,0,0,0,0,0,0,0,0,0]"
000936,voc/VOCdevkit/VOC2007/JPEGImages/000936.jpg,"[1,0,0,0,0,0,0,0,0,0,0,0,0,0,0,0,0,0,0,0]"
000937,voc/VOCdevkit/VOC2007/JPEGImages/000937.jpg,"[0,0,0,0,0,0,1,0,0,0,0,0,0,0,1,0,0,0,0,0]"
000943,voc/VOCdevkit/VOC2007/JPEGImages/000943.jpg,"[0,0,0,0,0,0,0,0,1,0,0,0,0,0,1,0,0,1,0,0]"
000946,voc/VOCdevkit/VOC2007/JPEGImages/000946.jpg,"[0,0,0,0,0,0,0,0,0,0,0,0,0,0,0,0,0,0,1,0]"
000947,voc/VOCdevkit/VOC2007/JPEGImages/000947.jpg,"[0,0,0,0,0,0,0,0,0,0,0,1,0,0,0,0,0,0,0,0]"
000948,voc/VOCdevkit/VOC2007/JPEGImages/000948.jpg,"[0,0,0,0,0,0,0,0,1,0,0,0,0,0,1,0,0,0,0,1]"
000950,voc/VOCdevkit/VOC2007/JPEGImages/000950.jpg,"[0,0,0,0,0,0,0,0,1,0,1,0,0,0,0,0,0,0,0,0]"
000951,voc/VOCdevkit/VOC2007/JPEGImages/000951.jpg,"[0,0,0,0,1,0,0,0,0,0,0,0,0,0,0,0,0,0,0,0]"
000958,voc/VOCdevkit/VOC2007/JPEGImages/000958.jpg,"[0,0,0,0,0,0,0,0,0,0,0,1,0,0,0,0,0,0,0,0]"
000964,voc/VOCdevkit/VOC2007/JPEGImages/000964.jpg,"[0,0,1,0,0,0,0,0,0,0,0,0,0,0,0,0,0,0,0,0]"
000965,voc/VOCdevkit/VOC2007/JPEGImages/000965.jpg,"[0,0,0,0,0,0,0,1,0,0,0,1,0,0,0,0,0,1,0,0]"
000966,voc/VOCdevkit/VOC2007/JPEGImages/000966.jpg,"[0,0,0,0,0,0,0,0,0,0,0,0,0,0,1,0,0,0,1,0]"
000972,voc/VOCdevkit/VOC2007/JPEGImages/000972.jpg,"[0,0,0,0,0,0,1,0,0,0,0,0,0,0,0,0,0,0,0,0]"
000973,voc/VOCdevkit/VOC2007/JPEGImages/000973.jpg,"[0,1,0,0,0,0,0,0,0,0,0,0,0,0,0,0,0,0,0,0]"
000977,voc/VOCdevkit/VOC2007/JPEGImages/000977.jpg,"[0,0,0,0,0,0,1,0,0,0,0,0,0,0,0,0,0,0,0,0]"
000980,voc/VOCdevkit/VOC2007/JPEGImages/000980.jpg,"[0,0,1,0,0,0,0,0,0,0,0,0,0,0,0,0,0,0,0,0]"
000982,voc/VOCdevkit/VOC2007/JPEGImages/000982.jpg,"[1,0,0,0,0,0,0,0,0,0,0,0,0,0,1,0,0,0,0,0]"
000989,voc/VOCdevkit/VOC2007/JPEGImages/000989.jpg,"[0,0,0,0,0,0,0,0,0,0,0,0,0,0,0,0,0,0,0,1]"
000991,voc/VOCdevkit/VOC2007/JPEGImages/000991.jpg,"[0,0,0,0,0,0,0,0,0,0,0,0,1,0,1,0,0,0,0,0]"
000993,voc/VOCdevkit/VOC2007/JPEGImages/000993.jpg,"[0,0,0,0,0,0,0,0,0,0,0,0,0,0,0,0,0,0,1,0]"
000996,voc/VOCdevkit/VOC2007/JPEGImages/000996.jpg,"[0,0,0,0,0,0,0,0,1,0,1,0,0,0,1,0,0,0,0,0]"
000997,voc/VOCdevkit/VOC2007/JPEGImages/000997.jpg,"[0,0,0,0,0,0,0,0,0,0,0,0,0,0,0,0,0,1,0,1]"
000999,voc/VOCdevkit/VOC2007/JPEGImages/000999.jpg,"[0,0,0,0,1,0,0,0,0,0,0,0,0,0,1,0,0,0,0,0]"
001001,voc/VOCdevkit/VOC2007/JPEGImages/001001.jpg,"[0,0,0,0,0,0,0,1,0,0,0,0,0,0,1,0,0,0,0,0]"
001002,voc/VOCdevkit/VOC2007/JPEGImages/001002.jpg,"[0,0,0,1,0,0,0,0,0,0,0,0,0,0,0,0,0,0,0,0]"
001004,voc/VOCdevkit/VOC2007/JPEGImages/001004.jpg,"[0,0,1,0,0,0,0,0,0,0,0,0,0,0,0,0,0,0,0,0]"
001010,voc/VOCdevkit/VOC2007/JPEGImages/001010.jpg,"[0,0,0,0,0,0,0,0,0,0,0,0,0,0,0,0,0,0,0,1]"
001011,voc/VOCdevkit/VOC2007/JPEGImages/001011.jpg,"[0,0,0,0,0,0,0,0,0,0,0,0,0,0,1,0,0,0,0,1]"
001014,voc/VOCdevkit/VOC2007/JPEGImages/001014.jpg,"[0,0,0,0,0,0,0,0,1,0,0,1,0,0,1,0,0,0,0,0]"
001015,voc/VOCdevkit/VOC2007/JPEGImages/001015.jpg,"[0,0,1,0,0,0,0,0,0,0,0,0,0,0,0,0,0,0,0,0]"
001017,voc/VOCdevkit/VOC2007/JPEGImages/001017.jpg,"[0,0,0,0,0,0,0,0,0,0,0,0,0,1,1,0,0,0,0,0]"
001018,voc/VOCdevkit/VOC2007/JPEGImages/001018.jpg,"[0,0,0,0,0,0,0,0,1,0,1,0,0,0,0,0,0,1,0,0]"
001024,voc/VOCdevkit/VOC2007/JPEGImages/001024.jpg,"[0,0,0,0,0,0,0,0,0,0,0,0,0,0,1,0,0,0,0,1]"
001027,voc/VOCdevkit/VOC2007/JPEGImages/001027.jpg,"[0,1,0,0,0,0,0,0,1,0,0,0,0,0,0,0,0,1,0,1]"
001028,voc/VOCdevkit/VOC2007/JPEGImages/001028.jpg,"[0,0,0,0,0,0,0,0,1,0,0,0,0,0,1,0,0,0,0,0]"
001036,voc/VOCdevkit/VOC2007/JPEGImages/001036.jpg,"[0,0,0,0,0,0,0,0,0,0,0,0,0,0,1,0,0,0,0,0]"
001041,voc/VOCdevkit/VOC2007/JPEGImages/001041.jpg,"[0,0,1,0,0,0,0,0,0,0,0,0,0,0,0,0,0,0,0,0]"
001042,voc/VOCdevkit/VOC2007/JPEGImages/001042.jpg,"[0,0,0,0,0,0,0,0,0,0,0,1,0,0,1,0,0,0,0,0]"
001043,voc/VOCdevkit/VOC2007/JPEGImages/001043.jpg,"[0,0,0,0,0,0,0,1,0,0,0,0,0,0,0,0,0,0,0,0]"
001045,voc/VOCdevkit/VOC2007/JPEGImages/001045.jpg,"[0,0,0,0,1,0,0,0,0,0,0,0,0,0,0,0,0,0,0,0]"
001050,voc/VOCdevkit/VOC2007/JPEGImages/001050.jpg,"[0,1,0,0,0,0,0,0,0,0,0,0,0,0,1,0,0,0,0,0]"
001052,voc/VOCdevkit/VOC2007/JPEGImages/001052.jpg,"[0,0,0,0,0,0,1,0,0,0,0,0,0,0,0,0,0,0,0,0]"
001056,voc/VOCdevkit/VOC2007/JPEGImages/001056.jpg,"[0,0,0,0,0,0,0,0,0,0,0,1,0,0,0,0,0,0,0,0]"
001057,voc/VOCdevkit/VOC2007/JPEGImages/001057.jpg,"[0,0,0,0,0,0,1,0,0,0,0,0,0,0,1,0,0,0,0,0]"
001060,voc/VOCdevkit/VOC2007/JPEGImages/001060.jpg,"[0,1,0,0,0,0,1,0,0,0,0,0,0,0,1,0,0,0,0,0]"
001061,voc/VOCdevkit/VOC2007/JPEGImages/001061.jpg,"[0,0,1,0,0,0,0,0,0,0,0,0,0,0,1,0,0,0,0,0]"
001062,voc/VOCdevkit/VOC2007/JPEGImages/001062.jpg,"[0,0,0,0,0,0,0,0,0,0,0,0,0,0,0,0,0,0,0,1]"
001064,voc/VOCdevkit/VOC2007/JPEGImages/001064.jpg,"[0,0,0,0,0,0,0,0,0,0,0,0,1,0,1,0,0,0,0,0]"
001066,voc/VOCdevkit/VOC2007/JPEGImages/001066.jpg,"[0,0,0,0,0,0,0,0,0,0,0,0,0,0,1,0,0,0,0,0]"
001068,voc/VOCdevkit/VOC2007/JPEGImages/001068.jpg,"[0,0,0,0,0,0,0,0,0,0,0,0,0,1,0,0,0,0,0,0]"
001069,voc/VOCdevkit/VOC2007/JPEGImages/001069.jpg,"[0,0,0,0,0,0,1,0,0,0,0,0,0,0,0,0,0,0,0,0]"
001072,voc/VOCdevkit/VOC2007/JPEGImages/001072.jpg,"[0,0,0,0,0,0,0,0,0,0,0,0,0,0,1,0,0,1,0,0]"
001073,voc/VOCdevkit/VOC2007/JPEGImages/001073.jpg,"[0,0,0,0,0,0,0,0,0,1,0,0,0,0,0,0,0,0,0,0]"
001074,voc/VOCdevkit/VOC2007/JPEGImages/001074.jpg,"[0,0,1,0,0,0,0,0,0,0,0,0,0,0,0,0,0,0,0,0]"
001077,voc/VOCdevkit/VOC2007/JPEGImages/001077.jpg,"[0,0,0,0,0,0,0,0,0,0,0,0,0,0,0,0,0,0,0,1]"
001079,voc/VOCdevkit/VOC2007/JPEGImages/001079.jpg,"[0,0,0,0,0,0,0,0,0,0,1,0,0,0,1,1,0,0,0,0]"
001082,voc/VOCdevkit/VOC2007/JPEGImages/001082.jpg,"[0,0,0,0,0,0,0,1,0,0,0,0,0,0,0,1,0,0,0,0]"
001083,voc/VOCdevkit/VOC2007/JPEGImages/001083.jpg,"[0,0,0,0,0,0,0,0,0,0,0,0,0,0,0,0,0,0,1,0]"
001091,voc/VOCdevkit/VOC2007/JPEGImages/001091.jpg,"[0,0,0,0,0,0,0,0,0,0,1,0,0,0,1,1,0,0,0,0]"
001092,voc/VOCdevkit/VOC2007/JPEGImages/001092.jpg,"[0,0,0,0,0,0,0,0,0,0,0,1,0,0,1,0,0,0,0,0]"
001093,voc/VOCdevkit/VOC2007/JPEGImages/001093.jpg,"[0,0,0,0,0,0,1,0,0,0,0,0,0,0,0,0,0,0,0,0]"
001097,voc/VOCdevkit/VOC2007/JPEGImages/001097.jpg,"[0,0,0,0,0,0,0,0,0,0,0,0,0,0,1,0,0,0,0,0]"
001101,voc/VOCdevkit/VOC2007/JPEGImages/001101.jpg,"[0,0,0,0,0,0,0,0,0,0,0,0,0,1,1,0,0,0,0,0]"
001102,voc/VOCdevkit/VOC2007/JPEGImages/001102.jpg,"[1,0,0,0,0,0,0,0,0,0,0,0,0,0,0,0,0,0,0,0]"
001104,voc/VOCdevkit/VOC2007/JPEGImages/001104.jpg,"[0,0,0,0,0,0,0,0,0,0,0,1,0,0,0,0,0,0,0,0]"
001107,voc/VOCdevkit/VOC2007/JPEGImages/001107.jpg,"[1,0,0,0,0,0,0,0,0,0,0,0,0,0,0,0,0,0,0,0]"
001109,voc/VOCdevkit/VOC2007/JPEGImages/001109.jpg,"[0,0,0,0,0,0,0,0,0,0,0,0,0,0,1,0,0,0,0,0]"
001110,voc/VOCdevkit/VOC2007/JPEGImages/001110.jpg,"[0,0,0,0,0,0,0,1,0,0,0,0,0,0,0,0,0,0,0,0]"
001113,voc/VOCdevkit/VOC2007/JPEGImages/001113.jpg,"[0,0,0,0,0,0,0,0,0,0,0,0,0,0,1,0,0,0,0,0]"
001119,voc/VOCdevkit/VOC2007/JPEGImages/001119.jpg,"[0,0,0,0,0,0,1,0,0,0,0,0,0,0,0,0,0,0,0,0]"
001124,voc/VOCdevkit/VOC2007/JPEGImages/001124.jpg,"[0,0,0,0,0,1,1,0,0,0,0,0,0,0,0,0,0,0,0,0]"
001125,voc/VOCdevkit/VOC2007/JPEGImages/001125.jpg,"[0,0,0,0,0,0,1,0,0,0,0,0,0,0,1,0,0,0,0,0]"
001127,voc/VOCdevkit/VOC2007/JPEGImages/001127.jpg,"[0,0,0,0,0,0,0,0,0,0,0,1,0,0,0,0,0,1,0,0]"
001129,voc/VOCdevkit/VOC2007/JPEGImages/001129.jpg,"[0,0,0,0,0,0,0,0,0,0,0,0,0,0,1,0,0,1,0,0]"
001136,voc/VOCdevkit/VOC2007/JPEGImages/001136.jpg,"[0,0,1,1,0,0,0,0,0,0,0,0,0,0,0,0,0,0,0,0]"
001137,voc/VOCdevkit/VOC2007/JPEGImages/001137.jpg,"[0,0,0,0,0,0,0,0,0,0,0,0,0,0,1,0,0,0,0,0]"
001140,voc/VOCdevkit/VOC2007/JPEGImages/001140.jpg,"[0,0,0,0,0,0,0,0,0,0,0,1,0,0,1,0,0,0,0,0]"
001142,voc/VOCdevkit/VOC2007/JPEGImages/001142.jpg,"[0,0,0,0,0,0,0,0,0,0,0,0,0,0,0,1,0,0,0,0]"
001143,voc/VOCdevkit/VOC2007/JPEGImages/001143.jpg,"[0,0,0,0,0,0,0,0,0,1,0,0,0,0,0,0,0,0,0,0]"
001144,voc/VOCdevkit/VOC2007/JPEGImages/001144.jpg,"[1,0,0,0,0,0,0,0,0,0,0,0,0,0,0,0,0,0,0,0]"
001147,voc/VOCdevkit/VOC2007/JPEGImages/001147.jpg,"[0,0,0,0,0,0,0,0,0,0,0,0,0,0,1,0,0,0,0,0]"
001148,voc/VOCdevkit/VOC2007/JPEGImages/001148.jpg,"[0,0,0,0,0,0,1,0,0,0,0,0,0,0,0,0,0,0,0,0]"
001149,voc/VOCdevkit/VOC2007/JPEGImages/001149.jpg,"[0,0,0,0,0,0,0,0,0,0,0,0,0,0,0,1,0,1,0,1]"
001151,voc/VOCdevkit/VOC2007/JPEGImages/001151.jpg,"[0,0,0,0,0,0,0,0,0,0,0,1,0,0,1,0,0,0,0,0]"
001152,voc/VOCdevkit/VOC2007/JPEGImages/001152.jpg,"[0,0,0,0,0,1,0,0,0,0,0,0,0,0,1,0,0,0,0,0]"
001154,voc/VOCdevkit/VOC2007/JPEGImages/001154.jpg,"[0,0,0,0,0,0,0,0,0,0,0,0,0,0,0,1,0,1,0,0]"
001156,voc/VOCdevkit/VOC2007/JPEGImages/001156.jpg,"[0,0,0,0,0,0,0,1,0,0,0,0,0,0,0,0,0,0,0,0]"
001158,voc/VOCdevkit/VOC2007/JPEGImages/001158.jpg,"[0,0,0,0,0,0,0,0,1,0,0,0,0,0,0,0,0,0,0,0]"
001160,voc/VOCdevkit/VOC2007/JPEGImages/001160.jpg,"[1,0,0,0,0,0,0,0,0,0,0,0,0,0,0,0,0,0,0,0]"
001161,voc/VOCdevkit/VOC2007/JPEGImages/001161.jpg,"[0,0,0,0,0,0,0,0,0,0,0,0,0,0,0,0,0,0,1,0]"
001164,voc/VOCdevkit/VOC2007/JPEGImages/001164.jpg,"[0,0,0,0,0,0,0,0,1,0,1,0,0,0,1,1,0,0,0,0]"
001168,voc/VOCdevkit/VOC2007/JPEGImages/001168.jpg,"[0,0,0,0,0,0,0,0,0,0,0,0,0,0,1,0,0,0,0,0]"
001170,voc/VOCdevkit/VOC2007/JPEGImages/001170.jpg,"[0,0,0,0,0,0,0,0,0,0,0,0,0,0,1,0,0,1,0,0]"
001171,voc/VOCdevkit/VOC2007/JPEGImages/001171.jpg,"[0,0,0,0,0,0,0,0,0,0,0,0,0,1,1,0,0,0,0,0]"
001172,voc/VOCdevkit/VOC2007/JPEGImages/001172.jpg,"[0,0,0,0,0,0,0,0,0,0,0,0,0,0,0,0,0,0,1,0]"
001174,voc/VOCdevkit/VOC2007/JPEGImages/001174.jpg,"[0,0,0,0,0,0,0,0,1,0,1,0,0,0,0,0,0,1,0,0]"
001175,voc/VOCdevkit/VOC2007/JPEGImages/001175.jpg,"[0,0,0,0,0,0,0,0,0,0,0,0,0,0,1,0,0,0,0,1]"
001176,voc/VOCdevkit/VOC2007/JPEGImages/001176.jpg,"[0,0,0,1,0,0,0,0,0,0,0,0,0,0,0,0,0,0,0,0]"
001184,voc/VOCdevkit/VOC2007/JPEGImages/001184.jpg,"[0,1,0,0,0,0,0,0,0,0,0,0,0,0,0,0,0,0,0,0]"
001185,voc/VOCdevkit/VOC2007/JPEGImages/001185.jpg,"[0,0,0,0,1,0,0,1,0,0,1,0,0,0,1,0,0,0,0,0]"
001186,voc/VOCdevkit/VOC2007/JPEGImages/001186.jpg,"[0,1,0,0,0,0,0,0,0,0,0,0,0,0,1,0,0,0,0,0]"
001187,voc/VOCdevkit/VOC2007/JPEGImages/001187.jpg,"[0,0,0,0,0,0,0,0,1,0,0,0,0,0,0,0,0,1,0,0]"
001191,voc/VOCdevkit/VOC2007/JPEGImages/001191.jpg,"[0,0,0,0,0,0,0,0,0,0,0,0,0,0,0,0,1,0,0,0]"
001192,voc/VOCdevkit/VOC2007/JPEGImages/001192.jpg,"[0,0,0,0,0,0,0,0,0,0,0,1,0,0,0,0,0,0,0,0]"
001194,voc/VOCdevkit/VOC2007/JPEGImages/001194.jpg,"[0,1,0,0,0,0,0,0,0,0,0,0,0,0,0,0,0,0,0,0]"
001199,voc/VOCdevkit/VOC2007/JPEGImages/001199.jpg,"[0,0,0,0,0,0,0,0,0,0,0,0,0,1,0,0,0,0,0,0]"
001200,voc/VOCdevkit/VOC2007/JPEGImages/001200.jpg,"[0,0,0,0,0,0,0,0,0,0,0,0,0,0,0,0,0,0,1,0]"
001201,voc/VOCdevkit/VOC2007/JPEGImages/001201.jpg,"[0,0,0,0,0,0,0,0,0,0,0,0,0,1,1,0,0,0,0,0]"
001204,voc/VOCdevkit/VOC2007/JPEGImages/001204.jpg,"[0,0,0,0,0,0,0,0,1,0,0,0,0,0,0,0,0,1,0,1]"
001206,voc/VOCdevkit/VOC2007/JPEGImages/001206.jpg,"[0,0,0,0,0,0,0,0,0,0,0,1,0,0,1,0,0,0,0,0]"
001207,voc/VOCdevkit/VOC2007/JPEGImages/001207.jpg,"[0,0,1,0,0,0,0,0,0,0,0,0,0,0,0,0,0,0,0,0]"
001209,voc/VOCdevkit/VOC2007/JPEGImages/001209.jpg,"[0,0,0,0,0,0,0,0,0,0,0,1,0,0,0,0,0,0,0,0]"
001211,voc/VOCdevkit/VOC2007/JPEGImages/001211.jpg,"[0,0,0,0,0,0,0,1,1,0,0,1,0,0,0,0,0,0,0,0]"
001212,voc/VOCdevkit/VOC2007/JPEGImages/001212.jpg,"[0,0,0,0,0,0,0,0,0,0,0,0,0,0,1,1,0,0,0,0]"
001214,voc/VOCdevkit/VOC2007/JPEGImages/001214.jpg,"[0,0,0,0,0,0,0,0,1,0,0,0,0,0,0,0,0,1,0,1]"
001221,voc/VOCdevkit/VOC2007/JPEGImages/001221.jpg,"[0,0,0,0,0,0,0,0,0,0,0,0,0,0,1,0,0,0,1,0]"
001224,voc/VOCdevkit/VOC2007/JPEGImages/001224.jpg,"[0,1,0,0,0,0,0,0,0,0,0,0,0,0,1,0,0,0,0,0]"
001226,voc/VOCdevkit/VOC2007/JPEGImages/001226.jpg,"[0,0,0,0,0,0,0,0,0,0,0,1,0,0,0,0,0,0,0,0]"
001229,voc/VOCdevkit/VOC2007/JPEGImages/001229.jpg,"[0,0,0,0,1,0,0,0,0,0,0,0,0,0,1,0,0,0,0,0]"
001230,voc/VOCdevkit/VOC2007/JPEGImages/001230.jpg,"[1,0,0,0,0,0,0,0,0,0,0,0,0,0,0,0,0,0,0,0]"
001231,voc/VOCdevkit/VOC2007/JPEGImages/001231.jpg,"[0,0,0,0,0,0,0,0,1,0,0,0,0,0,0,0,0,1,0,0]"
001233,voc/VOCdevkit/VOC2007/JPEGImages/001233.jpg,"[0,0,0,0,0,0,0,1,0,0,0,0,0,0,0,0,0,0,0,0]"
001234,voc/VOCdevkit/VOC2007/JPEGImages/001234.jpg,"[0,0,0,0,0,0,0,0,0,0,0,1,0,0,1,0,0,0,0,1]"
001236,voc/VOCdevkit/VOC2007/JPEGImages/001236.jpg,"[0,0,0,0,0,0,0,0,0,0,0,0,1,0,1,0,0,0,0,0]"
001237,voc/VOCdevkit/VOC2007/JPEGImages/001237.jpg,"[0,0,0,0,0,0,1,0,0,0,0,0,0,0,0,0,0,0,0,0]"
001239,voc/VOCdevkit/VOC2007/JPEGImages/001239.jpg,"[0,0,0,0,0,0,0,0,0,0,0,1,0,0,0,0,0,0,0,0]"
001240,voc/VOCdevkit/VOC2007/JPEGImages/001240.jpg,"[0,0,0,0,0,0,0,0,0,0,0,0,0,0,1,0,0,0,0,0]"
001241,voc/VOCdevkit/VOC2007/JPEGImages/001241.jpg,"[0,0,0,0,0,0,0,0,0,0,0,0,1,0,1,0,0,0,0,0]"
001247,voc/VOCdevkit/VOC2007/JPEGImages/001247.jpg,"[0,0,0,1,0,0,0,0,0,0,0,0,0,0,0,0,0,0,0,0]"
001248,voc/VOCdevkit/VOC2007/JPEGImages/001248.jpg,"[0,0,0,0,0,0,0,0,0,0,0,0,0,0,1,0,0,0,0,0]"
001250,voc/VOCdevkit/VOC2007/JPEGImages/001250.jpg,"[0,0,1,0,0,0,0,0,0,0,0,0,0,0,0,0,0,0,0,0]"
001254,voc/VOCdevkit/VOC2007/JPEGImages/001254.jpg,"[0,0,0,0,0,0,0,0,0,0,0,0,1,0,1,0,0,0,0,0]"
001258,voc/VOCdevkit/VOC2007/JPEGImages/001258.jpg,"[0,0,0,0,0,0,1,0,0,0,0,0,0,0,0,0,0,0,0,0]"
001259,voc/VOCdevkit/VOC2007/JPEGImages/001259.jpg,"[0,1,0,0,0,0,0,0,0,0,0,0,0,0,1,0,0,0,0,0]"
001263,voc/VOCdevkit/VOC2007/JPEGImages/001263.jpg,"[0,0,0,0,0,0,0,0,1,0,1,0,0,0,0,0,0,1,0,0]"
001265,voc/VOCdevkit/VOC2007/JPEGImages/001265.jpg,"[0,0,0,0,0,0,0,0,0,0,0,0,0,0,1,0,0,0,0,0]"
001266,voc/VOCdevkit/VOC2007/JPEGImages/001266.jpg,"[0,0,0,0,0,0,0,0,0,0,0,0,0,1,1,0,0,0,0,0]"
001268,voc/VOCdevkit/VOC2007/JPEGImages/001268.jpg,"[0,0,0,0,0,0,1,0,0,0,0,0,0,0,0,0,0,0,0,0]"
001269,voc/VOCdevkit/VOC2007/JPEGImages/001269.jpg,"[0,0,0,0,0,0,0,0,0,0,0,0,0,0,1,0,0,0,0,0]"
001270,voc/VOCdevkit/VOC2007/JPEGImages/001270.jpg,"[1,0,0,0,0,0,0,0,0,0,0,0,0,0,0,0,0,0,0,0]"
001272,voc/VOCdevkit/VOC2007/JPEGImages/001272.jpg,"[0,0,0,0,1,0,0,0,0,0,0,0,0,0,1,0,0,0,0,0]"
001279,voc/VOCdevkit/VOC2007/JPEGImages/001279.jpg,"[0,0,0,0,0,0,0,0,1,0,0,0,0,0,1,0,0,0,0,0]"
001281,voc/VOCdevkit/VOC2007/JPEGImages/001281.jpg,"[0,0,0,0,0,0,1,0,0,0,0,0,0,0,1,0,0,0,0,0]"
001284,voc/VOCdevkit/VOC2007/JPEGImages/001284.jpg,"[0,0,0,0,0,0,0,0,0,0,0,0,0,0,1,0,0,0,0,0]"
001286,voc/VOCdevkit/VOC2007/JPEGImages/001286.jpg,"[0,0,0,0,0,0,0,0,0,0,0,0,0,1,0,0,0,0,0,0]"
001287,voc/VOCdevkit/VOC2007/JPEGImages/001287.jpg,"[0,0,0,0,0,0,0,0,0,0,0,0,1,0,1,0,0,0,0,0]"
001288,voc/VOCdevkit/VOC2007/JPEGImages/001288.jpg,"[1,0,0,0,0,0,0,0,0,0,0,0,0,0,0,0,0,0,0,0]"
001290,voc/VOCdevkit/VOC2007/JPEGImages/001290.jpg,"[0,0,0,0,0,0,1,0,0,0,0,0,0,0,0,0,0,0,0,0]"
001292,voc/VOCdevkit/VOC2007/JPEGImages/001292.jpg,"[0,0,0,0,1,0,1,0,0,0,0,0,0,0,1,0,0,0,0,0]"
001293,voc/VOCdevkit/VOC2007/JPEGImages/001293.jpg,"[0,0,0,0,0,0,0,0,0,0,0,1,0,0,0,0,0,0,0,0]"
001294,voc/VOCdevkit/VOC2007/JPEGImages/001294.jpg,"[0,0,0,0,0,0,1,0,0,0,0,0,0,0,0,0,0,0,0,0]"
001299,voc/VOCdevkit/VOC2007/JPEGImages/001299.jpg,"[0,0,0,0,0,0,0,0,0,1,0,0,0,0,0,0,0,0,0,0]"
001304,voc/VOCdevkit/VOC2007/JPEGImages/001304.jpg,"[0,1,0,0,0,0,0,0,0,0,0,0,0,0,1,0,0,0,0,0]"
001309,voc/VOCdevkit/VOC2007/JPEGImages/001309.jpg,"[0,1,0,0,0,0,0,0,0,0,0,0,0,0,1,0,0,0,0,0]"
001310,voc/VOCdevkit/VOC2007/JPEGImages/001310.jpg,"[0,0,0,0,0,0,0,0,0,0,0,0,0,0,1,0,1,0,0,0]"
001311,voc/VOCdevkit/VOC2007/JPEGImages/001311.jpg,"[0,1,0,0,0,0,0,0,0,0,0,0,0,0,1,0,0,0,0,0]"
001312,voc/VOCdevkit/VOC2007/JPEGImages/001312.jpg,"[0,0,0,0,0,0,0,0,0,1,0,0,0,0,0,0,0,0,0,0]"
001314,voc/VOCdevkit/VOC2007/JPEGImages/001314.jpg,"[0,0,0,0,0,0,0,1,0,0,0,0,0,0,0,0,0,0,0,0]"
001315,voc/VOCdevkit/VOC2007/JPEGImages/001315.jpg,"[0,0,0,0,0,0,0,0,0,0,0,0,0,0,1,0,0,1,0,0]"
001316,voc/VOCdevkit/VOC2007/JPEGImages/001316.jpg,"[0,0,0,0,0,0,0,0,0,0,0,1,0,0,0,0,0,0,0,0]"
001324,voc/VOCdevkit/VOC2007/JPEGImages/001324.jpg,"[0,0,0,0,0,0,0,0,0,0,0,1,0,0,0,0,0,0,0,0]"
001325,voc/VOCdevkit/VOC2007/JPEGImages/001325.jpg,"[0,0,0,1,0,0,0,0,0,0,0,0,0,0,1,0,0,0,0,0]"
001326,voc/VOCdevkit/VOC2007/JPEGImages/001326.jpg,"[0,0,0,0,0,0,0,0,0,0,0,0,0,0,0,0,0,1,0,0]"
001327,voc/VOCdevkit/VOC2007/JPEGImages/001327.jpg,"[0,0,0,0,0,0,0,0,0,0,0,0,0,0,1,0,0,0,0,0]"
001330,voc/VOCdevkit/VOC2007/JPEGImages/001330.jpg,"[0,0,0,0,0,0,1,0,0,0,0,0,0,0,1,0,0,0,0,0]"
001333,voc/VOCdevkit/VOC2007/JPEGImages/001333.jpg,"[0,0,0,0,0,0,0,0,0,0,0,0,0,1,1,0,0,0,0,0]"
001334,voc/VOCdevkit/VOC2007/JPEGImages/001334.jpg,"[0,0,0,0,0,0,1,0,0,0,0,0,0,0,0,0,0,0,0,0]"
001337,voc/VOCdevkit/VOC2007/JPEGImages/001337.jpg,"[0,0,0,0,0,0,0,0,0,0,0,0,1,0,1,0,0,0,0,0]"
001341,voc/VOCdevkit/VOC2007/JPEGImages/001341.jpg,"[0,0,1,0,0,0,0,0,0,0,0,0,0,0,0,0,0,0,0,0]"
001343,voc/VOCdevkit/VOC2007/JPEGImages/001343.jpg,"[0,0,0,0,0,0,0,0,1,0,0,0,0,0,0,0,0,1,0,1]"
001345,voc/VOCdevkit/VOC2007/JPEGImages/001345.jpg,"[0,0,0,0,0,0,0,0,1,0,0,0,0,0,0,0,0,0,0,0]"
001352,voc/VOCdevkit/VOC2007/JPEGImages/001352.jpg,"[0,0,0,0,0,0,1,0,1,0,0,0,0,0,1,0,0,0,0,0]"
001361,voc/VOCdevkit/VOC2007/JPEGImages/001361.jpg,"[0,0,1,0,0,0,0,0,0,0,0,0,0,0,0,0,0,0,0,0]"
001362,voc/VOCdevkit/VOC2007/JPEGImages/001362.jpg,"[0,0,0,0,0,0,0,0,0,0,0,0,0,0,1,0,0,1,0,0]"
001364,voc/VOCdevkit/VOC2007/JPEGImages/001364.jpg,"[0,0,0,0,0,0,1,0,0,0,0,0,0,0,0,0,0,0,0,0]"
001371,voc/VOCdevkit/VOC2007/JPEGImages/001371.jpg,"[0,0,0,0,0,0,1,0,0,0,0,0,0,0,0,0,0,0,0,0]"
001378,voc/VOCdevkit/VOC2007/JPEGImages/001378.jpg,"[0,0,1,0,0,0,0,0,0,0,0,0,0,0,1,0,0,0,0,0]"
001384,voc/VOCdevkit/VOC2007/JPEGImages/001384.jpg,"[0,0,0,0,0,0,1,0,0,0,0,0,0,0,0,0,0,0,0,0]"
001385,voc/VOCdevkit/VOC2007/JPEGImages/001385.jpg,"[0,0,0,0,0,1,1,0,0,0,0,0,0,0,0,0,0,0,0,0]"
001386,voc/VOCdevkit/VOC2007/JPEGImages/001386.jpg,"[0,0,0,0,0,0,1,0,0,0,0,0,0,1,0,0,0,0,0,0]"
001387,voc/VOCdevkit/VOC2007/JPEGImages/001387.jpg,"[0,0,0,0,0,0,0,1,0,0,0,0,0,0,0,0,0,0,0,0]"
001388,voc/VOCdevkit/VOC2007/JPEGImages/001388.jpg,"[0,0,0,0,0,0,0,0,0,0,0,0,0,0,1,0,0,1,0,0]"
001390,voc/VOCdevkit/VOC2007/JPEGImages/001390.jpg,"[0,0,0,0,0,0,0,0,0,0,0,0,0,0,1,0,0,1,0,0]"
001393,voc/VOCdevkit/VOC2007/JPEGImages/001393.jpg,"[0,0,0,0,1,0,0,0,1,0,1,0,0,0,1,0,0,0,0,0]"
001395,voc/VOCdevkit/VOC2007/JPEGImages/001395.jpg,"[0,0,0,0,0,0,0,1,0,0,0,0,0,0,0,0,0,0,0,0]"
001400,voc/VOCdevkit/VOC2007/JPEGImages/001400.jpg,"[1,0,0,0,0,0,0,0,0,0,0,0,0,0,0,0,0,0,0,0]"
001402,voc/VOCdevkit/VOC2007/JPEGImages/001402.jpg,"[0,1,0,0,0,0,0,0,0,0,0,0,0,0,0,0,0,1,0,0]"
001404,voc/VOCdevkit/VOC2007/JPEGImages/001404.jpg,"[0,0,0,0,0,0,0,1,0,0,0,0,0,0,0,0,0,0,0,0]"
001405,voc/VOCdevkit/VOC2007/JPEGImages/001405.jpg,"[0,0,0,0,0,0,0,0,0,0,0,0,1,0,1,0,0,0,0,0]"
001406,voc/VOCdevkit/VOC2007/JPEGImages/001406.jpg,"[0,0,0,0,0,0,0,0,0,0,0,1,0,0,1,0,0,1,0,0]"
001408,voc/VOCdevkit/VOC2007/JPEGImages/001408.jpg,"[0,0,0,0,1,0,0,0,0,0,0,0,0,0,1,1,0,0,0,0]"
001409,voc/VOCdevkit/VOC2007/JPEGImages/001409.jpg,"[0,0,0,0,0,0,1,0,0,0,0,0,0,0,1,0,0,0,0,0]"
001413,voc/VOCdevkit/VOC2007/JPEGImages/001413.jpg,"[0,0,1,0,0,0,0,0,0,0,0,0,0,0,0,0,0,0,0,0]"
001414,voc/VOCdevkit/VOC2007/JPEGImages/001414.jpg,"[0,0,0,0,0,0,1,0,0,0,0,0,0,0,1,0,0,0,0,0]"
001418,voc/VOCdevkit/VOC2007/JPEGImages/001418.jpg,"[0,0,0,0,0,0,0,0,0,0,0,1,0,0,0,0,0,0,0,0]"
001420,voc/VOCdevkit/VOC2007/JPEGImages/001420.jpg,"[0,0,0,0,0,0,0,0,0,0,0,0,1,0,1,1,0,0,0,0]"
001421,voc/VOCdevkit/VOC2007/JPEGImages/001421.jpg,"[0,0,0,0,0,0,0,0,1,0,1,0,0,0,1,0,0,0,0,0]"
001426,voc/VOCdevkit/VOC2007/JPEGImages/001426.jpg,"[0,0,0,0,0,0,0,0,0,0,0,0,0,1,1,0,0,0,0,0]"
001427,voc/VOCdevkit/VOC2007/JPEGImages/001427.jpg,"[0,1,0,0,0,0,0,0,0,0,0,0,0,0,1,0,0,0,0,0]"
001430,voc/VOCdevkit/VOC2007/JPEGImages/001430.jpg,"[0,0,0,0,0,0,0,0,0,0,1,0,0,0,1,1,0,0,0,1]"
001432,voc/VOCdevkit/VOC2007/JPEGImages/001432.jpg,"[0,0,0,0,0,0,1,0,0,0,0,0,0,0,0,0,0,0,0,0]"
001434,voc/VOCdevkit/VOC2007/JPEGImages/001434.jpg,"[0,0,0,0,0,1,0,0,0,0,0,0,0,0,1,0,0,0,0,0]"
001436,voc/VOCdevkit/VOC2007/JPEGImages/001436.jpg,"[1,0,0,0,0,0,0,0,0,0,0,0,0,0,0,0,0,0,0,0]"
001439,voc/VOCdevkit/VOC2007/JPEGImages/001439.jpg,"[0,0,0,0,0,0,0,0,1,0,1,0,0,0,0,0,0,0,0,0]"
001441,voc/VOCdevkit/VOC2007/JPEGImages/001441.jpg,"[0,0,0,0,0,0,0,0,1,0,1,0,0,0,0,0,0,0,0,0]"
001443,voc/VOCdevkit/VOC2007/JPEGImages/001443.jpg,"[0,0,0,0,0,0,0,1,1,0,0,0,0,0,0,0,0,0,0,0]"
001444,voc/VOCdevkit/VOC2007/JPEGImages/001444.jpg,"[0,0,0,0,1,0,0,0,1,0,0,0,0,0,0,1,0,1,0,1]"
001445,voc/VOCdevkit/VOC2007/JPEGImages/001445.jpg,"[0,0,0,0,0,1,1,0,0,0,0,0,0,0,1,0,0,0,0,0]"
001450,voc/VOCdevkit/VOC2007/JPEGImages/001450.jpg,"[0,0,0,0,0,0,0,0,0,0,0,0,0,1,1,0,0,0,0,0]"
001451,voc/VOCdevkit/VOC2007/JPEGImages/001451.jpg,"[0,0,0,0,1,0,0,0,0,0,1,0,0,0,1,1,0,0,0,0]"
001455,voc/VOCdevkit/VOC2007/JPEGImages/001455.jpg,"[0,1,0,0,0,0,1,0,0,0,0,0,0,0,1,0,0,0,0,0]"
001457,voc/VOCdevkit/VOC2007/JPEGImages/001457.jpg,"[0,0,0,0,0,0,0,0,1,0,0,0,0,0,0,0,0,1,0,0]"
001460,voc/VOCdevkit/VOC2007/JPEGImages/001460.jpg,"[0,1,0,0,0,0,0,0,0,0,0,0,0,0,1,0,0,0,0,0]"
001463,voc/VOCdevkit/VOC2007/JPEGImages/001463.jpg,"[0,0,0,1,0,0,0,0,0,0,0,0,0,0,1,0,0,0,0,0]"
001464,voc/VOCdevkit/VOC2007/JPEGImages/001464.jpg,"[0,0,0,0,0,0,0,0,0,0,0,0,0,0,0,1,0,0,0,0]"
001465,voc/VOCdevkit/VOC2007/JPEGImages/001465.jpg,"[0,0,0,0,1,0,0,0,1,0,1,0,0,0,0,0,0,0,0,0]"
001468,voc/VOCdevkit/VOC2007/JPEGImages/001468.jpg,"[0,0,0,0,0,0,0,0,0,1,0,0,0,0,0,0,0,0,0,0]"
001472,voc/VOCdevkit/VOC2007/JPEGImages/001472.jpg,"[0,0,0,0,0,0,1,0,0,0,0,0,0,0,1,0,0,0,0,0]"
001475,voc/VOCdevkit/VOC2007/JPEGImages/001475.jpg,"[0,0,0,0,0,0,0,0,0,0,0,0,0,1,1,0,0,0,0,0]"
001479,voc/VOCdevkit/VOC2007/JPEGImages/001479.jpg,"[0,0,0,0,0,0,0,0,0,0,0,0,0,0,1,1,0,0,0,0]"
001480,voc/VOCdevkit/VOC2007/JPEGImages/001480.jpg,"[0,0,0,0,0,0,0,0,0,0,0,0,0,0,1,0,0,1,0,0]"
001483,voc/VOCdevkit/VOC2007/JPEGImages/001483.jpg,"[0,0,0,0,0,0,0,0,0,0,0,0,0,0,0,0,0,0,1,0]"
001484,voc/VOCdevkit/VOC2007/JPEGImages/001484.jpg,"[0,0,0,1,0,0,0,0,0,0,0,0,0,0,1,0,0,0,0,0]"
001485,voc/VOCdevkit/VOC2007/JPEGImages/001485.jpg,"[0,0,0,0,0,0,0,0,0,0,0,0,0,1,1,0,0,0,0,0]"
001488,voc/VOCdevkit/VOC2007/JPEGImages/001488.jpg,"[0,0,0,0,0,0,1,0,0,0,0,0,0,0,0,0,0,0,0,0]"
001490,voc/VOCdevkit/VOC2007/JPEGImages/001490.jpg,"[0,0,0,0,1,0,0,0,0,0,0,1,0,0,0,0,0,0,0,0]"
001492,voc/VOCdevkit/VOC2007/JPEGImages/001492.jpg,"[0,0,0,0,0,0,1,0,0,0,0,0,0,0,0,0,0,0,0,0]"
001493,voc/VOCdevkit/VOC2007/JPEGImages/001493.jpg,"[0,0,0,0,1,0,0,0,0,0,0,0,0,0,1,0,0,0,0,0]"
001494,voc/VOCdevkit/VOC2007/JPEGImages/001494.jpg,"[0,0,0,0,0,0,1,0,0,0,0,0,0,0,0,0,0,0,0,0]"
001497,voc/VOCdevkit/VOC2007/JPEGImages/001497.jpg,"[0,0,0,1,0,0,0,0,0,0,0,0,0,0,0,0,0,0,0,0]"
001498,voc/VOCdevkit/VOC2007/JPEGImages/001498.jpg,"[0,0,0,0,0,0,0,0,0,0,0,0,0,0,1,0,0,0,0,0]"
001499,voc/VOCdevkit/VOC2007/JPEGImages/001499.jpg,"[0,0,0,0,0,0,0,0,0,0,0,0,0,0,1,0,0,0,0,0]"
001504,voc/VOCdevkit/VOC2007/JPEGImages/001504.jpg,"[0,0,0,0,0,0,0,0,0,0,0,0,0,0,1,0,0,0,0,0]"
001509,voc/VOCdevkit/VOC2007/JPEGImages/001509.jpg,"[0,0,0,0,0,0,0,0,0,0,0,0,0,0,1,0,0,0,0,0]"
001510,voc/VOCdevkit/VOC2007/JPEGImages/001510.jpg,"[0,0,0,0,0,0,0,0,0,0,0,0,0,1,1,0,0,0,0,0]"
001512,voc/VOCdevkit/VOC2007/JPEGImages/001512.jpg,"[0,0,1,0,0,0,0,0,0,0,0,0,0,0,0,0,0,0,0,0]"
001514,voc/VOCdevkit/VOC2007/JPEGImages/001514.jpg,"[0,0,0,0,0,0,0,0,0,0,0,0,0,0,1,0,0,1,0,0]"
001515,voc/VOCdevkit/VOC2007/JPEGImages/001515.jpg,"[0,0,0,0,0,0,0,0,0,0,0,0,1,0,0,0,0,0,0,0]"
001517,voc/VOCdevkit/VOC2007/JPEGImages/001517.jpg,"[0,0,0,0,0,0,0,0,1,0,0,1,0,0,0,0,0,0,0,0]"
001521,voc/VOCdevkit/VOC2007/JPEGImages/001521.jpg,"[0,0,0,0,0,0,0,0,0,0,0,0,1,0,1,0,0,0,0,0]"
001522,voc/VOCdevkit/VOC2007/JPEGImages/001522.jpg,"[0,0,0,0,1,0,0,0,0,0,0,0,0,0,0,0,0,0,0,0]"
001524,voc/VOCdevkit/VOC2007/JPEGImages/001524.jpg,"[0,0,0,0,0,0,0,0,0,0,0,1,0,0,1,0,0,0,0,0]"
001526,voc/VOCdevkit/VOC2007/JPEGImages/001526.jpg,"[0,0,0,0,0,0,0,0,0,0,0,0,0,0,1,0,0,0,0,0]"
001529,voc/VOCdevkit/VOC2007/JPEGImages/001529.jpg,"[0,0,0,0,0,0,0,0,1,0,0,0,0,0,0,0,0,1,0,1]"
001531,voc/VOCdevkit/VOC2007/JPEGImages/001531.jpg,"[0,0,0,0,0,0,0,0,1,0,0,0,0,0,1,0,0,0,0,0]"
001532,voc/VOCdevkit/VOC2007/JPEGImages/001532.jpg,"[0,0,0,0,0,1,1,0,0,0,0,0,0,1,1,0,0,0,0,0]"
001536,voc/VOCdevkit/VOC2007/JPEGImages/001536.jpg,"[0,0,0,0,0,0,0,0,0,0,0,0,0,0,1,0,0,0,0,1]"
001537,voc/VOCdevkit/VOC2007/JPEGImages/001537.jpg,"[0,0,0,0,1,0,0,0,0,0,1,0,0,0,1,0,0,0,0,0]"
001541,voc/VOCdevkit/VOC2007/JPEGImages/001541.jpg,"[0,0,0,0,0,0,0,1,0,0,0,0,0,0,0,0,0,0,0,0]"
001543,voc/VOCdevkit/VOC2007/JPEGImages/001543.jpg,"[0,0,0,0,0,0,0,0,0,0,0,0,0,0,0,0,0,1,0,1]"
001544,voc/VOCdevkit/VOC2007/JPEGImages/001544.jpg,"[0,0,0,0,0,0,0,0,0,0,0,0,0,0,1,0,0,0,0,0]"
001545,voc/VOCdevkit/VOC2007/JPEGImages/001545.jpg,"[1,0,0,0,0,0,0,0,0,0,0,0,0,0,0,0,0,0,0,0]"
001548,voc/VOCdevkit/VOC2007/JPEGImages/001548.jpg,"[0,0,0,0,0,0,0,0,1,0,0,0,0,0,1,0,0,0,0,0]"
001553,voc/VOCdevkit/VOC2007/JPEGImages/001553.jpg,"[0,1,0,0,0,0,0,0,0,0,0,0,0,0,0,0,0,0,0,0]"
001556,voc/VOCdevkit/VOC2007/JPEGImages/001556.jpg,"[0,0,0,0,0,0,0,0,0,0,0,0,1,0,0,0,0,0,0,0]"
001557,voc/VOCdevkit/VOC2007/JPEGImages/001557.jpg,"[1,0,0,0,0,0,0,0,0,0,0,0,0,0,1,0,0,0,0,0]"
001559,voc/VOCdevkit/VOC2007/JPEGImages/001559.jpg,"[0,0,0,0,0,0,1,0,0,0,0,0,0,0,0,0,0,0,0,0]"
001561,voc/VOCdevkit/VOC2007/JPEGImages/001561.jpg,"[0,0,0,0,0,0,1,0,0,0,0,0,0,0,1,0,0,0,0,0]"
001565,voc/VOCdevkit/VOC2007/JPEGImages/001565.jpg,"[0,0,0,0,0,0,0,0,0,0,0,0,0,0,0,0,0,0,1,0]"
001571,voc/VOCdevkit/VOC2007/JPEGImages/001571.jpg,"[0,0,0,0,0,0,0,0,0,0,0,0,0,0,1,0,0,0,0,0]"
001577,voc/VOCdevkit/VOC2007/JPEGImages/001577.jpg,"[0,0,0,0,0,0,0,0,1,0,1,0,0,0,1,0,0,0,0,0]"
001579,voc/VOCdevkit/VOC2007/JPEGImages/001579.jpg,"[0,1,0,0,0,0,0,0,0,0,0,0,0,0,1,0,0,0,0,0]"
001580,voc/VOCdevkit/VOC2007/JPEGImages/001580.jpg,"[0,0,0,0,1,0,0,0,0,0,0,0,0,0,1,1,0,1,0,0]"
001586,voc/VOCdevkit/VOC2007/JPEGImages/001586.jpg,"[0,0,0,0,0,0,0,0,0,0,0,0,1,0,1,0,0,0,0,0]"
001588,voc/VOCdevkit/VOC2007/JPEGImages/001588.jpg,"[0,0,0,0,0,0,0,0,0,0,0,0,0,0,0,0,0,1,0,1]"
001590,voc/VOCdevkit/VOC2007/JPEGImages/001590.jpg,"[0,0,0,0,1,0,0,0,0,0,0,0,0,0,0,0,0,0,0,1]"
001593,voc/VOCdevkit/VOC2007/JPEGImages/001593.jpg,"[0,0,0,0,0,0,0,0,0,0,1,0,0,0,1,1,0,0,0,0]"
001594,voc/VOCdevkit/VOC2007/JPEGImages/001594.jpg,"[0,0,0,0,0,0,0,0,0,0,0,1,0,0,1,0,1,0,0,0]"
001598,voc/VOCdevkit/VOC2007/JPEGImages/001598.jpg,"[0,0,0,0,0,0,0,0,0,0,0,0,0,0,0,0,1,0,0,0]"
001603,voc/VOCdevkit/VOC2007/JPEGImages/001603.jpg,"[0,1,0,0,0,0,0,0,0,0,0,0,0,0,1,0,0,0,0,0]"
001604,voc/VOCdevkit/VOC2007/JPEGImages/001604.jpg,"[0,0,0,0,0,0,1,0,0,0,0,0,0,0,0,0,0,0,0,0]"
001607,voc/VOCdevkit/VOC2007/JPEGImages/001607.jpg,"[0,0,0,0,0,0,0,0,0,0,0,1,0,0,0,0,0,0,0,0]"
001608,voc/VOCdevkit/VOC2007/JPEGImages/001608.jpg,"[0,0,0,0,0,0,0,0,0,0,0,0,0,0,1,0,0,0,0,0]"
001611,voc/VOCdevkit/VOC2007/JPEGImages/001611.jpg,"[0,0,0,0,0,0,0,0,0,0,0,0,0,0,1,0,0,0,0,0]"
001612,voc/VOCdevkit/VOC2007/JPEGImages/001612.jpg,"[0,0,0,0,0,0,0,0,0,0,0,0,0,0,0,0,0,0,1,0]"
001614,voc/VOCdevkit/VOC2007/JPEGImages/001614.jpg,"[0,0,0,0,0,0,0,0,0,1,0,0,0,0,0,0,0,0,0,0]"
001617,voc/VOCdevkit/VOC2007/JPEGImages/001617.jpg,"[0,0,0,0,0,0,0,0,0,0,0,0,0,1,1,0,0,0,0,0]"
001618,voc/VOCdevkit/VOC2007/JPEGImages/001618.jpg,"[0,0,0,0,0,0,1,0,0,0,0,0,0,0,0,0,0,0,0,0]"
001622,voc/VOCdevkit/VOC2007/JPEGImages/001622.jpg,"[0,1,0,0,0,0,1,0,0,0,0,0,0,0,1,0,0,0,0,0]"
001632,voc/VOCdevkit/VOC2007/JPEGImages/001632.jpg,"[0,0,0,0,0,0,0,0,0,0,0,0,1,0,0,0,0,0,0,0]"
001633,voc/VOCdevkit/VOC2007/JPEGImages/001633.jpg,"[0,0,0,0,0,0,0,0,1,0,1,0,0,0,0,0,0,0,0,0]"
001636,voc/VOCdevkit/VOC2007/JPEGImages/001636.jpg,"[0,1,0,0,0,0,0,0,0,0,0,0,0,0,0,0,0,0,0,0]"
001640,voc/VOCdevkit/VOC2007/JPEGImages/001640.jpg,"[0,0,0,0,0,0,1,0,0,0,0,0,0,0,1,0,0,0,0,0]"
001643,voc/VOCdevkit/VOC2007/JPEGImages/001643.jpg,"[0,0,0,0,0,0,0,0,0,0,0,1,0,0,0,0,0,1,0,0]"
001647,voc/VOCdevkit/VOC2007/JPEGImages/001647.jpg,"[0,0,1,0,0,0,0,0,0,0,0,0,0,0,0,0,0,0,0,0]"
001649,voc/VOCdevkit/VOC2007/JPEGImages/001649.jpg,"[0,0,0,0,0,0,0,0,1,0,0,0,0,0,1,0,0,0,0,0]"
001650,voc/VOCdevkit/VOC2007/JPEGImages/001650.jpg,"[0,0,0,0,0,0,0,0,1,0,0,0,0,0,0,0,0,1,0,1]"
001651,voc/VOCdevkit/VOC2007/JPEGImages/001651.jpg,"[0,0,0,0,0,0,0,0,1,0,0,0,0,0,1,0,0,0,0,0]"
001653,voc/VOCdevkit/VOC2007/JPEGImages/001653.jpg,"[0,0,0,0,0,0,0,0,0,0,0,0,0,0,0,0,0,0,1,0]"
001654,voc/VOCdevkit/VOC2007/JPEGImages/001654.jpg,"[0,1,0,0,0,0,1,0,0,0,0,0,0,0,1,0,0,0,0,0]"
001662,voc/VOCdevkit/VOC2007/JPEGImages/001662.jpg,"[0,0,0,0,0,0,1,0,0,0,0,0,0,0,0,0,0,0,0,0]"
001673,voc/VOCdevkit/VOC2007/JPEGImages/001673.jpg,"[0,0,0,0,1,0,0,1,0,0,0,0,0,0,0,0,0,0,0,0]"
001675,voc/VOCdevkit/VOC2007/JPEGImages/001675.jpg,"[0,0,0,0,0,0,0,0,0,0,0,1,0,0,0,0,0,0,0,0]"
001676,voc/VOCdevkit/VOC2007/JPEGImages/001676.jpg,"[0,0,0,0,0,0,1,0,0,0,0,0,0,0,0,0,0,0,0,0]"
001677,voc/VOCdevkit/VOC2007/JPEGImages/001677.jpg,"[0,0,0,0,0,0,0,0,1,0,1,0,0,0,0,0,0,0,0,0]"
001678,voc/VOCdevkit/VOC2007/JPEGImages/001678.jpg,"[0,0,0,0,0,0,0,0,1,0,0,0,0,0,1,0,0,0,0,1]"
001682,voc/VOCdevkit/VOC2007/JPEGImages/001682.jpg,"[0,0,0,0,1,0,0,0,0,0,0,0,0,0,1,0,0,0,0,0]"
001683,voc/VOCdevkit/VOC2007/JPEGImages/001683.jpg,"[0,0,0,0,0,0,0,0,1,0,1,0,0,0,0,0,0,0,0,0]"
001685,voc/VOCdevkit/VOC2007/JPEGImages/001685.jpg,"[0,0,1,0,0,0,0,0,0,0,0,0,0,0,0,0,0,0,0,0]"
001688,voc/VOCdevkit/VOC2007/JPEGImages/001688.jpg,"[0,0,0,0,0,0,0,0,0,0,0,0,0,1,0,0,0,0,0,0]"
001690,voc/VOCdevkit/VOC2007/JPEGImages/001690.jpg,"[0,0,0,0,0,0,0,0,0,0,0,0,1,0,1,0,0,0,0,0]"
001691,voc/VOCdevkit/VOC2007/JPEGImages/001691.jpg,"[0,0,0,0,0,1,0,0,0,0,0,0,0,0,1,0,0,0,0,0]"
001693,voc/VOCdevkit/VOC2007/JPEGImages/001693.jpg,"[0,0,0,0,0,0,1,0,0,0,0,0,0,0,0,0,0,0,0,0]"
001707,voc/VOCdevkit/VOC2007/JPEGImages/001707.jpg,"[0,0,1,0,0,0,0,0,0,0,0,0,0,0,0,0,0,0,0,0]"
001711,voc/VOCdevkit/VOC2007/JPEGImages/001711.jpg,"[0,0,0,0,0,0,0,0,0,0,0,0,1,0,1,0,0,0,0,0]"
001713,voc/VOCdevkit/VOC2007/JPEGImages/001713.jpg,"[0,0,0,0,0,0,0,0,0,1,0,0,0,0,0,0,0,0,0,0]"
001717,voc/VOCdevkit/VOC2007/JPEGImages/001717.jpg,"[0,0,0,0,0,0,0,0,1,0,0,0,0,0,1,0,0,0,0,1]"
001718,voc/VOCdevkit/VOC2007/JPEGImages/001718.jpg,"[0,0,0,0,0,0,0,0,0,0,0,1,0,0,0,0,0,0,0,0]"
001721,voc/VOCdevkit/VOC2007/JPEGImages/001721.jpg,"[0,0,0,0,0,0,0,0,0,0,0,0,0,0,1,0,0,0,0,0]"
001723,voc/VOCdevkit/VOC2007/JPEGImages/001723.jpg,"[0,0,0,0,0,0,0,0,0,0,0,0,0,1,1,0,0,0,0,0]"
001724,voc/VOCdevkit/VOC2007/JPEGImages/001724.jpg,"[0,0,0,0,0,0,0,0,0,0,0,0,1,0,0,0,0,0,0,0]"
001725,voc/VOCdevkit/VOC2007/JPEGImages/001725.jpg,"[0,0,0,0,0,0,0,0,0,0,0,0,0,0,1,0,0,0,0,1]"
001726,voc/VOCdevkit/VOC2007/JPEGImages/001726.jpg,"[0,1,0,0,0,0,0,0,0,0,0,0,0,0,1,0,0,0,0,0]"
001727,voc/VOCdevkit/VOC2007/JPEGImages/001727.jpg,"[0,0,0,0,0,0,0,0,0,0,0,0,1,0,1,0,0,0,0,0]"
001729,voc/VOCdevkit/VOC2007/JPEGImages/001729.jpg,"[0,0,0,0,0,0,0,0,1,0,0,0,0,0,1,1,0,1,0,0]"
001730,voc/VOCdevkit/VOC2007/JPEGImages/001730.jpg,"[0,0,0,0,0,0,0,0,0,0,0,0,1,0,1,0,0,0,0,0]"
001732,voc/VOCdevkit/VOC2007/JPEGImages/001732.jpg,"[0,0,0,1,0,0,0,0,0,0,0,0,0,0,0,0,0,0,0,0]"
001733,voc/VOCdevkit/VOC2007/JPEGImages/001733.jpg,"[0,0,0,0,0,0,0,0,0,0,0,0,0,0,0,0,1,0,0,0]"
001738,voc/VOCdevkit/VOC2007/JPEGImages/001738.jpg,"[0,0,0,0,0,0,0,0,0,0,0,1,0,0,0,0,0,0,0,0]"
001741,voc/VOCdevkit/VOC2007/JPEGImages/001741.jpg,"[0,0,0,0,0,0,0,0,0,1,0,0,0,0,0,0,0,0,0,0]"
001746,voc/VOCdevkit/VOC2007/JPEGImages/001746.jpg,"[0,0,0,0,0,0,1,0,0,0,0,0,0,0,0,0,0,1,0,0]"
001749,voc/VOCdevkit/VOC2007/JPEGImages/001749.jpg,"[0,0,0,0,0,0,0,0,0,0,0,0,0,0,1,0,0,0,0,0]"
001750,voc/VOCdevkit/VOC2007/JPEGImages/001750.jpg,"[0,0,0,0,0,0,0,0,0,0,0,0,0,0,0,0,1,0,0,0]"
001752,voc/VOCdevkit/VOC2007/JPEGImages/001752.jpg,"[0,0,0,0,0,0,0,0,0,0,0,0,0,0,0,0,0,0,0,1]"
001754,voc/VOCdevkit/VOC2007/JPEGImages/001754.jpg,"[0,0,0,0,1,0,0,0,0,0,0,0,0,0,1,1,0,0,0,0]"
001755,voc/VOCdevkit/VOC2007/JPEGImages/001755.jpg,"[0,0,0,0,0,0,0,1,0,0,0,0,0,0,0,0,0,0,0,0]"
001759,voc/VOCdevkit/VOC2007/JPEGImages/001759.jpg,"[0,0,0,0,0,0,0,0,0,0,0,1,0,0,1,0,0,0,0,0]"
001765,voc/VOCdevkit/VOC2007/JPEGImages/001765.jpg,"[0,0,0,0,0,0,0,0,0,0,0,0,0,1,0,0,0,0,0,0]"
001766,voc/VOCdevkit/VOC2007/JPEGImages/001766.jpg,"[0,0,0,0,0,0,0,0,0,0,0,0,1,0,1,0,0,0,0,0]"
001771,voc/VOCdevkit/VOC2007/JPEGImages/001771.jpg,"[0,0,0,0,0,0,0,0,1,0,0,0,0,0,0,0,0,0,0,0]"
001772,voc/VOCdevkit/VOC2007/JPEGImages/001772.jpg,"[0,0,0,0,0,0,0,0,0,0,0,0,0,0,1,0,0,0,0,0]"
001775,voc/VOCdevkit/VOC2007/JPEGImages/001775.jpg,"[0,0,0,0,0,0,0,0,0,0,0,0,0,0,1,0,0,0,1,0]"
001777,voc/VOCdevkit/VOC2007/JPEGImages/001777.jpg,"[0,0,0,0,1,0,0,0,1,0,1,0,0,0,0,1,0,0,0,0]"
001778,voc/VOCdevkit/VOC2007/JPEGImages/001778.jpg,"[0,0,0,0,0,0,0,0,0,0,0,1,0,0,0,0,0,0,0,0]"
001780,voc/VOCdevkit/VOC2007/JPEGImages/001780.jpg,"[0,0,0,0,0,0,1,0,0,0,0,0,0,1,0,0,0,0,0,0]"
001782,voc/VOCdevkit/VOC2007/JPEGImages/001782.jpg,"[0,0,1,0,0,0,0,0,0,0,0,0,0,0,0,0,0,0,0,0]"
001784,voc/VOCdevkit/VOC2007/JPEGImages/001784.jpg,"[0,0,0,0,0,0,0,0,0,0,0,0,0,0,1,0,0,0,0,0]"
001785,voc/VOCdevkit/VOC2007/JPEGImages/001785.jpg,"[0,0,0,0,0,0,0,0,0,0,0,0,0,0,1,0,0,0,0,0]"
001787,voc/VOCdevkit/VOC2007/JPEGImages/001787.jpg,"[0,0,1,0,0,0,0,0,0,0,0,0,0,0,0,0,0,0,0,0]"
001789,voc/VOCdevkit/VOC2007/JPEGImages/001789.jpg,"[0,0,0,0,0,0,0,0,0,0,0,0,0,0,1,0,0,0,1,0]"
001793,voc/VOCdevkit/VOC2007/JPEGImages/001793.jpg,"[0,0,0,0,0,0,0,0,0,0,1,0,0,0,1,0,0,0,0,0]"
001795,voc/VOCdevkit/VOC2007/JPEGImages/001795.jpg,"[0,0,0,0,0,0,0,0,0,0,0,0,0,0,1,0,0,0,0,0]"
001797,voc/VOCdevkit/VOC2007/JPEGImages/001797.jpg,"[0,0,0,0,0,0,0,0,0,0,0,0,0,0,1,0,0,1,0,0]"
001799,voc/VOCdevkit/VOC2007/JPEGImages/001799.jpg,"[0,0,0,0,0,0,0,0,0,1,0,0,0,0,1,0,0,0,0,0]"
001800,voc/VOCdevkit/VOC2007/JPEGImages/001800.jpg,"[0,0,0,0,0,0,0,0,0,0,0,0,0,0,1,0,0,1,0,0]"
001801,voc/VOCdevkit/VOC2007/JPEGImages/001801.jpg,"[0,0,0,0,0,0,1,0,0,0,0,0,0,1,1,0,0,0,0,0]"
001807,voc/VOCdevkit/VOC2007/JPEGImages/001807.jpg,"[0,0,0,0,0,0,0,0,0,0,0,0,1,0,1,0,0,0,0,0]"
001809,voc/VOCdevkit/VOC2007/JPEGImages/001809.jpg,"[0,0,0,0,0,0,0,0,0,0,0,0,0,0,1,0,0,1,0,1]"
001816,voc/VOCdevkit/VOC2007/JPEGImages/001816.jpg,"[0,0,0,0,0,0,0,1,0,0,0,0,0,0,0,0,0,0,0,0]"
001818,voc/VOCdevkit/VOC2007/JPEGImages/001818.jpg,"[0,0,1,0,0,0,0,0,0,0,0,0,0,0,0,0,0,0,0,0]"
001825,voc/VOCdevkit/VOC2007/JPEGImages/001825.jpg,"[0,0,0,0,0,0,0,1,0,0,0,1,0,0,0,0,0,0,0,0]"
001827,voc/VOCdevkit/VOC2007/JPEGImages/001827.jpg,"[0,0,0,0,0,0,0,0,0,0,0,0,0,0,0,0,0,0,0,1]"
001830,voc/VOCdevkit/VOC2007/JPEGImages/001830.jpg,"[0,0,0,0,0,0,0,0,0,0,0,0,0,0,1,0,0,0,0,0]"
001832,voc/VOCdevkit/VOC2007/JPEGImages/001832.jpg,"[0,0,0,0,0,0,0,0,0,0,0,1,0,0,1,0,0,0,0,0]"
001833,voc/VOCdevkit/VOC2007/JPEGImages/001833.jpg,"[0,1,0,0,0,0,0,0,0,0,0,0,0,0,1,0,0,0,0,0]"
001834,voc/VOCdevkit/VOC2007/JPEGImages/001834.jpg,"[0,0,0,0,0,0,0,0,0,0,1,0,0,0,0,0,0,0,0,0]"
001836,voc/VOCdevkit/VOC2007/JPEGImages/001836.jpg,"[0,0,0,0,0,0,0,0,0,0,0,0,0,0,1,0,0,1,0,0]"
001837,voc/VOCdevkit/VOC2007/JPEGImages/001837.jpg,"[0,0,0,0,0,0,0,0,1,0,0,0,0,0,1,0,0,0,0,0]"
001841,voc/VOCdevkit/VOC2007/JPEGImages/001841.jpg,"[0,0,0,0,0,0,0,0,0,0,0,0,0,0,1,0,0,0,0,0]"
001842,voc/VOCdevkit/VOC2007/JPEGImages/001842.jpg,"[1,0,0,0,0,0,0,0,0,0,0,0,0,0,0,0,0,0,0,0]"
001843,voc/VOCdevkit/VOC2007/JPEGImages/001843.jpg,"[0,0,0,0,1,0,0,0,0,0,0,0,0,0,1,0,0,0,0,0]"
001845,voc/VOCdevkit/VOC2007/JPEGImages/001845.jpg,"[0,0,0,0,0,0,1,0,0,0,0,0,0,0,0,0,0,0,0,0]"
001847,voc/VOCdevkit/VOC2007/JPEGImages/001847.jpg,"[0,0,0,1,0,0,0,0,0,0,0,0,0,0,0,0,0,0,0,0]"
001849,voc/VOCdevkit/VOC2007/JPEGImages/001849.jpg,"[0,0,0,0,0,0,0,0,0,0,0,0,0,0,1,0,0,0,0,0]"
001855,voc/VOCdevkit/VOC2007/JPEGImages/001855.jpg,"[0,0,1,0,0,0,0,0,0,0,0,0,0,0,0,0,0,0,0,0]"
001858,voc/VOCdevkit/VOC2007/JPEGImages/001858.jpg,"[1,0,0,0,0,0,0,0,0,0,0,0,0,0,0,0,0,0,0,0]"
001860,voc/VOCdevkit/VOC2007/JPEGImages/001860.jpg,"[0,0,1,0,0,0,0,0,1,0,0,0,0,0,0,0,0,0,0,0]"
001861,voc/VOCdevkit/VOC2007/JPEGImages/001861.jpg,"[0,1,0,0,0,0,0,0,0,0,0,0,0,0,1,0,0,0,0,0]"
001862,voc/VOCdevkit/VOC2007/JPEGImages/001862.jpg,"[0,0,0,0,0,0,1,0,0,0,0,0,0,0,0,0,0,0,0,0]"
001864,voc/VOCdevkit/VOC2007/JPEGImages/001864.jpg,"[0,0,0,0,0,0,0,0,1,0,0,0,0,0,1,0,0,0,0,0]"
001870,voc/VOCdevkit/VOC2007/JPEGImages/001870.jpg,"[1,0,0,0,0,0,0,0,0,0,0,0,0,0,0,0,0,0,0,0]"
001877,voc/VOCdevkit/VOC2007/JPEGImages/001877.jpg,"[0,0,0,0,0,0,1,0,0,0,0,0,0,0,0,0,0,0,0,0]"
001878,voc/VOCdevkit/VOC2007/JPEGImages/001878.jpg,"[0,0,0,0,0,0,0,0,0,0,0,0,0,0,0,0,0,1,0,0]"
001881,voc/VOCdevkit/VOC2007/JPEGImages/001881.jpg,"[0,0,0,0,0,0,1,0,0,0,0,0,0,0,1,0,0,0,0,0]"
001882,voc/VOCdevkit/VOC2007/JPEGImages/001882.jpg,"[0,0,0,0,0,0,0,0,1,0,0,0,0,0,0,0,0,1,0,0]"
001887,voc/VOCdevkit/VOC2007/JPEGImages/001887.jpg,"[0,0,0,1,0,0,0,0,1,0,1,0,0,0,1,0,0,0,0,0]"
001892,voc/VOCdevkit/VOC2007/JPEGImages/001892.jpg,"[0,0,0,0,0,1,0,0,0,0,0,0,0,0,0,0,0,0,0,0]"
001894,voc/VOCdevkit/VOC2007/JPEGImages/001894.jpg,"[0,0,0,0,0,0,0,0,0,0,0,0,1,0,1,0,0,0,0,0]"
001896,voc/VOCdevkit/VOC2007/JPEGImages/001896.jpg,"[0,0,1,0,0,0,0,0,0,0,0,0,0,0,0,0,0,0,0,0]"
001898,voc/VOCdevkit/VOC2007/JPEGImages/001898.jpg,"[0,0,0,0,0,0,0,0,0,0,0,0,0,0,0,1,0,0,0,1]"
001901,voc/VOCdevkit/VOC2007/JPEGImages/001901.jpg,"[0,0,0,0,0,0,0,0,1,0,1,0,0,0,0,0,0,1,0,0]"
001902,voc/VOCdevkit/VOC2007/JPEGImages/001902.jpg,"[0,0,0,0,0,1,1,0,0,0,0,0,0,0,1,0,0,0,0,0]"
001903,voc/VOCdevkit/VOC2007/JPEGImages/001903.jpg,"[0,1,0,0,0,0,0,0,0,0,0,0,0,1,1,0,0,0,0,0]"
001904,voc/VOCdevkit/VOC2007/JPEGImages/001904.jpg,"[0,0,0,0,0,0,0,0,0,0,0,0,0,0,1,0,0,0,0,0]"
001906,voc/VOCdevkit/VOC2007/JPEGImages/001906.jpg,"[0,0,0,0,0,0,0,1,0,0,0,0,0,0,0,0,0,0,0,0]"
001907,voc/VOCdevkit/VOC2007/JPEGImages/001907.jpg,"[0,0,0,0,0,0,0,0,0,0,0,0,0,0,0,0,0,0,1,0]"
001911,voc/VOCdevkit/VOC2007/JPEGImages/001911.jpg,"[1,0,0,0,0,0,0,0,0,0,0,0,0,0,0,0,0,0,0,0]"
001915,voc/VOCdevkit/VOC2007/JPEGImages/001915.jpg,"[0,0,1,0,0,0,0,0,0,0,0,0,0,0,0,0,0,0,0,0]"
001918,voc/VOCdevkit/VOC2007/JPEGImages/001918.jpg,"[0,0,0,0,0,0,0,0,0,0,0,0,0,0,1,0,0,0,0,0]"
001920,voc/VOCdevkit/VOC2007/JPEGImages/001920.jpg,"[0,0,0,0,0,0,0,0,0,0,0,0,0,0,1,0,0,1,0,1]"
001927,voc/VOCdevkit/VOC2007/JPEGImages/001927.jpg,"[0,0,0,0,0,0,0,0,0,0,0,0,1,0,1,0,0,0,0,0]"
001928,voc/VOCdevkit/VOC2007/JPEGImages/001928.jpg,"[0,0,0,0,0,0,0,0,0,0,0,0,0,1,0,0,0,0,0,0]"
001930,voc/VOCdevkit/VOC2007/JPEGImages/001930.jpg,"[0,0,0,0,0,0,0,0,0,0,0,0,0,0,1,0,0,0,1,0]"
001932,voc/VOCdevkit/VOC2007/JPEGImages/001932.jpg,"[0,0,0,0,0,0,0,0,1,0,0,0,0,0,1,0,0,0,0,0]"
001936,voc/VOCdevkit/VOC2007/JPEGImages/001936.jpg,"[1,0,0,0,0,0,0,0,0,0,0,0,0,0,0,0,0,0,0,0]"
001938,voc/VOCdevkit/VOC2007/JPEGImages/001938.jpg,"[0,0,0,0,0,0,0,0,0,0,0,0,0,0,1,0,0,0,0,0]"
001940,voc/VOCdevkit/VOC2007/JPEGImages/001940.jpg,"[0,0,0,0,0,0,0,1,0,0,0,1,0,0,0,0,0,0,0,0]"
001944,voc/VOCdevkit/VOC2007/JPEGImages/001944.jpg,"[0,0,0,0,0,0,1,0,1,0,0,0,0,0,1,0,0,0,0,0]"
001948,voc/VOCdevkit/VOC2007/JPEGImages/001948.jpg,"[0,0,0,0,0,0,0,0,0,0,0,0,0,1,0,0,0,0,0,0]"
001950,voc/VOCdevkit/VOC2007/JPEGImages/001950.jpg,"[0,0,0,0,0,0,1,0,0,0,0,0,0,0,1,0,0,0,0,0]"
001952,voc/VOCdevkit/VOC2007/JPEGImages/001952.jpg,"[0,0,1,0,0,0,0,0,0,0,0,0,0,0,0,0,0,0,0,0]"
001954,voc/VOCdevkit/VOC2007/JPEGImages/001954.jpg,"[0,0,0,0,0,0,1,0,0,0,0,0,0,0,0,0,0,0,0,0]"
001958,voc/VOCdevkit/VOC2007/JPEGImages/001958.jpg,"[0,0,0,0,0,0,0,0,0,0,0,0,0,0,1,0,0,0,0,0]"
001962,voc/VOCdevkit/VOC2007/JPEGImages/001962.jpg,"[0,0,0,0,0,1,1,0,0,0,0,0,0,0,0,0,0,0,0,0]"
001964,voc/VOCdevkit/VOC2007/JPEGImages/001964.jpg,"[0,0,1,0,0,0,0,0,0,0,0,0,0,0,0,0,0,0,0,0]"
001970,voc/VOCdevkit/VOC2007/JPEGImages/001970.jpg,"[0,0,0,0,1,0,0,0,0,0,0,0,0,0,0,0,0,0,0,0]"
001972,voc/VOCdevkit/VOC2007/JPEGImages/001972.jpg,"[0,0,0,0,0,0,0,0,0,0,0,1,0,0,0,0,0,0,0,0]"
001976,voc/VOCdevkit/VOC2007/JPEGImages/001976.jpg,"[0,0,0,1,0,0,0,0,0,0,0,0,0,0,0,0,0,0,0,0]"
001977,voc/VOCdevkit/VOC2007/JPEGImages/001977.jpg,"[0,0,0,0,0,0,0,0,0,0,0,0,0,0,1,0,0,0,0,0]"
001978,voc/VOCdevkit/VOC2007/JPEGImages/001978.jpg,"[0,0,0,0,0,0,0,0,1,0,0,0,0,0,1,0,0,0,0,0]"
001980,voc/VOCdevkit/VOC2007/JPEGImages/001980.jpg,"[0,0,0,0,0,0,1,0,0,0,0,0,0,0,1,0,0,0,0,0]"
001985,voc/VOCdevkit/VOC2007/JPEGImages/001985.jpg,"[0,0,0,0,0,0,0,0,0,0,0,1,0,0,0,0,0,0,0,0]"
001989,voc/VOCdevkit/VOC2007/JPEGImages/001989.jpg,"[0,0,0,0,0,0,0,0,0,0,0,0,0,0,1,0,0,0,0,0]"
001995,voc/VOCdevkit/VOC2007/JPEGImages/001995.jpg,"[0,0,0,0,0,0,0,0,1,0,0,0,0,0,0,0,0,0,0,0]"
001999,voc/VOCdevkit/VOC2007/JPEGImages/001999.jpg,"[0,0,0,0,0,0,0,0,1,0,0,0,0,0,1,0,0,0,0,0]"
002000,voc/VOCdevkit/VOC2007/JPEGImages/002000.jpg,"[0,0,0,1,0,0,0,0,0,0,0,0,0,0,1,0,0,0,0,0]"
002002,voc/VOCdevkit/VOC2007/JPEGImages/002002.jpg,"[0,0,0,0,0,0,0,0,1,0,0,0,0,0,0,0,0,0,0,0]"
002004,voc/VOCdevkit/VOC2007/JPEGImages/002004.jpg,"[0,0,0,0,0,0,0,0,0,0,0,0,0,0,0,0,0,0,0,1]"
002006,voc/VOCdevkit/VOC2007/JPEGImages/002006.jpg,"[0,0,0,0,0,0,0,1,0,0,0,0,0,0,0,0,0,0,0,0]"
002011,voc/VOCdevkit/VOC2007/JPEGImages/002011.jpg,"[0,0,0,0,0,0,0,0,0,0,0,1,0,0,0,0,0,0,0,0]"
002012,voc/VOCdevkit/VOC2007/JPEGImages/002012.jpg,"[0,0,0,0,0,0,0,0,0,0,0,0,0,0,1,0,0,0,0,0]"
002015,voc/VOCdevkit/VOC2007/JPEGImages/002015.jpg,"[0,0,0,0,0,0,0,0,0,0,0,0,0,0,0,1,0,0,0,0]"
002019,voc/VOCdevkit/VOC2007/JPEGImages/002019.jpg,"[0,0,0,0,0,0,1,0,0,0,0,0,0,0,0,0,0,0,0,0]"
002020,voc/VOCdevkit/VOC2007/JPEGImages/002020.jpg,"[0,0,1,0,0,0,0,0,0,0,0,0,0,0,0,0,0,0,0,0]"
002021,voc/VOCdevkit/VOC2007/JPEGImages/002021.jpg,"[0,0,0,0,0,0,0,0,0,1,0,0,0,0,0,0,0,0,0,0]"
002022,voc/VOCdevkit/VOC2007/JPEGImages/002022.jpg,"[0,0,0,0,0,0,0,0,0,0,0,0,0,1,1,0,0,0,0,0]"
002023,voc/VOCdevkit/VOC2007/JPEGImages/002023.jpg,"[0,0,0,0,0,0,1,0,0,0,0,0,0,0,0,0,0,0,0,0]"
002024,voc/VOCdevkit/VOC2007/JPEGImages/002024.jpg,"[0,0,0,0,0,1,0,0,0,0,0,0,0,0,1,0,0,0,0,0]"
002025,voc/VOCdevkit/VOC2007/JPEGImages/002025.jpg,"[0,0,0,0,0,0,0,0,1,0,1,0,0,0,0,0,0,0,0,0]"
002030,voc/VOCdevkit/VOC2007/JPEGImages/002030.jpg,"[0,0,0,0,1,0,0,0,0,0,1,0,0,0,1,0,0,0,0,0]"
002034,voc/VOCdevkit/VOC2007/JPEGImages/002034.jpg,"[0,0,0,0,0,0,0,1,0,0,0,1,0,0,0,0,0,0,0,0]"
002037,voc/VOCdevkit/VOC2007/JPEGImages/002037.jpg,"[0,0,1,0,0,0,0,0,0,0,0,0,0,0,0,0,0,0,0,0]"
002039,voc/VOCdevkit/VOC2007/JPEGImages/002039.jpg,"[0,0,0,1,0,0,0,0,0,0,0,0,0,0,0,0,0,0,0,0]"
002043,voc/VOCdevkit/VOC2007/JPEGImages/002043.jpg,"[0,0,0,0,0,0,0,0,0,0,0,0,1,0,0,0,0,0,0,0]"
002045,voc/VOCdevkit/VOC2007/JPEGImages/002045.jpg,"[0,0,0,0,0,0,1,0,0,0,0,0,0,0,0,0,0,0,0,0]"
002049,voc/VOCdevkit/VOC2007/JPEGImages/002049.jpg,"[0,0,0,0,0,0,0,0,0,0,0,0,0,0,0,1,0,0,0,0]"
002051,voc/VOCdevkit/VOC2007/JPEGImages/002051.jpg,"[0,0,1,0,0,0,0,0,0,0,0,0,0,0,1,0,0,0,0,0]"
002054,voc/VOCdevkit/VOC2007/JPEGImages/002054.jpg,"[0,0,0,0,0,0,0,0,0,0,0,0,0,0,0,0,0,0,1,0]"
002056,voc/VOCdevkit/VOC2007/JPEGImages/002056.jpg,"[0,0,0,0,0,1,1,0,0,0,0,0,0,0,0,0,0,0,0,0]"
002058,voc/VOCdevkit/VOC2007/JPEGImages/002058.jpg,"[0,0,0,0,0,0,0,1,0,0,0,0,0,0,0,0,0,0,0,0]"
002064,voc/VOCdevkit/VOC2007/JPEGImages/002064.jpg,"[0,1,0,0,0,0,0,0,1,0,1,0,0,0,0,0,0,0,0,0]"
002067,voc/VOCdevkit/VOC2007/JPEGImages/002067.jpg,"[0,0,0,0,0,0,0,1,0,0,0,0,0,0,0,0,0,0,0,0]"
002068,voc/VOCdevkit/VOC2007/JPEGImages/002068.jpg,"[0,0,0,0,0,0,0,0,0,0,0,0,0,0,0,0,0,0,1,0]"
002069,voc/VOCdevkit/VOC2007/JPEGImages/002069.jpg,"[0,1,0,0,0,0,0,0,0,0,0,0,0,0,1,0,0,0,0,0]"
002070,voc/VOCdevkit/VOC2007/JPEGImages/002070.jpg,"[0,0,0,0,0,0,0,0,0,0,0,0,0,0,0,0,0,1,0,0]"
002083,voc/VOCdevkit/VOC2007/JPEGImages/002083.jpg,"[0,0,0,0,0,0,0,0,0,0,0,0,0,0,0,0,0,0,1,0]"
002086,voc/VOCdevkit/VOC2007/JPEGImages/002086.jpg,"[0,0,0,0,0,0,0,0,0,0,0,0,0,0,0,0,0,0,0,1]"
002088,voc/VOCdevkit/VOC2007/JPEGImages/002088.jpg,"[0,0,0,0,0,0,0,0,0,1,0,0,0,0,0,0,0,0,0,0]"
002090,voc/VOCdevkit/VOC2007/JPEGImages/002090.jpg,"[0,0,0,0,0,0,0,0,1,0,0,0,0,0,1,0,0,0,0,0]"
002091,voc/VOCdevkit/VOC2007/JPEGImages/002091.jpg,"[0,0,0,1,0,0,0,0,0,0,0,0,0,0,1,0,0,0,0,0]"
002094,voc/VOCdevkit/VOC2007/JPEGImages/002094.jpg,"[0,0,1,0,0,0,0,0,0,0,0,0,0,0,0,0,0,0,0,0]"
002095,voc/VOCdevkit/VOC2007/JPEGImages/002095.jpg,"[0,0,0,0,0,0,0,1,0,0,0,0,0,0,0,0,0,0,0,0]"
002096,voc/VOCdevkit/VOC2007/JPEGImages/002096.jpg,"[0,0,0,0,0,0,0,0,0,0,0,0,0,0,1,0,0,0,0,0]"
002098,voc/VOCdevkit/VOC2007/JPEGImages/002098.jpg,"[0,0,0,0,1,0,0,0,0,0,0,0,0,0,0,0,0,0,0,0]"
002099,voc/VOCdevkit/VOC2007/JPEGImages/002099.jpg,"[1,0,0,0,0,0,0,0,0,0,0,0,0,0,0,0,0,0,0,0]"
002101,voc/VOCdevkit/VOC2007/JPEGImages/002101.jpg,"[0,0,0,0,0,0,0,0,0,0,0,1,0,0,0,0,0,0,0,0]"
002102,voc/VOCdevkit/VOC2007/JPEGImages/002102.jpg,"[0,0,1,0,0,0,0,0,0,0,0,0,0,0,0,0,0,0,0,0]"
002104,voc/VOCdevkit/VOC2007/JPEGImages/002104.jpg,"[0,0,0,0,0,0,0,0,0,0,0,0,0,1,1,0,0,0,0,0]"
002108,voc/VOCdevkit/VOC2007/JPEGImages/002108.jpg,"[0,0,0,0,0,0,0,0,0,0,1,0,0,0,1,1,0,0,0,0]"
002109,voc/VOCdevkit/VOC2007/JPEGImages/002109.jpg,"[0,0,0,0,0,0,0,1,0,0,0,0,0,0,0,0,0,0,0,0]"
002114,voc/VOCdevkit/VOC2007/JPEGImages/002114.jpg,"[0,0,0,0,0,0,0,0,0,0,0,0,0,0,1,0,0,0,1,0]"
002116,voc/VOCdevkit/VOC2007/JPEGImages/002116.jpg,"[0,0,0,0,0,0,1,0,0,0,0,1,0,0,1,1,0,1,0,0]"
002124,voc/VOCdevkit/VOC2007/JPEGImages/002124.jpg,"[0,0,0,0,0,0,0,0,1,0,0,0,0,0,0,0,0,1,0,1]"
002125,voc/VOCdevkit/VOC2007/JPEGImages/002125.jpg,"[0,0,0,0,0,0,1,0,0,0,0,0,0,0,0,0,0,0,0,0]"
002126,voc/VOCdevkit/VOC2007/JPEGImages/002126.jpg,"[0,0,0,0,0,0,0,0,0,1,0,0,0,0,0,0,0,0,0,0]"
002132,voc/VOCdevkit/VOC2007/JPEGImages/002132.jpg,"[0,0,0,0,0,0,0,0,0,0,0,0,0,0,0,0,0,0,0,1]"
002134,voc/VOCdevkit/VOC2007/JPEGImages/002134.jpg,"[0,0,0,0,0,0,1,0,0,0,0,0,0,0,0,0,0,0,0,0]"
002135,voc/VOCdevkit/VOC2007/JPEGImages/002135.jpg,"[0,0,0,0,0,0,1,0,0,0,0,0,0,0,0,0,0,0,0,0]"
002136,voc/VOCdevkit/VOC2007/JPEGImages/002136.jpg,"[0,0,1,0,0,0,0,0,0,0,0,0,0,0,0,0,0,0,0,0]"
002139,voc/VOCdevkit/VOC2007/JPEGImages/002139.jpg,"[0,0,0,0,1,0,0,0,0,0,0,0,0,0,0,0,0,0,0,0]"
002140,voc/VOCdevkit/VOC2007/JPEGImages/002140.jpg,"[0,0,0,0,0,0,0,0,0,0,0,1,0,0,0,0,0,0,0,0]"
002142,voc/VOCdevkit/VOC2007/JPEGImages/002142.jpg,"[0,0,0,0,0,0,0,0,0,0,0,0,0,0,1,0,0,0,0,0]"
002146,voc/VOCdevkit/VOC2007/JPEGImages/002146.jpg,"[0,0,0,0,0,0,0,0,0,0,0,1,0,0,0,0,0,0,0,0]"
002151,voc/VOCdevkit/VOC2007/JPEGImages/002151.jpg,"[0,0,0,0,0,0,0,1,0,0,0,0,0,0,0,0,0,0,0,0]"
002152,voc/VOCdevkit/VOC2007/JPEGImages/002152.jpg,"[0,0,0,0,0,0,0,0,0,1,0,0,0,0,0,0,0,0,0,0]"
002155,voc/VOCdevkit/VOC2007/JPEGImages/002155.jpg,"[0,0,0,0,0,0,0,0,0,0,0,0,0,1,0,0,0,0,0,0]"
002156,voc/VOCdevkit/VOC2007/JPEGImages/002156.jpg,"[0,0,0,0,0,0,0,0,1,0,1,0,0,0,1,0,0,0,0,0]"
002158,voc/VOCdevkit/VOC2007/JPEGImages/002158.jpg,"[0,0,1,0,0,0,0,0,0,0,0,0,0,0,0,0,0,0,0,0]"
002163,voc/VOCdevkit/VOC2007/JPEGImages/002163.jpg,"[0,0,0,0,0,0,0,0,0,0,0,0,0,0,1,0,0,0,0,0]"
002165,voc/VOCdevkit/VOC2007/JPEGImages/002165.jpg,"[0,0,1,0,0,0,0,0,0,0,0,0,0,0,0,0,0,0,0,0]"
002166,voc/VOCdevkit/VOC2007/JPEGImages/002166.jpg,"[0,0,0,0,0,0,0,0,0,0,0,0,0,0,0,0,0,0,1,0]"
002169,voc/VOCdevkit/VOC2007/JPEGImages/002169.jpg,"[0,0,0,0,0,0,0,0,0,0,0,0,0,0,1,0,0,0,0,0]"
002170,voc/VOCdevkit/VOC2007/JPEGImages/002170.jpg,"[0,0,0,0,0,0,1,0,0,0,0,0,0,0,1,0,0,0,0,0]"
002171,voc/VOCdevkit/VOC2007/JPEGImages/002171.jpg,"[0,1,0,0,0,0,0,0,0,0,0,0,0,0,1,0,0,0,0,0]"
002172,voc/VOCdevkit/VOC2007/JPEGImages/002172.jpg,"[0,0,0,0,0,0,0,0,0,0,0,0,0,1,1,0,0,0,0,0]"
002176,voc/VOCdevkit/VOC2007/JPEGImages/002176.jpg,"[0,0,0,0,0,0,0,0,0,0,0,0,0,0,1,1,0,1,0,0]"
002179,voc/VOCdevkit/VOC2007/JPEGImages/002179.jpg,"[0,0,0,0,0,0,0,0,0,0,0,0,0,0,0,1,0,0,0,0]"
002184,voc/VOCdevkit/VOC2007/JPEGImages/002184.jpg,"[0,0,0,0,0,0,0,0,0,0,0,1,0,0,0,0,0,0,0,0]"
002186,voc/VOCdevkit/VOC2007/JPEGImages/002186.jpg,"[0,0,0,0,0,0,0,0,1,0,1,0,0,0,1,0,0,0,0,0]"
002187,voc/VOCdevkit/VOC2007/JPEGImages/002187.jpg,"[0,0,0,0,0,0,0,0,0,0,0,0,1,0,1,0,0,0,0,0]"
002190,voc/VOCdevkit/VOC2007/JPEGImages/002190.jpg,"[0,0,0,0,0,0,0,0,0,0,0,0,1,0,1,0,0,0,0,0]"
002191,voc/VOCdevkit/VOC2007/JPEGImages/002191.jpg,"[0,0,0,0,0,0,0,0,0,0,0,0,0,1,0,0,0,0,0,0]"
002192,voc/VOCdevkit/VOC2007/JPEGImages/002192.jpg,"[0,0,0,0,0,0,0,0,0,0,0,0,0,0,0,1,0,0,0,0]"
002193,voc/VOCdevkit/VOC2007/JPEGImages/002193.jpg,"[0,0,0,0,0,0,0,0,0,0,0,0,0,0,1,0,0,0,0,0]"
002194,voc/VOCdevkit/VOC2007/JPEGImages/002194.jpg,"[0,0,0,0,0,0,0,0,1,0,0,0,0,0,1,0,0,0,0,0]"
002196,voc/VOCdevkit/VOC2007/JPEGImages/002196.jpg,"[0,0,0,0,0,0,0,1,0,0,0,0,0,0,0,0,0,0,0,0]"
002197,voc/VOCdevkit/VOC2007/JPEGImages/002197.jpg,"[0,0,0,0,0,0,1,0,0,0,0,0,0,0,0,0,0,0,0,0]"
002201,voc/VOCdevkit/VOC2007/JPEGImages/002201.jpg,"[0,0,0,0,0,1,0,0,0,0,0,0,0,0,0,0,0,0,0,0]"
002202,voc/VOCdevkit/VOC2007/JPEGImages/002202.jpg,"[0,0,0,0,0,0,0,1,0,0,0,0,0,0,0,0,0,0,0,0]"
002208,voc/VOCdevkit/VOC2007/JPEGImages/002208.jpg,"[0,0,0,1,0,0,0,0,0,0,0,0,0,0,0,0,0,0,0,0]"
002209,voc/VOCdevkit/VOC2007/JPEGImages/002209.jpg,"[0,0,0,0,0,0,0,0,0,0,0,0,0,0,0,0,1,0,0,0]"
002213,voc/VOCdevkit/VOC2007/JPEGImages/002213.jpg,"[0,0,0,0,0,0,0,0,0,0,0,0,1,0,1,0,0,0,0,0]"
002215,voc/VOCdevkit/VOC2007/JPEGImages/002215.jpg,"[0,0,0,0,0,0,0,1,0,0,0,0,0,0,0,0,0,0,0,0]"
002218,voc/VOCdevkit/VOC2007/JPEGImages/002218.jpg,"[0,0,0,0,0,0,0,0,1,0,0,1,0,0,0,0,0,0,0,0]"
002219,voc/VOCdevkit/VOC2007/JPEGImages/002219.jpg,"[0,0,0,0,0,0,0,0,0,0,0,0,0,0,1,0,0,0,0,0]"
002220,voc/VOCdevkit/VOC2007/JPEGImages/002220.jpg,"[0,0,0,0,0,0,0,0,0,0,0,0,0,0,1,0,0,0,0,0]"
002221,voc/VOCdevkit/VOC2007/JPEGImages/002221.jpg,"[0,0,0,0,1,0,0,0,1,0,1,0,0,0,1,0,0,0,0,0]"
002224,voc/VOCdevkit/VOC2007/JPEGImages/002224.jpg,"[0,0,0,0,0,0,0,0,0,0,0,0,0,0,1,0,0,0,0,0]"
002226,voc/VOCdevkit/VOC2007/JPEGImages/002226.jpg,"[0,0,0,0,1,0,0,0,0,0,0,0,0,0,1,0,0,0,0,0]"
002228,voc/VOCdevkit/VOC2007/JPEGImages/002228.jpg,"[0,0,0,0,0,1,1,0,0,0,0,0,0,0,0,0,0,0,0,0]"
002233,voc/VOCdevkit/VOC2007/JPEGImages/002233.jpg,"[0,0,0,0,0,0,0,0,0,0,0,0,0,0,1,0,0,0,0,0]"
002234,voc/VOCdevkit/VOC2007/JPEGImages/002234.jpg,"[0,0,0,1,0,0,0,0,0,0,0,0,0,0,0,0,0,0,0,0]"
002237,voc/VOCdevkit/VOC2007/JPEGImages/002237.jpg,"[0,0,0,0,0,0,0,0,0,1,0,0,0,0,0,0,0,0,0,0]"
002238,voc/VOCdevkit/VOC2007/JPEGImages/002238.jpg,"[0,0,0,0,0,0,0,0,0,0,0,0,1,0,1,0,0,0,0,0]"
002241,voc/VOCdevkit/VOC2007/JPEGImages/002241.jpg,"[0,0,0,0,0,0,1,0,0,0,0,0,0,0,1,0,0,0,0,0]"
002244,voc/VOCdevkit/VOC2007/JPEGImages/002244.jpg,"[0,0,0,0,0,0,1,0,0,0,0,0,0,0,1,0,0,0,0,0]"
002247,voc/VOCdevkit/VOC2007/JPEGImages/002247.jpg,"[0,0,0,0,0,0,1,0,0,0,0,0,0,0,0,0,0,0,0,0]"
002248,voc/VOCdevkit/VOC2007/JPEGImages/002248.jpg,"[0,0,0,0,0,0,1,0,0,0,0,0,0,0,0,0,0,0,0,0]"
002249,voc/VOCdevkit/VOC2007/JPEGImages/002249.jpg,"[0,0,0,0,0,0,0,0,0,0,0,0,1,0,0,0,0,0,0,0]"
002251,voc/VOCdevkit/VOC2007/JPEGImages/002251.jpg,"[0,0,0,0,0,0,0,0,0,0,0,0,0,0,0,0,0,1,0,0]"
002253,voc/VOCdevkit/VOC2007/JPEGImages/002253.jpg,"[0,1,0,0,1,0,0,0,0,0,0,0,0,0,0,0,0,0,0,0]"
002255,voc/VOCdevkit/VOC2007/JPEGImages/002255.jpg,"[1,0,0,0,0,0,0,0,0,0,0,0,0,0,0,0,0,0,0,0]"
002256,voc/VOCdevkit/VOC2007/JPEGImages/002256.jpg,"[0,0,0,0,0,1,0,0,0,0,0,0,0,0,1,0,0,0,0,0]"
002257,voc/VOCdevkit/VOC2007/JPEGImages/002257.jpg,"[0,1,0,0,0,0,0,0,0,0,0,0,0,0,0,0,0,0,0,0]"
002259,voc/VOCdevkit/VOC2007/JPEGImages/002259.jpg,"[0,0,0,0,0,0,0,0,0,0,0,0,0,0,0,0,0,1,0,0]"
002261,voc/VOCdevkit/VOC2007/JPEGImages/002261.jpg,"[0,0,0,0,0,0,0,0,0,0,0,0,1,0,1,0,0,0,0,0]"
002263,voc/VOCdevkit/VOC2007/JPEGImages/002263.jpg,"[0,0,0,0,0,0,0,0,0,0,0,0,0,0,0,0,1,0,0,0]"
002265,voc/VOCdevkit/VOC2007/JPEGImages/002265.jpg,"[0,0,1,0,0,0,0,0,0,0,0,0,0,0,1,0,0,0,0,0]"
002266,voc/VOCdevkit/VOC2007/JPEGImages/002266.jpg,"[1,0,0,0,0,0,0,0,0,0,0,0,0,0,0,0,0,0,0,0]"
002268,voc/VOCdevkit/VOC2007/JPEGImages/002268.jpg,"[0,0,0,0,0,0,0,1,0,0,0,1,0,0,0,0,0,1,0,0]"
002270,voc/VOCdevkit/VOC2007/JPEGImages/002270.jpg,"[0,1,0,0,0,0,0,0,0,0,0,0,0,0,0,0,0,0,0,0]"
002272,voc/VOCdevkit/VOC2007/JPEGImages/002272.jpg,"[0,1,0,0,0,0,0,0,0,0,0,0,0,0,1,0,0,0,0,0]"
002276,voc/VOCdevkit/VOC2007/JPEGImages/002276.jpg,"[0,0,1,0,0,0,0,0,0,0,0,0,0,0,0,0,0,0,0,0]"
002278,voc/VOCdevkit/VOC2007/JPEGImages/002278.jpg,"[0,0,0,0,0,1,0,0,0,0,0,0,0,0,0,0,0,0,0,0]"
002279,voc/VOCdevkit/VOC2007/JPEGImages/002279.jpg,"[1,0,0,0,0,0,0,0,0,0,0,0,0,0,0,0,0,0,0,0]"
002280,voc/VOCdevkit/VOC2007/JPEGImages/002280.jpg,"[0,0,0,0,0,0,0,0,0,0,0,0,0,0,0,0,0,0,0,1]"
002281,voc/VOCdevkit/VOC2007/JPEGImages/002281.jpg,"[0,0,0,0,0,0,1,0,0,0,0,0,0,0,1,0,0,0,0,0]"
002284,voc/VOCdevkit/VOC2007/JPEGImages/002284.jpg,"[0,0,0,0,0,0,0,0,0,0,0,0,0,0,0,1,0,0,0,0]"
002285,voc/VOCdevkit/VOC2007/JPEGImages/002285.jpg,"[0,0,0,0,0,0,0,0,0,0,0,0,0,0,1,0,0,0,0,0]"
002287,voc/VOCdevkit/VOC2007/JPEGImages/002287.jpg,"[0,0,0,0,1,0,0,0,1,0,0,1,0,0,0,0,0,0,0,0]"
002288,voc/VOCdevkit/VOC2007/JPEGImages/002288.jpg,"[0,0,0,1,0,0,0,0,0,0,0,0,0,0,1,0,0,0,0,0]"
002290,voc/VOCdevkit/VOC2007/JPEGImages/002290.jpg,"[0,0,0,0,0,0,0,0,0,0,0,0,0,1,1,0,0,0,0,0]"
002291,voc/VOCdevkit/VOC2007/JPEGImages/002291.jpg,"[0,0,0,0,0,0,1,0,0,0,0,0,0,0,0,0,0,0,0,0]"
002293,voc/VOCdevkit/VOC2007/JPEGImages/002293.jpg,"[0,0,0,0,0,0,0,0,0,0,0,0,0,0,1,0,0,0,0,0]"
002300,voc/VOCdevkit/VOC2007/JPEGImages/002300.jpg,"[0,0,0,0,0,0,0,0,0,1,0,0,0,0,0,0,0,0,0,0]"
002302,voc/VOCdevkit/VOC2007/JPEGImages/002302.jpg,"[0,0,0,1,0,0,0,0,0,0,0,0,0,0,1,0,0,0,0,0]"
002305,voc/VOCdevkit/VOC2007/JPEGImages/002305.jpg,"[0,0,0,0,0,0,0,0,1,0,0,0,0,0,0,1,0,0,0,0]"
002306,voc/VOCdevkit/VOC2007/JPEGImages/002306.jpg,"[0,0,0,0,0,0,0,0,0,0,0,0,0,0,1,0,0,0,0,0]"
002307,voc/VOCdevkit/VOC2007/JPEGImages/002307.jpg,"[0,0,0,0,0,0,1,0,0,0,0,0,0,0,1,0,0,0,0,0]"
002310,voc/VOCdevkit/VOC2007/JPEGImages/002310.jpg,"[0,0,1,0,0,0,0,0,0,0,0,0,0,0,0,0,0,0,0,0]"
002311,voc/VOCdevkit/VOC2007/JPEGImages/002311.jpg,"[0,0,0,0,0,0,1,0,0,0,0,0,0,0,1,0,0,0,0,0]"
002315,voc/VOCdevkit/VOC2007/JPEGImages/002315.jpg,"[0,0,0,0,0,0,0,0,0,0,0,1,0,0,0,0,0,0,0,0]"
002323,voc/VOCdevkit/VOC2007/JPEGImages/002323.jpg,"[0,0,0,0,0,0,0,0,0,1,0,0,0,0,0,0,0,0,0,0]"
002324,voc/VOCdevkit/VOC2007/JPEGImages/002324.jpg,"[0,0,0,0,0,0,0,0,0,0,0,0,0,0,1,0,0,0,0,0]"
002329,voc/VOCdevkit/VOC2007/JPEGImages/002329.jpg,"[0,0,0,0,0,0,0,0,0,0,0,0,1,0,1,0,0,0,0,0]"
002332,voc/VOCdevkit/VOC2007/JPEGImages/002332.jpg,"[0,0,0,0,0,0,0,0,0,0,0,0,0,0,1,0,0,1,0,0]"
002333,voc/VOCdevkit/VOC2007/JPEGImages/002333.jpg,"[0,0,1,0,0,0,0,0,0,0,0,0,0,0,0,0,0,0,0,0]"
002334,voc/VOCdevkit/VOC2007/JPEGImages/002334.jpg,"[0,0,0,0,0,0,0,0,1,0,0,0,0,0,0,0,0,0,0,1]"
002335,voc/VOCdevkit/VOC2007/JPEGImages/002335.jpg,"[0,0,0,0,0,0,0,0,0,0,0,0,0,0,0,0,0,1,0,0]"
002337,voc/VOCdevkit/VOC2007/JPEGImages/002337.jpg,"[0,1,0,0,0,0,0,0,0,0,0,0,0,0,1,0,0,0,0,0]"
002340,voc/VOCdevkit/VOC2007/JPEGImages/002340.jpg,"[0,0,0,0,0,0,1,0,0,0,0,0,0,0,0,0,0,0,0,0]"
002342,voc/VOCdevkit/VOC2007/JPEGImages/002342.jpg,"[0,0,0,0,0,0,0,0,0,0,0,0,0,0,1,0,0,0,0,0]"
002343,voc/VOCdevkit/VOC2007/JPEGImages/002343.jpg,"[0,0,0,0,0,0,1,0,0,0,0,0,0,0,0,0,0,0,0,0]"
002347,voc/VOCdevkit/VOC2007/JPEGImages/002347.jpg,"[0,0,0,0,0,0,0,0,0,0,0,0,0,0,0,1,0,0,0,0]"
002348,voc/VOCdevkit/VOC2007/JPEGImages/002348.jpg,"[1,0,0,0,0,0,0,0,0,0,0,0,0,0,0,0,0,0,0,0]"
002350,voc/VOCdevkit/VOC2007/JPEGImages/002350.jpg,"[0,0,0,0,1,0,0,0,0,0,0,0,0,0,0,0,0,0,0,0]"
002352,voc/VOCdevkit/VOC2007/JPEGImages/002352.jpg,"[0,0,0,0,0,0,0,0,0,0,0,0,0,0,0,0,0,0,1,0]"
002355,voc/VOCdevkit/VOC2007/JPEGImages/002355.jpg,"[0,0,0,0,0,0,1,0,0,0,0,0,0,0,0,0,0,0,0,0]"
002359,voc/VOCdevkit/VOC2007/JPEGImages/002359.jpg,"[0,0,0,0,0,0,0,0,0,0,0,1,0,0,0,0,0,0,0,0]"
002361,voc/VOCdevkit/VOC2007/JPEGImages/002361.jpg,"[0,0,0,0,0,0,0,0,0,0,0,0,0,0,1,1,0,0,0,0]"
002362,voc/VOCdevkit/VOC2007/JPEGImages/002362.jpg,"[0,0,0,0,0,0,0,0,1,0,0,0,0,0,1,1,0,1,0,0]"
002366,voc/VOCdevkit/VOC2007/JPEGImages/002366.jpg,"[0,0,0,0,0,0,0,0,0,0,0,0,0,1,0,0,0,0,0,0]"
002367,voc/VOCdevkit/VOC2007/JPEGImages/002367.jpg,"[0,0,0,0,0,0,0,0,0,0,0,0,0,1,1,0,0,0,0,0]"
002368,voc/VOCdevkit/VOC2007/JPEGImages/002368.jpg,"[0,0,0,0,0,0,0,0,1,0,1,0,0,0,0,0,0,1,0,0]"
002369,voc/VOCdevkit/VOC2007/JPEGImages/002369.jpg,"[0,0,0,0,0,0,0,0,0,1,0,0,0,0,0,0,0,0,0,0]"
002371,voc/VOCdevkit/VOC2007/JPEGImages/002371.jpg,"[0,1,0,0,0,0,0,0,0,0,0,0,0,0,0,0,0,0,0,0]"
002372,voc/VOCdevkit/VOC2007/JPEGImages/002372.jpg,"[0,0,0,1,0,0,0,0,0,0,0,0,0,0,1,0,0,0,0,0]"
002373,voc/VOCdevkit/VOC2007/JPEGImages/002373.jpg,"[0,0,0,0,0,0,1,0,0,0,0,0,0,0,0,0,0,0,0,0]"
002374,voc/VOCdevkit/VOC2007/JPEGImages/002374.jpg,"[0,0,0,0,0,1,1,0,0,0,0,0,0,0,0,0,0,0,0,0]"
002375,voc/VOCdevkit/VOC2007/JPEGImages/002375.jpg,"[0,0,0,0,0,0,0,1,0,0,0,0,0,0,0,0,0,0,0,0]"
002376,voc/VOCdevkit/VOC2007/JPEGImages/002376.jpg,"[1,0,0,0,0,0,0,0,0,0,0,0,0,0,0,0,0,0,0,0]"
002377,voc/VOCdevkit/VOC2007/JPEGImages/002377.jpg,"[0,1,0,0,0,0,0,0,0,0,0,0,0,0,0,0,0,0,0,0]"
002378,voc/VOCdevkit/VOC2007/JPEGImages/002378.jpg,"[0,0,0,0,0,0,0,0,0,0,0,0,0,0,1,1,0,0,0,0]"
002382,voc/VOCdevkit/VOC2007/JPEGImages/002382.jpg,"[0,0,0,0,0,0,0,0,0,0,0,0,0,0,1,0,0,1,0,0]"
002384,voc/VOCdevkit/VOC2007/JPEGImages/002384.jpg,"[0,0,0,0,0,0,0,0,0,0,0,1,0,0,1,0,0,0,0,0]"
002385,voc/VOCdevkit/VOC2007/JPEGImages/002385.jpg,"[0,0,0,0,0,0,0,0,0,0,1,0,0,0,1,0,0,0,0,0]"
002387,voc/VOCdevkit/VOC2007/JPEGImages/002387.jpg,"[0,0,0,0,0,0,0,0,0,1,0,0,0,0,1,0,0,0,0,0]"
002391,voc/VOCdevkit/VOC2007/JPEGImages/002391.jpg,"[0,0,0,0,0,0,0,1,0,0,0,0,0,0,0,0,0,0,0,0]"
002393,voc/VOCdevkit/VOC2007/JPEGImages/002393.jpg,"[0,0,0,0,0,0,1,0,0,0,0,0,0,0,0,0,0,0,0,0]"
002401,voc/VOCdevkit/VOC2007/JPEGImages/002401.jpg,"[0,0,0,0,0,0,0,0,0,0,0,0,0,0,1,0,0,0,0,0]"
002404,voc/VOCdevkit/VOC2007/JPEGImages/002404.jpg,"[0,0,0,0,1,0,0,0,1,0,1,0,0,0,0,0,0,0,0,0]"
002405,voc/VOCdevkit/VOC2007/JPEGImages/002405.jpg,"[0,0,0,0,0,0,0,0,0,0,0,0,1,0,1,0,0,0,0,0]"
002407,voc/VOCdevkit/VOC2007/JPEGImages/002407.jpg,"[0,0,0,0,0,0,0,1,0,0,0,0,0,0,0,0,0,0,0,0]"
002410,voc/VOCdevkit/VOC2007/JPEGImages/002410.jpg,"[0,0,0,0,0,0,0,0,0,0,0,0,0,0,1,0,0,0,0,0]"
002413,voc/VOCdevkit/VOC2007/JPEGImages/002413.jpg,"[0,0,0,0,0,0,0,0,0,0,0,0,0,0,1,0,0,0,0,0]"
002415,voc/VOCdevkit/VOC2007/JPEGImages/002415.jpg,"[0,0,0,0,0,0,0,0,0,0,0,1,0,0,0,0,0,0,0,0]"
002417,voc/VOCdevkit/VOC2007/JPEGImages/002417.jpg,"[0,0,0,0,0,0,0,0,1,0,0,0,0,0,0,0,0,0,0,0]"
002419,voc/VOCdevkit/VOC2007/JPEGImages/002419.jpg,"[0,0,0,0,0,0,0,0,0,0,0,0,0,1,1,0,0,0,0,0]"
002425,voc/VOCdevkit/VOC2007/JPEGImages/002425.jpg,"[0,0,0,0,0,0,0,0,1,0,0,0,0,0,1,0,0,1,0,0]"
002427,voc/VOCdevkit/VOC2007/JPEGImages/002427.jpg,"[0,0,0,0,0,0,0,0,0,0,0,0,0,0,0,1,0,1,0,0]"
002433,voc/VOCdevkit/VOC2007/JPEGImages/002433.jpg,"[0,0,0,0,0,0,0,0,0,0,0,0,0,0,1,0,0,0,0,0]"
002435,voc/VOCdevkit/VOC2007/JPEGImages/002435.jpg,"[0,0,0,1,0,0,0,0,0,0,0,0,0,0,0,0,0,0,0,0]"
002436,voc/VOCdevkit/VOC2007/JPEGImages/002436.jpg,"[0,0,0,0,0,0,1,0,0,0,0,0,0,0,0,0,0,0,0,0]"
002437,voc/VOCdevkit/VOC2007/JPEGImages/002437.jpg,"[0,0,0,0,0,0,0,1,0,0,0,0,0,0,0,0,0,0,0,0]"
002439,voc/VOCdevkit/VOC2007/JPEGImages/002439.jpg,"[1,0,0,0,0,0,1,0,0,0,0,0,0,0,0,0,0,0,0,0]"
002441,voc/VOCdevkit/VOC2007/JPEGImages/002441.jpg,"[0,0,0,0,0,0,0,1,0,0,0,0,0,0,0,0,0,0,0,1]"
002442,voc/VOCdevkit/VOC2007/JPEGImages/002442.jpg,"[0,0,0,0,1,0,0,0,1,0,1,0,0,0,0,0,0,0,0,0]"
002443,voc/VOCdevkit/VOC2007/JPEGImages/002443.jpg,"[0,0,0,0,0,0,0,0,0,0,0,1,0,0,1,0,0,0,0,0]"
002444,voc/VOCdevkit/VOC2007/JPEGImages/002444.jpg,"[0,0,0,0,1,0,0,0,0,0,0,0,0,0,1,0,0,0,0,0]"
002445,voc/VOCdevkit/VOC2007/JPEGImages/002445.jpg,"[0,0,0,0,0,0,0,1,0,0,0,0,0,0,0,0,0,0,0,0]"
002448,voc/VOCdevkit/VOC2007/JPEGImages/002448.jpg,"[0,0,0,0,0,0,0,0,0,0,0,0,1,0,1,0,0,0,0,0]"
002450,voc/VOCdevkit/VOC2007/JPEGImages/002450.jpg,"[0,0,0,0,0,0,0,0,0,0,0,1,0,0,1,0,0,0,0,0]"
002452,voc/VOCdevkit/VOC2007/JPEGImages/002452.jpg,"[0,0,0,0,0,0,0,0,0,0,0,0,0,0,0,0,1,0,0,0]"
002456,voc/VOCdevkit/VOC2007/JPEGImages/002456.jpg,"[0,0,0,0,0,0,0,0,1,0,1,0,0,0,0,0,0,0,0,0]"
002458,voc/VOCdevkit/VOC2007/JPEGImages/002458.jpg,"[0,0,0,0,0,0,0,0,0,0,0,0,0,1,1,0,0,0,0,0]"
002460,voc/VOCdevkit/VOC2007/JPEGImages/002460.jpg,"[0,1,0,0,0,0,0,0,0,0,0,0,0,0,1,0,0,0,0,0]"
002461,voc/VOCdevkit/VOC2007/JPEGImages/002461.jpg,"[0,0,0,0,0,0,0,1,0,0,0,0,0,0,0,0,0,1,0,0]"
002465,voc/VOCdevkit/VOC2007/JPEGImages/002465.jpg,"[0,0,0,1,0,0,0,0,0,0,0,0,0,0,0,0,0,0,0,0]"
002468,voc/VOCdevkit/VOC2007/JPEGImages/002468.jpg,"[0,0,1,0,0,0,0,0,0,0,0,0,0,0,0,0,0,0,0,0]"
002470,voc/VOCdevkit/VOC2007/JPEGImages/002470.jpg,"[0,0,0,0,0,0,0,1,0,0,0,0,0,0,0,0,0,0,0,0]"
002471,voc/VOCdevkit/VOC2007/JPEGImages/002471.jpg,"[0,0,0,0,0,0,0,0,0,0,0,0,1,0,0,0,0,0,0,0]"
002472,voc/VOCdevkit/VOC2007/JPEGImages/002472.jpg,"[1,0,0,0,0,0,0,0,0,0,0,0,0,0,1,0,0,0,0,0]"
002476,voc/VOCdevkit/VOC2007/JPEGImages/002476.jpg,"[0,0,0,0,0,0,0,0,0,0,0,0,0,0,1,0,0,0,0,0]"
002477,voc/VOCdevkit/VOC2007/JPEGImages/002477.jpg,"[0,0,0,0,0,0,0,0,0,0,0,0,0,0,1,0,0,0,1,0]"
002478,voc/VOCdevkit/VOC2007/JPEGImages/002478.jpg,"[0,0,0,0,0,0,1,0,0,0,0,0,0,0,0,0,0,0,0,0]"
002479,voc/VOCdevkit/VOC2007/JPEGImages/002479.jpg,"[0,0,0,1,0,0,0,0,0,0,0,0,0,0,0,0,0,0,0,0]"
002480,voc/VOCdevkit/VOC2007/JPEGImages/002480.jpg,"[0,0,0,0,0,0,0,1,0,0,0,0,0,0,0,0,0,0,0,0]"
002481,voc/VOCdevkit/VOC2007/JPEGImages/002481.jpg,"[0,0,0,0,0,0,0,0,0,0,0,0,0,0,1,0,0,0,0,0]"
002483,voc/VOCdevkit/VOC2007/JPEGImages/002483.jpg,"[0,0,0,0,0,0,0,1,1,0,0,0,0,0,1,1,0,1,0,0]"
002490,voc/VOCdevkit/VOC2007/JPEGImages/002490.jpg,"[0,0,0,0,0,1,1,0,0,0,0,0,0,0,0,0,0,0,0,0]"
002491,voc/VOCdevkit/VOC2007/JPEGImages/002491.jpg,"[0,0,0,0,0,0,0,0,0,0,0,0,0,0,1,0,0,0,0,0]"
002492,voc/VOCdevkit/VOC2007/JPEGImages/002492.jpg,"[0,0,0,0,0,0,0,0,1,0,0,0,0,0,0,0,0,1,0,0]"
002493,voc/VOCdevkit/VOC2007/JPEGImages/002493.jpg,"[0,0,0,0,0,0,1,0,0,0,0,0,0,0,0,0,0,0,0,0]"
002494,voc/VOCdevkit/VOC2007/JPEGImages/002494.jpg,"[0,0,0,0,0,0,0,0,0,1,0,0,0,0,0,0,0,0,0,0]"
002496,voc/VOCdevkit/VOC2007/JPEGImages/002496.jpg,"[0,0,0,0,0,0,0,0,0,0,0,0,0,0,0,0,0,0,1,0]"
002497,voc/VOCdevkit/VOC2007/JPEGImages/002497.jpg,"[0,0,0,0,0,0,1,0,0,0,0,0,0,0,1,0,0,0,0,0]"
002500,voc/VOCdevkit/VOC2007/JPEGImages/002500.jpg,"[0,0,0,1,0,0,0,0,0,0,0,0,0,0,0,0,0,0,0,0]"
002501,voc/VOCdevkit/VOC2007/JPEGImages/002501.jpg,"[0,0,0,0,0,0,0,0,1,0,0,0,0,0,1,0,0,1,0,0]"
002504,voc/VOCdevkit/VOC2007/JPEGImages/002504.jpg,"[0,0,0,0,0,0,1,0,0,0,0,0,0,0,1,0,0,0,0,0]"
002505,voc/VOCdevkit/VOC2007/JPEGImages/002505.jpg,"[0,0,0,0,0,0,0,0,0,1,0,0,0,0,0,0,0,0,0,0]"
002508,voc/VOCdevkit/VOC2007/JPEGImages/002508.jpg,"[0,1,0,0,0,0,0,0,0,0,0,0,0,0,0,0,0,0,0,0]"
002512,voc/VOCdevkit/VOC2007/JPEGImages/002512.jpg,"[0,1,0,0,0,0,0,0,0,0,0,1,0,0,0,0,0,0,0,0]"
002513,voc/VOCdevkit/VOC2007/JPEGImages/002513.jpg,"[1,0,0,0,0,0,0,0,0,0,0,0,0,0,0,0,0,0,0,0]"
002514,voc/VOCdevkit/VOC2007/JPEGImages/002514.jpg,"[0,0,0,0,0,0,0,0,0,0,0,0,0,0,1,0,0,0,0,1]"
002518,voc/VOCdevkit/VOC2007/JPEGImages/002518.jpg,"[0,0,0,0,1,0,0,0,0,0,0,0,0,0,1,0,0,0,0,0]"
002519,voc/VOCdevkit/VOC2007/JPEGImages/002519.jpg,"[0,0,0,0,0,0,0,0,0,0,0,0,0,1,0,0,0,0,0,0]"
002520,voc/VOCdevkit/VOC2007/JPEGImages/002520.jpg,"[0,0,0,0,0,0,0,0,0,0,0,0,1,0,1,0,0,0,0,0]"
002523,voc/VOCdevkit/VOC2007/JPEGImages/002523.jpg,"[0,1,0,0,0,0,0,0,0,0,0,0,0,0,0,0,0,0,0,0]"
002524,voc/VOCdevkit/VOC2007/JPEGImages/002524.jpg,"[0,0,0,0,0,0,0,0,0,0,0,0,0,0,1,0,0,0,0,0]"
002529,voc/VOCdevkit/VOC2007/JPEGImages/002529.jpg,"[0,0,0,0,0,0,0,0,0,0,1,0,0,0,1,0,0,0,0,0]"
002533,voc/VOCdevkit/VOC2007/JPEGImages/002533.jpg,"[0,0,0,0,0,0,1,0,0,0,0,0,0,0,1,0,0,0,0,0]"
002534,voc/VOCdevkit/VOC2007/JPEGImages/002534.jpg,"[0,0,0,0,0,0,1,0,0,0,0,0,0,0,0,0,0,0,0,0]"
002537,voc/VOCdevkit/VOC2007/JPEGImages/002537.jpg,"[0,0,0,0,0,0,0,0,0,0,0,1,0,0,0,0,0,0,0,0]"
002539,voc/VOCdevkit/VOC2007/JPEGImages/002539.jpg,"[0,0,0,0,0,1,0,0,0,0,0,0,0,0,1,0,0,0,0,0]"
002540,voc/VOCdevkit/VOC2007/JPEGImages/002540.jpg,"[0,1,0,0,0,0,0,0,0,0,0,0,0,0,1,0,0,0,0,0]"
002542,voc/VOCdevkit/VOC2007/JPEGImages/002542.jpg,"[0,0,0,0,0,0,0,0,1,0,1,0,0,0,1,1,0,0,0,0]"
002544,voc/VOCdevkit/VOC2007/JPEGImages/002544.jpg,"[0,0,0,0,0,0,1,0,0,0,0,0,0,0,0,0,0,0,0,0]"
002545,voc/VOCdevkit/VOC2007/JPEGImages/002545.jpg,"[0,0,0,0,1,0,0,0,0,0,0,0,0,0,1,0,0,1,0,0]"
002546,voc/VOCdevkit/VOC2007/JPEGImages/002546.jpg,"[0,0,0,0,0,0,0,0,0,0,0,1,0,0,0,0,0,0,0,0]"
002547,voc/VOCdevkit/VOC2007/JPEGImages/002547.jpg,"[0,0,1,0,0,0,0,0,0,0,0,0,0,0,0,0,0,0,0,0]"
002549,voc/VOCdevkit/VOC2007/JPEGImages/002549.jpg,"[0,0,0,0,0,0,0,0,0,0,0,0,0,0,0,0,0,0,0,1]"
002554,voc/VOCdevkit/VOC2007/JPEGImages/002554.jpg,"[0,0,0,0,0,0,0,0,0,0,0,0,1,0,1,0,0,0,0,0]"
002555,voc/VOCdevkit/VOC2007/JPEGImages/002555.jpg,"[0,0,0,0,0,0,0,0,0,0,0,0,1,0,1,0,0,0,0,0]"
002558,voc/VOCdevkit/VOC2007/JPEGImages/002558.jpg,"[0,1,0,0,0,0,0,0,0,0,0,0,0,0,1,0,0,0,0,0]"
002561,voc/VOCdevkit/VOC2007/JPEGImages/002561.jpg,"[0,0,0,0,0,0,0,0,1,0,0,0,0,0,1,0,0,0,0,1]"
002563,voc/VOCdevkit/VOC2007/JPEGImages/002563.jpg,"[0,0,0,0,0,0,1,0,0,0,0,0,0,0,1,0,0,0,0,0]"
002564,voc/VOCdevkit/VOC2007/JPEGImages/002564.jpg,"[0,0,0,0,0,0,0,0,0,0,0,0,0,0,1,0,0,1,0,0]"
002565,voc/VOCdevkit/VOC2007/JPEGImages/002565.jpg,"[0,0,0,0,0,0,0,0,0,0,0,0,0,0,1,0,0,0,1,0]"
002566,voc/VOCdevkit/VOC2007/JPEGImages/002566.jpg,"[0,0,0,0,0,1,1,0,0,0,0,0,0,0,1,0,0,0,0,0]"
002567,voc/VOCdevkit/VOC2007/JPEGImages/002567.jpg,"[0,0,0,0,0,0,0,0,0,0,0,0,0,1,0,0,0,0,0,0]"
002569,voc/VOCdevkit/VOC2007/JPEGImages/002569.jpg,"[0,0,0,0,0,0,0,0,0,0,0,0,0,0,0,1,0,0,0,0]"
002571,voc/VOCdevkit/VOC2007/JPEGImages/002571.jpg,"[0,0,1,0,0,0,0,0,0,0,0,0,0,0,0,0,0,0,0,0]"
002572,voc/VOCdevkit/VOC2007/JPEGImages/002572.jpg,"[0,0,0,0,1,0,0,0,1,0,0,0,0,0,1,0,0,0,0,0]"
002578,voc/VOCdevkit/VOC2007/JPEGImages/002578.jpg,"[0,0,0,0,0,0,0,0,0,0,0,1,0,0,0,0,0,0,0,0]"
002579,voc/VOCdevkit/VOC2007/JPEGImages/002579.jpg,"[0,0,1,0,0,0,0,0,0,0,0,0,0,0,0,0,0,0,0,0]"
002584,voc/VOCdevkit/VOC2007/JPEGImages/002584.jpg,"[0,0,0,0,0,0,1,0,0,0,0,0,0,0,1,0,0,0,0,0]"
002585,voc/VOCdevkit/VOC2007/JPEGImages/002585.jpg,"[0,0,0,0,0,0,0,0,0,0,0,0,0,1,1,0,0,0,0,0]"
002586,voc/VOCdevkit/VOC2007/JPEGImages/002586.jpg,"[0,0,1,0,0,0,0,0,0,0,0,0,0,0,0,0,0,0,0,0]"
002589,voc/VOCdevkit/VOC2007/JPEGImages/002589.jpg,"[0,0,0,0,0,0,0,0,1,0,0,0,0,0,1,0,0,1,0,0]"
002590,voc/VOCdevkit/VOC2007/JPEGImages/002590.jpg,"[0,0,0,0,0,0,0,0,0,0,0,0,0,0,0,0,0,0,1,0]"
002593,voc/VOCdevkit/VOC2007/JPEGImages/002593.jpg,"[0,0,0,0,0,0,0,0,0,0,0,0,0,0,0,0,1,0,0,0]"
002594,voc/VOCdevkit/VOC2007/JPEGImages/002594.jpg,"[0,0,0,0,0,0,0,0,0,0,0,0,0,0,0,1,0,0,0,0]"
002595,voc/VOCdevkit/VOC2007/JPEGImages/002595.jpg,"[0,0,0,0,0,0,1,0,0,0,0,0,0,0,1,0,0,0,0,0]"
002599,voc/VOCdevkit/VOC2007/JPEGImages/002599.jpg,"[0,0,0,0,0,0,0,0,0,0,0,0,0,1,0,0,0,0,0,0]"
002600,voc/VOCdevkit/VOC2007/JPEGImages/002600.jpg,"[0,0,0,0,0,0,0,0,0,0,0,0,0,0,0,0,0,0,1,0]"
002605,voc/VOCdevkit/VOC2007/JPEGImages/002605.jpg,"[0,0,0,1,0,0,0,0,0,0,0,0,0,0,0,0,0,0,0,0]"
002606,voc/VOCdevkit/VOC2007/JPEGImages/002606.jpg,"[0,0,0,0,0,0,1,0,0,0,0,0,0,0,0,0,0,0,0,0]"
002609,voc/VOCdevkit/VOC2007/JPEGImages/002609.jpg,"[0,0,0,0,0,0,0,0,0,0,0,1,0,0,0,0,0,0,0,0]"
002611,voc/VOCdevkit/VOC2007/JPEGImages/002611.jpg,"[0,0,0,0,0,0,0,0,0,0,0,1,0,0,1,0,0,0,0,0]"
002613,voc/VOCdevkit/VOC2007/JPEGImages/002613.jpg,"[0,0,0,0,1,0,0,0,0,0,0,0,0,0,1,0,0,0,0,0]"
002615,voc/VOCdevkit/VOC2007/JPEGImages/002615.jpg,"[0,0,0,0,0,0,0,0,0,0,0,0,0,0,0,0,1,0,0,0]"
002618,voc/VOCdevkit/VOC2007/JPEGImages/002618.jpg,"[0,0,0,0,0,0,0,0,0,0,0,0,0,0,0,0,1,0,0,0]"
002621,voc/VOCdevkit/VOC2007/JPEGImages/002621.jpg,"[0,0,1,0,0,0,0,0,0,0,0,0,0,0,0,0,0,0,0,0]"
002625,voc/VOCdevkit/VOC2007/JPEGImages/002625.jpg,"[0,0,0,0,0,0,1,0,0,0,0,0,0,0,1,0,0,0,0,0]"
002627,voc/VOCdevkit/VOC2007/JPEGImages/002627.jpg,"[0,0,0,0,0,0,0,0,1,0,1,0,0,0,0,0,0,1,0,1]"
002632,voc/VOCdevkit/VOC2007/JPEGImages/002632.jpg,"[0,0,0,0,0,0,0,0,0,0,0,0,0,0,1,0,0,0,0,0]"
002633,voc/VOCdevkit/VOC2007/JPEGImages/002633.jpg,"[0,0,0,0,0,0,0,0,0,0,0,0,1,0,1,0,0,0,0,0]"
002635,voc/VOCdevkit/VOC2007/JPEGImages/002635.jpg,"[0,0,1,0,0,0,0,0,0,0,0,0,0,0,0,0,0,0,0,0]"
002636,voc/VOCdevkit/VOC2007/JPEGImages/002636.jpg,"[0,0,0,0,0,0,0,0,1,0,1,0,0,0,1,0,0,1,0,0]"
002637,voc/VOCdevkit/VOC2007/JPEGImages/002637.jpg,"[0,0,0,0,0,0,0,1,0,0,0,0,0,0,1,0,0,0,0,0]"
002641,voc/VOCdevkit/VOC2007/JPEGImages/002641.jpg,"[0,0,0,0,1,0,0,0,0,0,0,0,0,0,1,0,0,0,0,0]"
002643,voc/VOCdevkit/VOC2007/JPEGImages/002643.jpg,"[0,0,0,0,0,0,1,0,0,0,0,0,0,1,1,0,0,0,0,0]"
002645,voc/VOCdevkit/VOC2007/JPEGImages/002645.jpg,"[0,0,0,0,0,0,0,0,1,0,0,0,0,0,0,0,0,0,0,1]"
002646,voc/VOCdevkit/VOC2007/JPEGImages/002646.jpg,"[0,0,0,0,0,0,1,0,0,0,0,0,0,0,0,0,0,0,0,0]"
002647,voc/VOCdevkit/VOC2007/JPEGImages/002647.jpg,"[0,0,0,0,0,0,1,0,0,0,0,0,0,0,0,0,0,0,0,0]"
002648,voc/VOCdevkit/VOC2007/JPEGImages/002648.jpg,"[0,0,0,0,0,0,0,0,0,0,0,0,0,0,0,0,1,0,0,0]"
002649,voc/VOCdevkit/VOC2007/JPEGImages/002649.jpg,"[0,0,0,0,0,0,0,0,0,0,0,0,0,0,1,0,0,0,0,0]"
002653,voc/VOCdevkit/VOC2007/JPEGImages/002653.jpg,"[0,0,0,1,0,0,0,0,0,0,0,0,0,0,0,0,0,0,0,0]"
002659,voc/VOCdevkit/VOC2007/JPEGImages/002659.jpg,"[0,0,0,1,0,0,0,0,0,0,0,0,0,0,0,0,0,0,0,0]"
002662,voc/VOCdevkit/VOC2007/JPEGImages/002662.jpg,"[0,0,0,0,0,0,0,0,0,0,1,0,0,0,1,0,0,0,0,0]"
002664,voc/VOCdevkit/VOC2007/JPEGImages/002664.jpg,"[0,0,1,0,0,0,0,0,0,0,0,0,0,0,0,0,0,0,0,0]"
002666,voc/VOCdevkit/VOC2007/JPEGImages/002666.jpg,"[0,0,0,0,0,0,1,0,0,0,0,0,0,1,0,0,0,0,0,0]"
002667,voc/VOCdevkit/VOC2007/JPEGImages/002667.jpg,"[0,0,0,0,0,0,1,0,0,0,0,0,0,0,0,0,0,0,0,0]"
002668,voc/VOCdevkit/VOC2007/JPEGImages/002668.jpg,"[0,0,0,0,0,0,0,0,0,0,1,0,0,0,1,1,0,0,0,0]"
002669,voc/VOCdevkit/VOC2007/JPEGImages/002669.jpg,"[0,0,0,0,0,0,0,0,0,1,0,0,0,0,1,0,0,0,0,0]"
002670,voc/VOCdevkit/VOC2007/JPEGImages/002670.jpg,"[0,0,0,0,0,0,0,0,0,0,0,1,0,0,0,0,0,1,0,0]"
002675,voc/VOCdevkit/VOC2007/JPEGImages/002675.jpg,"[0,1,0,0,0,0,0,0,0,0,0,0,0,0,1,0,0,0,0,0]"
002677,voc/VOCdevkit/VOC2007/JPEGImages/002677.jpg,"[0,0,0,0,0,0,0,1,0,0,0,0,0,0,0,0,0,0,0,0]"
002678,voc/VOCdevkit/VOC2007/JPEGImages/002678.jpg,"[0,0,0,0,0,0,0,0,0,0,0,0,1,0,1,0,0,0,0,0]"
002680,voc/VOCdevkit/VOC2007/JPEGImages/002680.jpg,"[0,0,0,0,0,0,0,0,0,0,0,1,0,0,0,0,0,0,0,0]"
002682,voc/VOCdevkit/VOC2007/JPEGImages/002682.jpg,"[0,0,0,0,0,0,1,0,0,0,0,0,0,0,0,0,0,0,0,0]"
002684,voc/VOCdevkit/VOC2007/JPEGImages/002684.jpg,"[0,0,0,0,0,0,0,0,0,0,0,0,1,0,0,0,0,0,0,0]"
002691,voc/VOCdevkit/VOC2007/JPEGImages/002691.jpg,"[0,0,0,0,0,0,1,0,0,0,0,1,0,0,1,0,0,1,0,0]"
002693,voc/VOCdevkit/VOC2007/JPEGImages/002693.jpg,"[0,0,0,0,0,0,1,0,0,0,0,0,0,0,1,0,0,0,0,0]"
002695,voc/VOCdevkit/VOC2007/JPEGImages/002695.jpg,"[0,0,0,0,0,0,0,0,0,1,0,0,0,0,0,0,0,0,0,0]"
002697,voc/VOCdevkit/VOC2007/JPEGImages/002697.jpg,"[0,0,0,0,0,0,0,0,0,0,0,1,0,0,0,0,0,0,0,0]"
002699,voc/VOCdevkit/VOC2007/JPEGImages/002699.jpg,"[0,0,0,0,0,1,0,0,0,0,0,0,0,0,0,0,0,0,0,0]"
002704,voc/VOCdevkit/VOC2007/JPEGImages/002704.jpg,"[0,0,0,0,0,0,1,0,0,0,0,0,0,0,0,0,0,0,0,0]"
002709,voc/VOCdevkit/VOC2007/JPEGImages/002709.jpg,"[0,0,1,0,0,0,0,0,0,0,0,0,0,0,0,0,0,0,0,0]"
002710,voc/VOCdevkit/VOC2007/JPEGImages/002710.jpg,"[0,0,0,0,0,0,0,0,0,0,0,0,0,0,1,0,0,0,0,0]"
002713,voc/VOCdevkit/VOC2007/JPEGImages/002713.jpg,"[0,0,0,0,0,0,0,0,0,0,0,0,1,0,1,0,0,0,0,0]"
002715,voc/VOCdevkit/VOC2007/JPEGImages/002715.jpg,"[0,1,0,0,0,0,0,0,0,0,0,0,0,0,1,0,0,0,0,0]"
002723,voc/VOCdevkit/VOC2007/JPEGImages/002723.jpg,"[0,0,0,0,0,0,0,0,0,0,0,0,0,1,1,0,0,0,0,0]"
002727,voc/VOCdevkit/VOC2007/JPEGImages/002727.jpg,"[0,1,0,0,0,0,0,0,0,0,0,0,0,0,1,0,0,0,0,0]"
002730,voc/VOCdevkit/VOC2007/JPEGImages/002730.jpg,"[0,0,0,0,0,0,1,0,0,0,0,0,0,0,1,0,0,0,0,0]"
002732,voc/VOCdevkit/VOC2007/JPEGImages/002732.jpg,"[0,0,0,0,0,0,0,0,0,0,0,1,0,0,0,0,0,0,0,0]"
002734,voc/VOCdevkit/VOC2007/JPEGImages/002734.jpg,"[0,0,0,0,0,1,1,0,0,0,0,0,0,0,0,0,0,0,0,0]"
002735,voc/VOCdevkit/VOC2007/JPEGImages/002735.jpg,"[0,0,0,0,0,0,0,0,0,0,0,0,1,0,1,0,0,0,0,0]"
002737,voc/VOCdevkit/VOC2007/JPEGImages/002737.jpg,"[1,0,0,0,0,0,0,0,0,0,0,0,0,0,0,0,0,0,0,0]"
002738,voc/VOCdevkit/VOC2007/JPEGImages/002738.jpg,"[0,0,0,1,0,0,0,0,0,0,0,0,0,0,0,0,0,0,0,0]"
002741,voc/VOCdevkit/VOC2007/JPEGImages/002741.jpg,"[0,0,0,0,0,0,0,0,0,0,0,0,0,0,1,0,0,0,1,0]"
002744,voc/VOCdevkit/VOC2007/JPEGImages/002744.jpg,"[0,0,0,0,0,0,0,0,0,0,0,0,0,0,1,0,0,0,0,0]"
002745,voc/VOCdevkit/VOC2007/JPEGImages/002745.jpg,"[0,0,0,0,1,0,0,0,0,0,0,0,0,0,0,1,0,0,0,0]"
002747,voc/VOCdevkit/VOC2007/JPEGImages/002747.jpg,"[0,0,0,0,0,0,0,0,1,0,0,0,0,0,0,0,0,0,0,0]"
002749,voc/VOCdevkit/VOC2007/JPEGImages/002749.jpg,"[0,0,0,0,0,0,0,0,0,1,0,0,0,0,0,0,0,0,0,0]"
002751,voc/VOCdevkit/VOC2007/JPEGImages/002751.jpg,"[0,1,0,0,0,0,0,0,1,0,0,0,0,0,1,0,0,0,0,0]"
002755,voc/VOCdevkit/VOC2007/JPEGImages/002755.jpg,"[0,0,0,0,0,0,0,0,0,0,1,0,0,0,1,0,0,0,0,0]"
002757,voc/VOCdevkit/VOC2007/JPEGImages/002757.jpg,"[0,0,0,0,0,0,0,0,0,0,0,0,0,0,0,0,0,0,1,0]"
002759,voc/VOCdevkit/VOC2007/JPEGImages/002759.jpg,"[0,0,0,0,0,0,1,0,0,0,0,0,0,1,1,0,0,0,0,0]"
002760,voc/VOCdevkit/VOC2007/JPEGImages/002760.jpg,"[0,0,0,0,0,0,0,1,0,0,0,0,0,0,0,0,0,0,0,0]"
002762,voc/VOCdevkit/VOC2007/JPEGImages/002762.jpg,"[0,0,1,0,0,0,0,0,0,0,0,0,0,0,0,0,0,0,0,0]"
002763,voc/VOCdevkit/VOC2007/JPEGImages/002763.jpg,"[0,0,0,0,0,0,0,0,0,1,0,0,0,0,0,0,0,0,0,0]"
002765,voc/VOCdevkit/VOC2007/JPEGImages/002765.jpg,"[1,0,0,0,0,0,0,0,0,0,0,0,0,0,0,0,0,0,0,0]"
002766,voc/VOCdevkit/VOC2007/JPEGImages/002766.jpg,"[0,0,0,0,0,0,0,1,0,0,0,0,0,0,0,0,0,0,0,0]"
002767,voc/VOCdevkit/VOC2007/JPEGImages/002767.jpg,"[0,0,0,0,0,0,0,0,1,0,0,0,0,0,1,0,0,0,0,1]"
002774,voc/VOCdevkit/VOC2007/JPEGImages/002774.jpg,"[0,0,0,0,0,0,0,0,0,0,0,0,1,0,0,0,0,0,0,0]"
002775,voc/VOCdevkit/VOC2007/JPEGImages/002775.jpg,"[0,0,0,0,0,0,0,0,0,0,0,0,0,0,0,1,0,0,0,0]"
002776,voc/VOCdevkit/VOC2007/JPEGImages/002776.jpg,"[0,0,0,0,0,1,1,0,0,0,0,0,0,0,1,0,0,0,0,0]"
002778,voc/VOCdevkit/VOC2007/JPEGImages/002778.jpg,"[0,0,0,0,0,0,0,0,1,0,0,0,0,0,0,0,0,0,0,1]"
002782,voc/VOCdevkit/VOC2007/JPEGImages/002782.jpg,"[0,0,0,0,0,0,0,0,0,0,0,0,0,0,0,0,0,0,1,0]"
002783,voc/VOCdevkit/VOC2007/JPEGImages/002783.jpg,"[0,0,0,0,0,1,1,0,0,0,0,0,0,0,0,0,0,0,0,0]"
002784,voc/VOCdevkit/VOC2007/JPEGImages/002784.jpg,"[0,0,0,0,0,0,0,0,0,0,0,1,0,0,0,0,0,0,0,0]"
002786,voc/VOCdevkit/VOC2007/JPEGImages/002786.jpg,"[0,0,0,0,0,0,0,0,0,0,0,0,1,0,1,0,0,0,0,0]"
002791,voc/VOCdevkit/VOC2007/JPEGImages/002791.jpg,"[0,0,1,0,0,0,0,0,0,0,0,0,0,0,0,0,0,0,0,0]"
002794,voc/VOCdevkit/VOC2007/JPEGImages/002794.jpg,"[0,0,0,0,0,0,0,0,0,1,0,0,0,0,0,0,0,0,0,0]"
002795,voc/VOCdevkit/VOC2007/JPEGImages/002795.jpg,"[0,0,0,0,0,0,0,0,0,0,0,0,0,1,1,0,0,0,0,0]"
002798,voc/VOCdevkit/VOC2007/JPEGImages/002798.jpg,"[0,0,0,0,0,0,0,0,1,0,1,0,0,0,1,1,0,0,0,0]"
002800,voc/VOCdevkit/VOC2007/JPEGImages/002800.jpg,"[0,0,0,0,0,0,0,0,0,0,0,0,1,0,0,0,0,0,0,0]"
002801,voc/VOCdevkit/VOC2007/JPEGImages/002801.jpg,"[0,0,0,0,0,0,0,0,1,0,1,0,0,0,0,0,0,0,0,0]"
002803,voc/VOCdevkit/VOC2007/JPEGImages/002803.jpg,"[0,0,0,0,0,0,0,0,1,0,0,0,0,0,1,0,0,0,0,0]"
002804,voc/VOCdevkit/VOC2007/JPEGImages/002804.jpg,"[0,0,0,0,0,0,1,0,0,0,0,0,1,0,1,0,0,0,0,0]"
002807,voc/VOCdevkit/VOC2007/JPEGImages/002807.jpg,"[0,0,0,0,0,0,0,0,0,0,0,0,0,1,1,0,0,0,0,0]"
002812,voc/VOCdevkit/VOC2007/JPEGImages/002812.jpg,"[0,0,0,0,0,1,1,0,0,0,0,0,0,0,0,0,0,0,0,0]"
002815,voc/VOCdevkit/VOC2007/JPEGImages/002815.jpg,"[0,0,0,0,0,0,0,0,0,0,0,0,0,0,1,0,0,0,0,0]"
002816,voc/VOCdevkit/VOC2007/JPEGImages/002816.jpg,"[0,0,0,0,0,1,0,0,0,0,0,0,0,0,0,0,0,0,0,0]"
002817,voc/VOCdevkit/VOC2007/JPEGImages/002817.jpg,"[0,0,0,0,0,0,0,0,0,0,0,0,0,0,0,1,0,0,0,0]"
002820,voc/VOCdevkit/VOC2007/JPEGImages/002820.jpg,"[0,0,0,0,0,0,0,0,0,0,0,0,0,0,0,1,0,0,0,0]"
002826,voc/VOCdevkit/VOC2007/JPEGImages/002826.jpg,"[0,0,0,0,0,0,0,0,0,0,0,1,0,0,1,0,0,0,0,0]"
002827,voc/VOCdevkit/VOC2007/JPEGImages/002827.jpg,"[0,0,0,0,0,0,0,0,0,0,0,0,0,0,1,0,0,0,0,0]"
002833,voc/VOCdevkit/VOC2007/JPEGImages/002833.jpg,"[0,0,0,0,0,0,1,0,0,0,0,0,0,0,0,0,0,0,0,0]"
002834,voc/VOCdevkit/VOC2007/JPEGImages/002834.jpg,"[0,0,0,0,0,0,0,0,0,0,0,0,0,0,1,0,0,0,0,0]"
002835,voc/VOCdevkit/VOC2007/JPEGImages/002835.jpg,"[0,0,0,0,0,0,0,0,0,0,0,0,0,0,0,0,0,0,1,0]"
002836,voc/VOCdevkit/VOC2007/JPEGImages/002836.jpg,"[0,0,1,0,0,0,0,0,0,0,0,0,0,0,0,0,0,0,0,0]"
002841,voc/VOCdevkit/VOC2007/JPEGImages/002841.jpg,"[0,0,0,0,0,0,0,0,0,0,0,0,0,0,1,0,0,0,0,0]"
002842,voc/VOCdevkit/VOC2007/JPEGImages/002842.jpg,"[0,0,0,0,0,0,0,0,0,0,0,0,1,0,1,0,0,0,0,0]"
002845,voc/VOCdevkit/VOC2007/JPEGImages/002845.jpg,"[0,0,0,0,0,0,0,0,0,0,0,0,0,0,0,0,1,0,0,0]"
002847,voc/VOCdevkit/VOC2007/JPEGImages/002847.jpg,"[1,0,0,0,0,0,0,0,0,0,0,0,0,0,0,0,0,0,0,0]"
002855,voc/VOCdevkit/VOC2007/JPEGImages/002855.jpg,"[0,0,0,0,0,0,0,0,0,0,0,0,0,0,1,0,0,1,0,0]"
002858,voc/VOCdevkit/VOC2007/JPEGImages/002858.jpg,"[0,0,0,0,0,0,0,0,0,0,0,0,1,0,1,0,0,0,0,0]"
002859,voc/VOCdevkit/VOC2007/JPEGImages/002859.jpg,"[0,0,0,0,0,1,0,0,0,0,0,0,0,0,1,0,0,0,0,0]"
002864,voc/VOCdevkit/VOC2007/JPEGImages/002864.jpg,"[0,0,0,0,0,0,0,0,0,0,0,0,0,0,1,0,0,0,0,0]"
002866,voc/VOCdevkit/VOC2007/JPEGImages/002866.jpg,"[0,0,0,0,0,0,0,0,1,0,1,0,0,0,0,0,0,0,0,0]"
002867,voc/VOCdevkit/VOC2007/JPEGImages/002867.jpg,"[0,0,0,0,0,1,0,0,0,0,0,0,0,0,1,0,0,0,0,0]"
002868,voc/VOCdevkit/VOC2007/JPEGImages/002868.jpg,"[0,0,1,0,0,0,0,0,0,1,0,0,0,0,0,0,0,0,0,0]"
002870,voc/VOCdevkit/VOC2007/JPEGImages/002870.jpg,"[0,0,0,0,0,0,0,0,0,0,0,0,0,1,1,0,0,0,0,0]"
002873,voc/VOCdevkit/VOC2007/JPEGImages/002873.jpg,"[1,0,0,0,0,0,0,0,0,0,0,0,0,0,0,0,1,0,0,0]"
002875,voc/VOCdevkit/VOC2007/JPEGImages/002875.jpg,"[0,0,0,0,0,0,0,0,0,0,0,1,0,0,0,0,0,0,0,0]"
002879,voc/VOCdevkit/VOC2007/JPEGImages/002879.jpg,"[0,0,0,0,0,0,0,0,0,0,0,0,0,0,1,0,0,0,0,0]"
002880,voc/VOCdevkit/VOC2007/JPEGImages/002880.jpg,"[0,0,0,0,0,0,0,0,0,0,0,1,0,0,0,0,0,0,0,0]"
002881,voc/VOCdevkit/VOC2007/JPEGImages/002881.jpg,"[0,0,0,0,1,0,0,0,0,0,0,0,0,0,1,0,0,0,0,0]"
002884,voc/VOCdevkit/VOC2007/JPEGImages/002884.jpg,"[0,0,0,0,0,0,1,0,0,0,0,0,0,0,1,0,0,0,0,0]"
002886,voc/VOCdevkit/VOC2007/JPEGImages/002886.jpg,"[0,0,0,0,0,0,0,0,0,0,0,0,0,0,1,0,0,0,0,0]"
002889,voc/VOCdevkit/VOC2007/JPEGImages/002889.jpg,"[0,0,0,0,0,0,0,0,0,0,0,0,0,0,1,0,0,0,0,0]"
002893,voc/VOCdevkit/VOC2007/JPEGImages/002893.jpg,"[0,0,0,0,0,0,0,0,0,0,0,0,0,1,0,0,0,0,0,0]"
002899,voc/VOCdevkit/VOC2007/JPEGImages/002899.jpg,"[0,0,0,0,0,1,0,0,0,0,0,0,0,0,1,0,0,0,0,0]"
002901,voc/VOCdevkit/VOC2007/JPEGImages/002901.jpg,"[0,0,0,0,0,0,0,0,0,0,0,0,0,0,1,0,0,0,0,1]"
002906,voc/VOCdevkit/VOC2007/JPEGImages/002906.jpg,"[0,0,0,0,0,0,0,0,0,0,0,0,0,0,0,0,0,0,1,0]"
002910,voc/VOCdevkit/VOC2007/JPEGImages/002910.jpg,"[0,0,0,0,0,0,0,0,1,0,0,0,0,0,0,0,0,0,0,0]"
002912,voc/VOCdevkit/VOC2007/JPEGImages/002912.jpg,"[0,1,0,0,0,0,0,0,0,0,0,0,0,0,1,0,0,0,0,0]"
002913,voc/VOCdevkit/VOC2007/JPEGImages/002913.jpg,"[0,0,0,0,0,0,0,0,0,0,0,0,0,0,1,0,0,0,1,0]"
002914,voc/VOCdevkit/VOC2007/JPEGImages/002914.jpg,"[0,0,0,0,0,0,0,0,0,0,1,0,0,0,1,0,0,0,0,0]"
002915,voc/VOCdevkit/VOC2007/JPEGImages/002915.jpg,"[0,0,0,0,0,0,0,0,0,0,0,0,0,0,1,0,0,0,0,0]"
002916,voc/VOCdevkit/VOC2007/JPEGImages/002916.jpg,"[0,0,0,0,0,0,0,0,0,0,0,0,0,0,1,0,0,1,0,0]"
002917,voc/VOCdevkit/VOC2007/JPEGImages/002917.jpg,"[0,0,0,0,0,0,1,0,0,0,0,0,0,0,0,0,0,0,0,0]"
002919,voc/VOCdevkit/VOC2007/JPEGImages/002919.jpg,"[0,0,1,0,0,0,0,0,0,0,0,0,0,0,0,0,0,0,0,0]"
002934,voc/VOCdevkit/VOC2007/JPEGImages/002934.jpg,"[0,0,0,0,0,0,0,1,0,0,0,0,0,0,0,0,0,0,0,0]"
002935,voc/VOCdevkit/VOC2007/JPEGImages/002935.jpg,"[0,0,0,0,0,0,0,0,0,0,0,0,0,0,1,0,0,0,0,0]"
002937,voc/VOCdevkit/VOC2007/JPEGImages/002937.jpg,"[0,0,0,0,0,0,1,0,0,0,0,0,0,0,0,0,0,0,0,0]"
002939,voc/VOCdevkit/VOC2007/JPEGImages/002939.jpg,"[0,0,0,0,1,0,0,0,1,0,0,0,0,0,1,0,0,0,0,1]"
002940,voc/VOCdevkit/VOC2007/JPEGImages/002940.jpg,"[0,0,0,0,0,0,0,0,0,1,0,0,0,0,1,0,0,0,0,0]"
002941,voc/VOCdevkit/VOC2007/JPEGImages/002941.jpg,"[0,0,0,0,1,0,0,0,0,0,0,0,0,0,0,0,0,0,0,0]"
002943,voc/VOCdevkit/VOC2007/JPEGImages/002943.jpg,"[0,0,0,0,0,0,0,0,1,0,1,0,0,0,0,0,0,0,0,0]"
002944,voc/VOCdevkit/VOC2007/JPEGImages/002944.jpg,"[0,0,0,0,0,0,0,1,0,0,0,0,0,0,0,0,0,0,0,0]"
002946,voc/VOCdevkit/VOC2007/JPEGImages/002946.jpg,"[0,0,0,0,0,0,0,0,0,0,0,0,0,0,0,1,0,0,0,0]"
002947,voc/VOCdevkit/VOC2007/JPEGImages/002947.jpg,"[0,0,0,0,0,0,0,0,1,0,0,0,0,0,0,0,0,1,0,0]"
002952,voc/VOCdevkit/VOC2007/JPEGImages/002952.jpg,"[0,0,0,0,0,0,0,1,0,0,0,0,0,0,0,0,0,0,0,1]"
002953,voc/VOCdevkit/VOC2007/JPEGImages/002953.jpg,"[0,0,0,0,1,0,0,0,0,0,0,0,0,0,0,0,0,0,0,1]"
002954,voc/VOCdevkit/VOC2007/JPEGImages/002954.jpg,"[0,0,0,0,0,0,0,0,0,0,0,0,0,0,1,0,0,0,0,0]"
002957,voc/VOCdevkit/VOC2007/JPEGImages/002957.jpg,"[0,0,0,0,0,0,0,0,1,0,0,1,0,0,0,0,0,0,0,0]"
002958,voc/VOCdevkit/VOC2007/JPEGImages/002958.jpg,"[0,0,0,0,0,0,0,0,0,0,0,0,0,0,1,0,0,0,0,0]"
002962,voc/VOCdevkit/VOC2007/JPEGImages/002962.jpg,"[0,0,0,0,0,0,0,0,0,0,0,0,0,0,1,0,0,0,0,1]"
002963,voc/VOCdevkit/VOC2007/JPEGImages/002963.jpg,"[0,0,0,0,0,0,0,0,0,0,0,0,0,0,0,0,1,0,0,0]"
002965,voc/VOCdevkit/VOC2007/JPEGImages/002965.jpg,"[0,0,0,0,1,0,0,0,0,0,0,0,0,0,1,0,0,0,0,0]"
002966,voc/VOCdevkit/VOC2007/JPEGImages/002966.jpg,"[0,0,0,0,0,0,0,0,0,0,0,1,0,0,0,0,0,0,0,0]"
002967,voc/VOCdevkit/VOC2007/JPEGImages/002967.jpg,"[0,0,0,0,0,0,0,0,0,0,0,0,0,0,0,1,0,0,0,0]"
002975,voc/VOCdevkit/VOC2007/JPEGImages/002975.jpg,"[0,0,0,0,0,0,0,0,0,0,0,0,0,0,1,0,0,0,1,0]"
002976,voc/VOCdevkit/VOC2007/JPEGImages/002976.jpg,"[0,0,0,0,0,0,0,0,0,0,0,0,0,0,1,0,0,0,0,0]"
002977,voc/VOCdevkit/VOC2007/JPEGImages/002977.jpg,"[0,0,0,0,0,0,0,0,0,0,0,1,0,0,0,0,0,0,0,0]"
002978,voc/VOCdevkit/VOC2007/JPEGImages/002978.jpg,"[0,0,0,0,0,0,0,0,0,1,0,0,0,0,0,0,0,0,0,0]"
002984,voc/VOCdevkit/VOC2007/JPEGImages/002984.jpg,"[0,0,1,0,0,0,0,0,0,0,0,0,0,0,0,0,0,0,0,0]"
002986,voc/VOCdevkit/VOC2007/JPEGImages/002986.jpg,"[0,0,0,0,0,0,0,0,0,0,0,0,0,0,0,0,1,0,0,0]"
002988,voc/VOCdevkit/VOC2007/JPEGImages/002988.jpg,"[0,0,0,0,0,0,0,0,0,0,0,0,0,0,1,0,0,0,0,0]"
002989,voc/VOCdevkit/VOC2007/JPEGImages/002989.jpg,"[0,0,0,0,0,0,0,0,1,0,0,0,0,0,0,0,0,1,0,1]"
002990,voc/VOCdevkit/VOC2007/JPEGImages/002990.jpg,"[0,0,0,0,0,0,0,0,0,1,0,0,0,0,1,0,0,0,0,0]"
002992,voc/VOCdevkit/VOC2007/JPEGImages/002992.jpg,"[0,1,0,0,0,0,0,0,0,0,0,0,0,0,1,0,0,0,0,0]"
002994,voc/VOCdevkit/VOC2007/JPEGImages/002994.jpg,"[0,0,0,0,0,0,1,0,0,0,0,0,0,0,0,0,0,0,0,0]"
002995,voc/VOCdevkit/VOC2007/JPEGImages/002995.jpg,"[0,0,0,0,0,0,0,1,0,0,0,0,0,0,0,0,0,0,0,0]"
003000,voc/VOCdevkit/VOC2007/JPEGImages/003000.jpg,"[1,0,0,0,0,0,0,0,0,0,0,0,0,0,0,0,0,0,0,0]"
003002,voc/VOCdevkit/VOC2007/JPEGImages/003002.jpg,"[0,0,0,0,0,0,0,0,0,0,0,0,0,0,1,1,0,0,0,0]"
003003,voc/VOCdevkit/VOC2007/JPEGImages/003003.jpg,"[0,0,0,0,0,0,0,0,0,0,0,0,0,0,1,0,0,0,0,0]"
003005,voc/VOCdevkit/VOC2007/JPEGImages/003005.jpg,"[0,0,0,0,0,0,0,0,1,0,0,0,0,0,0,0,0,1,0,1]"
003008,voc/VOCdevkit/VOC2007/JPEGImages/003008.jpg,"[0,0,0,1,0,0,0,0,0,0,0,0,0,0,0,0,0,0,0,0]"
003011,voc/VOCdevkit/VOC2007/JPEGImages/003011.jpg,"[0,0,0,0,0,0,0,0,1,0,1,0,0,0,0,0,0,1,0,1]"
003013,voc/VOCdevkit/VOC2007/JPEGImages/003013.jpg,"[0,0,0,0,0,0,1,0,0,0,0,0,0,0,0,0,0,0,0,0]"
003017,voc/VOCdevkit/VOC2007/JPEGImages/003017.jpg,"[0,0,0,0,0,0,0,0,0,0,0,0,1,0,1,0,0,0,0,0]"
003021,voc/VOCdevkit/VOC2007/JPEGImages/003021.jpg,"[0,0,0,0,0,1,0,0,0,0,0,0,0,0,0,0,0,0,0,0]"
003023,voc/VOCdevkit/VOC2007/JPEGImages/003023.jpg,"[0,0,0,0,0,0,0,0,1,0,0,0,0,0,1,0,0,0,0,0]"
003028,voc/VOCdevkit/VOC2007/JPEGImages/003028.jpg,"[1,0,0,0,0,0,0,0,0,0,0,0,0,0,0,0,0,0,0,0]"
003031,voc/VOCdevkit/VOC2007/JPEGImages/003031.jpg,"[0,0,0,0,0,0,0,1,0,0,0,0,0,0,1,0,0,0,0,0]"
003032,voc/VOCdevkit/VOC2007/JPEGImages/003032.jpg,"[1,0,0,0,0,0,1,0,0,0,0,0,0,0,0,0,0,0,0,0]"
003034,voc/VOCdevkit/VOC2007/JPEGImages/003034.jpg,"[0,0,0,0,0,0,0,0,1,0,1,0,0,0,1,1,0,1,0,0]"
003038,voc/VOCdevkit/VOC2007/JPEGImages/003038.jpg,"[0,0,0,0,0,0,0,0,0,0,0,0,0,0,0,0,0,0,1,0]"
003039,voc/VOCdevkit/VOC2007/JPEGImages/003039.jpg,"[0,0,0,0,0,0,0,0,0,0,0,0,0,0,1,0,0,0,0,0]"
003044,voc/VOCdevkit/VOC2007/JPEGImages/003044.jpg,"[0,0,0,0,0,0,0,0,0,0,0,0,0,0,1,1,0,0,0,0]"
003045,voc/VOCdevkit/VOC2007/JPEGImages/003045.jpg,"[0,0,0,0,0,0,0,1,0,0,0,0,0,0,0,0,0,0,0,0]"
003047,voc/VOCdevkit/VOC2007/JPEGImages/003047.jpg,"[0,1,0,0,0,0,0,0,0,0,0,0,0,0,0,0,0,0,0,0]"
003051,voc/VOCdevkit/VOC2007/JPEGImages/003051.jpg,"[0,0,0,0,0,0,1,0,0,0,0,0,0,0,0,0,0,0,0,0]"
003053,voc/VOCdevkit/VOC2007/JPEGImages/003053.jpg,"[0,0,0,0,0,0,1,0,0,0,0,0,0,0,0,0,0,0,1,0]"
003054,voc/VOCdevkit/VOC2007/JPEGImages/003054.jpg,"[0,0,0,0,0,0,1,0,0,0,0,0,0,0,0,0,0,1,0,0]"
003056,voc/VOCdevkit/VOC2007/JPEGImages/003056.jpg,"[0,0,0,0,1,0,0,0,1,0,1,0,0,0,0,0,0,1,0,0]"
003057,voc/VOCdevkit/VOC2007/JPEGImages/003057.jpg,"[0,0,0,0,0,0,1,0,0,0,0,0,0,1,1,0,0,0,0,0]"
003058,voc/VOCdevkit/VOC2007/JPEGImages/003058.jpg,"[0,0,0,0,0,0,0,0,0,0,0,0,0,0,1,0,0,0,0,0]"
003061,voc/VOCdevkit/VOC2007/JPEGImages/003061.jpg,"[0,0,0,0,0,0,0,0,1,0,0,0,0,0,0,0,0,0,0,0]"
003063,voc/VOCdevkit/VOC2007/JPEGImages/003063.jpg,"[0,0,0,0,0,0,0,0,0,0,0,0,0,0,1,0,0,1,0,0]"
003065,voc/VOCdevkit/VOC2007/JPEGImages/003065.jpg,"[0,0,0,1,0,0,0,0,0,0,0,0,0,0,1,0,0,0,0,0]"
003066,voc/VOCdevkit/VOC2007/JPEGImages/003066.jpg,"[0,0,1,0,0,0,0,0,0,0,0,0,0,0,0,0,0,0,0,0]"
003072,voc/VOCdevkit/VOC2007/JPEGImages/003072.jpg,"[0,0,1,0,0,0,0,0,0,0,0,0,0,0,0,0,0,0,0,0]"
003074,voc/VOCdevkit/VOC2007/JPEGImages/003074.jpg,"[0,0,1,0,0,0,0,0,0,0,0,0,0,0,0,0,0,0,0,0]"
003078,voc/VOCdevkit/VOC2007/JPEGImages/003078.jpg,"[0,0,0,0,0,0,0,0,1,0,0,0,0,0,1,0,0,0,0,0]"
003082,voc/VOCdevkit/VOC2007/JPEGImages/003082.jpg,"[0,0,1,0,0,0,0,0,0,0,0,0,0,0,0,0,0,0,0,0]"
003083,voc/VOCdevkit/VOC2007/JPEGImages/003083.jpg,"[0,0,0,0,0,1,1,0,0,0,0,0,0,0,0,0,0,0,0,0]"
003085,voc/VOCdevkit/VOC2007/JPEGImages/003085.jpg,"[0,0,0,0,0,0,0,1,0,0,0,0,0,0,0,0,0,0,0,0]"
003086,voc/VOCdevkit/VOC2007/JPEGImages/003086.jpg,"[0,0,0,0,0,0,0,0,0,0,0,0,0,0,1,0,0,0,0,0]"
003088,voc/VOCdevkit/VOC2007/JPEGImages/003088.jpg,"[0,0,0,0,1,0,0,0,0,0,0,0,0,0,1,0,0,0,0,0]"
003089,voc/VOCdevkit/VOC2007/JPEGImages/003089.jpg,"[0,0,0,0,0,0,0,0,0,0,0,0,0,1,1,0,0,0,0,0]"
003092,voc/VOCdevkit/VOC2007/JPEGImages/003092.jpg,"[0,0,0,0,0,0,1,0,0,0,0,0,0,0,0,0,0,0,0,0]"
003093,voc/VOCdevkit/VOC2007/JPEGImages/003093.jpg,"[0,0,0,0,0,0,0,0,0,0,0,0,0,0,0,1,0,0,0,0]"
003094,voc/VOCdevkit/VOC2007/JPEGImages/003094.jpg,"[0,0,0,0,0,0,1,0,0,0,0,0,0,0,0,0,0,0,0,0]"
003098,voc/VOCdevkit/VOC2007/JPEGImages/003098.jpg,"[0,0,0,1,0,0,0,0,0,0,0,0,0,0,0,0,0,0,0,0]"
003100,voc/VOCdevkit/VOC2007/JPEGImages/003100.jpg,"[0,0,0,0,0,0,0,0,0,0,0,1,0,0,1,0,0,0,0,0]"
003103,voc/VOCdevkit/VOC2007/JPEGImages/003103.jpg,"[0,0,0,0,0,0,1,0,0,0,0,0,0,0,0,0,0,0,0,0]"
003105,voc/VOCdevkit/VOC2007/JPEGImages/003105.jpg,"[0,0,0,0,0,0,0,0,0,1,0,0,0,0,0,0,0,0,0,0]"
003106,voc/VOCdevkit/VOC2007/JPEGImages/003106.jpg,"[0,0,0,0,0,0,0,1,0,0,0,0,0,0,1,0,0,0,0,0]"
003107,voc/VOCdevkit/VOC2007/JPEGImages/003107.jpg,"[0,0,0,0,0,0,0,0,0,0,0,0,0,0,1,0,0,0,0,0]"
003108,voc/VOCdevkit/VOC2007/JPEGImages/003108.jpg,"[0,0,0,0,1,0,0,0,0,0,0,0,0,0,0,0,0,1,0,0]"
003110,voc/VOCdevkit/VOC2007/JPEGImages/003110.jpg,"[0,0,0,0,0,0,0,0,0,0,0,1,0,0,0,0,0,0,0,0]"
003116,voc/VOCdevkit/VOC2007/JPEGImages/003116.jpg,"[0,0,1,0,0,0,0,0,0,0,0,0,0,0,0,0,0,0,0,0]"
003117,voc/VOCdevkit/VOC2007/JPEGImages/003117.jpg,"[0,0,0,0,0,0,1,0,0,0,0,0,0,0,0,0,0,0,0,0]"
003118,voc/VOCdevkit/VOC2007/JPEGImages/003118.jpg,"[0,0,1,0,0,0,0,0,0,0,0,0,0,0,1,0,0,0,0,0]"
003120,voc/VOCdevkit/VOC2007/JPEGImages/003120.jpg,"[0,0,0,0,0,0,0,0,1,0,1,0,0,0,0,0,0,1,0,1]"
003121,voc/VOCdevkit/VOC2007/JPEGImages/003121.jpg,"[0,0,0,0,0,0,0,0,0,0,0,0,1,0,1,0,0,0,0,0]"
003122,voc/VOCdevkit/VOC2007/JPEGImages/003122.jpg,"[0,0,0,0,1,0,0,0,0,0,0,0,0,0,1,0,0,0,0,0]"
003124,voc/VOCdevkit/VOC2007/JPEGImages/003124.jpg,"[0,0,0,0,0,0,0,0,0,0,0,0,0,1,1,0,0,0,0,0]"
003127,voc/VOCdevkit/VOC2007/JPEGImages/003127.jpg,"[0,0,0,0,0,0,0,1,0,0,0,0,0,0,0,0,0,0,0,0]"
003129,voc/VOCdevkit/VOC2007/JPEGImages/003129.jpg,"[0,0,0,0,0,0,0,0,1,0,0,0,0,0,1,0,0,0,0,0]"
003134,voc/VOCdevkit/VOC2007/JPEGImages/003134.jpg,"[0,0,0,0,0,0,0,0,0,0,0,0,0,0,1,0,0,0,0,0]"
003137,voc/VOCdevkit/VOC2007/JPEGImages/003137.jpg,"[0,0,0,0,0,1,0,0,0,0,0,0,0,0,0,0,0,0,0,0]"
003138,voc/VOCdevkit/VOC2007/JPEGImages/003138.jpg,"[0,0,0,0,0,0,0,0,0,0,0,0,0,0,1,0,0,0,0,0]"
003140,voc/VOCdevkit/VOC2007/JPEGImages/003140.jpg,"[0,0,0,0,0,0,0,0,0,0,0,0,0,0,1,0,0,0,0,0]"
003142,voc/VOCdevkit/VOC2007/JPEGImages/003142.jpg,"[0,1,0,0,0,0,0,0,0,0,0,0,0,0,0,0,0,0,0,0]"
003145,voc/VOCdevkit/VOC2007/JPEGImages/003145.jpg,"[0,0,0,0,0,0,0,0,0,0,0,0,0,0,1,0,0,0,0,0]"
003146,voc/VOCdevkit/VOC2007/JPEGImages/003146.jpg,"[0,0,0,0,0,0,0,0,0,0,0,0,0,0,0,1,0,0,0,0]"
003147,voc/VOCdevkit/VOC2007/JPEGImages/003147.jpg,"[0,0,0,0,0,0,0,0,0,0,0,1,0,0,1,0,0,0,0,0]"
003149,voc/VOCdevkit/VOC2007/JPEGImages/003149.jpg,"[0,0,0,0,1,0,0,0,0,0,0,0,0,0,0,0,0,0,0,0]"
003150,voc/VOCdevkit/VOC2007/JPEGImages/003150.jpg,"[0,0,0,0,0,0,0,0,0,0,0,0,0,0,1,0,0,1,0,0]"
003155,voc/VOCdevkit/VOC2007/JPEGImages/003155.jpg,"[0,0,1,0,0,0,0,0,0,0,0,0,0,0,0,0,0,0,0,0]"
003159,voc/VOCdevkit/VOC2007/JPEGImages/003159.jpg,"[0,0,0,0,1,0,0,0,0,0,0,0,0,0,1,0,0,0,0,0]"
003162,voc/VOCdevkit/VOC2007/JPEGImages/003162.jpg,"[0,0,0,0,0,0,0,0,0,0,0,0,0,1,1,0,0,0,0,0]"
003164,voc/VOCdevkit/VOC2007/JPEGImages/003164.jpg,"[0,0,0,0,0,0,0,0,0,0,0,0,0,0,0,0,0,0,1,0]"
003165,voc/VOCdevkit/VOC2007/JPEGImages/003165.jpg,"[0,0,0,0,0,0,1,0,0,0,0,0,0,0,0,0,0,0,0,0]"
003169,voc/VOCdevkit/VOC2007/JPEGImages/003169.jpg,"[0,0,0,0,0,0,0,1,0,0,0,0,0,0,0,0,0,1,0,0]"
003170,voc/VOCdevkit/VOC2007/JPEGImages/003170.jpg,"[0,0,0,0,0,0,0,0,0,0,0,0,0,0,1,0,1,0,0,0]"
003175,voc/VOCdevkit/VOC2007/JPEGImages/003175.jpg,"[0,1,0,0,0,0,0,0,0,0,0,0,0,0,1,0,0,0,0,0]"
003176,voc/VOCdevkit/VOC2007/JPEGImages/003176.jpg,"[0,0,0,0,0,0,1,0,0,0,0,0,0,0,0,0,0,0,0,0]"
003177,voc/VOCdevkit/VOC2007/JPEGImages/003177.jpg,"[0,0,0,0,0,0,0,0,0,0,0,1,0,0,0,0,0,0,0,0]"
003178,voc/VOCdevkit/VOC2007/JPEGImages/003178.jpg,"[0,0,0,0,0,0,0,0,0,0,0,0,0,0,0,0,0,0,1,0]"
003181,voc/VOCdevkit/VOC2007/JPEGImages/003181.jpg,"[0,0,0,0,1,0,0,0,0,0,0,0,0,0,1,0,0,0,0,0]"
003183,voc/VOCdevkit/VOC2007/JPEGImages/003183.jpg,"[1,0,0,0,0,0,0,0,0,0,0,0,0,0,0,0,0,0,0,0]"
003184,voc/VOCdevkit/VOC2007/JPEGImages/003184.jpg,"[0,0,0,0,0,0,0,1,0,0,0,0,0,0,0,0,0,0,0,0]"
003185,voc/VOCdevkit/VOC2007/JPEGImages/003185.jpg,"[0,0,0,0,1,0,0,0,1,0,0,0,0,0,1,0,0,0,0,0]"
003186,voc/VOCdevkit/VOC2007/JPEGImages/003186.jpg,"[0,0,0,0,0,0,0,0,1,0,0,0,0,0,0,1,0,1,0,0]"
003188,voc/VOCdevkit/VOC2007/JPEGImages/003188.jpg,"[0,1,0,0,0,0,0,0,0,0,0,0,0,0,1,0,0,0,0,0]"
003189,voc/VOCdevkit/VOC2007/JPEGImages/003189.jpg,"[0,0,0,0,0,0,0,0,0,0,0,0,1,0,1,1,0,0,0,0]"
003194,voc/VOCdevkit/VOC2007/JPEGImages/003194.jpg,"[0,0,0,0,0,0,0,0,0,0,0,1,0,0,0,0,0,0,0,0]"
003195,voc/VOCdevkit/VOC2007/JPEGImages/003195.jpg,"[0,0,0,0,0,1,1,0,0,0,0,0,0,0,0,0,0,0,0,0]"
003199,voc/VOCdevkit/VOC2007/JPEGImages/003199.jpg,"[0,0,1,0,0,0,0,0,0,0,0,0,0,0,0,0,0,0,0,0]"
003200,voc/VOCdevkit/VOC2007/JPEGImages/003200.jpg,"[1,0,0,0,0,0,0,0,0,0,0,0,0,0,0,0,0,0,0,0]"
003202,voc/VOCdevkit/VOC2007/JPEGImages/003202.jpg,"[0,0,0,0,0,0,0,0,1,0,1,0,0,0,0,1,0,0,0,0]"
003207,voc/VOCdevkit/VOC2007/JPEGImages/003207.jpg,"[0,0,0,0,1,0,0,0,0,0,0,0,0,0,0,0,0,0,0,0]"
003210,voc/VOCdevkit/VOC2007/JPEGImages/003210.jpg,"[0,0,0,0,0,0,0,0,0,0,0,0,1,0,1,0,0,0,0,0]"
003213,voc/VOCdevkit/VOC2007/JPEGImages/003213.jpg,"[0,0,0,0,0,0,0,1,0,0,0,0,0,0,1,0,0,0,0,0]"
003214,voc/VOCdevkit/VOC2007/JPEGImages/003214.jpg,"[0,0,0,0,0,0,1,0,0,0,0,0,0,0,0,0,0,0,0,0]"
003216,voc/VOCdevkit/VOC2007/JPEGImages/003216.jpg,"[0,0,0,0,0,0,0,0,1,0,0,1,0,0,0,0,0,0,0,0]"
003218,voc/VOCdevkit/VOC2007/JPEGImages/003218.jpg,"[0,1,0,0,0,0,0,0,0,0,0,0,0,0,1,0,0,0,0,0]"
003219,voc/VOCdevkit/VOC2007/JPEGImages/003219.jpg,"[0,0,0,0,1,0,0,0,1,0,1,0,0,0,0,0,0,0,0,0]"
003223,voc/VOCdevkit/VOC2007/JPEGImages/003223.jpg,"[0,0,0,1,0,0,0,0,0,0,0,0,0,0,0,0,0,0,0,0]"
003228,voc/VOCdevkit/VOC2007/JPEGImages/003228.jpg,"[0,0,0,0,0,1,1,0,0,0,0,1,0,0,1,0,0,0,0,0]"
003229,voc/VOCdevkit/VOC2007/JPEGImages/003229.jpg,"[1,0,0,0,0,0,0,0,0,0,0,0,0,0,0,0,0,0,0,0]"
003231,voc/VOCdevkit/VOC2007/JPEGImages/003231.jpg,"[0,0,0,0,0,0,1,0,0,0,0,0,0,0,0,0,0,0,0,0]"
003233,voc/VOCdevkit/VOC2007/JPEGImages/003233.jpg,"[1,0,0,0,0,0,0,0,0,0,0,0,0,0,0,0,0,0,0,0]"
003236,voc/VOCdevkit/VOC2007/JPEGImages/003236.jpg,"[0,0,0,0,0,0,0,0,0,0,0,0,0,0,1,0,0,1,0,0]"
003239,voc/VOCdevkit/VOC2007/JPEGImages/003239.jpg,"[0,0,0,0,0,0,0,0,1,0,0,0,0,0,0,1,0,0,0,0]"
003240,voc/VOCdevkit/VOC2007/JPEGImages/003240.jpg,"[0,1,0,0,0,0,1,0,0,0,0,0,0,0,0,0,0,0,0,0]"
003242,voc/VOCdevkit/VOC2007/JPEGImages/003242.jpg,"[0,0,1,0,0,0,0,0,0,0,0,0,0,0,0,0,0,0,0,0]"
003243,voc/VOCdevkit/VOC2007/JPEGImages/003243.jpg,"[0,0,0,0,0,0,1,0,0,0,0,0,0,0,0,0,0,0,0,0]"
003247,voc/VOCdevkit/VOC2007/JPEGImages/003247.jpg,"[0,0,0,0,1,0,0,0,0,0,0,0,0,0,1,0,0,0,0,0]"
003253,voc/VOCdevkit/VOC2007/JPEGImages/003253.jpg,"[0,0,0,0,0,0,0,0,0,0,0,1,0,0,1,0,0,0,0,0]"
003254,voc/VOCdevkit/VOC2007/JPEGImages/003254.jpg,"[0,0,1,0,0,0,0,0,0,0,0,0,0,0,0,0,0,0,0,0]"
003255,voc/VOCdevkit/VOC2007/JPEGImages/003255.jpg,"[0,0,0,0,0,0,0,0,0,0,0,0,0,0,0,0,0,1,0,0]"
003256,voc/VOCdevkit/VOC2007/JPEGImages/003256.jpg,"[0,0,1,0,0,0,1,0,0,0,0,0,0,0,0,0,0,0,0,0]"
003259,voc/VOCdevkit/VOC2007/JPEGImages/003259.jpg,"[0,0,0,0,1,0,0,0,1,0,1,0,0,0,1,0,0,0,0,0]"
003260,voc/VOCdevkit/VOC2007/JPEGImages/003260.jpg,"[0,0,0,0,0,0,0,0,0,0,0,0,0,0,1,0,0,0,0,1]"
003261,voc/VOCdevkit/VOC2007/JPEGImages/003261.jpg,"[0,0,0,0,0,0,1,0,0,0,0,0,0,0,1,0,0,0,0,0]"
003262,voc/VOCdevkit/VOC2007/JPEGImages/003262.jpg,"[0,0,0,0,1,0,0,0,0,0,0,0,0,0,0,0,0,0,0,0]"
003269,voc/VOCdevkit/VOC2007/JPEGImages/003269.jpg,"[0,0,0,0,1,0,0,0,0,0,0,0,0,0,0,0,0,0,0,0]"
003270,voc/VOCdevkit/VOC2007/JPEGImages/003270.jpg,"[0,0,1,0,0,0,0,0,0,0,0,0,0,0,1,0,0,0,0,0]"
003271,voc/VOCdevkit/VOC2007/JPEGImages/003271.jpg,"[0,0,0,0,0,0,1,0,0,0,0,0,0,0,0,0,0,0,0,0]"
003272,voc/VOCdevkit/VOC2007/JPEGImages/003272.jpg,"[0,0,0,0,0,0,0,1,0,0,0,0,0,0,0,0,0,0,0,0]"
003273,voc/VOCdevkit/VOC2007/JPEGImages/003273.jpg,"[0,0,1,0,0,0,0,0,0,0,0,0,0,0,0,0,0,0,0,0]"
003279,voc/VOCdevkit/VOC2007/JPEGImages/003279.jpg,"[0,0,0,0,0,0,0,0,0,0,0,0,0,0,0,0,0,1,0,0]"
003280,voc/VOCdevkit/VOC2007/JPEGImages/003280.jpg,"[0,0,0,0,0,0,0,0,0,0,0,0,0,0,1,0,0,0,0,0]"
003282,voc/VOCdevkit/VOC2007/JPEGImages/003282.jpg,"[0,0,0,0,0,0,0,0,0,0,0,0,0,0,1,0,0,0,0,0]"
003284,voc/VOCdevkit/VOC2007/JPEGImages/003284.jpg,"[0,0,0,1,0,0,0,0,1,0,1,1,0,0,1,1,0,1,0,0]"
003285,voc/VOCdevkit/VOC2007/JPEGImages/003285.jpg,"[0,0,0,0,0,0,1,0,0,0,0,0,0,0,0,0,0,0,0,0]"
003290,voc/VOCdevkit/VOC2007/JPEGImages/003290.jpg,"[0,0,0,0,0,0,0,0,0,0,0,0,1,0,1,0,0,0,0,0]"
003292,voc/VOCdevkit/VOC2007/JPEGImages/003292.jpg,"[0,0,0,0,0,0,0,0,0,0,0,0,0,0,1,0,0,0,0,0]"
003294,voc/VOCdevkit/VOC2007/JPEGImages/003294.jpg,"[0,0,0,0,0,0,0,0,0,0,0,0,1,0,0,0,0,0,0,0]"
003296,voc/VOCdevkit/VOC2007/JPEGImages/003296.jpg,"[0,0,0,0,0,0,0,0,0,0,0,0,0,0,1,0,0,0,0,0]"
003299,voc/VOCdevkit/VOC2007/JPEGImages/003299.jpg,"[1,0,0,0,0,0,0,0,0,0,0,0,0,0,0,0,0,0,0,0]"
003300,voc/VOCdevkit/VOC2007/JPEGImages/003300.jpg,"[0,0,0,0,0,0,0,0,1,0,1,0,0,0,0,0,0,1,0,1]"
003301,voc/VOCdevkit/VOC2007/JPEGImages/003301.jpg,"[0,0,0,0,0,0,0,0,1,0,0,1,0,0,1,1,0,0,0,0]"
003307,voc/VOCdevkit/VOC2007/JPEGImages/003307.jpg,"[0,0,0,0,0,0,0,0,0,0,0,0,1,0,0,0,0,0,0,0]"
003308,voc/VOCdevkit/VOC2007/JPEGImages/003308.jpg,"[0,0,0,0,0,0,0,1,1,0,0,0,0,0,0,0,0,0,0,0]"
003311,voc/VOCdevkit/VOC2007/JPEGImages/003311.jpg,"[0,0,0,0,0,1,0,0,0,0,0,0,0,0,1,0,0,0,0,0]"
003313,voc/VOCdevkit/VOC2007/JPEGImages/003313.jpg,"[0,0,0,0,0,0,1,0,0,0,0,0,0,0,1,0,0,0,0,0]"
003316,voc/VOCdevkit/VOC2007/JPEGImages/003316.jpg,"[0,0,1,0,0,0,0,0,0,0,0,0,0,0,0,0,0,0,0,0]"
003320,voc/VOCdevkit/VOC2007/JPEGImages/003320.jpg,"[0,0,0,0,0,0,0,0,0,0,0,0,0,0,1,0,0,0,0,0]"
003325,voc/VOCdevkit/VOC2007/JPEGImages/003325.jpg,"[0,0,0,0,0,0,0,0,0,0,0,1,0,0,0,0,0,0,0,0]"
003327,voc/VOCdevkit/VOC2007/JPEGImages/003327.jpg,"[0,0,0,0,0,0,0,0,0,0,0,0,0,1,1,0,0,0,0,0]"
003330,voc/VOCdevkit/VOC2007/JPEGImages/003330.jpg,"[0,0,1,0,0,0,0,0,0,0,0,0,0,0,0,0,0,0,0,0]"
003331,voc/VOCdevkit/VOC2007/JPEGImages/003331.jpg,"[0,0,0,0,0,0,1,0,0,0,0,0,0,0,1,0,0,0,0,0]"
003336,voc/VOCdevkit/VOC2007/JPEGImages/003336.jpg,"[0,0,0,0,0,0,0,0,0,0,0,0,0,1,0,0,0,0,0,0]"
003337,voc/VOCdevkit/VOC2007/JPEGImages/003337.jpg,"[0,0,0,1,0,0,0,0,0,0,0,0,0,0,0,0,0,0,0,0]"
003339,voc/VOCdevkit/VOC2007/JPEGImages/003339.jpg,"[0,0,0,0,0,0,0,0,0,0,0,1,0,0,0,0,0,0,0,0]"
003343,voc/VOCdevkit/VOC2007/JPEGImages/003343.jpg,"[0,0,0,0,0,0,0,0,0,0,0,1,0,0,0,0,0,0,0,0]"
003355,voc/VOCdevkit/VOC2007/JPEGImages/003355.jpg,"[0,0,0,0,0,0,1,0,0,0,0,0,0,0,1,0,0,0,0,0]"
003356,voc/VOCdevkit/VOC2007/JPEGImages/003356.jpg,"[0,0,0,0,0,0,0,0,0,0,0,0,0,0,0,0,0,0,0,1]"
003359,voc/VOCdevkit/VOC2007/JPEGImages/003359.jpg,"[0,0,0,0,0,0,1,0,0,0,0,0,0,0,0,0,0,0,0,0]"
003360,voc/VOCdevkit/VOC2007/JPEGImages/003360.jpg,"[0,0,0,0,0,0,0,0,1,0,0,1,0,0,1,0,0,0,0,0]"
003362,voc/VOCdevkit/VOC2007/JPEGImages/003362.jpg,"[0,0,0,0,0,0,0,0,0,0,0,0,1,0,1,0,0,0,0,0]"
003363,voc/VOCdevkit/VOC2007/JPEGImages/003363.jpg,"[0,0,0,0,0,0,1,0,0,0,0,0,0,0,0,0,0,0,0,0]"
003367,voc/VOCdevkit/VOC2007/JPEGImages/003367.jpg,"[0,0,0,0,0,0,0,0,0,0,0,0,0,1,1,1,0,0,0,0]"
003369,voc/VOCdevkit/VOC2007/JPEGImages/003369.jpg,"[1,0,0,0,0,0,0,0,0,0,0,0,0,0,1,0,0,0,0,1]"
003373,voc/VOCdevkit/VOC2007/JPEGImages/003373.jpg,"[0,0,0,0,0,0,0,0,0,0,0,1,0,0,1,0,0,0,0,0]"
003374,voc/VOCdevkit/VOC2007/JPEGImages/003374.jpg,"[0,0,0,0,0,0,0,0,0,0,0,1,0,0,0,1,0,0,0,1]"
003376,voc/VOCdevkit/VOC2007/JPEGImages/003376.jpg,"[0,0,0,0,1,0,0,0,1,0,0,0,0,0,1,0,0,0,0,0]"
003379,voc/VOCdevkit/VOC2007/JPEGImages/003379.jpg,"[0,0,0,0,0,0,1,0,0,0,0,0,0,0,0,0,0,0,0,0]"
003380,voc/VOCdevkit/VOC2007/JPEGImages/003380.jpg,"[0,0,0,0,0,0,0,0,0,0,0,0,0,0,1,0,0,0,0,0]"
003382,voc/VOCdevkit/VOC2007/JPEGImages/003382.jpg,"[0,0,0,0,0,0,0,0,0,0,0,0,0,0,1,0,1,0,0,0]"
003386,voc/VOCdevkit/VOC2007/JPEGImages/003386.jpg,"[1,0,0,0,0,0,0,0,0,0,0,0,0,0,1,0,0,0,0,0]"
003391,voc/VOCdevkit/VOC2007/JPEGImages/003391.jpg,"[0,0,0,0,0,0,0,0,0,0,0,0,0,1,1,0,0,0,0,0]"
003392,voc/VOCdevkit/VOC2007/JPEGImages/003392.jpg,"[0,0,0,0,0,0,0,1,0,0,0,0,0,0,0,0,0,0,0,0]"
003395,voc/VOCdevkit/VOC2007/JPEGImages/003395.jpg,"[0,1,0,0,0,0,0,0,0,0,0,0,0,0,1,0,0,1,0,0]"
003397,voc/VOCdevkit/VOC2007/JPEGImages/003397.jpg,"[0,0,0,0,0,0,1,0,0,0,0,0,0,0,1,0,0,0,0,0]"
003398,voc/VOCdevkit/VOC2007/JPEGImages/003398.jpg,"[0,0,0,0,0,0,0,0,0,0,0,0,0,0,0,0,0,0,0,1]"
003401,voc/VOCdevkit/VOC2007/JPEGImages/003401.jpg,"[0,0,0,0,0,0,0,0,1,0,0,0,0,0,0,0,0,0,0,1]"
003403,voc/VOCdevkit/VOC2007/JPEGImages/003403.jpg,"[0,0,0,0,0,0,0,0,0,0,0,0,1,0,1,0,0,0,0,0]"
003404,voc/VOCdevkit/VOC2007/JPEGImages/003404.jpg,"[0,0,0,1,0,0,0,0,0,0,0,0,0,0,0,0,0,0,0,0]"
003406,voc/VOCdevkit/VOC2007/JPEGImages/003406.jpg,"[0,0,0,0,0,0,1,0,0,0,0,0,0,0,1,0,0,0,0,0]"
003407,voc/VOCdevkit/VOC2007/JPEGImages/003407.jpg,"[0,0,0,0,0,1,0,0,0,0,0,0,0,0,1,0,0,0,0,0]"
003408,voc/VOCdevkit/VOC2007/JPEGImages/003408.jpg,"[0,0,0,0,0,0,0,0,0,0,0,0,0,0,0,0,0,1,0,0]"
003412,voc/VOCdevkit/VOC2007/JPEGImages/003412.jpg,"[0,0,0,0,0,0,0,0,0,0,0,0,0,1,1,0,0,0,0,0]"
003413,voc/VOCdevkit/VOC2007/JPEGImages/003413.jpg,"[0,0,0,1,0,0,0,0,0,0,0,0,0,0,0,0,0,0,0,0]"
003415,voc/VOCdevkit/VOC2007/JPEGImages/003415.jpg,"[0,0,0,0,0,0,0,1,0,0,0,0,0,0,0,0,0,0,0,0]"
003417,voc/VOCdevkit/VOC2007/JPEGImages/003417.jpg,"[0,0,0,0,0,0,0,0,0,0,0,0,0,0,1,0,0,0,1,0]"
003419,voc/VOCdevkit/VOC2007/JPEGImages/003419.jpg,"[0,0,0,0,0,0,0,0,0,0,0,0,0,0,0,1,0,0,0,0]"
003420,voc/VOCdevkit/VOC2007/JPEGImages/003420.jpg,"[0,0,0,0,0,0,1,0,0,0,0,0,0,0,0,0,0,0,0,0]"
003422,voc/VOCdevkit/VOC2007/JPEGImages/003422.jpg,"[0,0,0,0,0,0,0,0,1,0,1,0,0,0,1,0,0,0,0,0]"
003424,voc/VOCdevkit/VOC2007/JPEGImages/003424.jpg,"[0,0,0,0,0,0,0,0,0,0,0,0,1,0,1,0,0,0,0,0]"
003425,voc/VOCdevkit/VOC2007/JPEGImages/003425.jpg,"[0,0,0,0,0,0,0,0,0,0,0,1,0,0,0,0,0,0,0,0]"
003430,voc/VOCdevkit/VOC2007/JPEGImages/003430.jpg,"[0,0,0,0,0,0,0,0,0,0,0,1,0,0,0,0,0,0,0,0]"
003433,voc/VOCdevkit/VOC2007/JPEGImages/003433.jpg,"[0,1,0,0,0,0,0,0,1,0,0,0,0,0,1,0,0,0,0,0]"
003436,voc/VOCdevkit/VOC2007/JPEGImages/003436.jpg,"[0,0,0,0,0,0,0,0,0,0,0,0,1,0,1,1,0,0,0,0]"
003439,voc/VOCdevkit/VOC2007/JPEGImages/003439.jpg,"[0,0,0,0,0,0,0,0,0,1,0,0,0,0,0,0,0,0,0,0]"
003449,voc/VOCdevkit/VOC2007/JPEGImages/003449.jpg,"[0,0,0,0,1,0,0,0,0,0,0,0,0,0,0,0,0,0,0,1]"
003450,voc/VOCdevkit/VOC2007/JPEGImages/003450.jpg,"[0,0,0,0,0,0,0,0,0,0,0,0,0,0,1,1,0,1,0,0]"
003451,voc/VOCdevkit/VOC2007/JPEGImages/003451.jpg,"[0,0,0,0,1,0,0,0,1,0,0,0,0,0,0,0,0,1,0,1]"
003452,voc/VOCdevkit/VOC2007/JPEGImages/003452.jpg,"[0,0,0,0,0,0,0,0,1,0,1,0,0,0,0,0,0,0,0,0]"
003453,voc/VOCdevkit/VOC2007/JPEGImages/003453.jpg,"[0,0,0,0,0,0,0,0,0,0,0,0,0,0,1,0,0,1,0,0]"
003455,voc/VOCdevkit/VOC2007/JPEGImages/003455.jpg,"[1,0,0,0,0,0,0,0,0,0,0,0,0,0,1,0,0,0,0,0]"
003458,voc/VOCdevkit/VOC2007/JPEGImages/003458.jpg,"[0,0,1,0,0,0,0,0,0,0,0,0,0,0,0,0,0,0,0,0]"
003461,voc/VOCdevkit/VOC2007/JPEGImages/003461.jpg,"[0,0,0,0,0,0,1,0,1,0,0,0,0,0,0,0,0,0,0,0]"
003464,voc/VOCdevkit/VOC2007/JPEGImages/003464.jpg,"[0,0,0,0,0,0,0,0,0,0,0,0,0,0,0,0,0,0,1,0]"
003465,voc/VOCdevkit/VOC2007/JPEGImages/003465.jpg,"[0,0,0,0,0,0,0,0,0,0,0,0,0,0,1,0,0,0,0,0]"
003466,voc/VOCdevkit/VOC2007/JPEGImages/003466.jpg,"[0,0,0,0,0,0,0,0,0,0,1,0,0,0,1,1,0,0,0,0]"
003468,voc/VOCdevkit/VOC2007/JPEGImages/003468.jpg,"[0,1,0,0,0,0,0,0,0,0,0,0,0,0,1,0,0,0,0,0]"
003470,voc/VOCdevkit/VOC2007/JPEGImages/003470.jpg,"[0,0,0,0,0,0,0,0,0,0,0,0,0,1,1,0,0,0,0,0]"
003477,voc/VOCdevkit/VOC2007/JPEGImages/003477.jpg,"[0,0,0,0,0,0,0,0,1,0,0,0,0,0,0,0,0,0,0,0]"
003484,voc/VOCdevkit/VOC2007/JPEGImages/003484.jpg,"[0,0,0,0,0,0,1,0,0,0,0,0,0,0,1,0,0,0,0,0]"
003487,voc/VOCdevkit/VOC2007/JPEGImages/003487.jpg,"[0,0,0,0,0,0,0,0,0,0,0,0,0,0,1,0,0,0,0,1]"
003491,voc/VOCdevkit/VOC2007/JPEGImages/003491.jpg,"[0,0,0,0,0,0,0,0,0,0,0,1,0,0,0,0,0,0,0,0]"
003492,voc/VOCdevkit/VOC2007/JPEGImages/003492.jpg,"[0,0,0,0,0,0,0,0,0,0,0,0,1,0,1,0,0,0,0,0]"
003496,voc/VOCdevkit/VOC2007/JPEGImages/003496.jpg,"[0,0,0,0,1,0,0,0,0,0,0,0,0,0,1,0,0,0,0,0]"
003497,voc/VOCdevkit/VOC2007/JPEGImages/003497.jpg,"[0,0,0,0,0,0,0,0,0,0,0,0,0,0,0,0,0,0,1,0]"
003499,voc/VOCdevkit/VOC2007/JPEGImages/003499.jpg,"[0,0,0,0,0,0,0,0,0,0,0,0,0,0,0,0,0,0,1,0]"
003500,voc/VOCdevkit/VOC2007/JPEGImages/003500.jpg,"[0,0,0,0,0,0,0,1,0,0,0,0,0,0,0,0,0,0,0,0]"
003506,voc/VOCdevkit/VOC2007/JPEGImages/003506.jpg,"[0,0,0,0,0,0,0,0,0,0,0,0,0,0,0,1,0,0,0,0]"
003508,voc/VOCdevkit/VOC2007/JPEGImages/003508.jpg,"[0,0,0,0,0,0,0,0,0,0,0,1,0,0,0,0,0,0,0,0]"
003510,voc/VOCdevkit/VOC2007/JPEGImages/003510.jpg,"[0,0,0,0,0,0,0,0,1,0,0,0,0,0,1,0,0,0,0,0]"
003511,voc/VOCdevkit/VOC2007/JPEGImages/003511.jpg,"[0,1,0,0,0,0,0,0,0,0,0,0,0,0,0,0,0,0,0,0]"
003516,voc/VOCdevkit/VOC2007/JPEGImages/003516.jpg,"[0,0,0,0,0,0,0,0,1,0,1,0,0,0,0,0,0,0,0,0]"
003518,voc/VOCdevkit/VOC2007/JPEGImages/003518.jpg,"[0,0,0,0,0,0,0,0,1,0,0,0,0,0,1,0,0,0,0,0]"
003521,voc/VOCdevkit/VOC2007/JPEGImages/003521.jpg,"[0,0,0,0,0,0,0,0,1,0,0,0,0,0,1,0,0,0,0,0]"
003524,voc/VOCdevkit/VOC2007/JPEGImages/003524.jpg,"[0,0,1,0,0,0,0,0,0,0,0,0,0,0,0,0,0,0,0,0]"
003525,voc/VOCdevkit/VOC2007/JPEGImages/003525.jpg,"[0,0,0,0,0,0,0,1,0,0,0,0,0,0,0,0,0,0,0,0]"
003528,voc/VOCdevkit/VOC2007/JPEGImages/003528.jpg,"[0,0,0,0,0,0,0,0,0,0,0,0,0,0,1,0,0,1,0,0]"
003529,voc/VOCdevkit/VOC2007/JPEGImages/003529.jpg,"[0,0,0,0,0,0,0,0,0,0,1,0,0,0,1,0,0,0,0,0]"
003530,voc/VOCdevkit/VOC2007/JPEGImages/003530.jpg,"[0,0,0,0,0,0,0,0,0,0,0,0,0,0,1,0,0,1,0,0]"
003536,voc/VOCdevkit/VOC2007/JPEGImages/003536.jpg,"[0,0,0,0,0,0,0,0,0,0,0,1,0,0,1,0,0,0,0,0]"
003537,voc/VOCdevkit/VOC2007/JPEGImages/003537.jpg,"[0,0,0,0,0,0,0,0,0,0,0,0,0,0,0,0,0,0,1,0]"
003539,voc/VOCdevkit/VOC2007/JPEGImages/003539.jpg,"[0,0,0,0,0,0,0,0,0,0,0,0,0,1,1,0,0,0,0,0]"
003548,voc/VOCdevkit/VOC2007/JPEGImages/003548.jpg,"[0,0,0,0,0,0,0,0,0,0,0,0,0,0,1,0,0,0,0,0]"
003549,voc/VOCdevkit/VOC2007/JPEGImages/003549.jpg,"[0,1,0,0,0,0,0,0,0,0,0,0,0,0,0,0,0,0,0,0]"
003550,voc/VOCdevkit/VOC2007/JPEGImages/003550.jpg,"[0,0,0,0,0,0,0,0,0,0,0,0,0,0,1,0,0,0,0,0]"
003551,voc/VOCdevkit/VOC2007/JPEGImages/003551.jpg,"[0,0,0,0,0,0,1,0,0,0,0,0,0,0,0,0,0,0,0,0]"
003555,voc/VOCdevkit/VOC2007/JPEGImages/003555.jpg,"[0,0,0,0,0,0,1,0,0,0,0,0,0,0,0,1,0,0,0,0]"
003564,voc/VOCdevkit/VOC2007/JPEGImages/003564.jpg,"[0,0,0,0,0,0,0,0,0,0,0,0,0,0,0,0,0,0,1,0]"
003566,voc/VOCdevkit/VOC2007/JPEGImages/003566.jpg,"[0,0,0,0,1,0,0,0,0,0,0,0,0,0,1,0,0,0,0,0]"
003567,voc/VOCdevkit/VOC2007/JPEGImages/003567.jpg,"[0,0,0,0,0,0,0,0,0,0,0,0,0,1,1,0,0,0,0,0]"
003575,voc/VOCdevkit/VOC2007/JPEGImages/003575.jpg,"[0,0,0,0,0,0,0,0,0,0,0,0,0,0,1,0,0,1,0,0]"
003576,voc/VOCdevkit/VOC2007/JPEGImages/003576.jpg,"[0,0,0,0,0,1,0,0,0,0,0,0,0,1,1,0,0,0,0,0]"
003577,voc/VOCdevkit/VOC2007/JPEGImages/003577.jpg,"[0,0,0,0,1,0,0,0,0,0,1,0,0,0,1,0,0,0,0,0]"
003580,voc/VOCdevkit/VOC2007/JPEGImages/003580.jpg,"[0,0,0,0,0,0,0,0,0,0,0,0,0,0,1,0,0,0,0,0]"
003585,voc/VOCdevkit/VOC2007/JPEGImages/003585.jpg,"[0,0,0,0,0,0,0,0,0,0,0,0,0,1,1,0,0,0,0,0]"
003587,voc/VOCdevkit/VOC2007/JPEGImages/003587.jpg,"[0,0,0,0,0,0,1,0,0,0,0,0,0,0,0,0,0,0,1,0]"
003588,voc/VOCdevkit/VOC2007/JPEGImages/003588.jpg,"[0,0,0,0,0,0,0,0,1,0,0,0,0,0,0,0,0,0,0,0]"
003589,voc/VOCdevkit/VOC2007/JPEGImages/003589.jpg,"[0,1,0,0,0,0,0,0,0,0,0,0,0,0,1,0,0,0,0,0]"
003593,voc/VOCdevkit/VOC2007/JPEGImages/003593.jpg,"[0,0,0,0,0,0,0,0,0,0,0,0,0,0,0,0,1,0,0,0]"
003594,voc/VOCdevkit/VOC2007/JPEGImages/003594.jpg,"[0,0,1,0,0,0,0,0,0,0,0,0,0,0,0,0,0,0,0,0]"
003599,voc/VOCdevkit/VOC2007/JPEGImages/003599.jpg,"[0,1,0,0,0,0,0,0,0,0,0,0,0,0,0,0,0,0,0,0]"
003603,voc/VOCdevkit/VOC2007/JPEGImages/003603.jpg,"[0,0,0,0,0,0,0,0,0,0,1,0,0,0,1,0,0,0,0,0]"
003604,voc/VOCdevkit/VOC2007/JPEGImages/003604.jpg,"[0,0,0,0,0,0,0,0,0,0,0,1,0,0,0,0,0,0,0,1]"
003606,voc/VOCdevkit/VOC2007/JPEGImages/003606.jpg,"[0,0,0,0,0,0,1,0,0,0,0,0,0,0,0,0,0,0,0,0]"
003608,voc/VOCdevkit/VOC2007/JPEGImages/003608.jpg,"[0,0,0,0,0,0,1,0,0,0,0,0,0,0,0,0,0,0,0,0]"
003609,voc/VOCdevkit/VOC2007/JPEGImages/003609.jpg,"[0,0,0,0,0,0,0,0,1,0,0,0,0,0,0,0,0,1,0,0]"
003611,voc/VOCdevkit/VOC2007/JPEGImages/003611.jpg,"[0,0,0,0,0,0,0,0,0,0,0,0,1,0,1,0,0,0,0,0]"
003614,voc/VOCdevkit/VOC2007/JPEGImages/003614.jpg,"[0,0,1,0,0,0,0,0,0,0,0,0,0,0,0,0,0,0,0,0]"
003620,voc/VOCdevkit/VOC2007/JPEGImages/003620.jpg,"[0,0,0,0,0,0,0,1,0,0,0,0,0,0,0,0,0,0,0,0]"
003621,voc/VOCdevkit/VOC2007/JPEGImages/003621.jpg,"[0,1,0,0,0,1,0,0,0,0,0,0,0,0,1,0,0,0,0,0]"
003622,voc/VOCdevkit/VOC2007/JPEGImages/003622.jpg,"[0,0,0,0,0,0,0,0,0,0,0,0,0,0,0,1,0,0,0,0]"
003623,voc/VOCdevkit/VOC2007/JPEGImages/003623.jpg,"[0,0,1,0,0,0,0,0,0,0,0,0,0,0,0,0,0,0,0,0]"
003625,voc/VOCdevkit/VOC2007/JPEGImages/003625.jpg,"[0,0,0,0,0,0,0,0,0,0,0,0,1,0,1,0,0,0,0,0]"
003628,voc/VOCdevkit/VOC2007/JPEGImages/003628.jpg,"[0,0,0,0,0,0,0,0,0,0,0,0,0,0,1,0,0,0,1,0]"
003629,voc/VOCdevkit/VOC2007/JPEGImages/003629.jpg,"[0,0,0,0,0,0,0,0,0,0,0,0,0,0,0,1,0,0,0,0]"
003632,voc/VOCdevkit/VOC2007/JPEGImages/003632.jpg,"[0,0,0,0,0,0,0,0,0,0,0,1,0,0,0,0,0,0,0,0]"
003634,voc/VOCdevkit/VOC2007/JPEGImages/003634.jpg,"[0,0,0,0,0,0,1,0,0,0,0,0,0,0,0,0,0,0,0,0]"
003635,voc/VOCdevkit/VOC2007/JPEGImages/003635.jpg,"[0,0,0,0,0,1,0,0,0,0,0,0,0,0,0,0,0,0,0,0]"
003636,voc/VOCdevkit/VOC2007/JPEGImages/003636.jpg,"[0,0,0,0,0,1,1,0,0,0,0,0,0,0,0,0,0,0,0,0]"
003638,voc/VOCdevkit/VOC2007/JPEGImages/003638.jpg,"[0,0,0,0,0,0,0,0,1,0,1,0,0,0,1,0,0,0,0,0]"
003639,voc/VOCdevkit/VOC2007/JPEGImages/003639.jpg,"[0,0,0,1,0,0,0,0,0,0,0,0,0,0,0,0,0,0,0,0]"
003642,voc/VOCdevkit/VOC2007/JPEGImages/003642.jpg,"[0,0,0,0,0,1,0,0,0,0,0,0,0,0,0,0,0,0,0,0]"
003644,voc/VOCdevkit/VOC2007/JPEGImages/003644.jpg,"[0,0,0,0,0,0,0,0,1,0,1,0,0,0,1,0,0,0,0,0]"
003645,voc/VOCdevkit/VOC2007/JPEGImages/003645.jpg,"[0,0,0,0,0,0,0,0,0,0,0,0,1,0,1,0,0,0,0,0]"
003646,voc/VOCdevkit/VOC2007/JPEGImages/003646.jpg,"[0,0,1,0,0,0,0,0,0,0,0,0,0,0,0,0,0,0,0,0]"
003648,voc/VOCdevkit/VOC2007/JPEGImages/003648.jpg,"[0,0,0,0,0,0,0,0,0,0,0,0,0,0,1,0,0,1,0,0]"
003651,voc/VOCdevkit/VOC2007/JPEGImages/003651.jpg,"[0,0,0,0,0,0,0,0,0,0,0,0,0,0,1,0,0,0,1,0]"
003654,voc/VOCdevkit/VOC2007/JPEGImages/003654.jpg,"[0,0,0,0,0,0,0,0,0,0,0,0,0,0,1,0,0,0,0,0]"
003655,voc/VOCdevkit/VOC2007/JPEGImages/003655.jpg,"[0,0,0,0,0,0,1,0,0,0,0,0,0,0,1,0,0,0,0,0]"
003656,voc/VOCdevkit/VOC2007/JPEGImages/003656.jpg,"[0,0,0,0,0,0,0,1,0,0,0,0,0,0,0,0,0,0,0,0]"
003657,voc/VOCdevkit/VOC2007/JPEGImages/003657.jpg,"[0,0,0,1,0,0,0,0,0,0,0,0,0,0,0,0,0,0,0,0]"
003660,voc/VOCdevkit/VOC2007/JPEGImages/003660.jpg,"[0,0,0,0,0,0,0,0,0,0,0,0,0,0,0,0,0,0,0,1]"
003662,voc/VOCdevkit/VOC2007/JPEGImages/003662.jpg,"[0,0,0,0,0,0,0,0,1,0,0,0,0,0,1,0,0,0,0,1]"
003663,voc/VOCdevkit/VOC2007/JPEGImages/003663.jpg,"[0,0,0,0,0,0,0,0,0,0,0,0,0,0,1,0,0,0,0,0]"
003664,voc/VOCdevkit/VOC2007/JPEGImages/003664.jpg,"[0,0,0,0,0,0,0,0,1,0,0,0,0,0,1,0,0,0,0,0]"
003667,voc/VOCdevkit/VOC2007/JPEGImages/003667.jpg,"[1,0,0,0,0,0,0,0,0,0,0,0,0,0,0,0,0,0,0,0]"
003669,voc/VOCdevkit/VOC2007/JPEGImages/003669.jpg,"[0,0,0,1,0,0,0,0,0,0,0,0,0,0,1,0,0,0,0,0]"
003671,voc/VOCdevkit/VOC2007/JPEGImages/003671.jpg,"[0,0,0,0,0,0,0,0,0,0,0,1,0,0,0,0,0,0,0,0]"
003673,voc/VOCdevkit/VOC2007/JPEGImages/003673.jpg,"[0,0,0,0,0,0,0,0,0,0,0,1,0,0,0,0,0,0,0,0]"
003674,voc/VOCdevkit/VOC2007/JPEGImages/003674.jpg,"[0,0,0,0,0,0,0,1,0,0,0,0,0,0,0,0,0,0,0,0]"
003675,voc/VOCdevkit/VOC2007/JPEGImages/003675.jpg,"[0,0,1,0,0,0,0,0,0,0,0,0,0,0,0,0,0,0,0,0]"
003679,voc/VOCdevkit/VOC2007/JPEGImages/003679.jpg,"[0,0,1,0,0,0,0,0,0,0,0,0,0,0,0,0,0,0,0,0]"
003684,voc/VOCdevkit/VOC2007/JPEGImages/003684.jpg,"[0,0,0,0,0,0,0,0,0,0,0,0,0,1,0,0,0,0,0,0]"
003685,voc/VOCdevkit/VOC2007/JPEGImages/003685.jpg,"[0,0,0,0,0,0,0,0,0,0,0,0,0,0,1,0,0,0,1,0]"
003688,voc/VOCdevkit/VOC2007/JPEGImages/003688.jpg,"[0,0,0,0,0,0,0,0,0,0,0,0,0,0,1,0,0,0,0,0]"
003690,voc/VOCdevkit/VOC2007/JPEGImages/003690.jpg,"[0,0,0,0,0,0,0,0,0,0,0,0,0,0,1,0,0,1,0,0]"
003691,voc/VOCdevkit/VOC2007/JPEGImages/003691.jpg,"[0,0,0,0,0,0,0,0,0,0,0,0,1,0,1,0,0,0,0,0]"
003694,voc/VOCdevkit/VOC2007/JPEGImages/003694.jpg,"[0,0,0,0,0,0,0,0,1,0,0,0,0,0,1,1,0,1,0,1]"
003696,voc/VOCdevkit/VOC2007/JPEGImages/003696.jpg,"[0,0,0,0,0,0,0,0,0,0,0,0,1,0,1,0,0,0,0,0]"
003698,voc/VOCdevkit/VOC2007/JPEGImages/003698.jpg,"[0,0,0,0,0,0,0,0,0,0,0,0,0,0,0,0,1,0,0,0]"
003699,voc/VOCdevkit/VOC2007/JPEGImages/003699.jpg,"[0,0,0,0,0,0,0,0,0,0,0,0,0,0,1,1,0,1,0,0]"
003700,voc/VOCdevkit/VOC2007/JPEGImages/003700.jpg,"[0,0,0,0,0,0,0,0,0,0,0,0,0,0,1,0,0,0,0,0]"
003703,voc/VOCdevkit/VOC2007/JPEGImages/003703.jpg,"[0,0,0,0,0,0,1,0,0,0,0,0,0,0,1,0,0,0,0,0]"
003706,voc/VOCdevkit/VOC2007/JPEGImages/003706.jpg,"[0,0,0,0,0,0,0,0,0,0,0,0,0,1,1,0,0,0,0,0]"
003708,voc/VOCdevkit/VOC2007/JPEGImages/003708.jpg,"[0,0,0,0,0,0,0,0,1,0,1,0,0,0,1,0,0,0,0,0]"
003709,voc/VOCdevkit/VOC2007/JPEGImages/003709.jpg,"[0,0,0,0,0,0,0,0,0,0,0,0,0,0,0,0,0,0,1,0]"
003711,voc/VOCdevkit/VOC2007/JPEGImages/003711.jpg,"[0,0,0,0,0,1,1,0,0,0,0,0,0,0,1,0,0,0,0,0]"
003714,voc/VOCdevkit/VOC2007/JPEGImages/003714.jpg,"[0,0,0,0,0,0,0,0,0,0,0,0,0,0,0,0,1,0,0,0]"
003717,voc/VOCdevkit/VOC2007/JPEGImages/003717.jpg,"[0,1,0,0,0,0,0,0,0,0,0,0,0,0,1,0,0,0,0,0]"
003721,voc/VOCdevkit/VOC2007/JPEGImages/003721.jpg,"[0,0,0,0,0,0,1,0,0,0,0,0,0,0,0,0,0,0,0,0]"
003722,voc/VOCdevkit/VOC2007/JPEGImages/003722.jpg,"[0,0,0,1,0,0,0,0,0,0,0,0,0,0,0,0,0,0,0,0]"
003727,voc/VOCdevkit/VOC2007/JPEGImages/003727.jpg,"[0,0,1,0,0,0,0,0,0,0,0,0,0,0,0,0,0,0,0,0]"
003729,voc/VOCdevkit/VOC2007/JPEGImages/003729.jpg,"[0,0,0,0,1,0,0,0,0,0,0,0,0,0,0,0,0,0,0,0]"
003732,voc/VOCdevkit/VOC2007/JPEGImages/003732.jpg,"[0,0,0,0,0,0,0,0,0,0,0,0,1,0,1,0,0,0,0,0]"
003735,voc/VOCdevkit/VOC2007/JPEGImages/003735.jpg,"[0,0,0,0,0,0,0,0,0,0,0,0,1,0,1,0,0,0,0,0]"
003740,voc/VOCdevkit/VOC2007/JPEGImages/003740.jpg,"[0,0,0,0,0,0,0,0,0,0,0,1,0,0,1,0,0,0,0,0]"
003743,voc/VOCdevkit/VOC2007/JPEGImages/003743.jpg,"[0,0,0,0,0,0,0,0,0,0,0,0,0,0,0,0,0,1,0,0]"
003748,voc/VOCdevkit/VOC2007/JPEGImages/003748.jpg,"[0,0,1,0,0,0,0,0,0,0,0,0,0,0,0,0,0,0,0,0]"
003749,voc/VOCdevkit/VOC2007/JPEGImages/003749.jpg,"[0,0,0,0,0,0,0,0,0,0,0,0,0,0,1,0,0,0,0,0]"
003750,voc/VOCdevkit/VOC2007/JPEGImages/003750.jpg,"[0,0,1,0,0,0,0,0,0,1,0,0,0,0,0,0,0,0,0,0]"
003751,voc/VOCdevkit/VOC2007/JPEGImages/003751.jpg,"[0,0,0,0,0,0,0,1,1,0,0,0,0,0,1,0,0,1,0,1]"
003754,voc/VOCdevkit/VOC2007/JPEGImages/003754.jpg,"[0,0,0,0,0,0,0,0,0,0,0,0,1,0,0,0,0,0,0,0]"
003758,voc/VOCdevkit/VOC2007/JPEGImages/003758.jpg,"[0,0,0,0,0,0,0,0,0,0,0,0,0,0,0,1,0,0,0,0]"
003759,voc/VOCdevkit/VOC2007/JPEGImages/003759.jpg,"[0,0,0,0,0,0,0,0,0,0,0,0,0,0,1,0,0,0,0,1]"
003760,voc/VOCdevkit/VOC2007/JPEGImages/003760.jpg,"[0,0,0,0,0,0,0,0,0,0,0,1,0,1,1,0,0,0,0,0]"
003763,voc/VOCdevkit/VOC2007/JPEGImages/003763.jpg,"[0,0,0,0,0,0,0,1,0,0,0,0,0,0,0,0,0,0,0,0]"
003767,voc/VOCdevkit/VOC2007/JPEGImages/003767.jpg,"[0,0,0,0,0,0,0,0,1,0,0,0,0,0,0,0,0,0,0,0]"
003772,voc/VOCdevkit/VOC2007/JPEGImages/003772.jpg,"[0,0,0,0,0,0,0,0,0,0,0,0,1,0,0,0,0,0,0,0]"
003774,voc/VOCdevkit/VOC2007/JPEGImages/003774.jpg,"[0,0,0,0,0,0,0,0,0,0,0,1,0,0,0,0,0,0,0,0]"
003779,voc/VOCdevkit/VOC2007/JPEGImages/003779.jpg,"[0,0,0,0,0,0,0,0,0,0,0,0,1,0,1,0,0,0,0,0]"
003780,voc/VOCdevkit/VOC2007/JPEGImages/003780.jpg,"[0,0,0,0,0,0,0,1,0,0,0,0,0,0,1,0,0,0,0,1]"
003781,voc/VOCdevkit/VOC2007/JPEGImages/003781.jpg,"[0,0,0,0,0,0,0,0,0,0,0,0,0,0,1,0,0,0,0,0]"
003783,voc/VOCdevkit/VOC2007/JPEGImages/003783.jpg,"[0,0,0,0,1,0,0,0,0,0,0,0,0,0,0,0,0,0,0,0]"
003792,voc/VOCdevkit/VOC2007/JPEGImages/003792.jpg,"[0,0,0,0,0,0,0,0,0,0,0,1,0,0,0,0,0,0,0,0]"
003796,voc/VOCdevkit/VOC2007/JPEGImages/003796.jpg,"[0,0,0,0,0,0,0,0,0,0,0,0,0,0,0,1,0,0,0,0]"
003797,voc/VOCdevkit/VOC2007/JPEGImages/003797.jpg,"[0,0,0,1,0,0,0,0,0,0,0,0,0,0,1,0,0,0,0,0]"
003798,voc/VOCdevkit/VOC2007/JPEGImages/003798.jpg,"[0,0,0,0,0,0,1,0,0,0,0,0,0,0,0,0,0,0,0,0]"
003806,voc/VOCdevkit/VOC2007/JPEGImages/003806.jpg,"[0,0,0,0,0,0,1,0,0,0,0,0,0,0,0,0,0,0,0,0]"
003807,voc/VOCdevkit/VOC2007/JPEGImages/003807.jpg,"[0,0,0,0,0,0,0,1,0,0,0,0,0,0,0,0,0,0,0,0]"
003809,voc/VOCdevkit/VOC2007/JPEGImages/003809.jpg,"[0,0,0,0,0,0,1,0,0,0,0,0,0,0,0,0,0,0,0,0]"
003811,voc/VOCdevkit/VOC2007/JPEGImages/003811.jpg,"[0,0,0,1,0,0,0,0,0,0,0,0,0,0,1,0,0,0,0,0]"
003814,voc/VOCdevkit/VOC2007/JPEGImages/003814.jpg,"[0,0,0,0,0,0,0,1,0,0,0,0,0,0,0,0,0,0,0,0]"
003817,voc/VOCdevkit/VOC2007/JPEGImages/003817.jpg,"[0,0,0,0,0,0,0,0,0,0,0,0,0,0,1,0,0,0,0,0]"
003818,voc/VOCdevkit/VOC2007/JPEGImages/003818.jpg,"[0,0,0,0,0,0,0,0,0,0,0,0,0,0,0,0,0,0,1,0]"
003820,voc/VOCdevkit/VOC2007/JPEGImages/003820.jpg,"[0,0,0,0,0,0,1,0,0,0,0,0,0,0,1,0,0,0,0,0]"
003821,voc/VOCdevkit/VOC2007/JPEGImages/003821.jpg,"[0,0,0,0,0,0,0,0,0,0,0,1,0,0,0,0,0,0,0,0]"
003824,voc/VOCdevkit/VOC2007/JPEGImages/003824.jpg,"[0,0,0,0,0,0,1,0,0,0,0,0,0,1,1,0,0,0,0,0]"
003826,voc/VOCdevkit/VOC2007/JPEGImages/003826.jpg,"[0,0,0,0,0,0,0,0,0,0,0,0,0,1,1,0,0,0,0,0]"
003827,voc/VOCdevkit/VOC2007/JPEGImages/003827.jpg,"[0,1,0,0,0,0,0,0,0,0,0,0,0,0,1,0,0,0,0,0]"
003830,voc/VOCdevkit/VOC2007/JPEGImages/003830.jpg,"[0,0,0,0,0,0,0,0,0,0,0,0,0,0,0,0,0,0,1,0]"
003834,voc/VOCdevkit/VOC2007/JPEGImages/003834.jpg,"[0,0,0,0,0,0,0,0,0,0,0,0,0,0,0,1,0,0,0,0]"
003835,voc/VOCdevkit/VOC2007/JPEGImages/003835.jpg,"[0,0,0,0,0,1,1,0,0,0,0,0,0,0,0,0,0,0,0,0]"
003837,voc/VOCdevkit/VOC2007/JPEGImages/003837.jpg,"[0,0,0,0,0,0,0,0,1,0,0,0,0,0,0,0,0,0,0,0]"
003838,voc/VOCdevkit/VOC2007/JPEGImages/003838.jpg,"[0,0,0,0,0,0,0,0,0,0,0,0,0,0,1,0,0,0,0,0]"
003844,voc/VOCdevkit/VOC2007/JPEGImages/003844.jpg,"[0,0,0,0,0,0,0,1,0,0,0,0,0,0,0,0,0,0,0,0]"
003845,voc/VOCdevkit/VOC2007/JPEGImages/003845.jpg,"[0,0,0,0,0,0,0,0,0,0,0,0,0,0,0,0,0,1,0,0]"
003846,voc/VOCdevkit/VOC2007/JPEGImages/003846.jpg,"[0,0,0,0,0,0,0,0,0,0,0,1,0,0,0,0,0,0,0,0]"
003847,voc/VOCdevkit/VOC2007/JPEGImages/003847.jpg,"[0,0,0,0,0,0,0,0,0,0,0,0,0,0,1,0,0,0,0,0]"
003848,voc/VOCdevkit/VOC2007/JPEGImages/003848.jpg,"[0,0,0,0,0,0,0,0,0,0,0,0,0,0,0,0,0,0,1,0]"
003849,voc/VOCdevkit/VOC2007/JPEGImages/003849.jpg,"[0,0,0,0,0,0,0,0,0,0,0,0,0,1,1,0,0,0,0,0]"
003855,voc/VOCdevkit/VOC2007/JPEGImages/003855.jpg,"[0,1,0,0,0,0,0,0,0,0,0,0,0,1,1,0,0,0,0,0]"
003856,voc/VOCdevkit/VOC2007/JPEGImages/003856.jpg,"[0,0,0,0,0,0,0,0,0,0,0,0,0,0,1,0,0,0,0,0]"
003857,voc/VOCdevkit/VOC2007/JPEGImages/003857.jpg,"[0,0,0,0,0,0,0,0,1,0,0,0,0,0,0,0,0,0,0,0]"
003859,voc/VOCdevkit/VOC2007/JPEGImages/003859.jpg,"[0,0,0,0,1,0,0,0,1,0,1,0,0,0,1,0,0,0,0,0]"
003860,voc/VOCdevkit/VOC2007/JPEGImages/003860.jpg,"[0,0,0,1,0,0,0,0,0,0,0,0,0,0,1,0,0,0,0,0]"
003861,voc/VOCdevkit/VOC2007/JPEGImages/003861.jpg,"[0,0,0,1,0,0,0,0,0,0,0,0,0,0,0,0,0,0,0,0]"
003863,voc/VOCdevkit/VOC2007/JPEGImages/003863.jpg,"[0,0,0,1,0,0,0,0,0,0,0,0,0,0,1,0,0,0,0,0]"
003865,voc/VOCdevkit/VOC2007/JPEGImages/003865.jpg,"[0,0,0,0,1,0,0,0,1,0,1,0,0,0,1,0,0,0,0,0]"
003866,voc/VOCdevkit/VOC2007/JPEGImages/003866.jpg,"[0,0,0,0,0,0,0,0,0,0,0,0,0,0,0,0,0,0,1,0]"
003869,voc/VOCdevkit/VOC2007/JPEGImages/003869.jpg,"[0,0,0,0,0,0,0,0,0,0,0,1,0,0,1,0,0,0,0,0]"
003872,voc/VOCdevkit/VOC2007/JPEGImages/003872.jpg,"[0,0,0,0,0,0,0,0,0,0,0,1,0,0,0,0,0,0,0,0]"
003874,voc/VOCdevkit/VOC2007/JPEGImages/003874.jpg,"[0,0,0,0,0,0,0,0,0,0,0,0,0,0,0,0,1,0,0,0]"
003877,voc/VOCdevkit/VOC2007/JPEGImages/003877.jpg,"[0,0,0,0,0,0,0,0,0,0,0,0,0,0,1,1,0,1,0,0]"
003879,voc/VOCdevkit/VOC2007/JPEGImages/003879.jpg,"[0,0,0,0,0,0,0,0,0,0,0,0,0,0,1,0,0,0,0,0]"
003885,voc/VOCdevkit/VOC2007/JPEGImages/003885.jpg,"[0,0,0,0,0,0,1,0,0,0,0,0,0,0,0,0,0,0,0,0]"
003886,voc/VOCdevkit/VOC2007/JPEGImages/003886.jpg,"[1,0,0,0,0,0,0,0,0,0,0,0,0,0,0,0,0,0,0,0]"
003887,voc/VOCdevkit/VOC2007/JPEGImages/003887.jpg,"[0,0,0,0,0,0,0,0,0,1,0,0,0,0,0,0,0,0,0,0]"
003891,voc/VOCdevkit/VOC2007/JPEGImages/003891.jpg,"[0,0,0,0,0,0,1,0,0,0,0,0,0,0,1,0,0,0,0,0]"
003895,voc/VOCdevkit/VOC2007/JPEGImages/003895.jpg,"[0,0,0,0,0,0,0,0,0,0,0,0,0,0,0,0,0,0,1,0]"
003898,voc/VOCdevkit/VOC2007/JPEGImages/003898.jpg,"[0,0,1,0,0,0,0,0,0,0,0,0,0,0,0,0,0,0,0,0]"
003899,voc/VOCdevkit/VOC2007/JPEGImages/003899.jpg,"[0,0,0,0,0,0,0,0,0,0,0,1,0,0,1,0,0,0,0,0]"
003907,voc/VOCdevkit/VOC2007/JPEGImages/003907.jpg,"[0,0,0,0,0,0,0,0,1,0,0,0,0,0,0,0,0,1,0,0]"
003911,voc/VOCdevkit/VOC2007/JPEGImages/003911.jpg,"[0,0,0,0,0,0,0,0,0,0,0,0,0,0,0,0,0,1,0,1]"
003912,voc/VOCdevkit/VOC2007/JPEGImages/003912.jpg,"[0,0,0,0,0,0,0,1,0,0,0,0,0,0,0,0,0,0,0,0]"
003913,voc/VOCdevkit/VOC2007/JPEGImages/003913.jpg,"[0,0,0,0,0,0,0,0,0,0,0,0,0,0,1,0,0,0,0,0]"
003915,voc/VOCdevkit/VOC2007/JPEGImages/003915.jpg,"[0,0,0,0,0,0,0,0,0,0,0,1,0,0,1,0,0,0,0,0]"
003918,voc/VOCdevkit/VOC2007/JPEGImages/003918.jpg,"[0,0,1,0,0,0,0,0,0,0,0,0,0,0,0,0,0,0,0,0]"
003919,voc/VOCdevkit/VOC2007/JPEGImages/003919.jpg,"[0,0,0,1,0,1,0,0,0,0,0,0,0,0,0,0,0,0,0,0]"
003921,voc/VOCdevkit/VOC2007/JPEGImages/003921.jpg,"[0,0,0,0,0,0,0,0,0,0,0,1,0,0,0,0,0,0,0,0]"
003923,voc/VOCdevkit/VOC2007/JPEGImages/003923.jpg,"[0,0,0,0,0,0,0,0,1,0,1,0,0,0,1,0,0,0,0,0]"
003924,voc/VOCdevkit/VOC2007/JPEGImages/003924.jpg,"[0,0,0,0,0,0,0,0,0,0,0,0,0,0,0,1,0,0,0,0]"
003926,voc/VOCdevkit/VOC2007/JPEGImages/003926.jpg,"[0,0,0,0,0,0,0,0,0,0,0,0,0,0,0,0,0,0,1,0]"
003932,voc/VOCdevkit/VOC2007/JPEGImages/003932.jpg,"[0,0,0,0,1,0,0,0,0,0,0,0,0,0,1,1,0,0,0,0]"
003937,voc/VOCdevkit/VOC2007/JPEGImages/003937.jpg,"[0,0,0,0,0,0,0,1,0,0,0,0,0,0,0,0,0,0,0,0]"
003939,voc/VOCdevkit/VOC2007/JPEGImages/003939.jpg,"[0,0,0,0,0,0,0,0,0,0,0,0,1,0,1,0,0,0,0,0]"
003941,voc/VOCdevkit/VOC2007/JPEGImages/003941.jpg,"[0,0,0,0,0,0,0,0,0,0,0,0,0,1,0,0,0,0,0,0]"
003945,voc/VOCdevkit/VOC2007/JPEGImages/003945.jpg,"[0,1,0,0,0,0,0,0,0,0,0,0,0,0,1,0,0,0,0,0]"
003946,voc/VOCdevkit/VOC2007/JPEGImages/003946.jpg,"[0,0,0,0,0,0,0,0,0,0,0,1,0,0,1,0,0,0,0,0]"
003948,voc/VOCdevkit/VOC2007/JPEGImages/003948.jpg,"[0,0,0,0,0,0,0,0,0,0,0,0,1,0,1,0,0,0,0,0]"
003949,voc/VOCdevkit/VOC2007/JPEGImages/003949.jpg,"[0,0,1,0,0,0,0,0,0,0,0,0,0,0,0,0,0,0,0,0]"
003953,voc/VOCdevkit/VOC2007/JPEGImages/003953.jpg,"[0,0,0,0,0,0,0,0,0,0,0,0,0,0,1,0,0,1,0,0]"
003956,voc/VOCdevkit/VOC2007/JPEGImages/003956.jpg,"[0,0,0,0,0,0,0,0,0,0,0,0,0,0,0,1,0,0,0,0]"
003957,voc/VOCdevkit/VOC2007/JPEGImages/003957.jpg,"[0,0,0,0,0,0,0,0,0,0,0,0,0,0,0,0,0,0,1,0]"
003960,voc/VOCdevkit/VOC2007/JPEGImages/003960.jpg,"[0,0,0,0,0,0,0,0,0,0,0,0,1,0,1,0,0,0,0,0]"
003961,voc/VOCdevkit/VOC2007/JPEGImages/003961.jpg,"[0,0,0,0,0,0,0,0,0,0,0,0,0,0,1,0,0,0,0,0]"
003963,voc/VOCdevkit/VOC2007/JPEGImages/003963.jpg,"[0,0,0,0,0,0,0,0,0,0,0,0,0,0,1,0,0,1,0,1]"
003965,voc/VOCdevkit/VOC2007/JPEGImages/003965.jpg,"[0,0,1,0,0,0,0,0,0,0,0,0,0,0,0,0,0,0,0,0]"
003966,voc/VOCdevkit/VOC2007/JPEGImages/003966.jpg,"[0,0,0,0,0,1,0,0,0,0,0,0,0,0,1,0,0,0,0,0]"
003970,voc/VOCdevkit/VOC2007/JPEGImages/003970.jpg,"[0,0,0,0,0,0,0,0,0,0,0,0,1,0,1,0,0,0,0,0]"
003973,voc/VOCdevkit/VOC2007/JPEGImages/003973.jpg,"[0,0,0,0,0,1,1,0,0,0,0,0,0,0,1,0,0,0,0,0]"
003979,voc/VOCdevkit/VOC2007/JPEGImages/003979.jpg,"[0,0,1,0,0,0,0,0,0,0,0,0,0,0,0,0,0,0,0,0]"
003983,voc/VOCdevkit/VOC2007/JPEGImages/003983.jpg,"[0,0,0,0,0,0,0,0,0,0,0,0,0,0,0,0,0,0,0,1]"
003984,voc/VOCdevkit/VOC2007/JPEGImages/003984.jpg,"[0,0,0,0,0,0,0,1,0,0,0,0,0,0,0,0,0,0,0,0]"
003987,voc/VOCdevkit/VOC2007/JPEGImages/003987.jpg,"[0,0,0,0,0,0,1,0,0,0,0,0,0,0,0,0,0,0,0,0]"
003988,voc/VOCdevkit/VOC2007/JPEGImages/003988.jpg,"[0,0,0,0,0,0,0,0,1,0,0,0,0,0,0,0,0,0,0,0]"
003992,voc/VOCdevkit/VOC2007/JPEGImages/003992.jpg,"[0,0,0,0,0,0,0,0,0,0,0,0,0,1,1,0,0,0,0,0]"
003994,voc/VOCdevkit/VOC2007/JPEGImages/003994.jpg,"[0,0,0,0,0,0,0,0,0,1,0,0,0,0,1,0,0,0,0,0]"
003996,voc/VOCdevkit/VOC2007/JPEGImages/003996.jpg,"[0,0,0,0,0,0,0,0,0,0,0,0,0,0,1,0,0,0,0,0]"
003997,voc/VOCdevkit/VOC2007/JPEGImages/003997.jpg,"[0,0,0,0,0,0,1,0,0,0,0,0,0,0,0,0,0,0,0,0]"
003998,voc/VOCdevkit/VOC2007/JPEGImages/003998.jpg,"[0,0,0,0,0,0,1,0,0,0,0,0,0,0,0,0,0,0,0,0]"
004003,voc/VOCdevkit/VOC2007/JPEGImages/004003.jpg,"[0,0,0,0,0,0,0,0,0,0,0,0,0,1,0,0,0,0,0,0]"
004008,voc/VOCdevkit/VOC2007/JPEGImages/004008.jpg,"[0,0,0,0,0,0,0,0,0,0,0,1,0,0,1,0,0,0,0,0]"
004009,voc/VOCdevkit/VOC2007/JPEGImages/004009.jpg,"[1,0,0,0,0,0,0,0,0,0,0,0,0,0,0,0,0,0,0,0]"
004010,voc/VOCdevkit/VOC2007/JPEGImages/004010.jpg,"[0,0,0,0,0,0,0,0,0,0,0,0,0,0,1,0,0,1,0,0]"
004011,voc/VOCdevkit/VOC2007/JPEGImages/004011.jpg,"[0,0,0,0,0,0,1,0,0,0,0,0,0,0,0,0,0,0,0,0]"
004012,voc/VOCdevkit/VOC2007/JPEGImages/004012.jpg,"[0,0,0,0,0,0,0,0,1,0,0,0,0,0,1,0,0,0,0,0]"
004013,voc/VOCdevkit/VOC2007/JPEGImages/004013.jpg,"[0,0,1,0,0,0,0,0,0,0,0,0,0,0,0,0,0,0,0,0]"
004014,voc/VOCdevkit/VOC2007/JPEGImages/004014.jpg,"[0,0,0,0,0,0,0,0,1,0,0,0,0,0,1,0,0,0,0,0]"
004016,voc/VOCdevkit/VOC2007/JPEGImages/004016.jpg,"[0,0,0,0,0,0,0,1,0,0,0,0,0,0,1,0,0,0,0,0]"
004017,voc/VOCdevkit/VOC2007/JPEGImages/004017.jpg,"[0,0,0,0,0,0,0,0,0,0,0,0,0,0,1,1,0,0,0,0]"
004019,voc/VOCdevkit/VOC2007/JPEGImages/004019.jpg,"[0,0,0,0,0,0,1,0,0,0,0,0,0,0,1,0,0,0,0,0]"
004020,voc/VOCdevkit/VOC2007/JPEGImages/004020.jpg,"[0,0,0,0,0,0,0,0,0,0,0,0,0,0,1,0,0,0,0,1]"
004023,voc/VOCdevkit/VOC2007/JPEGImages/004023.jpg,"[0,0,0,0,0,0,0,0,0,1,0,0,0,0,0,0,0,0,0,0]"
004025,voc/VOCdevkit/VOC2007/JPEGImages/004025.jpg,"[0,0,1,0,0,0,0,0,0,0,0,0,0,0,0,0,0,0,0,0]"
004031,voc/VOCdevkit/VOC2007/JPEGImages/004031.jpg,"[0,0,0,0,0,0,0,1,0,0,0,0,0,0,1,0,0,1,0,0]"
004033,voc/VOCdevkit/VOC2007/JPEGImages/004033.jpg,"[0,0,0,0,0,0,0,0,0,0,0,0,0,1,1,0,0,0,0,0]"
004034,voc/VOCdevkit/VOC2007/JPEGImages/004034.jpg,"[0,0,0,0,0,0,0,0,0,0,0,1,0,0,0,0,0,0,0,0]"
004035,voc/VOCdevkit/VOC2007/JPEGImages/004035.jpg,"[0,0,0,0,0,0,0,1,0,0,0,1,0,0,0,0,0,0,0,0]"
004046,voc/VOCdevkit/VOC2007/JPEGImages/004046.jpg,"[0,0,1,0,0,0,0,0,0,0,0,0,0,0,1,0,0,0,0,0]"
004051,voc/VOCdevkit/VOC2007/JPEGImages/004051.jpg,"[0,0,0,0,0,0,0,0,0,0,0,0,1,0,1,0,0,0,0,0]"
004057,voc/VOCdevkit/VOC2007/JPEGImages/004057.jpg,"[0,1,0,0,0,0,0,0,0,0,0,0,0,0,0,0,0,0,0,0]"
004060,voc/VOCdevkit/VOC2007/JPEGImages/004060.jpg,"[0,0,0,0,0,0,0,0,0,0,0,0,0,0,1,0,0,1,0,0]"
004066,voc/VOCdevkit/VOC2007/JPEGImages/004066.jpg,"[0,0,0,0,0,0,0,0,0,0,0,0,0,0,0,0,0,1,0,0]"
004067,voc/VOCdevkit/VOC2007/JPEGImages/004067.jpg,"[0,0,0,0,0,0,0,0,0,0,0,0,0,1,1,0,0,0,0,0]"
004069,voc/VOCdevkit/VOC2007/JPEGImages/004069.jpg,"[0,0,1,0,0,0,0,0,0,0,0,0,0,0,0,0,0,0,0,0]"
004073,voc/VOCdevkit/VOC2007/JPEGImages/004073.jpg,"[0,0,0,0,0,1,1,0,0,0,0,0,0,0,1,0,0,0,0,0]"
004075,voc/VOCdevkit/VOC2007/JPEGImages/004075.jpg,"[0,0,0,0,1,0,0,0,0,0,0,0,0,0,1,0,0,0,0,0]"
004077,voc/VOCdevkit/VOC2007/JPEGImages/004077.jpg,"[0,0,0,0,0,0,0,0,0,0,0,1,1,0,1,0,0,0,0,0]"
004085,voc/VOCdevkit/VOC2007/JPEGImages/004085.jpg,"[0,0,0,0,0,0,0,0,0,0,0,1,0,0,1,0,0,0,0,0]"
004089,voc/VOCdevkit/VOC2007/JPEGImages/004089.jpg,"[0,0,0,0,0,0,1,0,0,0,0,0,0,0,1,0,0,0,0,0]"
004091,voc/VOCdevkit/VOC2007/JPEGImages/004091.jpg,"[0,0,0,0,0,0,1,0,0,0,0,0,0,0,1,0,0,0,0,0]"
004092,voc/VOCdevkit/VOC2007/JPEGImages/004092.jpg,"[0,0,0,0,0,0,0,0,0,0,0,0,0,0,1,0,0,0,0,0]"
004093,voc/VOCdevkit/VOC2007/JPEGImages/004093.jpg,"[0,0,0,0,0,0,0,0,1,0,0,0,0,0,0,0,0,0,0,0]"
004095,voc/VOCdevkit/VOC2007/JPEGImages/004095.jpg,"[0,0,0,0,0,0,0,0,0,0,0,1,0,0,0,0,0,0,0,0]"
004100,voc/VOCdevkit/VOC2007/JPEGImages/004100.jpg,"[0,0,0,0,0,0,0,0,0,0,0,0,0,0,0,0,0,0,0,1]"
004102,voc/VOCdevkit/VOC2007/JPEGImages/004102.jpg,"[0,0,0,0,0,0,0,0,0,0,0,0,0,0,0,0,0,0,1,0]"
004105,voc/VOCdevkit/VOC2007/JPEGImages/004105.jpg,"[0,0,0,0,0,0,0,0,1,0,0,0,0,0,0,1,0,1,0,0]"
004106,voc/VOCdevkit/VOC2007/JPEGImages/004106.jpg,"[0,0,0,0,0,0,0,0,1,0,0,0,0,0,0,0,0,1,0,1]"
004108,voc/VOCdevkit/VOC2007/JPEGImages/004108.jpg,"[0,0,0,0,0,0,1,0,0,0,0,0,0,0,0,0,0,0,0,0]"
004111,voc/VOCdevkit/VOC2007/JPEGImages/004111.jpg,"[0,0,0,0,0,0,0,0,1,0,0,0,0,0,1,0,0,0,0,1]"
004113,voc/VOCdevkit/VOC2007/JPEGImages/004113.jpg,"[0,0,0,0,0,0,0,0,0,0,0,1,0,0,0,0,0,0,0,0]"
004117,voc/VOCdevkit/VOC2007/JPEGImages/004117.jpg,"[0,0,0,0,0,0,0,0,0,0,0,0,1,0,1,0,0,0,0,0]"
004121,voc/VOCdevkit/VOC2007/JPEGImages/004121.jpg,"[0,0,0,0,0,0,0,0,0,0,0,0,0,0,1,1,0,0,0,0]"
004122,voc/VOCdevkit/VOC2007/JPEGImages/004122.jpg,"[0,0,0,0,0,0,0,0,0,0,0,0,0,0,1,0,0,0,0,0]"
004129,voc/VOCdevkit/VOC2007/JPEGImages/004129.jpg,"[0,0,0,0,0,0,0,1,0,0,0,0,0,0,0,0,0,0,0,0]"
004131,voc/VOCdevkit/VOC2007/JPEGImages/004131.jpg,"[0,0,1,0,0,0,0,0,0,0,0,0,0,0,0,0,0,0,0,0]"
004135,voc/VOCdevkit/VOC2007/JPEGImages/004135.jpg,"[1,0,0,0,0,0,0,0,0,0,0,0,0,0,0,0,0,0,0,0]"
004137,voc/VOCdevkit/VOC2007/JPEGImages/004137.jpg,"[0,0,0,0,0,0,0,0,0,0,0,1,0,0,1,0,0,0,0,0]"
004138,voc/VOCdevkit/VOC2007/JPEGImages/004138.jpg,"[0,0,0,0,0,0,0,0,0,0,0,0,0,0,1,0,0,0,0,0]"
004140,voc/VOCdevkit/VOC2007/JPEGImages/004140.jpg,"[0,1,0,0,1,0,0,0,0,0,0,0,0,0,0,0,0,0,0,0]"
004141,voc/VOCdevkit/VOC2007/JPEGImages/004141.jpg,"[0,0,0,0,0,0,0,0,0,1,0,0,0,0,1,0,0,0,0,0]"
004142,voc/VOCdevkit/VOC2007/JPEGImages/004142.jpg,"[0,0,0,0,0,0,0,0,1,0,0,1,0,0,1,0,0,1,0,0]"
004143,voc/VOCdevkit/VOC2007/JPEGImages/004143.jpg,"[0,0,1,0,0,0,0,0,0,0,0,0,0,0,0,0,0,0,0,0]"
004145,voc/VOCdevkit/VOC2007/JPEGImages/004145.jpg,"[0,0,0,0,0,0,1,0,0,0,0,0,0,1,1,0,0,0,0,0]"
004146,voc/VOCdevkit/VOC2007/JPEGImages/004146.jpg,"[0,0,0,0,0,0,0,0,0,0,0,0,1,0,0,0,0,0,0,0]"
004148,voc/VOCdevkit/VOC2007/JPEGImages/004148.jpg,"[0,0,0,0,0,0,0,0,0,0,0,0,0,0,0,0,0,0,0,1]"
004149,voc/VOCdevkit/VOC2007/JPEGImages/004149.jpg,"[0,0,0,0,0,0,0,1,1,0,1,0,0,0,0,0,0,0,0,0]"
004150,voc/VOCdevkit/VOC2007/JPEGImages/004150.jpg,"[0,0,0,0,0,0,0,1,0,0,0,0,0,0,0,0,0,0,0,1]"
004152,voc/VOCdevkit/VOC2007/JPEGImages/004152.jpg,"[0,0,0,0,1,0,0,0,0,0,0,0,0,0,0,0,0,0,0,0]"
004158,voc/VOCdevkit/VOC2007/JPEGImages/004158.jpg,"[0,0,0,0,1,0,0,0,0,0,0,0,0,0,1,0,0,0,0,0]"
004164,voc/VOCdevkit/VOC2007/JPEGImages/004164.jpg,"[0,0,0,0,0,0,0,0,1,0,0,0,0,0,0,0,0,1,0,1]"
004168,voc/VOCdevkit/VOC2007/JPEGImages/004168.jpg,"[0,0,0,0,0,0,0,0,0,0,0,0,1,0,1,0,0,0,0,0]"
004169,voc/VOCdevkit/VOC2007/JPEGImages/004169.jpg,"[0,0,0,0,0,0,0,0,0,0,0,0,0,0,1,0,0,0,0,0]"
004170,voc/VOCdevkit/VOC2007/JPEGImages/004170.jpg,"[0,0,0,1,0,0,0,0,0,0,0,0,0,0,1,0,0,0,0,0]"
004178,voc/VOCdevkit/VOC2007/JPEGImages/004178.jpg,"[0,0,0,0,0,0,0,0,0,0,0,1,0,0,0,0,0,0,0,0]"
004185,voc/VOCdevkit/VOC2007/JPEGImages/004185.jpg,"[0,0,0,0,0,0,0,1,0,0,0,0,0,0,0,0,0,0,0,0]"
004186,voc/VOCdevkit/VOC2007/JPEGImages/004186.jpg,"[0,0,0,0,0,1,1,0,0,0,0,0,0,0,0,0,0,0,0,0]"
004189,voc/VOCdevkit/VOC2007/JPEGImages/004189.jpg,"[0,0,0,0,0,0,0,0,0,0,0,1,0,0,0,0,0,0,0,0]"
004191,voc/VOCdevkit/VOC2007/JPEGImages/004191.jpg,"[0,0,0,0,0,0,0,0,0,0,0,0,0,1,1,0,0,0,0,0]"
004193,voc/VOCdevkit/VOC2007/JPEGImages/004193.jpg,"[0,0,0,0,1,0,0,0,1,0,0,0,0,0,0,0,0,0,0,1]"
004194,voc/VOCdevkit/VOC2007/JPEGImages/004194.jpg,"[0,0,0,1,0,0,0,0,0,0,0,0,0,0,0,0,0,0,0,0]"
004195,voc/VOCdevkit/VOC2007/JPEGImages/004195.jpg,"[0,0,0,0,0,0,0,0,0,0,0,0,1,0,1,0,0,0,0,0]"
004196,voc/VOCdevkit/VOC2007/JPEGImages/004196.jpg,"[1,0,0,0,0,0,0,0,0,0,0,0,0,0,0,0,0,0,0,0]"
004200,voc/VOCdevkit/VOC2007/JPEGImages/004200.jpg,"[0,0,0,0,0,0,0,0,0,1,0,0,0,0,0,0,0,0,0,0]"
004204,voc/VOCdevkit/VOC2007/JPEGImages/004204.jpg,"[0,0,1,0,0,0,0,0,0,0,0,0,0,0,0,0,0,0,0,0]"
004205,voc/VOCdevkit/VOC2007/JPEGImages/004205.jpg,"[0,0,0,0,0,0,0,0,0,0,0,0,0,0,1,0,0,0,0,0]"
004209,voc/VOCdevkit/VOC2007/JPEGImages/004209.jpg,"[0,0,0,0,0,0,0,0,0,0,0,1,0,0,1,0,0,0,0,0]"
004212,voc/VOCdevkit/VOC2007/JPEGImages/004212.jpg,"[0,0,0,0,0,0,0,1,0,0,0,0,0,0,0,1,0,0,0,0]"
004215,voc/VOCdevkit/VOC2007/JPEGImages/004215.jpg,"[0,0,0,0,0,0,0,0,0,0,0,0,0,1,0,0,0,0,0,0]"
004223,voc/VOCdevkit/VOC2007/JPEGImages/004223.jpg,"[0,0,0,0,0,0,0,0,0,0,0,0,0,0,1,0,0,0,0,0]"
004224,voc/VOCdevkit/VOC2007/JPEGImages/004224.jpg,"[1,0,0,0,0,0,0,0,0,0,0,0,0,0,1,0,0,0,0,0]"
004228,voc/VOCdevkit/VOC2007/JPEGImages/004228.jpg,"[0,0,0,0,0,0,1,0,0,0,0,0,0,0,0,0,0,0,0,0]"
004229,voc/VOCdevkit/VOC2007/JPEGImages/004229.jpg,"[0,0,0,0,0,0,0,0,0,0,0,0,0,1,1,0,0,0,0,0]"
004230,voc/VOCdevkit/VOC2007/JPEGImages/004230.jpg,"[0,0,0,0,0,0,0,0,0,0,0,0,0,0,1,0,0,0,0,0]"
004231,voc/VOCdevkit/VOC2007/JPEGImages/004231.jpg,"[0,0,0,0,0,0,1,0,0,0,0,0,0,0,1,0,0,0,0,1]"
004237,voc/VOCdevkit/VOC2007/JPEGImages/004237.jpg,"[0,0,0,0,0,0,0,0,0,0,0,0,0,0,1,0,0,0,0,1]"
004241,voc/VOCdevkit/VOC2007/JPEGImages/004241.jpg,"[0,0,0,1,0,0,0,0,0,0,0,0,0,0,0,0,0,0,0,0]"
004242,voc/VOCdevkit/VOC2007/JPEGImages/004242.jpg,"[0,0,0,0,0,0,1,0,0,0,0,0,0,0,0,0,0,0,0,0]"
004244,voc/VOCdevkit/VOC2007/JPEGImages/004244.jpg,"[0,0,0,0,0,0,1,0,0,0,0,0,0,0,1,0,0,0,0,0]"
004246,voc/VOCdevkit/VOC2007/JPEGImages/004246.jpg,"[0,0,0,1,0,0,0,0,0,0,0,0,0,0,1,0,0,0,0,0]"
004247,voc/VOCdevkit/VOC2007/JPEGImages/004247.jpg,"[0,0,1,0,0,0,0,0,0,0,0,0,0,0,0,0,0,0,0,0]"
004253,voc/VOCdevkit/VOC2007/JPEGImages/004253.jpg,"[0,0,0,0,0,0,0,0,1,0,1,0,0,0,0,0,0,0,0,0]"
004255,voc/VOCdevkit/VOC2007/JPEGImages/004255.jpg,"[0,0,0,0,0,0,0,0,0,0,0,0,0,1,0,0,0,0,0,0]"
004256,voc/VOCdevkit/VOC2007/JPEGImages/004256.jpg,"[0,0,0,0,0,0,0,0,0,0,0,0,0,0,0,0,0,0,1,0]"
004257,voc/VOCdevkit/VOC2007/JPEGImages/004257.jpg,"[0,0,0,0,0,0,0,0,1,0,0,0,0,0,1,0,0,0,0,0]"
004258,voc/VOCdevkit/VOC2007/JPEGImages/004258.jpg,"[0,0,0,1,0,0,0,0,0,0,0,0,0,0,1,0,0,0,0,0]"
004259,voc/VOCdevkit/VOC2007/JPEGImages/004259.jpg,"[0,0,0,0,0,0,0,0,1,0,0,0,0,0,1,0,0,1,0,0]"
004264,voc/VOCdevkit/VOC2007/JPEGImages/004264.jpg,"[0,0,0,0,0,0,0,0,0,0,0,1,0,0,0,0,0,0,0,0]"
004269,voc/VOCdevkit/VOC2007/JPEGImages/004269.jpg,"[0,0,0,0,0,0,0,0,0,0,0,0,0,0,1,0,0,0,0,0]"
004270,voc/VOCdevkit/VOC2007/JPEGImages/004270.jpg,"[0,0,0,0,0,0,0,0,1,0,0,0,0,0,1,0,0,0,0,0]"
004271,voc/VOCdevkit/VOC2007/JPEGImages/004271.jpg,"[0,0,1,0,0,0,0,0,0,0,0,0,0,0,0,0,0,0,0,0]"
004272,voc/VOCdevkit/VOC2007/JPEGImages/004272.jpg,"[0,0,0,0,0,0,0,0,0,0,0,1,0,0,0,0,0,0,0,0]"
004273,voc/VOCdevkit/VOC2007/JPEGImages/004273.jpg,"[0,0,0,0,0,0,0,0,0,0,0,0,0,0,1,0,0,0,0,0]"
004274,voc/VOCdevkit/VOC2007/JPEGImages/004274.jpg,"[0,0,0,0,0,0,0,0,0,0,0,0,0,0,0,1,0,0,0,1]"
004279,voc/VOCdevkit/VOC2007/JPEGImages/004279.jpg,"[0,0,0,0,1,0,0,0,0,0,1,0,0,0,1,0,0,0,0,0]"
004280,voc/VOCdevkit/VOC2007/JPEGImages/004280.jpg,"[0,0,0,0,1,0,0,0,0,0,0,0,0,0,0,0,0,0,0,0]"
004281,voc/VOCdevkit/VOC2007/JPEGImages/004281.jpg,"[0,0,0,0,0,0,0,0,0,0,0,0,0,0,1,0,0,0,1,0]"
004283,voc/VOCdevkit/VOC2007/JPEGImages/004283.jpg,"[0,0,0,0,0,0,0,0,0,0,0,0,0,1,0,0,0,0,0,0]"
004284,voc/VOCdevkit/VOC2007/JPEGImages/004284.jpg,"[0,0,0,0,0,0,1,0,0,0,0,0,0,0,0,0,0,0,0,0]"
004286,voc/VOCdevkit/VOC2007/JPEGImages/004286.jpg,"[1,0,0,0,0,0,0,0,0,0,0,0,0,0,0,0,0,0,0,0]"
004287,voc/VOCdevkit/VOC2007/JPEGImages/004287.jpg,"[0,0,0,0,0,0,0,1,0,0,0,0,0,0,1,0,0,0,0,0]"
004291,voc/VOCdevkit/VOC2007/JPEGImages/004291.jpg,"[0,0,0,0,1,0,0,0,0,0,0,0,0,0,1,0,0,0,0,0]"
004292,voc/VOCdevkit/VOC2007/JPEGImages/004292.jpg,"[0,0,0,0,0,0,0,0,0,0,0,0,0,0,1,1,0,0,0,0]"
004293,voc/VOCdevkit/VOC2007/JPEGImages/004293.jpg,"[0,0,0,0,0,0,0,0,0,0,0,1,0,0,0,0,0,0,0,0]"
004295,voc/VOCdevkit/VOC2007/JPEGImages/004295.jpg,"[0,0,0,0,0,0,1,0,0,0,0,0,0,0,0,0,0,0,0,0]"
004296,voc/VOCdevkit/VOC2007/JPEGImages/004296.jpg,"[0,0,0,0,1,0,0,0,0,0,1,0,0,0,1,0,0,0,0,0]"
004298,voc/VOCdevkit/VOC2007/JPEGImages/004298.jpg,"[0,0,0,0,0,0,0,0,0,0,0,1,0,0,1,0,0,1,0,0]"
004303,voc/VOCdevkit/VOC2007/JPEGImages/004303.jpg,"[0,0,0,0,0,1,1,0,0,0,0,0,0,0,0,0,0,0,0,0]"
004304,voc/VOCdevkit/VOC2007/JPEGImages/004304.jpg,"[0,0,0,0,0,0,1,0,0,0,0,0,0,0,1,0,0,0,0,0]"
004310,voc/VOCdevkit/VOC2007/JPEGImages/004310.jpg,"[0,0,0,0,0,0,0,1,1,0,0,0,0,0,0,0,0,0,0,0]"
004312,voc/VOCdevkit/VOC2007/JPEGImages/004312.jpg,"[0,0,0,0,0,0,0,0,0,0,0,0,0,0,0,0,1,0,0,0]"
004315,voc/VOCdevkit/VOC2007/JPEGImages/004315.jpg,"[0,0,0,0,0,0,0,0,0,0,0,0,0,0,0,0,0,0,1,0]"
004321,voc/VOCdevkit/VOC2007/JPEGImages/004321.jpg,"[0,0,0,0,0,0,0,0,0,0,0,0,0,1,1,0,0,0,0,0]"
004322,voc/VOCdevkit/VOC2007/JPEGImages/004322.jpg,"[0,0,0,0,1,0,0,0,0,0,0,0,0,0,1,0,0,0,0,0]"
004323,voc/VOCdevkit/VOC2007/JPEGImages/004323.jpg,"[0,0,0,0,0,0,0,0,0,0,0,0,1,0,1,0,0,0,0,0]"
004326,voc/VOCdevkit/VOC2007/JPEGImages/004326.jpg,"[0,0,1,0,0,0,0,0,0,0,0,0,0,0,0,0,0,0,0,0]"
004329,voc/VOCdevkit/VOC2007/JPEGImages/004329.jpg,"[0,0,0,0,0,0,1,0,0,0,0,0,0,0,1,0,0,0,0,0]"
004331,voc/VOCdevkit/VOC2007/JPEGImages/004331.jpg,"[0,0,0,0,0,0,0,0,0,0,0,0,0,0,0,0,0,0,0,1]"
004333,voc/VOCdevkit/VOC2007/JPEGImages/004333.jpg,"[0,0,0,0,1,0,0,0,0,0,0,0,0,0,0,0,0,0,0,0]"
004338,voc/VOCdevkit/VOC2007/JPEGImages/004338.jpg,"[0,0,0,0,0,0,0,0,0,0,0,0,0,1,0,0,0,0,0,0]"
004339,voc/VOCdevkit/VOC2007/JPEGImages/004339.jpg,"[0,0,0,0,0,0,0,0,0,0,0,0,1,0,1,0,0,0,0,0]"
004341,voc/VOCdevkit/VOC2007/JPEGImages/004341.jpg,"[0,0,0,0,0,0,0,0,0,0,0,0,0,0,0,0,0,0,0,1]"
004346,voc/VOCdevkit/VOC2007/JPEGImages/004346.jpg,"[0,0,0,0,0,0,1,0,0,0,0,0,0,0,1,0,0,0,0,0]"
004349,voc/VOCdevkit/VOC2007/JPEGImages/004349.jpg,"[0,0,1,0,0,0,0,0,0,0,0,0,0,0,0,0,0,0,0,0]"
004352,voc/VOCdevkit/VOC2007/JPEGImages/004352.jpg,"[0,0,0,0,0,0,0,0,0,0,0,1,0,0,0,0,0,0,0,0]"
004354,voc/VOCdevkit/VOC2007/JPEGImages/004354.jpg,"[0,0,0,0,0,0,0,0,0,0,0,0,0,0,0,0,0,0,1,0]"
004356,voc/VOCdevkit/VOC2007/JPEGImages/004356.jpg,"[0,1,0,0,0,0,0,0,0,0,0,0,0,0,1,0,0,0,0,0]"
004359,voc/VOCdevkit/VOC2007/JPEGImages/004359.jpg,"[0,1,0,0,0,0,0,0,0,0,0,0,0,0,1,0,0,0,0,0]"
004360,voc/VOCdevkit/VOC2007/JPEGImages/004360.jpg,"[0,0,0,0,0,0,0,0,0,0,0,0,0,0,1,0,0,0,0,0]"
004361,voc/VOCdevkit/VOC2007/JPEGImages/004361.jpg,"[0,0,0,0,0,0,0,0,0,0,0,0,0,1,1,0,0,0,0,0]"
004364,voc/VOCdevkit/VOC2007/JPEGImages/004364.jpg,"[0,0,0,0,0,0,0,0,1,0,0,0,0,0,0,1,0,1,0,0]"
004365,voc/VOCdevkit/VOC2007/JPEGImages/004365.jpg,"[0,0,0,0,0,0,1,0,0,0,0,0,0,0,0,0,0,0,0,0]"
004368,voc/VOCdevkit/VOC2007/JPEGImages/004368.jpg,"[0,0,0,0,0,0,0,0,0,1,0,0,0,0,0,0,0,0,0,0]"
004369,voc/VOCdevkit/VOC2007/JPEGImages/004369.jpg,"[0,0,0,0,0,0,0,0,0,0,0,0,0,0,0,0,0,1,0,0]"
004370,voc/VOCdevkit/VOC2007/JPEGImages/004370.jpg,"[0,0,0,0,1,0,0,0,0,0,0,0,0,0,1,0,0,0,0,0]"
004371,voc/VOCdevkit/VOC2007/JPEGImages/004371.jpg,"[0,0,0,1,0,0,0,0,0,0,0,0,0,0,0,0,0,0,0,0]"
004376,voc/VOCdevkit/VOC2007/JPEGImages/004376.jpg,"[0,0,0,0,0,0,0,1,0,0,0,0,0,0,0,0,0,0,0,0]"
004379,voc/VOCdevkit/VOC2007/JPEGImages/004379.jpg,"[1,0,0,0,0,0,0,0,0,0,0,0,0,0,0,0,0,0,0,0]"
004380,voc/VOCdevkit/VOC2007/JPEGImages/004380.jpg,"[0,0,0,0,0,0,0,0,0,0,0,0,0,1,1,0,0,0,0,0]"
004384,voc/VOCdevkit/VOC2007/JPEGImages/004384.jpg,"[0,0,0,0,0,0,1,0,0,0,0,0,0,0,1,0,0,0,0,0]"
004386,voc/VOCdevkit/VOC2007/JPEGImages/004386.jpg,"[0,0,0,0,0,0,1,0,0,0,0,0,0,0,0,0,0,0,1,0]"
004387,voc/VOCdevkit/VOC2007/JPEGImages/004387.jpg,"[0,0,0,1,0,1,1,0,0,0,0,0,0,0,1,0,0,0,0,0]"
004389,voc/VOCdevkit/VOC2007/JPEGImages/004389.jpg,"[0,0,0,0,0,0,0,0,0,0,0,0,1,0,1,0,0,0,0,0]"
004390,voc/VOCdevkit/VOC2007/JPEGImages/004390.jpg,"[1,0,0,0,0,0,0,0,0,0,0,0,0,0,0,0,0,0,0,0]"
004392,voc/VOCdevkit/VOC2007/JPEGImages/004392.jpg,"[0,0,0,0,0,0,0,0,1,0,0,0,0,0,1,1,0,0,0,0]"
004396,voc/VOCdevkit/VOC2007/JPEGImages/004396.jpg,"[1,0,0,0,0,0,0,0,0,0,0,0,0,0,0,0,0,0,0,0]"
004397,voc/VOCdevkit/VOC2007/JPEGImages/004397.jpg,"[0,0,0,0,0,0,0,0,0,0,0,0,0,0,1,0,0,0,0,0]"
004404,voc/VOCdevkit/VOC2007/JPEGImages/004404.jpg,"[0,0,0,0,0,0,0,1,0,0,0,0,0,0,1,0,0,0,0,0]"
004405,voc/VOCdevkit/VOC2007/JPEGImages/004405.jpg,"[0,0,0,0,0,0,0,0,1,0,1,0,0,0,0,0,0,0,0,0]"
004409,voc/VOCdevkit/VOC2007/JPEGImages/004409.jpg,"[0,0,0,0,0,0,0,0,0,0,0,1,0,0,0,0,0,0,0,0]"
004421,voc/VOCdevkit/VOC2007/JPEGImages/004421.jpg,"[0,0,0,0,0,0,0,0,1,0,1,0,0,0,0,0,0,0,0,0]"
004423,voc/VOCdevkit/VOC2007/JPEGImages/004423.jpg,"[0,0,0,0,0,0,0,0,0,0,0,0,0,0,0,0,1,0,0,0]"
004424,voc/VOCdevkit/VOC2007/JPEGImages/004424.jpg,"[0,0,0,0,0,0,0,0,0,0,0,0,0,0,1,0,0,0,0,0]"
004432,voc/VOCdevkit/VOC2007/JPEGImages/004432.jpg,"[0,0,0,0,0,0,0,1,0,0,0,0,0,0,0,0,0,0,0,0]"
004433,voc/VOCdevkit/VOC2007/JPEGImages/004433.jpg,"[0,0,0,0,0,0,0,0,0,0,0,1,0,0,1,1,0,0,0,0]"
004434,voc/VOCdevkit/VOC2007/JPEGImages/004434.jpg,"[0,0,0,0,0,0,0,0,0,0,0,1,0,0,0,0,0,0,0,0]"
004437,voc/VOCdevkit/VOC2007/JPEGImages/004437.jpg,"[0,0,0,0,0,0,0,0,0,0,0,0,0,0,1,0,0,0,1,0]"
004438,voc/VOCdevkit/VOC2007/JPEGImages/004438.jpg,"[0,0,0,0,0,0,0,0,0,0,0,1,0,0,1,0,0,0,0,1]"
004439,voc/VOCdevkit/VOC2007/JPEGImages/004439.jpg,"[0,0,0,0,0,0,1,0,0,0,0,0,0,0,0,0,0,0,0,0]"
004441,voc/VOCdevkit/VOC2007/JPEGImages/004441.jpg,"[0,0,0,0,0,0,0,0,0,1,0,0,0,0,0,0,0,0,0,0]"
004446,voc/VOCdevkit/VOC2007/JPEGImages/004446.jpg,"[0,0,0,0,0,0,0,1,0,0,0,0,0,0,0,1,0,0,0,0]"
004450,voc/VOCdevkit/VOC2007/JPEGImages/004450.jpg,"[0,0,0,0,0,0,0,0,0,0,0,0,1,0,0,0,0,0,0,0]"
004452,voc/VOCdevkit/VOC2007/JPEGImages/004452.jpg,"[1,0,0,0,0,0,0,0,0,0,0,0,0,0,0,0,0,0,0,0]"
004455,voc/VOCdevkit/VOC2007/JPEGImages/004455.jpg,"[0,0,0,0,0,0,0,1,0,0,0,0,0,0,0,1,0,0,0,0]"
004457,voc/VOCdevkit/VOC2007/JPEGImages/004457.jpg,"[0,0,0,0,0,0,0,0,0,0,0,0,0,0,1,0,0,0,0,0]"
004459,voc/VOCdevkit/VOC2007/JPEGImages/004459.jpg,"[1,0,0,0,0,0,0,0,0,0,0,0,0,0,1,0,0,0,0,0]"
004463,voc/VOCdevkit/VOC2007/JPEGImages/004463.jpg,"[0,0,0,0,0,0,0,0,0,0,0,0,0,1,1,0,0,0,0,0]"
004466,voc/VOCdevkit/VOC2007/JPEGImages/004466.jpg,"[0,0,0,0,1,0,0,0,0,0,0,0,0,0,1,0,0,0,0,0]"
004470,voc/VOCdevkit/VOC2007/JPEGImages/004470.jpg,"[1,0,0,0,0,0,0,0,0,0,0,0,0,0,1,0,0,0,0,0]"
004474,voc/VOCdevkit/VOC2007/JPEGImages/004474.jpg,"[0,0,0,0,0,0,0,0,0,1,0,0,0,0,0,0,0,0,0,0]"
004479,voc/VOCdevkit/VOC2007/JPEGImages/004479.jpg,"[0,0,0,0,1,0,0,0,0,0,0,0,0,0,1,0,0,0,0,0]"
004481,voc/VOCdevkit/VOC2007/JPEGImages/004481.jpg,"[0,0,0,0,0,0,1,0,0,0,0,0,0,0,1,0,0,0,0,0]"
004484,voc/VOCdevkit/VOC2007/JPEGImages/004484.jpg,"[0,0,0,0,0,0,0,0,1,0,1,0,0,0,0,1,0,0,0,0]"
004487,voc/VOCdevkit/VOC2007/JPEGImages/004487.jpg,"[0,0,0,0,0,0,0,0,0,0,0,0,1,0,1,0,0,0,0,0]"
004488,voc/VOCdevkit/VOC2007/JPEGImages/004488.jpg,"[0,0,0,0,0,0,1,0,0,0,0,0,0,0,0,0,0,0,0,0]"
004490,voc/VOCdevkit/VOC2007/JPEGImages/004490.jpg,"[0,0,0,0,0,0,0,0,0,0,0,0,0,0,0,0,1,0,0,0]"
004493,voc/VOCdevkit/VOC2007/JPEGImages/004493.jpg,"[0,0,0,0,1,0,0,0,0,0,1,0,0,0,0,0,0,0,0,0]"
004494,voc/VOCdevkit/VOC2007/JPEGImages/004494.jpg,"[0,0,0,0,0,0,1,0,0,0,0,0,0,0,1,0,0,0,0,0]"
004495,voc/VOCdevkit/VOC2007/JPEGImages/004495.jpg,"[0,0,0,0,1,0,0,0,0,0,0,0,0,0,1,0,0,0,0,0]"
004496,voc/VOCdevkit/VOC2007/JPEGImages/004496.jpg,"[0,0,0,0,0,0,0,0,1,0,0,0,0,0,1,0,0,0,0,0]"
004499,voc/VOCdevkit/VOC2007/JPEGImages/004499.jpg,"[0,0,0,0,0,0,0,0,0,0,0,0,0,0,1,0,0,1,0,0]"
004500,voc/VOCdevkit/VOC2007/JPEGImages/004500.jpg,"[0,0,0,0,0,0,0,0,0,1,0,0,0,0,0,0,0,0,0,0]"
004502,voc/VOCdevkit/VOC2007/JPEGImages/004502.jpg,"[0,0,0,0,0,0,0,1,0,0,0,0,0,0,0,0,0,0,0,0]"
004507,voc/VOCdevkit/VOC2007/JPEGImages/004507.jpg,"[0,0,0,0,0,0,0,0,0,0,0,0,0,1,0,0,0,0,0,0]"
004508,voc/VOCdevkit/VOC2007/JPEGImages/004508.jpg,"[0,0,0,0,1,0,0,0,0,0,0,0,0,0,1,0,0,0,0,0]"
004509,voc/VOCdevkit/VOC2007/JPEGImages/004509.jpg,"[0,1,0,0,0,0,0,0,0,0,0,0,0,0,1,0,0,0,0,0]"
004510,voc/VOCdevkit/VOC2007/JPEGImages/004510.jpg,"[0,0,0,0,0,0,0,0,1,0,0,0,0,0,0,0,0,0,0,1]"
004514,voc/VOCdevkit/VOC2007/JPEGImages/004514.jpg,"[0,0,0,0,0,0,0,0,0,0,0,0,0,0,0,0,0,0,0,1]"
004517,voc/VOCdevkit/VOC2007/JPEGImages/004517.jpg,"[0,0,0,0,0,0,0,0,0,0,0,0,0,0,1,0,0,0,0,0]"
004518,voc/VOCdevkit/VOC2007/JPEGImages/004518.jpg,"[0,0,0,0,0,0,0,0,0,0,0,0,0,0,1,0,0,0,0,0]"
004519,voc/VOCdevkit/VOC2007/JPEGImages/004519.jpg,"[0,0,0,0,0,0,1,0,0,0,0,0,0,0,0,0,0,0,0,0]"
004520,voc/VOCdevkit/VOC2007/JPEGImages/004520.jpg,"[0,0,0,0,0,0,0,0,0,0,0,0,0,0,1,0,0,0,0,0]"
004524,voc/VOCdevkit/VOC2007/JPEGImages/004524.jpg,"[0,0,1,0,0,0,0,0,0,0,0,0,0,0,0,0,0,0,0,0]"
004526,voc/VOCdevkit/VOC2007/JPEGImages/004526.jpg,"[0,0,0,0,0,0,1,0,0,0,0,0,0,0,0,0,0,0,0,0]"
004527,voc/VOCdevkit/VOC2007/JPEGImages/004527.jpg,"[0,0,0,0,0,0,0,0,0,0,0,0,0,0,0,0,1,0,0,0]"
004528,voc/VOCdevkit/VOC2007/JPEGImages/004528.jpg,"[1,0,0,0,0,0,0,0,0,0,0,0,0,0,1,0,0,0,0,0]"
004530,voc/VOCdevkit/VOC2007/JPEGImages/004530.jpg,"[0,0,0,0,0,1,0,0,0,0,0,0,0,0,1,0,0,0,0,0]"
004532,voc/VOCdevkit/VOC2007/JPEGImages/004532.jpg,"[0,0,0,1,0,0,0,0,0,0,0,0,0,0,0,0,0,0,0,0]"
004535,voc/VOCdevkit/VOC2007/JPEGImages/004535.jpg,"[0,0,0,0,0,0,0,0,0,0,0,0,1,0,1,0,0,0,0,0]"
004537,voc/VOCdevkit/VOC2007/JPEGImages/004537.jpg,"[0,0,0,0,0,0,0,0,0,1,0,0,1,0,1,0,0,0,0,0]"
004539,voc/VOCdevkit/VOC2007/JPEGImages/004539.jpg,"[0,0,0,0,0,0,1,0,0,0,0,0,0,0,0,0,0,0,0,0]"
004542,voc/VOCdevkit/VOC2007/JPEGImages/004542.jpg,"[0,0,0,0,0,0,0,0,0,0,0,0,0,0,1,0,0,1,0,0]"
004544,voc/VOCdevkit/VOC2007/JPEGImages/004544.jpg,"[0,0,0,0,0,1,1,0,0,0,0,0,0,0,0,0,0,0,0,0]"
004548,voc/VOCdevkit/VOC2007/JPEGImages/004548.jpg,"[0,0,0,0,0,0,0,0,0,0,0,1,0,0,0,0,0,0,0,0]"
004549,voc/VOCdevkit/VOC2007/JPEGImages/004549.jpg,"[0,0,0,0,0,0,0,0,1,0,0,0,0,0,0,0,0,1,0,1]"
004551,voc/VOCdevkit/VOC2007/JPEGImages/004551.jpg,"[0,0,0,0,0,0,0,0,0,0,0,1,0,0,0,0,0,0,0,0]"
004552,voc/VOCdevkit/VOC2007/JPEGImages/004552.jpg,"[0,0,0,0,0,1,0,0,0,0,0,0,0,0,0,0,0,0,0,0]"
004553,voc/VOCdevkit/VOC2007/JPEGImages/004553.jpg,"[0,0,0,0,0,0,0,0,0,0,0,0,1,0,1,0,0,0,0,0]"
004558,voc/VOCdevkit/VOC2007/JPEGImages/004558.jpg,"[0,0,0,0,0,0,0,0,0,0,0,0,0,0,0,1,0,0,0,0]"
004562,voc/VOCdevkit/VOC2007/JPEGImages/004562.jpg,"[0,0,0,0,0,0,0,0,0,0,0,0,0,0,1,0,0,1,0,0]"
004563,voc/VOCdevkit/VOC2007/JPEGImages/004563.jpg,"[0,0,0,0,0,0,1,0,0,0,0,0,0,0,1,0,0,0,0,0]"
004565,voc/VOCdevkit/VOC2007/JPEGImages/004565.jpg,"[0,0,0,0,0,0,0,0,0,0,0,1,0,0,0,0,0,0,0,0]"
004566,voc/VOCdevkit/VOC2007/JPEGImages/004566.jpg,"[0,0,0,0,0,0,0,1,0,0,0,0,0,0,0,0,0,0,0,0]"
004570,voc/VOCdevkit/VOC2007/JPEGImages/004570.jpg,"[1,0,0,0,0,0,0,0,0,0,0,0,0,0,0,0,0,0,0,0]"
004571,voc/VOCdevkit/VOC2007/JPEGImages/004571.jpg,"[0,0,0,0,0,0,0,0,0,1,0,0,0,0,1,0,0,0,0,0]"
004574,voc/VOCdevkit/VOC2007/JPEGImages/004574.jpg,"[0,0,0,0,0,0,0,0,1,0,0,0,0,0,1,0,0,0,0,0]"
004576,voc/VOCdevkit/VOC2007/JPEGImages/004576.jpg,"[0,0,0,0,0,0,1,0,0,0,0,0,0,0,0,0,0,0,0,0]"
004579,voc/VOCdevkit/VOC2007/JPEGImages/004579.jpg,"[0,0,0,0,0,0,0,0,0,0,0,0,0,0,0,0,0,0,1,0]"
004581,voc/VOCdevkit/VOC2007/JPEGImages/004581.jpg,"[0,0,0,0,0,1,1,0,0,0,0,0,0,0,0,0,0,0,0,0]"
004584,voc/VOCdevkit/VOC2007/JPEGImages/004584.jpg,"[0,0,0,0,0,0,0,0,0,0,0,0,0,0,0,0,0,1,0,0]"
004585,voc/VOCdevkit/VOC2007/JPEGImages/004585.jpg,"[0,0,0,0,0,0,0,0,0,1,0,0,0,0,0,0,0,0,0,0]"
004587,voc/VOCdevkit/VOC2007/JPEGImages/004587.jpg,"[0,0,0,0,0,0,0,0,0,0,0,1,0,0,0,0,0,0,0,0]"
004591,voc/VOCdevkit/VOC2007/JPEGImages/004591.jpg,"[0,0,0,0,0,0,1,0,0,0,0,0,0,0,0,0,0,0,1,0]"
004592,voc/VOCdevkit/VOC2007/JPEGImages/004592.jpg,"[0,0,0,1,0,0,0,0,0,0,0,0,0,0,0,0,0,0,0,0]"
004601,voc/VOCdevkit/VOC2007/JPEGImages/004601.jpg,"[0,0,0,0,0,0,0,0,0,0,0,0,0,1,1,0,0,0,0,0]"
004604,voc/VOCdevkit/VOC2007/JPEGImages/004604.jpg,"[0,0,0,0,0,0,1,0,0,0,0,0,0,1,1,0,0,0,0,0]"
004606,voc/VOCdevkit/VOC2007/JPEGImages/004606.jpg,"[1,0,0,0,0,0,0,0,0,0,0,0,0,0,0,0,0,0,0,0]"
004607,voc/VOCdevkit/VOC2007/JPEGImages/004607.jpg,"[0,0,0,0,0,0,0,0,1,0,0,0,0,0,1,0,0,1,0,0]"
004609,voc/VOCdevkit/VOC2007/JPEGImages/004609.jpg,"[0,0,0,0,0,0,0,0,0,0,0,1,0,0,1,0,0,0,0,0]"
004611,voc/VOCdevkit/VOC2007/JPEGImages/004611.jpg,"[0,0,0,0,0,0,0,0,1,0,1,0,0,0,1,0,0,0,0,0]"
004618,voc/VOCdevkit/VOC2007/JPEGImages/004618.jpg,"[0,0,0,0,0,0,1,0,0,0,0,0,0,0,0,0,0,0,0,0]"
004622,voc/VOCdevkit/VOC2007/JPEGImages/004622.jpg,"[0,1,0,0,0,0,0,0,0,0,0,0,0,0,1,0,0,0,0,0]"
004625,voc/VOCdevkit/VOC2007/JPEGImages/004625.jpg,"[0,0,0,0,0,0,0,0,0,0,0,0,1,0,0,0,0,0,0,0]"
004626,voc/VOCdevkit/VOC2007/JPEGImages/004626.jpg,"[0,0,0,0,0,0,0,0,0,0,0,0,0,0,0,0,0,0,1,0]"
004627,voc/VOCdevkit/VOC2007/JPEGImages/004627.jpg,"[0,0,0,0,0,0,0,0,0,0,0,0,0,0,0,0,0,0,1,0]"
004630,voc/VOCdevkit/VOC2007/JPEGImages/004630.jpg,"[0,0,0,0,0,1,0,0,0,0,0,0,0,0,1,0,0,0,0,0]"
004631,voc/VOCdevkit/VOC2007/JPEGImages/004631.jpg,"[0,0,0,0,0,0,0,0,1,0,0,0,0,0,1,1,0,0,0,0]"
004632,voc/VOCdevkit/VOC2007/JPEGImages/004632.jpg,"[0,0,0,0,0,0,0,0,0,0,0,1,0,0,0,0,0,0,0,0]"
004643,voc/VOCdevkit/VOC2007/JPEGImages/004643.jpg,"[1,0,0,0,0,0,0,0,0,0,0,0,0,0,0,0,0,0,0,0]"
004644,voc/VOCdevkit/VOC2007/JPEGImages/004644.jpg,"[0,0,0,0,0,0,0,0,0,0,0,1,0,0,0,0,0,0,0,0]"
004647,voc/VOCdevkit/VOC2007/JPEGImages/004647.jpg,"[0,0,0,0,0,0,0,0,0,0,0,0,0,1,1,0,0,0,0,0]"
004648,voc/VOCdevkit/VOC2007/JPEGImages/004648.jpg,"[0,0,0,0,0,1,0,0,0,0,0,0,0,0,1,0,0,0,0,0]"
004649,voc/VOCdevkit/VOC2007/JPEGImages/004649.jpg,"[0,0,0,0,0,0,0,0,0,0,0,0,0,0,0,0,0,0,1,0]"
004654,voc/VOCdevkit/VOC2007/JPEGImages/004654.jpg,"[0,0,0,0,0,0,0,1,1,0,0,0,0,0,0,0,0,0,0,0]"
004655,voc/VOCdevkit/VOC2007/JPEGImages/004655.jpg,"[0,0,0,0,0,0,0,0,1,0,1,0,0,0,0,0,0,0,0,0]"
004656,voc/VOCdevkit/VOC2007/JPEGImages/004656.jpg,"[0,0,0,0,0,0,0,0,0,0,0,0,1,0,1,0,0,0,0,0]"
004660,voc/VOCdevkit/VOC2007/JPEGImages/004660.jpg,"[0,0,0,0,0,0,1,0,0,0,0,0,0,0,1,0,0,0,0,0]"
004662,voc/VOCdevkit/VOC2007/JPEGImages/004662.jpg,"[0,0,0,0,0,0,0,0,0,0,0,0,1,0,1,0,0,0,0,0]"
004671,voc/VOCdevkit/VOC2007/JPEGImages/004671.jpg,"[0,0,0,0,1,0,0,0,0,0,0,0,0,0,0,0,0,0,0,0]"
004672,voc/VOCdevkit/VOC2007/JPEGImages/004672.jpg,"[0,1,0,0,0,0,0,0,0,0,0,0,0,0,1,0,0,0,0,0]"
004673,voc/VOCdevkit/VOC2007/JPEGImages/004673.jpg,"[0,1,0,0,0,0,0,0,0,0,0,0,0,0,1,0,0,0,0,0]"
004674,voc/VOCdevkit/VOC2007/JPEGImages/004674.jpg,"[1,0,0,0,0,0,0,0,0,0,0,0,0,0,0,0,0,0,0,0]"
004676,voc/VOCdevkit/VOC2007/JPEGImages/004676.jpg,"[0,1,0,0,0,0,0,0,0,0,0,0,0,0,1,0,0,0,0,0]"
004679,voc/VOCdevkit/VOC2007/JPEGImages/004679.jpg,"[0,0,0,0,0,0,0,0,0,0,0,1,0,0,1,0,0,0,0,0]"
004682,voc/VOCdevkit/VOC2007/JPEGImages/004682.jpg,"[0,0,0,0,0,0,0,0,0,0,0,0,0,0,0,1,0,0,0,0]"
004683,voc/VOCdevkit/VOC2007/JPEGImages/004683.jpg,"[0,0,0,0,0,0,0,1,0,0,0,0,0,0,0,0,0,0,0,0]"
004686,voc/VOCdevkit/VOC2007/JPEGImages/004686.jpg,"[0,0,0,0,0,0,0,0,0,1,0,0,1,0,1,0,0,0,0,0]"
004687,voc/VOCdevkit/VOC2007/JPEGImages/004687.jpg,"[0,0,0,0,0,0,1,0,0,0,0,0,0,1,1,0,0,0,0,0]"
004691,voc/VOCdevkit/VOC2007/JPEGImages/004691.jpg,"[0,0,0,0,0,0,1,0,0,0,0,0,0,0,0,0,0,0,1,0]"
004692,voc/VOCdevkit/VOC2007/JPEGImages/004692.jpg,"[0,0,0,0,0,0,0,0,1,0,0,1,0,0,1,0,0,0,0,0]"
004693,voc/VOCdevkit/VOC2007/JPEGImages/004693.jpg,"[0,0,0,0,0,0,0,0,0,0,0,0,0,0,1,0,0,0,1,0]"
004694,voc/VOCdevkit/VOC2007/JPEGImages/004694.jpg,"[0,0,0,0,0,0,0,0,0,0,0,0,0,1,1,0,0,0,0,0]"
004699,voc/VOCdevkit/VOC2007/JPEGImages/004699.jpg,"[0,0,0,0,0,0,0,0,0,0,0,0,0,0,1,1,0,0,0,0]"
004701,voc/VOCdevkit/VOC2007/JPEGImages/004701.jpg,"[0,0,0,0,1,0,0,0,0,0,0,0,0,0,0,0,0,0,0,0]"
004706,voc/VOCdevkit/VOC2007/JPEGImages/004706.jpg,"[0,1,0,0,0,0,0,0,0,0,0,0,0,0,1,0,0,0,0,0]"
004707,voc/VOCdevkit/VOC2007/JPEGImages/004707.jpg,"[0,0,0,0,0,0,0,0,0,0,0,0,0,0,1,1,0,0,0,0]"
004708,voc/VOCdevkit/VOC2007/JPEGImages/004708.jpg,"[0,0,0,0,0,0,0,1,0,0,0,0,0,0,0,0,0,1,0,0]"
004710,voc/VOCdevkit/VOC2007/JPEGImages/004710.jpg,"[0,0,0,0,1,0,0,0,0,0,0,0,0,0,0,0,0,0,0,0]"
004714,voc/VOCdevkit/VOC2007/JPEGImages/004714.jpg,"[0,0,0,0,0,0,0,0,1,0,0,0,0,0,0,1,0,1,0,0]"
004715,voc/VOCdevkit/VOC2007/JPEGImages/004715.jpg,"[0,0,0,0,0,0,0,0,0,0,0,0,0,0,1,0,0,0,0,0]"
004718,voc/VOCdevkit/VOC2007/JPEGImages/004718.jpg,"[0,0,0,0,1,0,0,0,0,0,0,0,0,0,1,0,0,0,0,0]"
004719,voc/VOCdevkit/VOC2007/JPEGImages/004719.jpg,"[0,0,0,0,0,1,1,0,0,0,0,0,0,0,0,0,0,0,0,0]"
004722,voc/VOCdevkit/VOC2007/JPEGImages/004722.jpg,"[0,0,0,0,0,0,0,0,0,0,0,0,1,0,1,0,0,0,0,0]"
004723,voc/VOCdevkit/VOC2007/JPEGImages/004723.jpg,"[0,0,0,0,0,0,0,0,0,0,0,0,0,0,1,0,0,0,0,0]"
004727,voc/VOCdevkit/VOC2007/JPEGImages/004727.jpg,"[0,0,0,0,0,1,1,0,0,0,0,0,0,0,1,0,0,0,0,0]"
004732,voc/VOCdevkit/VOC2007/JPEGImages/004732.jpg,"[0,0,0,0,0,0,0,0,1,0,0,0,0,0,1,0,0,0,0,0]"
004735,voc/VOCdevkit/VOC2007/JPEGImages/004735.jpg,"[0,0,0,0,0,0,0,0,1,0,0,0,0,0,0,0,0,0,0,0]"
004737,voc/VOCdevkit/VOC2007/JPEGImages/004737.jpg,"[0,0,0,0,0,0,0,0,0,0,0,1,0,0,0,0,0,0,0,0]"
004742,voc/VOCdevkit/VOC2007/JPEGImages/004742.jpg,"[0,0,0,0,1,0,0,0,1,0,1,0,0,0,1,1,0,0,0,0]"
004743,voc/VOCdevkit/VOC2007/JPEGImages/004743.jpg,"[0,0,0,0,0,0,0,1,0,0,0,0,0,0,0,0,0,0,0,0]"
004746,voc/VOCdevkit/VOC2007/JPEGImages/004746.jpg,"[0,0,0,0,0,0,0,0,0,0,0,0,0,0,0,0,0,0,1,0]"
004747,voc/VOCdevkit/VOC2007/JPEGImages/004747.jpg,"[0,0,0,0,0,0,1,0,0,0,0,0,0,0,0,0,0,0,0,0]"
004748,voc/VOCdevkit/VOC2007/JPEGImages/004748.jpg,"[1,0,0,0,0,0,1,0,0,0,0,0,0,0,0,0,0,0,0,0]"
004750,voc/VOCdevkit/VOC2007/JPEGImages/004750.jpg,"[0,0,0,0,0,0,1,0,0,0,0,0,0,1,1,0,0,0,0,0]"
004753,voc/VOCdevkit/VOC2007/JPEGImages/004753.jpg,"[0,0,0,0,1,0,0,0,1,0,0,0,0,0,1,0,0,0,0,0]"
004754,voc/VOCdevkit/VOC2007/JPEGImages/004754.jpg,"[0,0,0,0,0,0,0,0,0,0,0,0,0,0,0,0,0,1,0,1]"
004761,voc/VOCdevkit/VOC2007/JPEGImages/004761.jpg,"[0,1,0,0,0,0,0,0,0,0,0,0,0,0,1,0,0,0,0,0]"
004768,voc/VOCdevkit/VOC2007/JPEGImages/004768.jpg,"[0,0,0,0,0,0,0,0,0,0,0,0,0,0,0,0,1,0,0,0]"
004776,voc/VOCdevkit/VOC2007/JPEGImages/004776.jpg,"[0,0,0,0,0,0,0,0,0,0,0,0,0,0,0,0,0,0,1,0]"
004777,voc/VOCdevkit/VOC2007/JPEGImages/004777.jpg,"[0,0,0,0,0,0,0,0,0,0,0,1,0,0,0,0,0,0,0,0]"
004779,voc/VOCdevkit/VOC2007/JPEGImages/004779.jpg,"[0,0,0,0,0,0,1,0,0,0,0,0,0,0,1,0,0,0,0,0]"
004782,voc/VOCdevkit/VOC2007/JPEGImages/004782.jpg,"[0,1,0,0,0,0,0,0,0,0,0,0,0,0,1,0,0,0,0,0]"
004783,voc/VOCdevkit/VOC2007/JPEGImages/004783.jpg,"[0,0,1,0,0,0,0,0,0,0,0,0,0,0,0,0,0,0,0,0]"
004785,voc/VOCdevkit/VOC2007/JPEGImages/004785.jpg,"[0,0,0,0,0,0,0,0,1,0,1,0,0,0,0,0,0,0,0,0]"
004786,voc/VOCdevkit/VOC2007/JPEGImages/004786.jpg,"[0,0,0,0,0,0,1,0,0,0,0,0,0,0,0,0,0,0,0,0]"
004788,voc/VOCdevkit/VOC2007/JPEGImages/004788.jpg,"[0,0,0,0,0,0,0,0,0,0,0,0,1,0,1,0,0,0,0,0]"
004789,voc/VOCdevkit/VOC2007/JPEGImages/004789.jpg,"[0,0,0,0,0,0,0,0,0,0,0,0,1,0,1,0,0,0,0,0]"
004790,voc/VOCdevkit/VOC2007/JPEGImages/004790.jpg,"[0,0,0,0,0,0,0,0,0,0,0,0,0,0,1,0,0,0,0,0]"
004794,voc/VOCdevkit/VOC2007/JPEGImages/004794.jpg,"[0,0,1,0,0,0,0,0,0,0,0,0,0,0,0,0,0,0,0,0]"
004796,voc/VOCdevkit/VOC2007/JPEGImages/004796.jpg,"[0,0,0,0,0,0,0,0,0,0,0,0,0,1,1,0,0,0,0,0]"
004801,voc/VOCdevkit/VOC2007/JPEGImages/004801.jpg,"[0,0,0,0,0,0,0,0,0,0,0,0,0,0,1,0,0,0,0,0]"
004805,voc/VOCdevkit/VOC2007/JPEGImages/004805.jpg,"[0,0,0,0,0,0,1,0,0,0,0,0,0,1,0,0,0,0,0,0]"
004812,voc/VOCdevkit/VOC2007/JPEGImages/004812.jpg,"[1,0,0,0,0,0,0,0,0,0,0,0,0,0,1,0,0,0,0,0]"
004815,voc/VOCdevkit/VOC2007/JPEGImages/004815.jpg,"[0,0,0,0,0,0,0,0,0,0,0,0,1,0,1,0,0,0,0,0]"
004818,voc/VOCdevkit/VOC2007/JPEGImages/004818.jpg,"[0,0,0,0,0,0,0,0,1,0,0,0,0,0,0,0,0,0,0,0]"
004823,voc/VOCdevkit/VOC2007/JPEGImages/004823.jpg,"[0,0,0,0,0,0,1,0,0,0,0,0,0,0,0,0,0,0,0,0]"
004825,voc/VOCdevkit/VOC2007/JPEGImages/004825.jpg,"[0,0,0,0,0,0,0,0,0,0,0,0,0,0,0,1,0,0,0,0]"
004826,voc/VOCdevkit/VOC2007/JPEGImages/004826.jpg,"[0,0,0,0,0,0,0,0,0,1,0,0,0,0,1,0,0,0,0,0]"
004828,voc/VOCdevkit/VOC2007/JPEGImages/004828.jpg,"[0,0,0,0,0,0,1,0,0,0,0,0,0,0,1,0,0,0,0,0]"
004830,voc/VOCdevkit/VOC2007/JPEGImages/004830.jpg,"[0,0,0,0,0,0,1,0,0,0,0,0,0,0,1,0,0,0,0,0]"
004832,voc/VOCdevkit/VOC2007/JPEGImages/004832.jpg,"[0,0,0,0,0,0,0,1,0,0,0,0,0,0,1,0,0,0,0,0]"
004834,voc/VOCdevkit/VOC2007/JPEGImages/004834.jpg,"[0,0,0,0,0,0,0,0,0,0,0,0,1,0,1,0,0,0,0,0]"
004836,voc/VOCdevkit/VOC2007/JPEGImages/004836.jpg,"[0,0,0,0,0,0,0,0,0,0,0,0,0,1,0,0,0,0,0,0]"
004837,voc/VOCdevkit/VOC2007/JPEGImages/004837.jpg,"[0,0,0,0,0,0,0,0,1,0,0,0,0,0,0,0,0,1,0,0]"
004839,voc/VOCdevkit/VOC2007/JPEGImages/004839.jpg,"[0,0,0,1,0,0,0,0,0,0,0,0,0,0,0,0,0,0,0,0]"
004840,voc/VOCdevkit/VOC2007/JPEGImages/004840.jpg,"[0,0,0,0,0,0,0,0,0,0,0,0,0,1,1,0,0,0,0,0]"
004841,voc/VOCdevkit/VOC2007/JPEGImages/004841.jpg,"[1,0,0,0,0,0,0,0,0,0,0,0,0,0,0,0,0,0,0,0]"
004842,voc/VOCdevkit/VOC2007/JPEGImages/004842.jpg,"[0,0,0,0,0,0,0,0,0,0,0,0,0,0,0,0,1,0,0,0]"
004846,voc/VOCdevkit/VOC2007/JPEGImages/004846.jpg,"[0,0,0,0,0,0,0,0,0,0,0,0,0,0,1,0,0,1,0,0]"
004848,voc/VOCdevkit/VOC2007/JPEGImages/004848.jpg,"[0,0,1,0,0,0,0,0,0,0,0,0,0,0,0,0,0,0,0,0]"
004852,voc/VOCdevkit/VOC2007/JPEGImages/004852.jpg,"[0,0,0,0,0,0,0,0,0,0,0,0,0,0,1,0,0,0,0,0]"
004856,voc/VOCdevkit/VOC2007/JPEGImages/004856.jpg,"[0,0,0,0,0,0,0,1,0,0,0,0,0,0,0,0,0,0,0,0]"
004857,voc/VOCdevkit/VOC2007/JPEGImages/004857.jpg,"[0,0,0,0,0,0,0,0,1,0,1,0,0,0,1,0,0,0,0,0]"
004859,voc/VOCdevkit/VOC2007/JPEGImages/004859.jpg,"[0,0,0,0,0,0,0,0,1,0,0,0,0,0,1,0,0,0,0,0]"
004866,voc/VOCdevkit/VOC2007/JPEGImages/004866.jpg,"[0,0,0,0,0,0,0,1,0,0,0,0,0,0,0,0,0,0,0,0]"
004867,voc/VOCdevkit/VOC2007/JPEGImages/004867.jpg,"[0,0,0,0,0,0,0,0,0,0,0,0,0,0,0,0,0,0,1,0]"
004868,voc/VOCdevkit/VOC2007/JPEGImages/004868.jpg,"[0,0,0,0,0,0,0,0,0,0,1,0,0,0,1,0,0,0,0,1]"
004869,voc/VOCdevkit/VOC2007/JPEGImages/004869.jpg,"[0,0,1,0,0,0,0,0,0,0,0,0,0,0,0,0,0,0,0,0]"
004872,voc/VOCdevkit/VOC2007/JPEGImages/004872.jpg,"[0,0,0,0,0,0,0,0,0,0,0,0,1,0,1,0,0,0,0,0]"
004876,voc/VOCdevkit/VOC2007/JPEGImages/004876.jpg,"[0,0,1,0,0,0,0,0,0,0,0,0,0,0,0,0,0,0,0,0]"
004878,voc/VOCdevkit/VOC2007/JPEGImages/004878.jpg,"[0,0,0,0,0,0,0,1,0,0,0,0,0,0,0,0,0,1,0,0]"
004879,voc/VOCdevkit/VOC2007/JPEGImages/004879.jpg,"[0,1,0,0,0,0,0,0,0,0,0,0,0,0,1,0,0,0,0,0]"
004882,voc/VOCdevkit/VOC2007/JPEGImages/004882.jpg,"[0,0,0,0,0,0,0,0,0,0,0,0,0,1,1,0,0,0,0,0]"
004885,voc/VOCdevkit/VOC2007/JPEGImages/004885.jpg,"[0,0,0,1,0,0,0,0,0,0,0,0,0,0,0,0,0,0,0,0]"
004886,voc/VOCdevkit/VOC2007/JPEGImages/004886.jpg,"[0,0,0,0,1,0,0,0,0,0,0,0,0,0,1,0,0,0,0,0]"
004895,voc/VOCdevkit/VOC2007/JPEGImages/004895.jpg,"[0,0,0,0,0,0,0,0,0,0,0,0,0,0,0,1,0,0,0,0]"
004896,voc/VOCdevkit/VOC2007/JPEGImages/004896.jpg,"[1,0,0,0,0,0,0,0,0,0,0,0,0,0,0,0,0,0,0,0]"
004897,voc/VOCdevkit/VOC2007/JPEGImages/004897.jpg,"[0,0,0,0,0,0,0,0,0,0,0,0,0,0,1,0,0,0,0,0]"
004898,voc/VOCdevkit/VOC2007/JPEGImages/004898.jpg,"[0,0,0,0,0,0,0,0,0,0,0,0,0,0,1,1,0,0,0,0]"
004902,voc/VOCdevkit/VOC2007/JPEGImages/004902.jpg,"[0,0,0,0,0,0,0,0,0,0,0,0,1,0,1,0,0,0,0,0]"
004903,voc/VOCdevkit/VOC2007/JPEGImages/004903.jpg,"[0,0,0,0,0,0,1,0,0,0,0,0,0,0,0,0,0,1,0,0]"
004905,voc/VOCdevkit/VOC2007/JPEGImages/004905.jpg,"[1,0,0,0,0,0,0,0,0,0,0,0,0,0,0,0,0,0,0,0]"
004907,voc/VOCdevkit/VOC2007/JPEGImages/004907.jpg,"[0,0,0,0,0,0,0,1,0,0,0,0,0,0,0,0,0,0,0,0]"
004910,voc/VOCdevkit/VOC2007/JPEGImages/004910.jpg,"[0,0,0,0,0,1,0,0,0,0,0,0,0,0,0,0,0,0,0,0]"
004911,voc/VOCdevkit/VOC2007/JPEGImages/004911.jpg,"[0,0,0,0,0,0,0,0,0,0,0,0,0,0,0,0,0,0,1,0]"
004912,voc/VOCdevkit/VOC2007/JPEGImages/004912.jpg,"[0,1,0,0,0,0,0,0,1,0,0,0,0,0,0,0,0,0,0,0]"
004913,voc/VOCdevkit/VOC2007/JPEGImages/004913.jpg,"[0,0,0,0,0,0,0,0,0,0,0,0,0,0,1,0,0,0,0,0]"
004916,voc/VOCdevkit/VOC2007/JPEGImages/004916.jpg,"[0,0,0,0,1,0,0,0,0,0,0,0,0,0,1,0,0,0,0,1]"
004926,voc/VOCdevkit/VOC2007/JPEGImages/004926.jpg,"[0,0,0,0,1,0,0,0,1,0,1,0,0,0,0,0,0,1,0,0]"
004928,voc/VOCdevkit/VOC2007/JPEGImages/004928.jpg,"[0,0,0,0,0,0,0,0,0,0,0,0,0,0,1,0,0,0,0,0]"
004929,voc/VOCdevkit/VOC2007/JPEGImages/004929.jpg,"[0,0,0,0,0,0,0,0,0,0,0,1,0,0,0,0,0,0,0,0]"
004931,voc/VOCdevkit/VOC2007/JPEGImages/004931.jpg,"[0,0,0,1,0,0,0,0,0,0,0,0,0,0,1,0,0,0,0,0]"
004935,voc/VOCdevkit/VOC2007/JPEGImages/004935.jpg,"[0,0,0,0,0,0,0,0,0,0,0,0,1,0,1,0,0,0,0,0]"
004936,voc/VOCdevkit/VOC2007/JPEGImages/004936.jpg,"[0,1,0,0,0,0,0,0,0,0,0,0,0,0,0,0,0,0,0,0]"
004938,voc/VOCdevkit/VOC2007/JPEGImages/004938.jpg,"[0,0,0,0,0,0,0,0,0,0,0,0,0,0,0,0,0,1,0,0]"
004939,voc/VOCdevkit/VOC2007/JPEGImages/004939.jpg,"[0,0,0,0,0,0,0,0,1,0,0,0,0,0,1,1,0,0,0,0]"
004946,voc/VOCdevkit/VOC2007/JPEGImages/004946.jpg,"[0,0,0,0,0,0,1,0,0,0,0,0,0,0,1,0,0,0,0,0]"
004948,voc/VOCdevkit/VOC2007/JPEGImages/004948.jpg,"[0,0,0,0,0,0,0,0,0,0,0,0,0,0,0,1,0,0,0,0]"
004950,voc/VOCdevkit/VOC2007/JPEGImages/004950.jpg,"[0,0,0,0,0,0,0,0,0,0,0,0,1,0,1,0,0,0,0,0]"
004953,voc/VOCdevkit/VOC2007/JPEGImages/004953.jpg,"[0,1,0,0,0,1,0,0,0,0,0,0,0,0,1,0,0,0,0,0]"
004954,voc/VOCdevkit/VOC2007/JPEGImages/004954.jpg,"[0,0,0,0,0,0,0,0,0,0,0,0,0,0,1,0,1,0,0,0]"
004955,voc/VOCdevkit/VOC2007/JPEGImages/004955.jpg,"[0,0,0,0,0,0,0,1,0,0,0,0,0,0,0,0,0,0,0,1]"
004960,voc/VOCdevkit/VOC2007/JPEGImages/004960.jpg,"[0,0,0,0,0,0,0,0,0,0,0,0,0,0,0,1,0,0,0,0]"
004961,voc/VOCdevkit/VOC2007/JPEGImages/004961.jpg,"[0,0,0,0,0,0,1,0,0,0,0,0,0,0,0,0,0,0,0,0]"
004962,voc/VOCdevkit/VOC2007/JPEGImages/004962.jpg,"[0,0,0,0,0,0,1,0,0,0,0,0,0,0,0,0,0,0,0,0]"
004963,voc/VOCdevkit/VOC2007/JPEGImages/004963.jpg,"[0,0,0,0,0,0,0,1,0,0,0,0,0,0,0,0,0,0,0,0]"
004967,voc/VOCdevkit/VOC2007/JPEGImages/004967.jpg,"[0,0,0,0,0,0,0,0,0,0,0,0,0,1,0,0,0,0,0,0]"
004968,voc/VOCdevkit/VOC2007/JPEGImages/004968.jpg,"[0,0,0,0,0,0,0,0,0,0,0,0,1,0,1,0,0,0,0,0]"
004973,voc/VOCdevkit/VOC2007/JPEGImages/004973.jpg,"[0,0,0,0,0,0,1,0,0,0,0,0,0,0,0,0,0,0,0,0]"
004974,voc/VOCdevkit/VOC2007/JPEGImages/004974.jpg,"[0,0,1,0,0,0,0,0,0,0,0,0,0,0,0,0,0,0,0,0]"
004976,voc/VOCdevkit/VOC2007/JPEGImages/004976.jpg,"[0,0,0,0,0,0,0,0,0,0,1,0,0,0,1,0,0,0,0,0]"
004977,voc/VOCdevkit/VOC2007/JPEGImages/004977.jpg,"[0,0,0,0,0,0,0,0,0,0,0,1,0,0,1,0,0,0,0,0]"
004983,voc/VOCdevkit/VOC2007/JPEGImages/004983.jpg,"[0,1,0,0,0,0,1,0,0,0,0,0,0,0,0,0,0,0,0,0]"
004985,voc/VOCdevkit/VOC2007/JPEGImages/004985.jpg,"[0,0,0,0,0,0,0,1,0,0,0,0,0,0,1,0,0,0,0,0]"
004986,voc/VOCdevkit/VOC2007/JPEGImages/004986.jpg,"[0,0,0,0,0,0,0,0,1,0,0,0,0,0,0,0,0,0,0,0]"
004987,voc/VOCdevkit/VOC2007/JPEGImages/004987.jpg,"[0,0,0,0,0,0,0,0,0,0,0,0,0,0,1,0,0,0,0,0]"
004990,voc/VOCdevkit/VOC2007/JPEGImages/004990.jpg,"[0,0,0,0,0,0,0,0,0,0,0,0,0,0,1,0,0,1,0,0]"
004992,voc/VOCdevkit/VOC2007/JPEGImages/004992.jpg,"[0,0,0,0,0,0,0,0,0,0,0,1,0,0,0,0,0,0,0,0]"
004994,voc/VOCdevkit/VOC2007/JPEGImages/004994.jpg,"[0,0,0,0,0,0,0,0,1,0,0,0,0,0,1,0,0,0,0,0]"
004995,voc/VOCdevkit/VOC2007/JPEGImages/004995.jpg,"[0,0,0,0,0,0,0,0,0,0,0,0,1,0,1,0,0,0,0,0]"
005001,voc/VOCdevkit/VOC2007/JPEGImages/005001.jpg,"[0,0,0,0,0,0,0,0,0,0,0,0,0,0,0,0,1,0,0,0]"
005014,voc/VOCdevkit/VOC2007/JPEGImages/005014.jpg,"[0,0,0,0,0,0,0,0,1,0,0,0,0,0,1,0,0,0,0,0]"
005016,voc/VOCdevkit/VOC2007/JPEGImages/005016.jpg,"[1,0,0,0,0,0,0,0,0,0,0,0,0,0,0,0,0,0,0,0]"
005018,voc/VOCdevkit/VOC2007/JPEGImages/005018.jpg,"[0,0,0,0,0,0,0,0,0,0,0,1,0,0,0,0,0,0,0,0]"
005020,voc/VOCdevkit/VOC2007/JPEGImages/005020.jpg,"[0,0,0,0,0,0,1,0,0,0,0,0,0,0,0,0,0,0,0,0]"
005024,voc/VOCdevkit/VOC2007/JPEGImages/005024.jpg,"[0,0,0,0,0,0,0,0,0,0,0,0,0,0,1,0,0,0,0,0]"
005026,voc/VOCdevkit/VOC2007/JPEGImages/005026.jpg,"[0,0,0,0,0,1,0,0,0,0,0,0,0,0,0,0,0,0,0,0]"
005027,voc/VOCdevkit/VOC2007/JPEGImages/005027.jpg,"[0,0,0,0,0,0,0,0,1,0,0,0,0,0,1,0,0,0,0,1]"
005028,voc/VOCdevkit/VOC2007/JPEGImages/005028.jpg,"[0,0,0,0,0,0,1,0,0,0,0,0,0,0,0,0,0,0,0,0]"
005032,voc/VOCdevkit/VOC2007/JPEGImages/005032.jpg,"[0,0,0,0,0,0,0,0,0,0,0,0,0,0,0,0,0,0,1,0]"
005036,voc/VOCdevkit/VOC2007/JPEGImages/005036.jpg,"[0,0,0,0,0,0,0,0,0,1,0,0,0,0,1,0,0,0,0,0]"
005037,voc/VOCdevkit/VOC2007/JPEGImages/005037.jpg,"[0,0,0,0,0,0,0,0,0,0,0,0,0,0,1,0,0,0,0,0]"
005039,voc/VOCdevkit/VOC2007/JPEGImages/005039.jpg,"[0,0,0,0,0,0,0,0,0,0,0,0,0,0,1,0,0,0,0,0]"
005042,voc/VOCdevkit/VOC2007/JPEGImages/005042.jpg,"[0,1,0,0,0,0,0,0,0,0,0,0,0,0,1,0,0,0,0,0]"
005045,voc/VOCdevkit/VOC2007/JPEGImages/005045.jpg,"[0,0,0,0,0,0,0,0,0,0,0,0,0,0,1,0,0,0,0,0]"
005047,voc/VOCdevkit/VOC2007/JPEGImages/005047.jpg,"[0,0,0,0,0,0,1,0,0,0,0,0,0,0,0,0,0,0,0,0]"
005054,voc/VOCdevkit/VOC2007/JPEGImages/005054.jpg,"[0,0,0,0,0,0,0,0,0,0,0,0,0,0,1,0,0,0,0,0]"
005055,voc/VOCdevkit/VOC2007/JPEGImages/005055.jpg,"[0,0,0,0,0,0,0,0,1,0,1,0,0,0,0,0,0,1,0,0]"
005057,voc/VOCdevkit/VOC2007/JPEGImages/005057.jpg,"[0,1,0,0,0,0,0,0,0,0,0,0,0,0,1,0,0,0,0,0]"
005058,voc/VOCdevkit/VOC2007/JPEGImages/005058.jpg,"[0,0,0,0,0,0,0,0,0,0,0,0,0,0,0,0,1,0,0,0]"
005061,voc/VOCdevkit/VOC2007/JPEGImages/005061.jpg,"[0,0,0,0,0,0,0,0,0,0,1,0,0,0,1,1,0,0,0,0]"
005062,voc/VOCdevkit/VOC2007/JPEGImages/005062.jpg,"[0,0,0,0,0,0,0,0,0,0,0,1,0,0,0,0,0,0,0,0]"
005063,voc/VOCdevkit/VOC2007/JPEGImages/005063.jpg,"[0,0,0,0,0,0,0,0,0,1,0,0,0,0,1,0,0,0,0,0]"
005064,voc/VOCdevkit/VOC2007/JPEGImages/005064.jpg,"[0,1,0,0,0,0,0,0,0,0,0,0,0,0,1,0,0,0,0,0]"
005065,voc/VOCdevkit/VOC2007/JPEGImages/005065.jpg,"[0,0,0,0,0,0,1,0,0,0,0,0,0,0,0,0,0,0,0,0]"
005068,voc/VOCdevkit/VOC2007/JPEGImages/005068.jpg,"[0,0,0,0,0,1,1,0,0,0,0,0,0,0,0,0,0,0,0,0]"
005071,voc/VOCdevkit/VOC2007/JPEGImages/005071.jpg,"[0,0,0,0,0,0,1,0,0,0,0,0,0,0,0,0,0,0,0,0]"
005072,voc/VOCdevkit/VOC2007/JPEGImages/005072.jpg,"[0,0,0,0,0,0,1,0,0,0,0,0,0,0,0,0,0,0,0,0]"
005073,voc/VOCdevkit/VOC2007/JPEGImages/005073.jpg,"[0,0,0,1,0,0,0,0,0,0,0,0,0,0,0,0,0,0,0,0]"
005077,voc/VOCdevkit/VOC2007/JPEGImages/005077.jpg,"[0,0,0,0,0,0,0,0,0,0,0,0,0,0,0,0,0,0,1,0]"
005079,voc/VOCdevkit/VOC2007/JPEGImages/005079.jpg,"[1,0,0,0,0,0,0,0,0,0,0,0,0,0,0,0,0,0,0,0]"
005081,voc/VOCdevkit/VOC2007/JPEGImages/005081.jpg,"[0,0,0,0,0,0,0,0,0,0,0,1,1,0,1,0,0,0,0,0]"
005084,voc/VOCdevkit/VOC2007/JPEGImages/005084.jpg,"[0,0,1,0,0,0,0,0,0,0,0,0,0,0,0,0,0,0,0,0]"
005085,voc/VOCdevkit/VOC2007/JPEGImages/005085.jpg,"[0,0,0,0,0,0,0,0,1,0,1,0,0,0,0,0,0,0,0,0]"
005086,voc/VOCdevkit/VOC2007/JPEGImages/005086.jpg,"[0,0,0,0,0,0,0,0,1,0,1,0,0,0,1,0,0,0,0,0]"
005090,voc/VOCdevkit/VOC2007/JPEGImages/005090.jpg,"[0,0,0,0,0,1,1,0,0,0,0,0,0,0,1,0,0,0,0,0]"
005093,voc/VOCdevkit/VOC2007/JPEGImages/005093.jpg,"[0,0,0,0,0,0,0,0,0,0,0,0,0,1,1,0,0,0,0,0]"
005094,voc/VOCdevkit/VOC2007/JPEGImages/005094.jpg,"[0,0,0,0,0,0,0,0,0,0,0,0,1,0,0,0,0,0,1,0]"
005097,voc/VOCdevkit/VOC2007/JPEGImages/005097.jpg,"[0,0,0,0,0,0,0,0,0,0,0,1,0,0,1,0,0,1,0,0]"
005101,voc/VOCdevkit/VOC2007/JPEGImages/005101.jpg,"[0,0,0,0,0,0,0,1,1,0,0,0,0,0,0,0,0,0,0,0]"
005102,voc/VOCdevkit/VOC2007/JPEGImages/005102.jpg,"[0,0,0,0,0,0,1,0,0,0,0,0,0,0,1,0,0,0,0,0]"
005104,voc/VOCdevkit/VOC2007/JPEGImages/005104.jpg,"[0,0,0,0,0,0,0,1,0,0,0,0,0,0,0,0,0,1,0,1]"
005107,voc/VOCdevkit/VOC2007/JPEGImages/005107.jpg,"[0,1,0,0,0,0,0,0,0,0,0,0,0,0,1,0,0,0,0,0]"
005108,voc/VOCdevkit/VOC2007/JPEGImages/005108.jpg,"[1,0,0,1,0,0,0,0,0,0,0,0,0,0,0,0,0,0,0,0]"
005110,voc/VOCdevkit/VOC2007/JPEGImages/005110.jpg,"[0,0,0,0,0,0,1,0,0,0,0,0,0,0,0,0,0,0,0,0]"
005111,voc/VOCdevkit/VOC2007/JPEGImages/005111.jpg,"[0,0,0,0,0,0,0,0,0,0,0,0,0,0,1,0,0,0,0,0]"
005116,voc/VOCdevkit/VOC2007/JPEGImages/005116.jpg,"[0,0,0,0,0,0,0,0,0,0,0,0,0,1,1,0,0,0,0,0]"
005121,voc/VOCdevkit/VOC2007/JPEGImages/005121.jpg,"[0,0,0,0,0,0,0,0,0,0,0,1,0,0,0,0,0,0,0,0]"
005122,voc/VOCdevkit/VOC2007/JPEGImages/005122.jpg,"[0,1,0,0,1,0,0,0,0,0,0,0,0,0,1,0,0,0,0,0]"
005124,voc/VOCdevkit/VOC2007/JPEGImages/005124.jpg,"[0,0,0,0,0,0,0,0,0,1,0,0,0,0,1,0,0,0,0,0]"
005129,voc/VOCdevkit/VOC2007/JPEGImages/005129.jpg,"[0,0,0,0,0,0,0,0,1,0,0,0,0,0,1,1,0,0,0,0]"
005130,voc/VOCdevkit/VOC2007/JPEGImages/005130.jpg,"[0,0,1,0,0,0,0,0,0,0,0,0,0,0,0,0,0,0,0,0]"
005134,voc/VOCdevkit/VOC2007/JPEGImages/005134.jpg,"[0,0,0,0,0,0,0,0,0,0,0,0,0,0,1,0,0,0,0,0]"
005135,voc/VOCdevkit/VOC2007/JPEGImages/005135.jpg,"[0,0,0,0,0,0,0,0,1,0,0,0,0,0,0,0,0,1,0,0]"
005138,voc/VOCdevkit/VOC2007/JPEGImages/005138.jpg,"[0,0,1,0,0,0,0,0,0,0,0,0,0,0,0,0,0,0,0,0]"
005143,voc/VOCdevkit/VOC2007/JPEGImages/005143.jpg,"[0,0,0,0,0,0,0,0,0,0,0,0,0,0,0,1,0,0,0,0]"
005144,voc/VOCdevkit/VOC2007/JPEGImages/005144.jpg,"[0,0,0,0,0,0,0,0,0,0,0,0,0,0,1,0,0,0,0,0]"
005153,voc/VOCdevkit/VOC2007/JPEGImages/005153.jpg,"[0,0,0,0,0,0,0,0,1,0,0,0,0,0,0,0,0,0,0,1]"
005156,voc/VOCdevkit/VOC2007/JPEGImages/005156.jpg,"[0,0,0,0,0,0,1,0,0,0,0,0,0,1,1,0,0,0,0,0]"
005159,voc/VOCdevkit/VOC2007/JPEGImages/005159.jpg,"[0,0,0,0,0,0,1,0,0,0,0,0,0,0,1,0,0,0,0,0]"
005160,voc/VOCdevkit/VOC2007/JPEGImages/005160.jpg,"[0,0,0,0,1,0,0,0,1,0,1,0,0,0,1,1,0,0,0,1]"
005161,voc/VOCdevkit/VOC2007/JPEGImages/005161.jpg,"[0,0,0,0,0,0,0,0,0,0,0,0,1,0,1,0,0,0,0,0]"
005169,voc/VOCdevkit/VOC2007/JPEGImages/005169.jpg,"[0,0,0,0,0,0,1,1,0,0,0,0,0,0,0,0,0,0,0,0]"
005171,voc/VOCdevkit/VOC2007/JPEGImages/005171.jpg,"[0,0,0,1,0,0,0,0,0,0,0,0,0,0,0,0,0,0,0,0]"
005173,voc/VOCdevkit/VOC2007/JPEGImages/005173.jpg,"[0,0,0,0,0,0,0,0,0,0,0,0,0,1,1,0,0,0,0,0]"
005175,voc/VOCdevkit/VOC2007/JPEGImages/005175.jpg,"[1,0,0,0,0,0,0,0,0,0,0,0,0,0,0,0,0,0,0,0]"
005176,voc/VOCdevkit/VOC2007/JPEGImages/005176.jpg,"[0,0,0,0,0,0,0,0,0,0,0,0,0,0,1,0,0,0,0,0]"
005177,voc/VOCdevkit/VOC2007/JPEGImages/005177.jpg,"[0,0,0,0,0,0,0,0,0,0,0,0,0,0,0,0,0,1,0,0]"
005179,voc/VOCdevkit/VOC2007/JPEGImages/005179.jpg,"[0,0,0,0,0,0,0,0,0,0,0,0,0,0,0,0,0,1,0,0]"
005181,voc/VOCdevkit/VOC2007/JPEGImages/005181.jpg,"[0,0,0,1,0,0,0,0,0,0,0,0,0,0,0,0,0,0,0,0]"
005185,voc/VOCdevkit/VOC2007/JPEGImages/005185.jpg,"[0,0,0,0,0,0,0,0,0,0,0,1,0,0,0,0,0,1,0,0]"
005189,voc/VOCdevkit/VOC2007/JPEGImages/005189.jpg,"[0,0,0,0,0,0,0,0,0,0,0,0,0,0,1,0,0,0,0,0]"
005190,voc/VOCdevkit/VOC2007/JPEGImages/005190.jpg,"[0,0,0,0,0,0,0,0,0,0,0,0,0,0,1,1,0,0,0,0]"
005191,voc/VOCdevkit/VOC2007/JPEGImages/005191.jpg,"[0,0,0,0,0,0,0,0,1,0,1,0,0,0,0,0,0,0,0,0]"
005195,voc/VOCdevkit/VOC2007/JPEGImages/005195.jpg,"[0,0,0,0,1,0,0,0,1,0,1,0,0,0,1,0,0,0,0,0]"
005199,voc/VOCdevkit/VOC2007/JPEGImages/005199.jpg,"[0,0,0,0,0,0,1,0,0,0,0,0,0,0,0,0,0,0,0,0]"
005203,voc/VOCdevkit/VOC2007/JPEGImages/005203.jpg,"[0,0,0,0,0,0,0,0,0,0,0,1,0,0,0,0,0,1,0,0]"
005210,voc/VOCdevkit/VOC2007/JPEGImages/005210.jpg,"[0,0,0,0,0,0,0,0,0,0,0,0,0,0,0,0,0,0,0,1]"
005212,voc/VOCdevkit/VOC2007/JPEGImages/005212.jpg,"[0,0,0,0,0,0,0,0,1,0,0,0,0,1,0,0,0,1,0,0]"
005214,voc/VOCdevkit/VOC2007/JPEGImages/005214.jpg,"[0,0,0,0,0,0,0,0,0,0,0,0,0,0,0,0,0,0,1,0]"
005215,voc/VOCdevkit/VOC2007/JPEGImages/005215.jpg,"[0,0,0,0,0,0,0,0,0,0,0,0,0,1,0,0,0,0,0,0]"
005219,voc/VOCdevkit/VOC2007/JPEGImages/005219.jpg,"[0,0,0,0,0,0,0,0,0,0,0,0,0,0,1,0,0,0,0,0]"
005222,voc/VOCdevkit/VOC2007/JPEGImages/005222.jpg,"[0,0,0,0,0,0,0,1,0,0,0,0,0,0,1,0,0,0,0,0]"
005223,voc/VOCdevkit/VOC2007/JPEGImages/005223.jpg,"[0,0,0,0,0,0,0,0,0,0,0,0,0,0,0,0,1,0,0,0]"
005224,voc/VOCdevkit/VOC2007/JPEGImages/005224.jpg,"[0,0,0,0,0,0,0,0,0,0,0,0,0,0,0,1,0,0,0,0]"
005229,voc/VOCdevkit/VOC2007/JPEGImages/005229.jpg,"[0,0,0,0,0,0,0,0,0,0,0,0,0,0,1,0,0,0,0,0]"
005230,voc/VOCdevkit/VOC2007/JPEGImages/005230.jpg,"[0,1,0,0,0,0,0,0,0,0,0,0,0,0,1,0,0,0,0,0]"
005231,voc/VOCdevkit/VOC2007/JPEGImages/005231.jpg,"[0,0,0,0,0,0,0,0,0,0,0,1,0,0,1,0,0,1,0,0]"
005236,voc/VOCdevkit/VOC2007/JPEGImages/005236.jpg,"[0,0,0,0,0,0,0,0,0,0,0,0,1,0,1,0,0,0,0,0]"
005239,voc/VOCdevkit/VOC2007/JPEGImages/005239.jpg,"[0,0,0,0,0,0,0,0,0,0,0,0,0,0,1,0,0,0,0,0]"
005242,voc/VOCdevkit/VOC2007/JPEGImages/005242.jpg,"[0,0,0,0,1,0,0,0,0,0,1,0,0,0,1,0,0,1,0,0]"
005244,voc/VOCdevkit/VOC2007/JPEGImages/005244.jpg,"[0,0,0,0,0,0,0,0,0,0,0,0,0,0,0,0,0,0,1,0]"
005245,voc/VOCdevkit/VOC2007/JPEGImages/005245.jpg,"[0,0,0,0,1,0,0,0,0,0,1,0,0,0,1,0,0,0,0,0]"
005246,voc/VOCdevkit/VOC2007/JPEGImages/005246.jpg,"[0,0,1,0,0,0,0,0,0,0,0,0,0,0,0,0,0,0,0,0]"
005248,voc/VOCdevkit/VOC2007/JPEGImages/005248.jpg,"[0,0,0,0,0,0,0,0,0,0,0,0,1,0,1,0,0,0,0,0]"
005253,voc/VOCdevkit/VOC2007/JPEGImages/005253.jpg,"[0,0,1,0,0,0,0,0,0,0,0,0,0,0,0,0,0,0,0,0]"
005254,voc/VOCdevkit/VOC2007/JPEGImages/005254.jpg,"[0,0,0,0,0,0,0,0,0,0,0,1,0,0,0,0,0,0,0,0]"
005257,voc/VOCdevkit/VOC2007/JPEGImages/005257.jpg,"[0,0,0,1,0,0,0,0,0,0,0,0,0,0,1,0,0,0,0,0]"
005258,voc/VOCdevkit/VOC2007/JPEGImages/005258.jpg,"[0,0,0,0,0,0,0,0,0,0,0,0,0,1,0,0,0,0,0,0]"
005259,voc/VOCdevkit/VOC2007/JPEGImages/005259.jpg,"[0,0,0,0,0,0,1,0,0,0,0,0,0,0,0,0,0,0,0,0]"
005260,voc/VOCdevkit/VOC2007/JPEGImages/005260.jpg,"[0,0,0,0,0,0,0,0,0,0,0,0,0,1,1,0,0,0,0,0]"
005262,voc/VOCdevkit/VOC2007/JPEGImages/005262.jpg,"[0,0,0,0,0,1,1,0,0,0,0,0,0,0,0,0,0,0,0,0]"
005263,voc/VOCdevkit/VOC2007/JPEGImages/005263.jpg,"[0,0,0,0,0,0,0,0,0,0,0,0,0,0,0,0,0,1,0,0]"
005264,voc/VOCdevkit/VOC2007/JPEGImages/005264.jpg,"[0,0,1,0,0,0,0,0,0,0,0,0,0,0,0,0,0,0,0,0]"
005267,voc/VOCdevkit/VOC2007/JPEGImages/005267.jpg,"[0,0,0,0,0,0,0,0,0,0,0,0,0,0,0,0,0,0,1,0]"
005268,voc/VOCdevkit/VOC2007/JPEGImages/005268.jpg,"[0,1,0,0,0,0,0,0,0,0,0,0,0,0,1,0,0,0,0,0]"
005269,voc/VOCdevkit/VOC2007/JPEGImages/005269.jpg,"[0,0,0,0,0,0,0,0,0,0,0,0,0,0,1,0,0,0,1,0]"
005270,voc/VOCdevkit/VOC2007/JPEGImages/005270.jpg,"[0,0,0,0,0,0,0,1,0,0,0,0,0,0,0,0,0,0,0,0]"
005273,voc/VOCdevkit/VOC2007/JPEGImages/005273.jpg,"[0,1,0,0,0,0,1,0,0,0,0,0,0,0,1,0,0,0,0,0]"
005278,voc/VOCdevkit/VOC2007/JPEGImages/005278.jpg,"[0,0,0,0,0,0,0,0,0,0,0,0,1,0,1,0,0,0,0,0]"
005281,voc/VOCdevkit/VOC2007/JPEGImages/005281.jpg,"[0,1,0,0,0,0,0,0,0,0,0,0,0,0,1,0,0,0,0,0]"
005283,voc/VOCdevkit/VOC2007/JPEGImages/005283.jpg,"[0,0,0,0,0,0,0,0,0,0,0,0,0,0,1,0,0,0,0,0]"
005285,voc/VOCdevkit/VOC2007/JPEGImages/005285.jpg,"[0,0,1,0,0,0,0,0,0,0,0,0,0,0,0,0,0,0,0,0]"
005288,voc/VOCdevkit/VOC2007/JPEGImages/005288.jpg,"[0,0,0,0,0,0,0,0,0,0,0,0,0,0,0,0,1,0,0,0]"
005292,voc/VOCdevkit/VOC2007/JPEGImages/005292.jpg,"[0,0,0,0,0,0,0,0,0,0,0,0,0,0,0,0,0,1,0,0]"
005297,voc/VOCdevkit/VOC2007/JPEGImages/005297.jpg,"[0,0,0,0,0,0,0,0,0,0,0,0,0,0,1,0,0,0,0,0]"
005298,voc/VOCdevkit/VOC2007/JPEGImages/005298.jpg,"[0,0,0,0,0,0,0,0,0,0,0,0,0,0,1,0,0,0,0,0]"
005303,voc/VOCdevkit/VOC2007/JPEGImages/005303.jpg,"[0,0,0,0,0,0,0,0,0,0,0,1,0,0,1,0,0,0,0,0]"
005304,voc/VOCdevkit/VOC2007/JPEGImages/005304.jpg,"[0,0,0,0,1,0,0,0,0,0,0,0,0,0,1,0,0,0,0,0]"
005306,voc/VOCdevkit/VOC2007/JPEGImages/005306.jpg,"[0,0,0,0,0,0,0,0,0,0,0,0,1,0,1,0,0,0,0,0]"
005307,voc/VOCdevkit/VOC2007/JPEGImages/005307.jpg,"[0,0,0,0,0,0,0,1,0,0,0,0,0,0,1,0,0,0,0,0]"
005310,voc/VOCdevkit/VOC2007/JPEGImages/005310.jpg,"[0,0,0,0,0,0,0,0,0,0,0,0,0,0,1,0,0,0,0,0]"
005311,voc/VOCdevkit/VOC2007/JPEGImages/005311.jpg,"[0,0,0,0,0,0,0,0,0,0,1,0,0,0,1,0,0,0,0,0]"
005314,voc/VOCdevkit/VOC2007/JPEGImages/005314.jpg,"[0,0,0,0,0,0,0,0,0,0,0,0,0,1,0,0,0,0,0,0]"
005315,voc/VOCdevkit/VOC2007/JPEGImages/005315.jpg,"[0,1,0,0,0,0,0,0,0,0,0,0,0,0,1,0,0,0,0,0]"
005318,voc/VOCdevkit/VOC2007/JPEGImages/005318.jpg,"[0,0,0,0,0,0,1,0,0,0,0,0,0,0,0,0,0,0,0,0]"
005319,voc/VOCdevkit/VOC2007/JPEGImages/005319.jpg,"[0,0,0,0,0,0,0,0,0,0,0,0,0,0,0,0,1,0,0,0]"
005326,voc/VOCdevkit/VOC2007/JPEGImages/005326.jpg,"[0,0,0,0,0,0,0,0,0,1,0,0,0,0,1,0,0,0,0,0]"
005327,voc/VOCdevkit/VOC2007/JPEGImages/005327.jpg,"[0,0,0,0,0,0,0,0,0,0,0,1,0,0,1,0,0,1,0,0]"
005328,voc/VOCdevkit/VOC2007/JPEGImages/005328.jpg,"[0,0,1,0,0,0,0,0,0,0,0,0,0,0,0,0,0,0,0,0]"
005331,voc/VOCdevkit/VOC2007/JPEGImages/005331.jpg,"[0,0,0,0,0,0,1,0,0,0,0,0,1,0,1,0,0,0,0,0]"
005336,voc/VOCdevkit/VOC2007/JPEGImages/005336.jpg,"[0,0,0,0,0,0,0,0,0,0,0,0,0,0,1,0,0,1,0,0]"
005338,voc/VOCdevkit/VOC2007/JPEGImages/005338.jpg,"[0,0,1,0,0,0,0,0,0,0,0,0,0,0,0,0,0,0,0,0]"
005343,voc/VOCdevkit/VOC2007/JPEGImages/005343.jpg,"[0,0,0,0,0,0,0,0,0,0,0,0,0,0,1,0,0,0,0,0]"
005344,voc/VOCdevkit/VOC2007/JPEGImages/005344.jpg,"[0,1,0,0,0,0,0,0,0,0,0,0,0,0,1,0,0,0,0,0]"
005345,voc/VOCdevkit/VOC2007/JPEGImages/005345.jpg,"[0,0,0,0,1,0,0,0,1,0,1,0,0,0,0,0,0,0,0,0]"
005346,voc/VOCdevkit/VOC2007/JPEGImages/005346.jpg,"[0,0,0,0,0,0,0,0,0,0,0,0,0,0,1,1,0,1,0,0]"
005348,voc/VOCdevkit/VOC2007/JPEGImages/005348.jpg,"[0,0,0,0,0,0,0,0,0,0,0,0,0,0,1,0,0,0,0,0]"
005349,voc/VOCdevkit/VOC2007/JPEGImages/005349.jpg,"[0,0,0,0,0,0,0,0,1,0,0,0,0,0,0,0,0,0,0,1]"
005351,voc/VOCdevkit/VOC2007/JPEGImages/005351.jpg,"[0,0,0,0,0,0,0,0,0,0,0,0,1,0,1,0,0,0,0,0]"
005355,voc/VOCdevkit/VOC2007/JPEGImages/005355.jpg,"[0,0,0,0,0,0,0,0,0,0,0,0,0,0,0,0,0,0,1,0]"
005358,voc/VOCdevkit/VOC2007/JPEGImages/005358.jpg,"[1,0,0,1,0,0,0,0,0,0,0,0,0,0,0,0,0,0,0,0]"
005360,voc/VOCdevkit/VOC2007/JPEGImages/005360.jpg,"[0,0,0,0,0,0,0,0,0,0,0,0,0,0,0,0,0,0,1,0]"
005363,voc/VOCdevkit/VOC2007/JPEGImages/005363.jpg,"[0,0,0,0,0,0,0,0,0,0,0,0,0,0,0,0,1,0,0,0]"
005365,voc/VOCdevkit/VOC2007/JPEGImages/005365.jpg,"[0,0,0,0,0,0,0,0,0,0,0,1,0,0,0,0,0,0,0,0]"
005367,voc/VOCdevkit/VOC2007/JPEGImages/005367.jpg,"[0,0,0,0,1,0,0,0,0,0,0,0,0,0,0,0,0,0,0,0]"
005368,voc/VOCdevkit/VOC2007/JPEGImages/005368.jpg,"[0,1,0,0,0,0,0,0,0,0,0,0,0,0,1,0,0,0,0,0]"
005369,voc/VOCdevkit/VOC2007/JPEGImages/005369.jpg,"[0,0,0,1,0,0,0,0,0,0,0,0,0,0,0,0,0,0,0,0]"
005371,voc/VOCdevkit/VOC2007/JPEGImages/005371.jpg,"[0,0,1,0,0,0,0,0,0,0,0,0,0,0,1,0,0,0,0,0]"
005373,voc/VOCdevkit/VOC2007/JPEGImages/005373.jpg,"[0,0,0,0,0,0,1,0,0,0,0,0,0,0,0,0,0,0,0,0]"
005374,voc/VOCdevkit/VOC2007/JPEGImages/005374.jpg,"[0,0,0,0,0,1,0,0,0,0,0,0,0,0,1,0,0,0,0,0]"
005378,voc/VOCdevkit/VOC2007/JPEGImages/005378.jpg,"[0,0,0,0,0,0,0,0,1,0,0,0,0,0,0,0,0,0,0,0]"
005379,voc/VOCdevkit/VOC2007/JPEGImages/005379.jpg,"[0,0,0,0,0,0,0,0,0,0,0,1,0,0,0,0,0,0,0,0]"
005380,voc/VOCdevkit/VOC2007/JPEGImages/005380.jpg,"[0,0,0,0,0,0,0,1,1,0,0,0,0,0,0,0,0,0,0,0]"
005383,voc/VOCdevkit/VOC2007/JPEGImages/005383.jpg,"[0,0,0,0,0,0,0,0,0,0,0,0,0,0,1,0,0,0,0,0]"
005384,voc/VOCdevkit/VOC2007/JPEGImages/005384.jpg,"[0,0,0,0,0,0,0,0,0,0,0,0,0,0,1,0,0,0,1,0]"
005387,voc/VOCdevkit/VOC2007/JPEGImages/005387.jpg,"[0,0,0,0,0,1,1,0,0,0,0,0,0,0,0,0,0,0,0,0]"
005388,voc/VOCdevkit/VOC2007/JPEGImages/005388.jpg,"[0,0,0,0,1,0,0,0,0,0,0,0,0,0,0,0,0,0,0,0]"
005389,voc/VOCdevkit/VOC2007/JPEGImages/005389.jpg,"[0,0,0,0,0,0,0,0,0,0,0,0,0,0,0,0,0,0,1,0]"
005391,voc/VOCdevkit/VOC2007/JPEGImages/005391.jpg,"[1,0,0,0,0,0,0,0,0,0,0,0,0,0,0,0,0,0,0,0]"
005393,voc/VOCdevkit/VOC2007/JPEGImages/005393.jpg,"[1,0,0,0,0,0,0,0,0,0,0,0,0,0,0,0,0,0,0,0]"
005395,voc/VOCdevkit/VOC2007/JPEGImages/005395.jpg,"[0,0,0,0,0,0,0,0,0,0,0,0,0,0,0,0,1,0,0,0]"
005397,voc/VOCdevkit/VOC2007/JPEGImages/005397.jpg,"[0,0,0,0,0,0,0,0,1,0,0,0,0,0,0,0,0,1,0,0]"
005398,voc/VOCdevkit/VOC2007/JPEGImages/005398.jpg,"[0,0,0,0,0,0,0,0,0,0,0,0,0,1,1,0,0,0,0,0]"
005404,voc/VOCdevkit/VOC2007/JPEGImages/005404.jpg,"[0,0,0,0,0,0,0,0,0,1,0,0,0,0,0,0,0,0,0,0]"
005410,voc/VOCdevkit/VOC2007/JPEGImages/005410.jpg,"[0,1,0,0,0,0,0,0,0,0,0,0,0,0,1,0,0,0,0,0]"
005413,voc/VOCdevkit/VOC2007/JPEGImages/005413.jpg,"[0,0,0,1,0,0,0,0,0,0,0,0,0,0,1,0,0,0,0,0]"
005414,voc/VOCdevkit/VOC2007/JPEGImages/005414.jpg,"[0,0,0,0,0,0,0,0,0,0,0,0,0,1,1,0,0,0,0,0]"
005416,voc/VOCdevkit/VOC2007/JPEGImages/005416.jpg,"[0,0,0,0,0,0,0,0,0,0,0,1,0,0,0,0,0,0,0,0]"
005417,voc/VOCdevkit/VOC2007/JPEGImages/005417.jpg,"[0,0,0,0,0,0,0,0,0,0,0,0,0,0,1,0,0,0,0,0]"
005419,voc/VOCdevkit/VOC2007/JPEGImages/005419.jpg,"[0,0,0,0,0,0,0,0,0,0,0,0,1,0,1,0,0,0,0,0]"
005420,voc/VOCdevkit/VOC2007/JPEGImages/005420.jpg,"[0,0,0,1,0,0,0,0,0,0,0,0,0,0,0,0,0,0,0,0]"
005421,voc/VOCdevkit/VOC2007/JPEGImages/005421.jpg,"[0,0,0,0,0,0,0,0,0,0,0,0,0,0,1,0,0,0,0,0]"
005423,voc/VOCdevkit/VOC2007/JPEGImages/005423.jpg,"[0,0,0,0,0,0,1,0,0,0,0,0,0,0,0,0,0,0,0,0]"
005429,voc/VOCdevkit/VOC2007/JPEGImages/005429.jpg,"[0,1,0,0,0,0,0,0,0,0,0,0,0,0,1,0,0,0,0,0]"
005430,voc/VOCdevkit/VOC2007/JPEGImages/005430.jpg,"[0,1,0,0,1,0,0,0,0,0,0,0,0,0,1,0,0,0,0,0]"
005433,voc/VOCdevkit/VOC2007/JPEGImages/005433.jpg,"[0,0,0,0,0,0,0,0,0,0,0,1,0,0,0,0,0,1,0,0]"
005434,voc/VOCdevkit/VOC2007/JPEGImages/005434.jpg,"[0,0,0,0,0,0,0,1,1,0,0,0,0,0,0,0,0,0,0,0]"
005436,voc/VOCdevkit/VOC2007/JPEGImages/005436.jpg,"[0,0,0,0,0,0,0,0,0,0,0,0,0,1,0,0,0,0,0,0]"
005438,voc/VOCdevkit/VOC2007/JPEGImages/005438.jpg,"[0,0,0,0,0,0,0,0,1,0,0,0,0,0,0,0,0,1,0,0]"
005439,voc/VOCdevkit/VOC2007/JPEGImages/005439.jpg,"[0,0,0,0,0,0,0,0,1,0,0,0,0,0,1,0,0,1,0,0]"
005440,voc/VOCdevkit/VOC2007/JPEGImages/005440.jpg,"[0,0,0,0,0,0,0,0,0,0,0,0,0,0,0,0,0,0,1,0]"
005441,voc/VOCdevkit/VOC2007/JPEGImages/005441.jpg,"[0,0,0,0,1,0,0,0,0,0,0,0,0,0,1,0,0,0,0,0]"
005445,voc/VOCdevkit/VOC2007/JPEGImages/005445.jpg,"[0,0,0,0,0,0,0,1,0,0,0,0,0,0,0,0,0,0,0,0]"
005448,voc/VOCdevkit/VOC2007/JPEGImages/005448.jpg,"[0,0,0,0,0,1,0,0,0,0,0,0,0,1,1,0,0,0,0,0]"
005450,voc/VOCdevkit/VOC2007/JPEGImages/005450.jpg,"[0,0,0,0,0,0,0,0,0,0,0,0,0,0,1,0,0,0,0,0]"
005451,voc/VOCdevkit/VOC2007/JPEGImages/005451.jpg,"[0,0,0,0,0,0,0,0,0,0,1,0,0,0,1,0,0,0,0,0]"
005453,voc/VOCdevkit/VOC2007/JPEGImages/005453.jpg,"[0,0,0,0,0,0,0,0,0,0,0,1,1,0,0,0,0,0,0,0]"
005454,voc/VOCdevkit/VOC2007/JPEGImages/005454.jpg,"[0,0,0,0,0,0,0,0,1,0,0,0,0,0,0,0,0,0,0,1]"
005455,voc/VOCdevkit/VOC2007/JPEGImages/005455.jpg,"[0,0,0,0,0,0,0,1,0,0,0,0,0,0,0,0,0,0,0,0]"
005457,voc/VOCdevkit/VOC2007/JPEGImages/005457.jpg,"[0,0,0,0,0,0,1,0,0,0,0,0,0,0,1,0,0,0,0,0]"
005461,voc/VOCdevkit/VOC2007/JPEGImages/005461.jpg,"[0,0,0,0,0,0,0,0,0,0,0,0,1,0,1,0,0,0,0,0]"
005465,voc/VOCdevkit/VOC2007/JPEGImages/005465.jpg,"[1,0,0,0,0,0,0,0,1,0,0,0,0,0,0,0,0,0,0,0]"
005469,voc/VOCdevkit/VOC2007/JPEGImages/005469.jpg,"[0,0,0,0,0,0,0,0,0,0,0,0,0,0,0,0,1,0,0,0]"
005470,voc/VOCdevkit/VOC2007/JPEGImages/005470.jpg,"[0,0,0,0,0,0,0,1,0,0,0,0,0,0,0,0,0,0,0,0]"
005471,voc/VOCdevkit/VOC2007/JPEGImages/005471.jpg,"[0,0,0,0,1,0,0,0,1,0,0,0,0,0,1,0,0,0,0,0]"
005475,voc/VOCdevkit/VOC2007/JPEGImages/005475.jpg,"[0,0,0,0,0,0,1,0,0,0,0,0,0,0,1,0,0,0,0,0]"
005478,voc/VOCdevkit/VOC2007/JPEGImages/005478.jpg,"[0,0,0,0,0,0,0,0,0,0,0,0,0,0,1,0,0,1,0,0]"
005481,voc/VOCdevkit/VOC2007/JPEGImages/005481.jpg,"[0,0,0,0,0,0,1,0,0,0,0,0,0,0,0,0,0,0,1,0]"
005483,voc/VOCdevkit/VOC2007/JPEGImages/005483.jpg,"[0,0,0,0,0,0,1,0,0,0,0,0,0,0,0,0,0,0,0,0]"
005485,voc/VOCdevkit/VOC2007/JPEGImages/005485.jpg,"[0,0,1,0,0,0,0,0,0,0,0,0,0,0,1,0,0,0,0,0]"
005486,voc/VOCdevkit/VOC2007/JPEGImages/005486.jpg,"[0,0,0,0,0,0,1,0,0,0,0,0,0,0,0,0,0,0,0,0]"
005487,voc/VOCdevkit/VOC2007/JPEGImages/005487.jpg,"[1,0,0,0,0,0,0,0,0,0,0,0,0,0,1,0,0,0,0,0]"
005489,voc/VOCdevkit/VOC2007/JPEGImages/005489.jpg,"[0,0,0,0,0,0,1,0,0,0,0,0,0,0,0,0,0,0,0,0]"
005496,voc/VOCdevkit/VOC2007/JPEGImages/005496.jpg,"[0,0,0,1,0,0,0,0,0,0,0,0,0,0,1,0,0,0,0,0]"
005497,voc/VOCdevkit/VOC2007/JPEGImages/005497.jpg,"[0,0,0,0,0,0,0,0,0,0,0,1,0,0,0,0,0,0,0,0]"
005507,voc/VOCdevkit/VOC2007/JPEGImages/005507.jpg,"[0,1,0,0,0,0,0,0,0,0,0,0,0,0,1,0,0,0,0,0]"
005508,voc/VOCdevkit/VOC2007/JPEGImages/005508.jpg,"[0,0,0,0,0,0,0,0,1,0,0,0,0,0,1,0,0,0,0,0]"
005509,voc/VOCdevkit/VOC2007/JPEGImages/005509.jpg,"[1,0,0,0,0,0,1,0,0,0,0,0,0,0,1,0,0,0,0,0]"
005510,voc/VOCdevkit/VOC2007/JPEGImages/005510.jpg,"[0,0,0,0,0,0,0,0,0,0,0,0,0,0,0,0,0,1,0,0]"
005511,voc/VOCdevkit/VOC2007/JPEGImages/005511.jpg,"[0,0,0,0,0,0,0,0,0,0,0,0,1,0,1,0,0,0,0,0]"
005514,voc/VOCdevkit/VOC2007/JPEGImages/005514.jpg,"[0,0,0,0,0,0,0,0,0,1,0,0,0,0,0,0,0,0,0,0]"
005515,voc/VOCdevkit/VOC2007/JPEGImages/005515.jpg,"[0,0,0,0,0,0,0,0,0,0,0,0,0,0,0,1,0,0,0,0]"
005517,voc/VOCdevkit/VOC2007/JPEGImages/005517.jpg,"[0,0,0,0,0,0,0,0,1,0,0,0,0,0,0,1,0,0,0,1]"
005518,voc/VOCdevkit/VOC2007/JPEGImages/005518.jpg,"[0,0,0,0,0,0,0,0,0,0,0,1,0,0,0,0,0,0,0,0]"
005519,voc/VOCdevkit/VOC2007/JPEGImages/005519.jpg,"[0,0,0,0,0,0,0,1,0,0,0,0,0,0,0,0,0,0,0,0]"
005521,voc/VOCdevkit/VOC2007/JPEGImages/005521.jpg,"[0,0,0,0,0,0,0,0,0,0,1,0,0,0,0,0,0,0,0,0]"
005522,voc/VOCdevkit/VOC2007/JPEGImages/005522.jpg,"[0,0,0,0,0,0,0,0,0,0,0,0,0,0,1,0,0,0,0,0]"
005524,voc/VOCdevkit/VOC2007/JPEGImages/005524.jpg,"[0,0,0,0,0,0,0,0,0,0,0,1,0,0,0,0,0,1,0,0]"
005526,voc/VOCdevkit/VOC2007/JPEGImages/005526.jpg,"[0,0,0,0,0,0,0,0,0,0,0,0,0,0,1,0,0,0,0,1]"
005527,voc/VOCdevkit/VOC2007/JPEGImages/005527.jpg,"[0,0,0,0,0,0,0,0,0,0,0,0,0,0,1,0,0,0,0,0]"
005530,voc/VOCdevkit/VOC2007/JPEGImages/005530.jpg,"[0,0,0,0,0,1,0,0,0,0,0,0,0,0,0,0,0,0,0,0]"
005531,voc/VOCdevkit/VOC2007/JPEGImages/005531.jpg,"[0,0,0,0,0,0,0,0,1,0,1,0,0,0,0,1,0,0,0,0]"
005535,voc/VOCdevkit/VOC2007/JPEGImages/005535.jpg,"[0,0,0,0,0,0,0,0,0,0,0,1,0,0,0,0,0,0,0,0]"
005539,voc/VOCdevkit/VOC2007/JPEGImages/005539.jpg,"[0,0,0,0,0,0,0,1,0,0,0,0,0,0,0,0,0,0,0,0]"
005541,voc/VOCdevkit/VOC2007/JPEGImages/005541.jpg,"[0,0,0,0,1,0,0,0,0,0,0,0,0,0,1,0,0,0,0,0]"
005542,voc/VOCdevkit/VOC2007/JPEGImages/005542.jpg,"[0,0,0,0,0,0,0,0,0,0,0,0,0,0,1,0,0,0,0,0]"
005547,voc/VOCdevkit/VOC2007/JPEGImages/005547.jpg,"[0,0,0,0,0,0,1,0,0,1,0,0,0,0,1,0,0,0,0,0]"
005549,voc/VOCdevkit/VOC2007/JPEGImages/005549.jpg,"[0,0,0,0,0,0,1,0,0,0,0,0,0,0,0,0,0,0,0,0]"
005550,voc/VOCdevkit/VOC2007/JPEGImages/005550.jpg,"[0,0,0,0,0,0,0,0,0,0,0,0,1,0,1,0,0,0,0,0]"
005552,voc/VOCdevkit/VOC2007/JPEGImages/005552.jpg,"[0,0,0,0,0,0,0,0,0,0,0,0,0,1,1,0,0,0,0,0]"
005554,voc/VOCdevkit/VOC2007/JPEGImages/005554.jpg,"[0,1,0,0,0,0,0,0,0,0,0,0,0,0,1,0,0,0,0,0]"
005559,voc/VOCdevkit/VOC2007/JPEGImages/005559.jpg,"[0,0,0,0,0,0,0,1,0,0,0,0,0,0,0,0,0,0,0,0]"
005566,voc/VOCdevkit/VOC2007/JPEGImages/005566.jpg,"[0,0,0,0,0,0,1,0,0,0,0,0,0,0,0,0,0,0,0,0]"
005568,voc/VOCdevkit/VOC2007/JPEGImages/005568.jpg,"[0,0,0,0,0,0,0,0,0,0,0,0,1,0,0,0,0,0,0,0]"
005573,voc/VOCdevkit/VOC2007/JPEGImages/005573.jpg,"[0,0,0,0,0,0,0,0,0,0,0,0,0,0,1,0,0,1,0,0]"
005574,voc/VOCdevkit/VOC2007/JPEGImages/005574.jpg,"[1,0,0,0,0,0,0,0,0,0,0,0,0,0,1,0,0,0,0,0]"
005576,voc/VOCdevkit/VOC2007/JPEGImages/005576.jpg,"[0,0,0,0,0,0,0,0,0,0,0,0,0,0,0,0,0,0,1,0]"
005577,voc/VOCdevkit/VOC2007/JPEGImages/005577.jpg,"[0,0,0,0,0,0,1,0,0,0,0,0,0,0,0,0,0,0,0,0]"
005579,voc/VOCdevkit/VOC2007/JPEGImages/005579.jpg,"[0,0,0,0,0,0,0,1,0,0,0,0,0,0,0,0,0,0,0,0]"
005582,voc/VOCdevkit/VOC2007/JPEGImages/005582.jpg,"[0,0,0,0,0,0,0,0,0,0,0,0,0,0,1,0,0,0,0,0]"
005583,voc/VOCdevkit/VOC2007/JPEGImages/005583.jpg,"[0,0,0,0,0,0,0,0,0,0,0,0,0,0,1,0,0,0,0,0]"
005585,voc/VOCdevkit/VOC2007/JPEGImages/005585.jpg,"[0,0,0,0,0,0,1,0,0,0,0,0,0,0,1,0,0,0,0,0]"
005593,voc/VOCdevkit/VOC2007/JPEGImages/005593.jpg,"[0,0,0,0,0,0,1,0,0,0,0,0,0,0,1,0,0,0,0,0]"
005599,voc/VOCdevkit/VOC2007/JPEGImages/005599.jpg,"[0,1,0,0,0,0,0,0,0,0,0,0,0,0,1,0,0,0,0,0]"
005600,voc/VOCdevkit/VOC2007/JPEGImages/005600.jpg,"[1,0,0,0,0,0,0,0,0,0,0,0,0,0,1,0,0,0,0,0]"
005601,voc/VOCdevkit/VOC2007/JPEGImages/005601.jpg,"[0,0,0,0,0,0,0,0,0,0,0,1,0,0,0,0,0,0,0,0]"
005603,voc/VOCdevkit/VOC2007/JPEGImages/005603.jpg,"[0,0,1,0,0,0,0,0,0,0,0,0,0,0,0,0,0,0,0,0]"
005605,voc/VOCdevkit/VOC2007/JPEGImages/005605.jpg,"[0,0,0,0,1,0,0,0,1,0,0,0,0,0,0,1,0,1,0,1]"
005606,voc/VOCdevkit/VOC2007/JPEGImages/005606.jpg,"[0,0,0,0,1,0,0,0,0,0,0,0,0,0,1,0,0,0,0,0]"
005608,voc/VOCdevkit/VOC2007/JPEGImages/005608.jpg,"[0,0,0,0,0,0,0,0,0,0,0,0,0,1,1,0,0,0,0,0]"
005609,voc/VOCdevkit/VOC2007/JPEGImages/005609.jpg,"[0,0,0,0,0,0,1,0,0,0,0,0,0,0,0,0,0,0,0,0]"
005611,voc/VOCdevkit/VOC2007/JPEGImages/005611.jpg,"[0,0,0,0,0,0,0,0,0,0,0,0,1,0,1,0,0,0,0,0]"
005613,voc/VOCdevkit/VOC2007/JPEGImages/005613.jpg,"[0,0,0,0,0,0,0,0,0,0,0,1,0,0,1,0,0,0,0,0]"
005614,voc/VOCdevkit/VOC2007/JPEGImages/005614.jpg,"[0,0,0,1,0,0,0,0,0,0,0,0,0,0,0,0,0,0,0,0]"
005615,voc/VOCdevkit/VOC2007/JPEGImages/005615.jpg,"[0,0,0,0,0,0,0,0,0,0,0,0,0,1,1,0,0,0,0,0]"
005618,voc/VOCdevkit/VOC2007/JPEGImages/005618.jpg,"[0,0,0,0,0,0,0,0,1,0,0,0,0,0,1,0,0,0,0,1]"
005620,voc/VOCdevkit/VOC2007/JPEGImages/005620.jpg,"[1,0,0,0,0,0,0,0,0,0,0,0,0,0,0,0,0,0,0,0]"
005624,voc/VOCdevkit/VOC2007/JPEGImages/005624.jpg,"[0,0,1,0,0,0,0,0,0,0,0,0,0,0,0,0,0,0,0,0]"
005625,voc/VOCdevkit/VOC2007/JPEGImages/005625.jpg,"[0,0,1,0,0,0,0,0,0,0,0,0,0,0,0,0,0,0,0,0]"
005629,voc/VOCdevkit/VOC2007/JPEGImages/005629.jpg,"[0,0,0,0,0,0,0,0,1,0,1,0,0,0,0,0,0,0,0,0]"
005630,voc/VOCdevkit/VOC2007/JPEGImages/005630.jpg,"[0,0,0,0,0,0,0,1,0,0,0,0,0,0,0,0,0,0,0,0]"
005631,voc/VOCdevkit/VOC2007/JPEGImages/005631.jpg,"[0,0,0,0,0,1,0,0,0,0,0,0,0,0,1,0,0,0,0,0]"
005636,voc/VOCdevkit/VOC2007/JPEGImages/005636.jpg,"[0,0,0,0,0,0,0,0,0,0,0,0,1,0,1,0,0,0,0,0]"
005637,voc/VOCdevkit/VOC2007/JPEGImages/005637.jpg,"[0,0,1,0,0,0,0,0,0,0,0,0,0,0,0,0,0,0,0,0]"
005639,voc/VOCdevkit/VOC2007/JPEGImages/005639.jpg,"[0,1,0,0,0,0,0,0,0,0,0,0,0,0,1,0,0,0,0,0]"
005641,voc/VOCdevkit/VOC2007/JPEGImages/005641.jpg,"[0,0,0,0,0,0,0,0,0,0,0,1,0,0,0,1,0,1,0,1]"
005644,voc/VOCdevkit/VOC2007/JPEGImages/005644.jpg,"[0,0,0,0,0,0,0,0,0,0,0,0,0,0,1,0,0,0,0,0]"
005645,voc/VOCdevkit/VOC2007/JPEGImages/005645.jpg,"[0,0,0,0,0,0,1,0,0,0,0,0,0,0,1,0,0,0,0,0]"
005647,voc/VOCdevkit/VOC2007/JPEGImages/005647.jpg,"[0,0,0,0,0,0,0,0,1,0,1,0,0,0,0,0,0,1,0,0]"
005648,voc/VOCdevkit/VOC2007/JPEGImages/005648.jpg,"[0,0,0,0,0,0,0,0,0,0,0,0,0,0,1,0,0,0,0,0]"
005653,voc/VOCdevkit/VOC2007/JPEGImages/005653.jpg,"[0,0,0,0,0,0,0,0,0,1,0,0,0,0,1,0,0,0,0,0]"
005654,voc/VOCdevkit/VOC2007/JPEGImages/005654.jpg,"[0,0,0,0,0,0,0,0,0,0,0,0,0,0,0,0,0,0,1,0]"
005657,voc/VOCdevkit/VOC2007/JPEGImages/005657.jpg,"[0,0,0,0,0,0,0,0,0,0,0,0,0,0,1,0,0,0,0,0]"
005658,voc/VOCdevkit/VOC2007/JPEGImages/005658.jpg,"[0,0,0,0,0,1,0,0,0,0,0,0,0,0,1,0,0,0,0,0]"
005660,voc/VOCdevkit/VOC2007/JPEGImages/005660.jpg,"[0,0,0,0,0,0,0,0,0,0,0,0,0,0,1,0,0,0,1,0]"
005662,voc/VOCdevkit/VOC2007/JPEGImages/005662.jpg,"[0,0,0,0,1,0,0,0,1,0,1,0,0,0,1,0,0,0,0,0]"
005664,voc/VOCdevkit/VOC2007/JPEGImages/005664.jpg,"[0,0,0,0,0,0,0,0,0,0,0,0,0,0,1,0,0,0,0,0]"
005668,voc/VOCdevkit/VOC2007/JPEGImages/005668.jpg,"[0,0,0,0,0,0,0,0,0,0,0,1,0,0,0,0,0,0,0,0]"
005669,voc/VOCdevkit/VOC2007/JPEGImages/005669.jpg,"[0,0,0,0,0,1,1,0,0,0,0,0,0,0,1,0,0,0,0,0]"
005672,voc/VOCdevkit/VOC2007/JPEGImages/005672.jpg,"[0,0,0,0,1,0,0,0,1,0,1,0,0,0,1,0,0,0,0,0]"
005674,voc/VOCdevkit/VOC2007/JPEGImages/005674.jpg,"[0,0,1,0,0,0,0,0,0,0,0,0,0,0,0,0,0,0,0,0]"
005679,voc/VOCdevkit/VOC2007/JPEGImages/005679.jpg,"[0,0,0,0,0,0,1,0,0,0,0,0,0,0,0,0,0,0,0,0]"
005680,voc/VOCdevkit/VOC2007/JPEGImages/005680.jpg,"[0,0,0,0,0,0,0,0,0,0,0,0,0,0,1,0,0,0,1,0]"
005682,voc/VOCdevkit/VOC2007/JPEGImages/005682.jpg,"[0,0,0,0,0,0,0,0,0,0,0,0,0,0,1,1,0,0,0,0]"
005687,voc/VOCdevkit/VOC2007/JPEGImages/005687.jpg,"[0,0,0,0,0,0,0,0,1,0,1,0,0,0,0,1,0,0,0,0]"
005693,voc/VOCdevkit/VOC2007/JPEGImages/005693.jpg,"[0,0,0,0,0,0,0,0,0,0,0,1,0,0,1,0,0,0,0,0]"
005695,voc/VOCdevkit/VOC2007/JPEGImages/005695.jpg,"[0,0,0,0,0,0,0,0,0,0,0,0,0,0,1,0,0,0,0,0]"
005696,voc/VOCdevkit/VOC2007/JPEGImages/005696.jpg,"[0,0,0,0,0,0,0,0,0,0,0,1,0,0,0,0,0,0,0,0]"
005697,voc/VOCdevkit/VOC2007/JPEGImages/005697.jpg,"[0,0,0,0,0,0,0,0,1,0,0,0,0,0,0,0,0,1,0,0]"
005700,voc/VOCdevkit/VOC2007/JPEGImages/005700.jpg,"[0,0,0,0,0,0,0,0,0,0,0,0,1,0,1,0,0,0,0,0]"
005701,voc/VOCdevkit/VOC2007/JPEGImages/005701.jpg,"[0,0,0,0,0,0,0,0,1,0,0,0,0,0,0,0,0,1,0,0]"
005702,voc/VOCdevkit/VOC2007/JPEGImages/005702.jpg,"[0,1,0,0,0,0,0,0,0,0,0,0,0,0,1,0,0,0,0,0]"
005704,voc/VOCdevkit/VOC2007/JPEGImages/005704.jpg,"[0,0,0,0,0,0,0,0,0,0,1,0,0,0,1,0,0,0,0,0]"
005710,voc/VOCdevkit/VOC2007/JPEGImages/005710.jpg,"[0,0,0,0,0,0,0,0,1,0,1,0,0,0,0,0,0,0,0,0]"
005713,voc/VOCdevkit/VOC2007/JPEGImages/005713.jpg,"[0,0,0,1,0,0,0,0,0,0,0,0,0,0,0,0,0,0,0,0]"
005714,voc/VOCdevkit/VOC2007/JPEGImages/005714.jpg,"[0,0,0,1,0,0,0,0,0,0,0,0,0,0,1,0,0,0,0,0]"
005715,voc/VOCdevkit/VOC2007/JPEGImages/005715.jpg,"[0,0,0,0,0,0,0,1,0,0,0,0,0,0,0,0,0,0,0,0]"
005716,voc/VOCdevkit/VOC2007/JPEGImages/005716.jpg,"[0,0,0,0,0,0,0,0,0,0,0,0,0,0,1,0,0,0,0,0]"
005719,voc/VOCdevkit/VOC2007/JPEGImages/005719.jpg,"[0,0,0,0,0,0,0,0,0,0,1,0,0,0,1,0,0,0,0,0]"
005723,voc/VOCdevkit/VOC2007/JPEGImages/005723.jpg,"[0,0,0,0,0,0,0,0,1,0,0,0,0,0,0,0,0,1,0,1]"
005729,voc/VOCdevkit/VOC2007/JPEGImages/005729.jpg,"[0,0,0,0,0,0,0,0,0,0,0,0,0,1,1,0,0,0,0,0]"
005730,voc/VOCdevkit/VOC2007/JPEGImages/005730.jpg,"[0,0,0,0,0,0,0,0,1,0,0,0,0,0,0,0,0,0,0,0]"
005732,voc/VOCdevkit/VOC2007/JPEGImages/005732.jpg,"[0,0,0,0,0,0,0,0,0,0,0,0,1,0,1,0,0,0,0,0]"
005735,voc/VOCdevkit/VOC2007/JPEGImages/005735.jpg,"[0,0,0,0,0,0,0,0,0,0,0,0,0,0,0,0,0,0,1,0]"
005738,voc/VOCdevkit/VOC2007/JPEGImages/005738.jpg,"[0,0,0,0,0,0,1,0,0,0,0,0,0,0,1,0,0,0,0,0]"
005740,voc/VOCdevkit/VOC2007/JPEGImages/005740.jpg,"[0,0,1,0,0,0,0,0,0,0,0,0,0,0,1,0,0,0,0,0]"
005741,voc/VOCdevkit/VOC2007/JPEGImages/005741.jpg,"[0,0,0,0,0,0,0,0,0,0,0,0,1,0,1,0,0,0,0,0]"
005747,voc/VOCdevkit/VOC2007/JPEGImages/005747.jpg,"[0,0,0,0,0,0,1,0,0,0,0,0,0,0,1,0,0,0,0,0]"
005749,voc/VOCdevkit/VOC2007/JPEGImages/005749.jpg,"[0,0,0,0,0,0,1,0,0,0,0,0,0,0,0,0,0,0,0,0]"
005752,voc/VOCdevkit/VOC2007/JPEGImages/005752.jpg,"[0,0,0,0,0,0,0,0,0,0,0,1,0,0,0,0,0,1,0,0]"
005755,voc/VOCdevkit/VOC2007/JPEGImages/005755.jpg,"[0,0,0,0,0,0,0,0,0,0,0,0,0,0,0,0,0,1,0,0]"
005756,voc/VOCdevkit/VOC2007/JPEGImages/005756.jpg,"[0,0,0,0,0,0,1,0,0,0,0,0,0,0,0,0,0,0,0,0]"
005757,voc/VOCdevkit/VOC2007/JPEGImages/005757.jpg,"[0,1,0,0,0,0,0,0,0,0,0,0,0,0,1,0,0,0,0,0]"
005760,voc/VOCdevkit/VOC2007/JPEGImages/005760.jpg,"[0,0,0,0,0,0,1,0,0,0,0,0,0,0,0,0,0,0,0,0]"
005761,voc/VOCdevkit/VOC2007/JPEGImages/005761.jpg,"[0,0,0,0,0,0,0,0,0,0,0,0,0,0,1,0,0,0,0,0]"
005762,voc/VOCdevkit/VOC2007/JPEGImages/005762.jpg,"[0,0,0,0,0,0,0,0,0,0,0,0,0,0,0,1,0,0,0,0]"
005764,voc/VOCdevkit/VOC2007/JPEGImages/005764.jpg,"[0,0,0,0,0,0,0,0,0,0,0,0,0,0,1,0,0,0,0,0]"
005765,voc/VOCdevkit/VOC2007/JPEGImages/005765.jpg,"[0,0,0,0,0,0,0,0,0,0,0,0,0,0,1,0,0,0,0,0]"
005779,voc/VOCdevkit/VOC2007/JPEGImages/005779.jpg,"[0,0,0,0,0,0,0,0,0,0,0,1,0,0,0,0,0,1,0,0]"
005781,voc/VOCdevkit/VOC2007/JPEGImages/005781.jpg,"[0,0,1,0,0,0,0,0,0,0,0,0,0,0,0,0,0,0,0,0]"
005782,voc/VOCdevkit/VOC2007/JPEGImages/005782.jpg,"[0,0,0,0,0,0,1,0,0,0,0,0,0,0,0,0,0,0,0,0]"
005783,voc/VOCdevkit/VOC2007/JPEGImages/005783.jpg,"[0,0,0,0,0,0,0,0,0,0,0,0,0,1,0,0,0,0,0,0]"
005784,voc/VOCdevkit/VOC2007/JPEGImages/005784.jpg,"[0,0,0,0,0,0,0,0,1,0,0,0,0,0,1,0,0,0,0,0]"
005786,voc/VOCdevkit/VOC2007/JPEGImages/005786.jpg,"[0,0,0,0,0,0,0,0,0,0,0,0,0,0,1,0,0,0,0,0]"
005788,voc/VOCdevkit/VOC2007/JPEGImages/005788.jpg,"[0,0,0,0,0,0,0,0,0,0,0,0,0,0,1,0,0,1,0,0]"
005789,voc/VOCdevkit/VOC2007/JPEGImages/005789.jpg,"[0,0,0,0,0,0,0,0,0,0,0,1,0,0,0,0,0,1,0,0]"
005790,voc/VOCdevkit/VOC2007/JPEGImages/005790.jpg,"[0,0,0,0,0,0,0,0,0,0,1,0,0,0,1,0,0,0,0,0]"
005794,voc/VOCdevkit/VOC2007/JPEGImages/005794.jpg,"[0,0,0,0,0,0,0,1,1,0,1,0,0,0,0,1,0,1,0,0]"
005796,voc/VOCdevkit/VOC2007/JPEGImages/005796.jpg,"[0,0,0,0,0,0,0,0,0,0,0,0,0,0,1,0,0,0,0,1]"
005799,voc/VOCdevkit/VOC2007/JPEGImages/005799.jpg,"[0,0,0,0,0,0,0,0,0,0,0,0,0,0,1,0,0,0,0,1]"
005805,voc/VOCdevkit/VOC2007/JPEGImages/005805.jpg,"[0,0,1,0,0,0,0,0,0,0,0,0,0,0,0,0,0,0,0,0]"
005806,voc/VOCdevkit/VOC2007/JPEGImages/005806.jpg,"[0,0,0,0,0,0,1,0,0,0,0,0,0,0,0,0,0,0,0,0]"
005811,voc/VOCdevkit/VOC2007/JPEGImages/005811.jpg,"[0,0,0,0,0,0,0,0,1,0,0,0,0,0,1,0,0,0,0,0]"
005812,voc/VOCdevkit/VOC2007/JPEGImages/005812.jpg,"[0,0,0,0,0,0,0,0,0,0,0,1,0,0,0,0,0,0,0,0]"
005813,voc/VOCdevkit/VOC2007/JPEGImages/005813.jpg,"[0,0,0,0,0,0,0,0,0,0,0,0,0,0,0,1,0,0,0,0]"
005814,voc/VOCdevkit/VOC2007/JPEGImages/005814.jpg,"[0,0,0,0,1,0,0,0,0,0,0,0,0,0,1,0,0,0,0,1]"
005815,voc/VOCdevkit/VOC2007/JPEGImages/005815.jpg,"[0,0,0,0,0,0,1,0,0,0,0,0,0,0,0,0,0,0,1,0]"
005818,voc/VOCdevkit/VOC2007/JPEGImages/005818.jpg,"[0,0,0,0,0,0,0,0,0,0,0,0,0,0,1,0,0,0,0,0]"
005819,voc/VOCdevkit/VOC2007/JPEGImages/005819.jpg,"[0,0,0,0,0,0,0,1,0,0,0,0,0,0,0,0,0,0,0,0]"
005821,voc/VOCdevkit/VOC2007/JPEGImages/005821.jpg,"[0,0,0,0,0,0,0,0,1,0,0,0,0,0,0,1,0,0,0,0]"
005824,voc/VOCdevkit/VOC2007/JPEGImages/005824.jpg,"[0,0,0,0,0,0,0,0,0,0,0,0,0,0,1,0,0,0,0,0]"
005825,voc/VOCdevkit/VOC2007/JPEGImages/005825.jpg,"[0,0,0,1,0,0,0,0,0,0,0,0,0,0,0,0,0,0,0,0]"
005826,voc/VOCdevkit/VOC2007/JPEGImages/005826.jpg,"[0,0,0,0,0,0,0,0,0,0,0,0,0,0,1,0,0,0,0,0]"
005829,voc/VOCdevkit/VOC2007/JPEGImages/005829.jpg,"[0,0,0,0,0,0,0,0,0,0,0,0,0,0,1,0,0,0,0,0]"
005836,voc/VOCdevkit/VOC2007/JPEGImages/005836.jpg,"[0,0,0,0,0,0,0,0,0,0,0,0,0,0,1,0,0,0,0,0]"
005838,voc/VOCdevkit/VOC2007/JPEGImages/005838.jpg,"[0,0,0,0,0,0,0,1,0,0,0,0,0,0,0,0,0,0,0,0]"
005839,voc/VOCdevkit/VOC2007/JPEGImages/005839.jpg,"[0,0,0,0,0,0,1,0,0,0,0,0,0,0,0,0,0,0,0,0]"
005840,voc/VOCdevkit/VOC2007/JPEGImages/005840.jpg,"[0,0,0,0,0,0,0,0,0,0,0,0,0,0,1,0,0,0,0,0]"
005841,voc/VOCdevkit/VOC2007/JPEGImages/005841.jpg,"[0,0,0,0,0,0,0,0,0,1,0,0,0,0,0,0,0,0,0,0]"
005843,voc/VOCdevkit/VOC2007/JPEGImages/005843.jpg,"[0,0,0,0,0,0,0,0,0,1,0,0,0,0,0,0,0,0,0,0]"
005845,voc/VOCdevkit/VOC2007/JPEGImages/005845.jpg,"[0,0,0,0,0,0,0,1,0,0,0,0,0,0,1,0,0,0,0,0]"
005850,voc/VOCdevkit/VOC2007/JPEGImages/005850.jpg,"[0,0,0,0,0,0,0,1,0,0,0,0,0,0,1,0,0,0,0,0]"
005852,voc/VOCdevkit/VOC2007/JPEGImages/005852.jpg,"[0,0,0,0,0,0,0,0,0,0,0,0,0,0,1,0,0,0,0,1]"
005853,voc/VOCdevkit/VOC2007/JPEGImages/005853.jpg,"[0,0,0,0,0,0,0,0,0,0,0,0,0,0,0,0,0,0,1,0]"
005854,voc/VOCdevkit/VOC2007/JPEGImages/005854.jpg,"[0,0,1,0,0,0,0,0,0,0,0,0,0,0,0,0,0,0,0,0]"
005856,voc/VOCdevkit/VOC2007/JPEGImages/005856.jpg,"[0,0,0,0,0,0,0,0,0,0,0,0,0,0,1,0,0,0,0,1]"
005859,voc/VOCdevkit/VOC2007/JPEGImages/005859.jpg,"[0,0,0,0,0,0,0,0,0,0,0,0,0,0,1,0,0,0,0,0]"
005860,voc/VOCdevkit/VOC2007/JPEGImages/005860.jpg,"[0,0,0,1,0,0,0,0,0,0,0,0,0,0,0,0,0,0,0,0]"
005861,voc/VOCdevkit/VOC2007/JPEGImages/005861.jpg,"[0,0,0,0,0,0,1,0,0,0,0,0,0,0,0,0,0,0,0,0]"
005863,voc/VOCdevkit/VOC2007/JPEGImages/005863.jpg,"[0,0,0,0,0,0,0,0,1,0,0,0,0,0,1,0,0,0,0,0]"
005864,voc/VOCdevkit/VOC2007/JPEGImages/005864.jpg,"[0,0,0,0,0,0,0,0,1,0,0,0,0,0,0,0,0,1,0,0]"
005867,voc/VOCdevkit/VOC2007/JPEGImages/005867.jpg,"[0,0,0,0,0,0,0,0,1,0,0,0,0,0,0,0,0,0,0,1]"
005873,voc/VOCdevkit/VOC2007/JPEGImages/005873.jpg,"[0,0,0,0,0,0,0,0,0,0,0,1,0,0,1,0,0,0,0,0]"
005874,voc/VOCdevkit/VOC2007/JPEGImages/005874.jpg,"[0,0,0,0,0,0,0,0,0,0,0,0,0,0,0,1,0,1,0,0]"
005875,voc/VOCdevkit/VOC2007/JPEGImages/005875.jpg,"[0,0,0,0,0,0,0,0,0,0,0,0,0,1,0,0,0,0,0,0]"
005877,voc/VOCdevkit/VOC2007/JPEGImages/005877.jpg,"[0,0,0,0,0,0,0,0,0,0,0,0,1,0,0,0,0,0,0,0]"
005879,voc/VOCdevkit/VOC2007/JPEGImages/005879.jpg,"[0,0,0,0,0,0,0,1,0,0,0,0,0,0,0,0,0,0,0,0]"
005881,voc/VOCdevkit/VOC2007/JPEGImages/005881.jpg,"[0,0,0,0,0,0,0,0,0,0,0,0,0,0,1,0,0,0,0,0]"
005885,voc/VOCdevkit/VOC2007/JPEGImages/005885.jpg,"[0,0,0,0,0,0,0,0,0,0,0,0,0,0,1,0,0,0,0,0]"
005888,voc/VOCdevkit/VOC2007/JPEGImages/005888.jpg,"[0,0,0,0,0,0,0,0,0,0,0,1,0,0,0,0,0,0,0,0]"
005889,voc/VOCdevkit/VOC2007/JPEGImages/005889.jpg,"[0,0,0,0,0,0,0,0,0,0,0,0,0,0,1,0,0,0,0,0]"
005893,voc/VOCdevkit/VOC2007/JPEGImages/005893.jpg,"[0,0,0,0,0,0,0,0,0,0,0,0,0,0,0,0,0,0,1,0]"
005894,voc/VOCdevkit/VOC2007/JPEGImages/005894.jpg,"[0,0,0,0,0,0,0,0,0,0,0,0,0,0,0,1,0,0,0,0]"
005895,voc/VOCdevkit/VOC2007/JPEGImages/005895.jpg,"[1,0,0,0,0,0,0,0,0,0,0,0,0,0,0,0,0,0,0,0]"
005901,voc/VOCdevkit/VOC2007/JPEGImages/005901.jpg,"[0,0,0,0,0,0,0,1,0,0,0,0,0,0,0,0,0,0,0,0]"
005903,voc/VOCdevkit/VOC2007/JPEGImages/005903.jpg,"[0,0,0,0,0,0,0,0,0,0,0,0,0,0,1,0,0,0,1,0]"
005905,voc/VOCdevkit/VOC2007/JPEGImages/005905.jpg,"[0,0,0,0,0,0,0,0,0,0,0,0,0,0,1,0,0,0,0,0]"
005906,voc/VOCdevkit/VOC2007/JPEGImages/005906.jpg,"[0,0,0,0,0,1,0,0,0,0,0,0,0,0,1,0,0,0,0,0]"
005908,voc/VOCdevkit/VOC2007/JPEGImages/005908.jpg,"[0,0,0,0,1,0,0,0,0,0,0,0,0,0,1,0,0,0,0,0]"
005910,voc/VOCdevkit/VOC2007/JPEGImages/005910.jpg,"[0,0,1,0,0,0,0,0,0,0,0,0,0,0,1,0,0,0,0,0]"
005911,voc/VOCdevkit/VOC2007/JPEGImages/005911.jpg,"[0,0,0,0,0,1,0,0,0,0,0,0,0,0,0,0,0,0,0,0]"
005914,voc/VOCdevkit/VOC2007/JPEGImages/005914.jpg,"[0,0,0,1,0,0,0,0,0,0,0,0,0,0,0,0,0,0,0,0]"
005917,voc/VOCdevkit/VOC2007/JPEGImages/005917.jpg,"[0,0,0,0,0,0,0,1,1,0,0,0,0,0,0,0,0,0,0,0]"
005919,voc/VOCdevkit/VOC2007/JPEGImages/005919.jpg,"[0,0,0,0,1,0,0,0,0,0,1,0,0,0,1,1,0,0,0,0]"
005923,voc/VOCdevkit/VOC2007/JPEGImages/005923.jpg,"[0,1,0,0,0,0,0,0,1,0,0,0,0,0,1,1,0,1,0,1]"
005928,voc/VOCdevkit/VOC2007/JPEGImages/005928.jpg,"[0,0,0,0,0,0,0,0,0,0,0,0,0,1,1,0,0,0,0,0]"
005930,voc/VOCdevkit/VOC2007/JPEGImages/005930.jpg,"[0,1,0,0,0,0,0,0,0,0,0,0,0,0,1,0,0,0,0,0]"
005938,voc/VOCdevkit/VOC2007/JPEGImages/005938.jpg,"[0,0,0,0,0,0,0,0,1,0,0,0,0,0,1,0,0,0,0,0]"
005948,voc/VOCdevkit/VOC2007/JPEGImages/005948.jpg,"[0,0,0,0,0,0,0,0,0,0,0,1,1,0,1,0,0,0,0,0]"
005951,voc/VOCdevkit/VOC2007/JPEGImages/005951.jpg,"[0,0,0,0,0,0,0,0,0,0,0,0,0,1,1,0,0,0,0,0]"
005952,voc/VOCdevkit/VOC2007/JPEGImages/005952.jpg,"[1,0,0,0,0,0,0,0,0,0,0,0,0,0,0,0,0,0,0,0]"
005954,voc/VOCdevkit/VOC2007/JPEGImages/005954.jpg,"[0,0,0,0,0,0,0,1,0,0,0,0,0,0,0,0,0,0,0,0]"
005956,voc/VOCdevkit/VOC2007/JPEGImages/005956.jpg,"[0,0,0,0,0,0,1,0,0,0,0,0,0,0,1,0,0,0,0,0]"
005961,voc/VOCdevkit/VOC2007/JPEGImages/005961.jpg,"[0,0,0,0,0,1,0,0,0,0,0,0,0,0,1,0,0,0,0,0]"
005963,voc/VOCdevkit/VOC2007/JPEGImages/005963.jpg,"[0,0,0,0,0,0,0,0,1,0,0,0,0,0,0,0,0,0,0,0]"
005964,voc/VOCdevkit/VOC2007/JPEGImages/005964.jpg,"[0,0,0,0,0,0,0,0,0,0,0,0,0,0,0,0,1,0,0,0]"
005968,voc/VOCdevkit/VOC2007/JPEGImages/005968.jpg,"[0,0,0,0,0,0,0,0,0,0,0,1,0,0,0,0,0,0,0,0]"
005970,voc/VOCdevkit/VOC2007/JPEGImages/005970.jpg,"[0,0,0,0,0,0,0,1,0,0,0,0,0,0,0,0,0,0,0,0]"
005971,voc/VOCdevkit/VOC2007/JPEGImages/005971.jpg,"[0,0,0,0,0,0,0,0,0,0,0,0,0,0,1,0,0,0,0,0]"
005979,voc/VOCdevkit/VOC2007/JPEGImages/005979.jpg,"[0,0,0,0,0,0,1,0,0,0,0,0,0,0,1,0,0,0,0,0]"
005980,voc/VOCdevkit/VOC2007/JPEGImages/005980.jpg,"[0,0,0,0,0,0,0,1,0,0,0,0,0,0,0,0,0,0,0,0]"
005981,voc/VOCdevkit/VOC2007/JPEGImages/005981.jpg,"[0,0,0,0,0,0,0,0,0,1,0,0,0,0,0,0,0,0,0,0]"
005983,voc/VOCdevkit/VOC2007/JPEGImages/005983.jpg,"[0,0,1,0,0,0,0,0,0,0,0,0,0,0,0,0,0,0,0,0]"
005984,voc/VOCdevkit/VOC2007/JPEGImages/005984.jpg,"[0,0,0,0,0,0,0,0,0,0,0,1,0,0,1,0,0,1,0,0]"
005985,voc/VOCdevkit/VOC2007/JPEGImages/005985.jpg,"[0,0,0,0,0,0,0,0,0,0,0,0,0,0,1,1,0,0,0,0]"
005988,voc/VOCdevkit/VOC2007/JPEGImages/005988.jpg,"[0,0,0,0,0,0,1,0,0,0,0,1,0,0,1,0,0,0,0,0]"
005989,voc/VOCdevkit/VOC2007/JPEGImages/005989.jpg,"[0,0,0,0,0,0,0,0,0,0,0,0,0,1,1,0,0,0,0,0]"
005990,voc/VOCdevkit/VOC2007/JPEGImages/005990.jpg,"[0,0,0,0,0,0,0,0,0,0,0,0,0,1,1,0,0,0,0,0]"
005991,voc/VOCdevkit/VOC2007/JPEGImages/005991.jpg,"[0,0,0,0,0,0,0,0,0,0,0,0,0,0,1,1,0,0,0,0]"
005992,voc/VOCdevkit/VOC2007/JPEGImages/005992.jpg,"[0,0,0,0,0,0,0,0,0,0,0,1,0,0,1,0,0,1,0,0]"
005995,voc/VOCdevkit/VOC2007/JPEGImages/005995.jpg,"[0,0,0,0,0,0,0,0,0,0,0,0,0,0,0,0,0,0,1,0]"
005996,voc/VOCdevkit/VOC2007/JPEGImages/005996.jpg,"[0,0,0,0,0,0,0,0,0,0,0,0,0,1,0,0,0,0,0,0]"
005998,voc/VOCdevkit/VOC2007/JPEGImages/005998.jpg,"[0,0,0,0,0,0,1,0,0,0,0,0,0,0,0,0,0,0,0,0]"
006000,voc/VOCdevkit/VOC2007/JPEGImages/006000.jpg,"[0,0,0,0,0,0,0,0,1,0,0,0,0,0,0,0,0,0,0,1]"
006001,voc/VOCdevkit/VOC2007/JPEGImages/006001.jpg,"[0,0,0,0,0,0,0,0,0,0,0,0,0,0,0,0,0,0,1,0]"
006004,voc/VOCdevkit/VOC2007/JPEGImages/006004.jpg,"[0,0,0,0,0,0,0,0,1,0,0,0,0,0,1,0,0,0,0,0]"
006005,voc/VOCdevkit/VOC2007/JPEGImages/006005.jpg,"[0,0,0,0,0,0,0,0,1,0,0,0,0,0,1,0,0,0,0,0]"
006009,voc/VOCdevkit/VOC2007/JPEGImages/006009.jpg,"[0,0,0,0,0,0,1,0,0,0,0,0,0,0,0,0,0,0,0,0]"
006011,voc/VOCdevkit/VOC2007/JPEGImages/006011.jpg,"[0,0,0,0,0,0,1,0,0,0,0,0,0,0,1,0,0,0,0,0]"
006012,voc/VOCdevkit/VOC2007/JPEGImages/006012.jpg,"[0,0,1,0,0,0,0,0,0,0,0,0,0,0,0,0,0,0,0,0]"
006018,voc/VOCdevkit/VOC2007/JPEGImages/006018.jpg,"[0,0,0,0,0,1,1,0,0,0,0,0,0,0,0,0,0,0,0,0]"
006020,voc/VOCdevkit/VOC2007/JPEGImages/006020.jpg,"[0,0,0,0,0,0,0,0,1,0,0,0,0,0,0,0,0,1,0,0]"
006023,voc/VOCdevkit/VOC2007/JPEGImages/006023.jpg,"[0,0,0,0,0,0,0,0,0,0,0,0,0,0,0,0,0,0,1,0]"
006025,voc/VOCdevkit/VOC2007/JPEGImages/006025.jpg,"[1,0,0,0,0,0,0,0,0,0,0,0,0,0,0,0,0,0,0,0]"
006028,voc/VOCdevkit/VOC2007/JPEGImages/006028.jpg,"[0,1,0,0,0,0,0,0,0,0,0,0,0,0,1,0,0,0,0,0]"
006029,voc/VOCdevkit/VOC2007/JPEGImages/006029.jpg,"[0,0,0,0,0,0,0,0,1,0,0,1,0,0,1,1,0,1,0,1]"
006030,voc/VOCdevkit/VOC2007/JPEGImages/006030.jpg,"[0,0,0,0,0,0,0,0,1,0,1,0,0,0,0,0,0,0,0,0]"
006033,voc/VOCdevkit/VOC2007/JPEGImages/006033.jpg,"[0,0,0,0,0,0,0,0,0,0,0,0,0,0,1,0,0,0,0,0]"
006035,voc/VOCdevkit/VOC2007/JPEGImages/006035.jpg,"[0,0,0,0,0,0,1,0,0,0,0,0,0,0,0,0,0,0,0,0]"
006038,voc/VOCdevkit/VOC2007/JPEGImages/006038.jpg,"[0,0,0,0,0,0,1,0,0,0,0,0,0,1,1,0,0,0,0,0]"
006041,voc/VOCdevkit/VOC2007/JPEGImages/006041.jpg,"[0,0,0,0,0,0,0,0,0,0,0,0,0,0,1,0,0,1,0,1]"
006042,voc/VOCdevkit/VOC2007/JPEGImages/006042.jpg,"[0,0,0,0,0,0,0,0,0,0,0,1,0,0,0,0,0,0,0,0]"
006043,voc/VOCdevkit/VOC2007/JPEGImages/006043.jpg,"[0,0,0,0,0,0,1,0,0,0,0,0,0,0,1,0,0,0,0,0]"
006046,voc/VOCdevkit/VOC2007/JPEGImages/006046.jpg,"[0,0,0,1,0,0,0,0,0,0,0,0,0,0,0,0,0,0,0,0]"
006055,voc/VOCdevkit/VOC2007/JPEGImages/006055.jpg,"[0,0,0,0,0,0,0,0,1,0,0,0,0,0,0,0,0,0,0,0]"
006058,voc/VOCdevkit/VOC2007/JPEGImages/006058.jpg,"[0,0,0,0,0,0,1,0,0,0,0,0,0,0,0,0,0,0,0,0]"
006061,voc/VOCdevkit/VOC2007/JPEGImages/006061.jpg,"[0,0,0,0,1,0,0,1,0,0,0,0,0,0,0,0,0,0,0,1]"
006062,voc/VOCdevkit/VOC2007/JPEGImages/006062.jpg,"[0,0,0,0,0,0,1,0,0,0,0,0,0,0,0,0,0,0,0,0]"
006065,voc/VOCdevkit/VOC2007/JPEGImages/006065.jpg,"[0,0,0,0,0,0,0,0,0,0,0,1,0,0,0,0,0,0,0,0]"
006066,voc/VOCdevkit/VOC2007/JPEGImages/006066.jpg,"[0,0,0,0,0,0,0,0,1,0,0,0,0,0,0,0,0,1,0,1]"
006069,voc/VOCdevkit/VOC2007/JPEGImages/006069.jpg,"[0,0,0,0,0,0,0,1,0,0,0,0,0,0,0,1,0,0,0,0]"
006071,voc/VOCdevkit/VOC2007/JPEGImages/006071.jpg,"[0,0,0,0,0,0,0,0,0,0,0,0,0,1,1,0,0,0,0,0]"
006073,voc/VOCdevkit/VOC2007/JPEGImages/006073.jpg,"[0,0,0,0,0,0,0,0,0,1,0,0,0,0,1,0,0,0,0,0]"
006074,voc/VOCdevkit/VOC2007/JPEGImages/006074.jpg,"[0,0,0,0,0,0,0,0,0,0,0,0,0,0,0,0,0,0,0,1]"
006078,voc/VOCdevkit/VOC2007/JPEGImages/006078.jpg,"[0,0,0,0,0,0,0,0,1,0,0,0,0,0,0,0,0,0,0,1]"
006079,voc/VOCdevkit/VOC2007/JPEGImages/006079.jpg,"[0,0,0,1,0,0,1,0,0,0,0,0,0,0,0,0,0,0,0,0]"
006084,voc/VOCdevkit/VOC2007/JPEGImages/006084.jpg,"[0,0,0,0,0,0,0,1,0,0,0,0,0,0,0,0,0,0,0,0]"
006089,voc/VOCdevkit/VOC2007/JPEGImages/006089.jpg,"[0,0,0,0,0,0,1,0,0,0,0,0,0,0,0,0,0,0,0,0]"
006091,voc/VOCdevkit/VOC2007/JPEGImages/006091.jpg,"[0,0,1,0,0,0,0,0,0,0,0,0,0,0,0,0,0,0,0,0]"
006095,voc/VOCdevkit/VOC2007/JPEGImages/006095.jpg,"[0,0,0,0,0,0,0,0,0,1,0,0,1,0,1,0,0,0,0,0]"
006096,voc/VOCdevkit/VOC2007/JPEGImages/006096.jpg,"[0,0,0,0,0,1,0,0,0,0,0,0,0,0,0,0,0,0,0,0]"
006097,voc/VOCdevkit/VOC2007/JPEGImages/006097.jpg,"[0,0,0,0,0,0,1,0,0,0,0,0,0,0,0,0,0,0,0,0]"
006100,voc/VOCdevkit/VOC2007/JPEGImages/006100.jpg,"[0,0,0,0,0,0,0,0,1,0,0,1,0,0,0,1,0,1,0,0]"
006103,voc/VOCdevkit/VOC2007/JPEGImages/006103.jpg,"[0,0,0,0,0,0,1,0,0,0,0,0,0,0,1,0,0,0,0,0]"
006104,voc/VOCdevkit/VOC2007/JPEGImages/006104.jpg,"[0,0,0,0,0,0,1,0,0,0,0,0,0,0,1,0,0,1,0,0]"
006105,voc/VOCdevkit/VOC2007/JPEGImages/006105.jpg,"[0,0,0,0,0,0,0,1,0,0,0,0,0,0,0,0,0,0,0,0]"
006107,voc/VOCdevkit/VOC2007/JPEGImages/006107.jpg,"[0,0,0,0,0,0,0,0,0,0,0,0,0,0,0,0,0,0,1,0]"
006108,voc/VOCdevkit/VOC2007/JPEGImages/006108.jpg,"[0,0,1,0,0,0,0,0,0,0,0,0,0,0,0,0,0,0,0,0]"
006117,voc/VOCdevkit/VOC2007/JPEGImages/006117.jpg,"[0,0,0,0,0,0,0,0,0,0,0,0,0,0,1,0,0,0,0,0]"
006120,voc/VOCdevkit/VOC2007/JPEGImages/006120.jpg,"[0,0,0,0,0,0,1,0,0,0,0,0,0,1,0,0,0,0,0,0]"
006123,voc/VOCdevkit/VOC2007/JPEGImages/006123.jpg,"[0,0,0,1,0,0,0,0,0,0,0,0,0,0,0,0,0,0,0,0]"
006124,voc/VOCdevkit/VOC2007/JPEGImages/006124.jpg,"[0,0,0,0,0,0,1,0,0,0,0,0,0,0,0,0,0,0,0,0]"
006125,voc/VOCdevkit/VOC2007/JPEGImages/006125.jpg,"[0,0,0,0,0,0,0,1,0,0,0,0,0,0,0,0,0,1,0,0]"
006128,voc/VOCdevkit/VOC2007/JPEGImages/006128.jpg,"[0,0,0,0,0,0,1,0,0,0,0,0,0,0,1,0,1,0,0,0]"
006129,voc/VOCdevkit/VOC2007/JPEGImages/006129.jpg,"[1,0,0,0,0,0,0,0,0,0,0,0,0,0,0,0,0,0,0,0]"
006131,voc/VOCdevkit/VOC2007/JPEGImages/006131.jpg,"[0,0,0,0,0,0,0,0,0,0,0,0,0,0,0,0,0,0,0,1]"
006133,voc/VOCdevkit/VOC2007/JPEGImages/006133.jpg,"[0,0,0,0,0,0,1,0,0,0,0,0,0,0,1,0,0,0,0,0]"
006139,voc/VOCdevkit/VOC2007/JPEGImages/006139.jpg,"[0,0,0,0,0,0,0,0,0,0,0,1,0,0,0,0,0,0,0,0]"
006140,voc/VOCdevkit/VOC2007/JPEGImages/006140.jpg,"[0,0,0,0,0,0,0,0,0,0,1,0,0,0,1,0,0,0,0,0]"
006141,voc/VOCdevkit/VOC2007/JPEGImages/006141.jpg,"[0,0,0,0,1,0,0,0,0,0,0,0,0,0,0,0,0,0,0,0]"
006146,voc/VOCdevkit/VOC2007/JPEGImages/006146.jpg,"[0,1,0,0,0,0,0,0,0,0,0,0,0,0,0,0,0,0,0,0]"
006148,voc/VOCdevkit/VOC2007/JPEGImages/006148.jpg,"[0,0,0,0,0,0,0,0,0,1,0,0,0,0,1,0,0,0,0,0]"
006150,voc/VOCdevkit/VOC2007/JPEGImages/006150.jpg,"[0,0,0,0,0,0,0,0,0,0,0,0,0,0,1,0,0,0,0,0]"
006151,voc/VOCdevkit/VOC2007/JPEGImages/006151.jpg,"[0,0,0,0,0,0,1,0,0,0,0,0,1,0,1,0,0,0,0,0]"
006156,voc/VOCdevkit/VOC2007/JPEGImages/006156.jpg,"[0,0,0,0,0,0,0,0,0,0,0,0,0,0,1,0,0,0,0,0]"
006158,voc/VOCdevkit/VOC2007/JPEGImages/006158.jpg,"[0,0,0,0,0,0,0,0,0,0,0,0,0,0,1,0,0,1,0,1]"
006159,voc/VOCdevkit/VOC2007/JPEGImages/006159.jpg,"[0,0,0,0,0,0,0,0,0,0,0,0,0,0,0,1,0,0,0,0]"
006161,voc/VOCdevkit/VOC2007/JPEGImages/006161.jpg,"[0,0,0,0,0,0,0,0,0,0,1,0,0,0,1,0,0,0,0,0]"
006163,voc/VOCdevkit/VOC2007/JPEGImages/006163.jpg,"[0,0,0,0,0,0,0,0,0,0,0,0,0,0,1,0,0,0,0,0]"
006166,voc/VOCdevkit/VOC2007/JPEGImages/006166.jpg,"[0,0,0,0,0,0,0,0,0,0,0,0,0,0,0,0,0,0,1,0]"
006170,voc/VOCdevkit/VOC2007/JPEGImages/006170.jpg,"[0,0,0,0,0,0,0,0,0,1,0,0,0,0,0,0,0,0,0,0]"
006171,voc/VOCdevkit/VOC2007/JPEGImages/006171.jpg,"[0,0,0,0,0,0,0,0,0,0,0,1,0,0,1,0,0,1,0,0]"
006172,voc/VOCdevkit/VOC2007/JPEGImages/006172.jpg,"[0,0,0,0,0,0,0,0,0,0,0,0,0,0,1,0,0,0,0,0]"
006174,voc/VOCdevkit/VOC2007/JPEGImages/006174.jpg,"[0,0,0,0,0,0,0,0,0,0,0,1,0,0,0,0,0,0,0,0]"
006176,voc/VOCdevkit/VOC2007/JPEGImages/006176.jpg,"[0,0,0,0,0,0,0,0,0,0,0,0,0,0,1,0,0,0,0,0]"
006177,voc/VOCdevkit/VOC2007/JPEGImages/006177.jpg,"[0,0,0,0,0,0,0,0,0,1,0,0,0,1,1,0,0,0,0,0]"
006179,voc/VOCdevkit/VOC2007/JPEGImages/006179.jpg,"[0,0,0,0,0,0,0,0,0,0,0,0,0,0,1,0,0,0,0,1]"
006180,voc/VOCdevkit/VOC2007/JPEGImages/006180.jpg,"[0,0,0,0,1,0,0,0,0,0,0,0,0,0,1,0,0,0,0,0]"
006181,voc/VOCdevkit/VOC2007/JPEGImages/006181.jpg,"[0,0,1,0,0,0,0,0,0,0,0,0,0,0,0,0,0,0,0,0]"
006183,voc/VOCdevkit/VOC2007/JPEGImages/006183.jpg,"[0,0,0,0,0,0,0,1,0,0,0,0,0,0,0,0,0,0,0,0]"
006184,voc/VOCdevkit/VOC2007/JPEGImages/006184.jpg,"[1,0,0,0,0,0,0,0,0,0,0,0,0,0,0,0,0,0,0,0]"
006185,voc/VOCdevkit/VOC2007/JPEGImages/006185.jpg,"[0,0,0,0,0,0,0,0,1,0,0,0,0,0,1,0,0,0,0,0]"
006187,voc/VOCdevkit/VOC2007/JPEGImages/006187.jpg,"[0,0,0,0,0,0,0,0,0,0,0,0,0,0,1,0,0,0,0,0]"
006188,voc/VOCdevkit/VOC2007/JPEGImages/006188.jpg,"[0,1,0,0,0,0,0,0,0,0,0,0,0,0,0,1,0,0,0,0]"
006189,voc/VOCdevkit/VOC2007/JPEGImages/006189.jpg,"[0,0,0,0,1,0,0,0,0,0,0,1,0,0,0,1,0,0,0,0]"
006190,voc/VOCdevkit/VOC2007/JPEGImages/006190.jpg,"[0,0,0,0,0,0,0,0,0,0,0,1,0,0,0,0,0,0,0,0]"
006196,voc/VOCdevkit/VOC2007/JPEGImages/006196.jpg,"[0,0,0,0,0,0,1,0,0,0,0,0,0,0,0,0,0,0,0,0]"
006198,voc/VOCdevkit/VOC2007/JPEGImages/006198.jpg,"[0,0,0,0,0,0,0,0,0,0,0,0,0,0,1,0,0,0,0,0]"
006201,voc/VOCdevkit/VOC2007/JPEGImages/006201.jpg,"[0,0,0,0,0,0,1,0,0,0,0,0,0,0,0,0,0,0,1,0]"
006202,voc/VOCdevkit/VOC2007/JPEGImages/006202.jpg,"[0,0,0,0,0,0,0,0,0,1,0,0,0,0,0,0,0,0,0,0]"
006203,voc/VOCdevkit/VOC2007/JPEGImages/006203.jpg,"[0,0,0,0,0,0,1,0,0,0,0,0,0,0,0,0,0,0,0,0]"
006206,voc/VOCdevkit/VOC2007/JPEGImages/006206.jpg,"[0,1,0,0,0,0,1,0,0,0,0,0,0,0,0,0,0,0,0,0]"
006209,voc/VOCdevkit/VOC2007/JPEGImages/006209.jpg,"[0,0,0,0,0,0,0,0,0,0,0,0,0,0,1,0,0,0,0,1]"
006210,voc/VOCdevkit/VOC2007/JPEGImages/006210.jpg,"[0,0,0,0,0,0,1,0,0,0,0,0,0,0,1,0,0,0,0,0]"
006212,voc/VOCdevkit/VOC2007/JPEGImages/006212.jpg,"[1,0,0,0,0,0,0,0,0,0,0,0,0,0,0,0,0,0,0,0]"
006215,voc/VOCdevkit/VOC2007/JPEGImages/006215.jpg,"[0,0,0,1,0,0,0,0,0,0,0,0,0,0,0,0,0,0,0,0]"
006216,voc/VOCdevkit/VOC2007/JPEGImages/006216.jpg,"[0,0,0,0,0,0,0,0,0,0,0,0,0,1,0,0,0,0,0,0]"
006220,voc/VOCdevkit/VOC2007/JPEGImages/006220.jpg,"[0,0,0,0,0,0,0,0,1,0,1,0,0,0,0,0,0,0,0,0]"
006221,voc/VOCdevkit/VOC2007/JPEGImages/006221.jpg,"[0,1,0,0,0,0,0,0,0,0,0,0,0,0,1,0,0,0,0,0]"
006222,voc/VOCdevkit/VOC2007/JPEGImages/006222.jpg,"[0,0,1,0,0,0,0,0,0,0,0,0,0,0,0,0,0,0,0,0]"
006224,voc/VOCdevkit/VOC2007/JPEGImages/006224.jpg,"[0,0,0,0,0,0,1,0,0,0,0,0,0,0,0,0,0,0,0,0]"
006225,voc/VOCdevkit/VOC2007/JPEGImages/006225.jpg,"[0,0,0,0,0,0,1,0,0,0,0,0,0,0,1,0,0,0,0,0]"
006229,voc/VOCdevkit/VOC2007/JPEGImages/006229.jpg,"[0,0,0,0,0,0,0,0,0,0,0,0,0,0,1,0,0,0,0,0]"
006230,voc/VOCdevkit/VOC2007/JPEGImages/006230.jpg,"[0,0,0,0,0,0,0,0,0,0,0,1,0,0,0,0,0,0,0,0]"
006233,voc/VOCdevkit/VOC2007/JPEGImages/006233.jpg,"[0,0,0,0,0,0,0,0,0,0,0,0,0,0,1,0,0,0,0,0]"
006234,voc/VOCdevkit/VOC2007/JPEGImages/006234.jpg,"[0,0,0,0,0,0,0,1,0,0,0,0,0,0,0,0,0,0,0,0]"
006235,voc/VOCdevkit/VOC2007/JPEGImages/006235.jpg,"[0,0,0,0,0,0,1,0,0,0,0,0,0,0,1,0,0,0,0,0]"
006238,voc/VOCdevkit/VOC2007/JPEGImages/006238.jpg,"[0,0,0,0,0,0,0,0,0,0,0,0,0,0,1,0,0,0,0,1]"
006240,voc/VOCdevkit/VOC2007/JPEGImages/006240.jpg,"[0,0,0,0,0,0,0,0,0,0,0,0,0,0,1,0,0,0,0,0]"
006241,voc/VOCdevkit/VOC2007/JPEGImages/006241.jpg,"[0,0,0,0,1,0,0,0,1,0,1,0,0,0,0,0,0,0,0,0]"
006243,voc/VOCdevkit/VOC2007/JPEGImages/006243.jpg,"[0,0,0,0,0,0,0,0,0,0,0,0,0,1,1,0,0,0,0,0]"
006247,voc/VOCdevkit/VOC2007/JPEGImages/006247.jpg,"[0,0,0,0,0,0,0,0,0,0,0,0,0,0,0,0,1,0,0,0]"
006249,voc/VOCdevkit/VOC2007/JPEGImages/006249.jpg,"[0,0,0,0,0,0,0,0,0,0,0,0,1,0,0,0,0,0,0,0]"
006251,voc/VOCdevkit/VOC2007/JPEGImages/006251.jpg,"[0,0,0,0,0,0,0,0,0,0,0,0,0,0,0,0,1,0,0,0]"
006254,voc/VOCdevkit/VOC2007/JPEGImages/006254.jpg,"[0,0,0,0,0,0,0,0,0,0,0,0,0,0,0,0,0,0,1,0]"
006258,voc/VOCdevkit/VOC2007/JPEGImages/006258.jpg,"[1,0,0,0,0,0,0,0,0,0,0,0,0,0,0,0,0,0,0,0]"
006259,voc/VOCdevkit/VOC2007/JPEGImages/006259.jpg,"[0,0,0,0,0,0,0,0,1,0,1,0,0,0,1,0,0,0,0,0]"
006261,voc/VOCdevkit/VOC2007/JPEGImages/006261.jpg,"[0,0,0,0,0,0,1,0,0,0,0,0,0,0,0,0,0,0,0,0]"
006262,voc/VOCdevkit/VOC2007/JPEGImages/006262.jpg,"[0,0,0,0,0,0,0,1,0,0,0,0,0,0,0,0,0,0,0,0]"
006267,voc/VOCdevkit/VOC2007/JPEGImages/006267.jpg,"[0,0,0,0,0,0,0,0,0,0,0,1,0,0,0,0,0,0,0,0]"
006269,voc/VOCdevkit/VOC2007/JPEGImages/006269.jpg,"[0,0,0,0,0,0,0,1,0,0,0,0,0,0,0,0,0,0,0,0]"
006270,voc/VOCdevkit/VOC2007/JPEGImages/006270.jpg,"[0,0,0,0,0,0,0,0,1,0,0,0,0,0,0,1,0,0,0,0]"
006272,voc/VOCdevkit/VOC2007/JPEGImages/006272.jpg,"[0,0,0,0,0,0,0,0,0,0,0,0,0,1,1,0,0,0,0,0]"
006275,voc/VOCdevkit/VOC2007/JPEGImages/006275.jpg,"[0,0,0,0,0,0,0,0,0,0,0,0,0,0,0,0,0,0,1,0]"
006276,voc/VOCdevkit/VOC2007/JPEGImages/006276.jpg,"[0,0,0,0,0,0,0,0,0,0,0,0,1,0,1,0,0,0,0,0]"
006277,voc/VOCdevkit/VOC2007/JPEGImages/006277.jpg,"[0,0,0,0,0,0,1,0,0,0,0,0,0,0,0,0,0,0,0,0]"
006279,voc/VOCdevkit/VOC2007/JPEGImages/006279.jpg,"[1,0,0,0,0,0,0,0,0,0,0,0,0,0,0,0,0,0,0,0]"
006281,voc/VOCdevkit/VOC2007/JPEGImages/006281.jpg,"[0,0,0,1,0,0,0,0,0,0,0,0,0,0,0,0,0,0,0,0]"
006284,voc/VOCdevkit/VOC2007/JPEGImages/006284.jpg,"[0,0,0,0,0,0,0,0,0,0,0,0,0,0,1,0,0,0,0,0]"
006285,voc/VOCdevkit/VOC2007/JPEGImages/006285.jpg,"[0,0,0,0,0,0,0,0,0,0,0,0,1,0,1,0,0,0,0,0]"
006286,voc/VOCdevkit/VOC2007/JPEGImages/006286.jpg,"[0,0,0,0,0,0,0,0,1,0,1,0,0,0,1,0,0,0,0,0]"
006289,voc/VOCdevkit/VOC2007/JPEGImages/006289.jpg,"[0,0,0,0,0,0,0,0,1,0,1,0,0,0,1,0,0,0,0,0]"
006290,voc/VOCdevkit/VOC2007/JPEGImages/006290.jpg,"[0,0,0,0,0,1,1,0,0,0,0,0,0,0,0,0,0,0,0,0]"
006291,voc/VOCdevkit/VOC2007/JPEGImages/006291.jpg,"[0,0,0,0,0,0,0,0,0,1,0,0,0,0,0,0,0,0,0,0]"
006295,voc/VOCdevkit/VOC2007/JPEGImages/006295.jpg,"[0,0,0,0,0,0,0,0,0,0,0,0,1,0,0,0,0,0,0,0]"
006296,voc/VOCdevkit/VOC2007/JPEGImages/006296.jpg,"[0,0,0,0,0,0,0,0,0,0,0,0,0,0,1,0,0,0,0,0]"
006300,voc/VOCdevkit/VOC2007/JPEGImages/006300.jpg,"[0,1,0,0,0,0,0,0,0,0,0,0,0,0,1,0,0,0,0,0]"
006306,voc/VOCdevkit/VOC2007/JPEGImages/006306.jpg,"[1,0,0,0,0,0,0,0,0,0,0,0,0,0,0,0,0,0,0,0]"
006309,voc/VOCdevkit/VOC2007/JPEGImages/006309.jpg,"[0,0,1,0,0,0,0,0,0,0,0,0,0,0,0,0,0,0,0,0]"
006318,voc/VOCdevkit/VOC2007/JPEGImages/006318.jpg,"[0,0,0,0,0,0,0,1,0,0,0,0,0,0,0,0,0,0,0,0]"
006319,voc/VOCdevkit/VOC2007/JPEGImages/006319.jpg,"[0,0,0,0,0,0,0,0,0,0,0,0,0,0,0,1,0,0,0,0]"
006320,voc/VOCdevkit/VOC2007/JPEGImages/006320.jpg,"[0,0,0,0,0,0,1,0,0,0,0,0,0,0,1,0,0,0,0,0]"
006321,voc/VOCdevkit/VOC2007/JPEGImages/006321.jpg,"[0,0,0,0,0,0,0,0,1,0,0,1,0,0,0,0,0,0,0,0]"
006323,voc/VOCdevkit/VOC2007/JPEGImages/006323.jpg,"[0,0,0,0,0,0,0,0,0,0,0,0,0,0,0,0,0,0,0,1]"
006325,voc/VOCdevkit/VOC2007/JPEGImages/006325.jpg,"[0,0,0,0,0,0,1,0,0,0,0,0,0,0,0,0,0,0,0,0]"
006330,voc/VOCdevkit/VOC2007/JPEGImages/006330.jpg,"[0,0,0,0,0,1,1,0,0,0,0,0,0,0,0,0,0,0,0,0]"
006338,voc/VOCdevkit/VOC2007/JPEGImages/006338.jpg,"[0,0,0,0,0,0,0,0,0,0,0,0,0,0,0,0,0,0,1,0]"
006341,voc/VOCdevkit/VOC2007/JPEGImages/006341.jpg,"[0,0,0,0,0,0,0,0,0,0,0,0,0,0,1,0,0,0,0,0]"
006344,voc/VOCdevkit/VOC2007/JPEGImages/006344.jpg,"[0,0,0,0,0,0,0,0,0,0,0,0,0,0,1,0,0,0,1,0]"
006346,voc/VOCdevkit/VOC2007/JPEGImages/006346.jpg,"[0,0,0,0,0,1,1,0,0,0,0,0,0,0,1,0,0,0,0,0]"
006348,voc/VOCdevkit/VOC2007/JPEGImages/006348.jpg,"[0,0,0,0,0,0,0,0,1,0,0,0,0,0,0,0,0,0,0,1]"
006349,voc/VOCdevkit/VOC2007/JPEGImages/006349.jpg,"[1,0,0,0,0,0,0,0,0,0,0,0,0,0,0,0,0,0,0,0]"
006351,voc/VOCdevkit/VOC2007/JPEGImages/006351.jpg,"[0,0,0,0,0,0,0,0,0,0,0,0,0,0,1,1,0,0,0,0]"
006353,voc/VOCdevkit/VOC2007/JPEGImages/006353.jpg,"[0,0,0,0,0,0,0,1,0,0,0,0,0,0,0,0,0,0,0,0]"
006355,voc/VOCdevkit/VOC2007/JPEGImages/006355.jpg,"[0,0,0,0,0,0,0,0,0,0,0,1,0,0,1,0,0,0,0,0]"
006357,voc/VOCdevkit/VOC2007/JPEGImages/006357.jpg,"[0,0,0,1,0,0,0,0,0,0,0,0,0,0,0,0,0,0,0,0]"
006362,voc/VOCdevkit/VOC2007/JPEGImages/006362.jpg,"[0,0,0,0,0,0,1,0,0,0,0,0,0,0,0,0,0,0,0,0]"
006363,voc/VOCdevkit/VOC2007/JPEGImages/006363.jpg,"[0,0,0,0,1,0,0,0,0,0,0,0,0,0,0,0,0,0,0,0]"
006366,voc/VOCdevkit/VOC2007/JPEGImages/006366.jpg,"[0,0,0,0,0,0,0,0,0,0,0,1,0,0,0,0,0,0,0,0]"
006367,voc/VOCdevkit/VOC2007/JPEGImages/006367.jpg,"[0,0,1,0,0,0,0,0,0,0,0,0,0,0,0,0,0,0,0,0]"
006371,voc/VOCdevkit/VOC2007/JPEGImages/006371.jpg,"[0,1,0,0,0,0,0,0,0,0,0,0,0,0,0,0,0,0,0,0]"
006374,voc/VOCdevkit/VOC2007/JPEGImages/006374.jpg,"[1,0,0,0,0,0,0,0,0,0,0,0,0,0,0,0,0,0,0,0]"
006375,voc/VOCdevkit/VOC2007/JPEGImages/006375.jpg,"[0,0,0,0,0,0,1,0,0,0,0,0,0,0,0,0,0,0,0,0]"
006381,voc/VOCdevkit/VOC2007/JPEGImages/006381.jpg,"[0,0,0,0,1,0,0,0,1,0,1,0,0,0,1,0,0,0,0,0]"
006385,voc/VOCdevkit/VOC2007/JPEGImages/006385.jpg,"[0,0,0,0,0,0,0,0,0,0,0,1,0,0,0,0,0,0,0,0]"
006387,voc/VOCdevkit/VOC2007/JPEGImages/006387.jpg,"[0,1,0,0,0,0,0,0,0,0,0,0,0,0,1,0,0,0,0,0]"
006391,voc/VOCdevkit/VOC2007/JPEGImages/006391.jpg,"[0,0,0,0,0,0,0,0,1,0,0,0,0,0,1,0,0,0,0,0]"
006392,voc/VOCdevkit/VOC2007/JPEGImages/006392.jpg,"[0,0,0,0,0,0,0,0,0,0,0,0,1,0,1,0,0,0,0,0]"
006395,voc/VOCdevkit/VOC2007/JPEGImages/006395.jpg,"[0,0,0,0,0,0,0,0,1,0,0,0,0,0,1,0,0,0,0,1]"
006396,voc/VOCdevkit/VOC2007/JPEGImages/006396.jpg,"[0,0,0,0,0,0,1,0,0,0,0,0,0,0,0,0,0,0,0,0]"
006398,voc/VOCdevkit/VOC2007/JPEGImages/006398.jpg,"[0,0,0,0,1,0,0,0,0,0,1,0,0,0,1,0,0,0,0,0]"
006400,voc/VOCdevkit/VOC2007/JPEGImages/006400.jpg,"[0,0,0,0,0,0,0,0,0,0,0,0,0,0,0,0,0,0,1,0]"
006409,voc/VOCdevkit/VOC2007/JPEGImages/006409.jpg,"[0,0,0,0,1,0,0,0,0,0,1,0,0,0,1,0,0,0,0,0]"
006411,voc/VOCdevkit/VOC2007/JPEGImages/006411.jpg,"[0,0,0,0,0,0,0,0,0,0,0,0,0,0,0,0,0,1,0,1]"
006417,voc/VOCdevkit/VOC2007/JPEGImages/006417.jpg,"[0,0,0,0,0,0,1,0,0,0,0,0,0,0,0,0,0,0,0,0]"
006418,voc/VOCdevkit/VOC2007/JPEGImages/006418.jpg,"[0,1,0,0,0,0,0,0,0,0,0,0,0,0,0,0,0,0,0,0]"
006419,voc/VOCdevkit/VOC2007/JPEGImages/006419.jpg,"[0,0,0,0,0,0,0,0,1,0,0,0,0,0,0,0,0,0,0,0]"
006421,voc/VOCdevkit/VOC2007/JPEGImages/006421.jpg,"[0,0,0,0,0,0,1,0,0,0,0,0,0,0,0,0,0,0,0,0]"
006425,voc/VOCdevkit/VOC2007/JPEGImages/006425.jpg,"[0,0,0,0,0,0,0,1,0,0,0,0,0,0,0,0,0,0,0,0]"
006427,voc/VOCdevkit/VOC2007/JPEGImages/006427.jpg,"[0,0,0,0,0,0,0,0,0,0,0,0,0,0,1,0,0,0,0,0]"
006429,voc/VOCdevkit/VOC2007/JPEGImages/006429.jpg,"[0,0,0,0,0,0,0,0,0,0,0,0,1,0,0,0,0,0,0,0]"
006430,voc/VOCdevkit/VOC2007/JPEGImages/006430.jpg,"[0,0,1,0,0,0,0,0,0,0,0,0,0,0,0,0,0,0,0,0]"
006433,voc/VOCdevkit/VOC2007/JPEGImages/006433.jpg,"[1,0,0,0,0,0,0,0,0,0,0,0,0,0,1,0,0,0,0,0]"
006434,voc/VOCdevkit/VOC2007/JPEGImages/006434.jpg,"[0,0,0,0,0,0,0,0,0,0,0,1,0,0,0,0,0,0,0,0]"
006436,voc/VOCdevkit/VOC2007/JPEGImages/006436.jpg,"[0,0,0,1,0,0,0,0,0,0,0,0,0,0,0,0,0,0,0,0]"
006438,voc/VOCdevkit/VOC2007/JPEGImages/006438.jpg,"[0,0,0,0,0,0,1,0,0,0,0,0,0,0,0,0,0,0,0,0]"
006440,voc/VOCdevkit/VOC2007/JPEGImages/006440.jpg,"[0,0,0,0,0,0,0,0,0,0,0,0,0,1,1,0,0,0,0,0]"
006442,voc/VOCdevkit/VOC2007/JPEGImages/006442.jpg,"[0,0,0,0,0,0,0,0,0,0,0,0,0,0,1,0,0,0,0,0]"
006443,voc/VOCdevkit/VOC2007/JPEGImages/006443.jpg,"[1,0,0,0,0,0,0,0,0,0,0,0,0,0,0,0,0,0,0,0]"
006445,voc/VOCdevkit/VOC2007/JPEGImages/006445.jpg,"[0,0,0,0,0,0,0,0,0,0,0,0,1,0,1,0,0,0,0,0]"
006447,voc/VOCdevkit/VOC2007/JPEGImages/006447.jpg,"[0,0,0,0,0,0,0,0,1,0,1,0,0,0,0,1,0,0,0,0]"
006448,voc/VOCdevkit/VOC2007/JPEGImages/006448.jpg,"[0,0,0,0,1,0,0,0,0,0,0,0,0,0,0,0,0,0,0,0]"
006449,voc/VOCdevkit/VOC2007/JPEGImages/006449.jpg,"[0,1,0,0,0,0,0,0,0,0,0,0,0,0,0,0,0,0,0,0]"
006450,voc/VOCdevkit/VOC2007/JPEGImages/006450.jpg,"[0,0,0,0,0,0,0,0,0,0,0,0,0,0,1,0,0,0,0,1]"
006455,voc/VOCdevkit/VOC2007/JPEGImages/006455.jpg,"[0,0,0,0,0,0,0,0,0,0,0,0,1,0,1,0,0,0,0,0]"
006458,voc/VOCdevkit/VOC2007/JPEGImages/006458.jpg,"[0,0,0,0,0,0,1,0,0,0,0,0,0,0,0,0,0,0,0,0]"
006459,voc/VOCdevkit/VOC2007/JPEGImages/006459.jpg,"[0,0,0,0,0,0,1,0,0,0,0,0,1,0,1,0,0,0,0,0]"
006462,voc/VOCdevkit/VOC2007/JPEGImages/006462.jpg,"[0,0,0,0,0,0,0,1,0,0,0,0,0,0,0,0,0,0,0,0]"
006463,voc/VOCdevkit/VOC2007/JPEGImages/006463.jpg,"[0,0,0,0,0,0,0,0,0,0,0,0,0,0,1,0,0,0,0,0]"
006465,voc/VOCdevkit/VOC2007/JPEGImages/006465.jpg,"[0,0,0,0,0,0,0,0,0,0,0,0,0,0,1,0,0,0,0,0]"
006466,voc/VOCdevkit/VOC2007/JPEGImages/006466.jpg,"[0,0,0,0,0,0,0,0,0,0,0,0,0,0,0,0,0,0,1,0]"
006472,voc/VOCdevkit/VOC2007/JPEGImages/006472.jpg,"[0,0,0,0,0,0,0,0,0,0,0,0,0,0,0,0,0,0,0,1]"
006473,voc/VOCdevkit/VOC2007/JPEGImages/006473.jpg,"[0,0,0,0,0,0,0,1,0,0,0,0,0,0,0,0,0,1,0,1]"
006474,voc/VOCdevkit/VOC2007/JPEGImages/006474.jpg,"[0,0,0,0,0,0,0,0,0,0,0,1,0,0,0,0,0,0,0,0]"
006475,voc/VOCdevkit/VOC2007/JPEGImages/006475.jpg,"[0,0,1,0,0,0,0,0,0,0,0,0,0,0,1,0,0,0,0,0]"
006476,voc/VOCdevkit/VOC2007/JPEGImages/006476.jpg,"[0,0,0,0,0,0,0,0,0,0,0,0,0,1,1,0,0,0,0,0]"
006480,voc/VOCdevkit/VOC2007/JPEGImages/006480.jpg,"[1,0,0,0,0,0,0,0,0,0,0,0,0,0,0,0,0,0,0,0]"
006482,voc/VOCdevkit/VOC2007/JPEGImages/006482.jpg,"[0,0,0,0,0,0,0,0,0,0,0,0,0,0,1,0,0,0,0,0]"
006483,voc/VOCdevkit/VOC2007/JPEGImages/006483.jpg,"[0,0,0,0,1,0,0,0,0,0,0,0,0,0,1,0,0,0,0,0]"
006484,voc/VOCdevkit/VOC2007/JPEGImages/006484.jpg,"[0,0,0,0,0,0,1,0,0,0,0,0,0,0,0,0,0,0,0,0]"
006486,voc/VOCdevkit/VOC2007/JPEGImages/006486.jpg,"[0,0,0,0,1,0,0,0,0,0,0,0,0,0,1,0,0,0,0,0]"
006488,voc/VOCdevkit/VOC2007/JPEGImages/006488.jpg,"[0,0,0,0,0,0,0,0,0,0,0,1,0,0,1,0,0,0,0,0]"
006492,voc/VOCdevkit/VOC2007/JPEGImages/006492.jpg,"[0,0,0,0,0,0,0,0,0,0,0,0,0,0,1,0,0,1,0,0]"
006495,voc/VOCdevkit/VOC2007/JPEGImages/006495.jpg,"[0,0,0,0,0,0,0,1,0,0,0,0,0,0,0,0,0,0,0,0]"
006499,voc/VOCdevkit/VOC2007/JPEGImages/006499.jpg,"[0,0,0,0,0,0,0,0,0,0,0,0,0,0,0,0,0,0,1,0]"
006501,voc/VOCdevkit/VOC2007/JPEGImages/006501.jpg,"[0,0,0,0,0,1,0,0,0,0,0,0,0,0,0,0,0,0,0,0]"
006503,voc/VOCdevkit/VOC2007/JPEGImages/006503.jpg,"[0,0,0,0,1,0,0,0,0,0,1,0,0,0,1,0,0,0,0,0]"
006507,voc/VOCdevkit/VOC2007/JPEGImages/006507.jpg,"[0,0,0,0,0,0,0,0,0,0,0,1,0,0,0,0,0,0,0,0]"
006509,voc/VOCdevkit/VOC2007/JPEGImages/006509.jpg,"[0,0,0,0,0,0,0,0,1,0,0,0,0,0,0,0,0,1,0,0]"
006512,voc/VOCdevkit/VOC2007/JPEGImages/006512.jpg,"[0,0,0,0,0,0,0,1,0,0,0,0,0,0,0,0,0,0,0,0]"
006515,voc/VOCdevkit/VOC2007/JPEGImages/006515.jpg,"[0,1,0,0,0,0,0,0,0,0,0,0,0,0,0,0,0,0,0,0]"
006519,voc/VOCdevkit/VOC2007/JPEGImages/006519.jpg,"[0,0,0,0,1,0,0,0,0,0,1,0,0,0,1,0,0,0,0,0]"
006520,voc/VOCdevkit/VOC2007/JPEGImages/006520.jpg,"[0,0,1,0,0,0,0,0,0,0,0,0,0,0,0,0,0,0,0,0]"
006524,voc/VOCdevkit/VOC2007/JPEGImages/006524.jpg,"[0,0,0,0,0,0,1,0,0,0,0,0,0,0,0,0,0,0,0,0]"
006530,voc/VOCdevkit/VOC2007/JPEGImages/006530.jpg,"[0,0,0,0,0,0,0,0,1,0,0,0,0,0,0,0,0,1,0,0]"
006532,voc/VOCdevkit/VOC2007/JPEGImages/006532.jpg,"[0,0,0,0,0,0,0,0,0,0,0,0,0,1,1,0,0,0,0,0]"
006534,voc/VOCdevkit/VOC2007/JPEGImages/006534.jpg,"[0,0,0,0,0,0,0,0,0,0,0,0,0,0,0,0,1,0,0,0]"
006536,voc/VOCdevkit/VOC2007/JPEGImages/006536.jpg,"[0,0,0,0,0,0,0,0,0,0,0,0,0,0,1,0,0,0,0,0]"
006542,voc/VOCdevkit/VOC2007/JPEGImages/006542.jpg,"[0,0,0,1,0,0,0,0,0,0,0,0,0,0,1,0,0,0,0,0]"
006548,voc/VOCdevkit/VOC2007/JPEGImages/006548.jpg,"[0,0,1,0,0,0,0,0,0,0,0,0,0,0,0,0,0,0,0,0]"
006550,voc/VOCdevkit/VOC2007/JPEGImages/006550.jpg,"[0,1,0,0,0,0,0,0,0,0,0,0,0,1,1,0,0,0,0,0]"
006551,voc/VOCdevkit/VOC2007/JPEGImages/006551.jpg,"[0,1,0,0,0,0,0,0,0,0,0,0,0,0,1,0,0,0,0,0]"
006556,voc/VOCdevkit/VOC2007/JPEGImages/006556.jpg,"[0,0,0,0,0,0,0,0,0,0,0,1,0,0,0,0,0,0,0,0]"
006560,voc/VOCdevkit/VOC2007/JPEGImages/006560.jpg,"[0,0,0,0,0,0,0,0,0,0,0,0,0,0,1,0,0,0,0,0]"
006562,voc/VOCdevkit/VOC2007/JPEGImages/006562.jpg,"[0,0,0,0,0,0,0,0,0,1,0,0,0,0,0,0,0,0,0,0]"
006564,voc/VOCdevkit/VOC2007/JPEGImages/006564.jpg,"[1,0,0,0,0,0,0,0,0,0,0,0,0,0,0,0,0,0,0,0]"
006569,voc/VOCdevkit/VOC2007/JPEGImages/006569.jpg,"[0,0,0,0,0,1,0,0,0,0,0,0,0,0,0,0,0,0,0,0]"
006570,voc/VOCdevkit/VOC2007/JPEGImages/006570.jpg,"[0,0,0,0,0,0,0,0,0,0,0,1,0,0,0,0,0,0,0,0]"
006572,voc/VOCdevkit/VOC2007/JPEGImages/006572.jpg,"[0,0,0,0,0,0,0,0,0,0,0,0,1,0,1,0,0,0,0,0]"
006575,voc/VOCdevkit/VOC2007/JPEGImages/006575.jpg,"[0,0,0,0,0,0,0,0,0,0,0,0,0,0,0,1,0,0,0,0]"
006576,voc/VOCdevkit/VOC2007/JPEGImages/006576.jpg,"[0,0,0,0,1,0,0,0,0,0,1,0,0,0,1,0,0,0,0,0]"
006578,voc/VOCdevkit/VOC2007/JPEGImages/006578.jpg,"[0,0,0,0,0,0,0,0,0,0,0,0,0,0,1,0,0,1,0,0]"
006583,voc/VOCdevkit/VOC2007/JPEGImages/006583.jpg,"[0,0,0,0,0,0,0,0,0,0,0,0,0,0,1,0,0,0,0,1]"
006584,voc/VOCdevkit/VOC2007/JPEGImages/006584.jpg,"[0,0,0,0,0,0,0,0,0,0,0,0,0,0,1,0,0,0,0,0]"
006585,voc/VOCdevkit/VOC2007/JPEGImages/006585.jpg,"[0,0,0,0,0,0,0,0,0,0,0,0,0,1,1,0,0,0,0,0]"
006593,voc/VOCdevkit/VOC2007/JPEGImages/006593.jpg,"[0,0,0,0,0,0,1,0,0,0,0,0,0,0,0,0,0,0,0,0]"
006595,voc/VOCdevkit/VOC2007/JPEGImages/006595.jpg,"[0,0,0,0,0,0,0,1,0,0,0,0,0,0,0,0,0,0,0,0]"
006597,voc/VOCdevkit/VOC2007/JPEGImages/006597.jpg,"[0,0,0,0,0,0,0,0,0,0,0,1,0,0,0,0,0,0,0,0]"
006599,voc/VOCdevkit/VOC2007/JPEGImages/006599.jpg,"[0,0,0,0,0,0,0,0,1,0,0,0,0,0,1,0,0,0,0,0]"
006602,voc/VOCdevkit/VOC2007/JPEGImages/006602.jpg,"[0,0,0,0,0,0,0,0,0,0,0,1,0,0,1,0,0,0,0,0]"
006603,voc/VOCdevkit/VOC2007/JPEGImages/006603.jpg,"[0,1,0,0,0,0,0,0,0,0,0,0,0,0,0,0,0,0,0,0]"
006605,voc/VOCdevkit/VOC2007/JPEGImages/006605.jpg,"[0,0,0,0,0,0,0,0,1,0,0,0,0,0,0,1,0,0,0,0]"
006606,voc/VOCdevkit/VOC2007/JPEGImages/006606.jpg,"[0,0,0,0,0,0,0,0,0,0,0,1,0,0,0,0,0,0,0,0]"
006609,voc/VOCdevkit/VOC2007/JPEGImages/006609.jpg,"[0,0,0,0,0,0,0,0,0,0,0,1,0,0,1,0,0,0,0,0]"
006610,voc/VOCdevkit/VOC2007/JPEGImages/006610.jpg,"[0,0,0,0,1,0,0,0,0,0,1,0,0,0,1,0,0,0,0,0]"
006611,voc/VOCdevkit/VOC2007/JPEGImages/006611.jpg,"[0,0,0,0,0,0,0,0,0,0,0,0,1,0,1,0,0,0,0,0]"
006612,voc/VOCdevkit/VOC2007/JPEGImages/006612.jpg,"[0,0,0,0,0,0,0,0,0,1,0,0,0,0,1,0,0,0,0,0]"
006617,voc/VOCdevkit/VOC2007/JPEGImages/006617.jpg,"[0,0,0,0,0,0,0,0,0,0,0,0,1,0,1,0,0,0,0,0]"
006618,voc/VOCdevkit/VOC2007/JPEGImages/006618.jpg,"[0,0,0,0,0,0,0,0,0,0,0,0,0,1,1,0,0,0,0,0]"
006621,voc/VOCdevkit/VOC2007/JPEGImages/006621.jpg,"[0,0,0,0,0,0,0,0,0,0,0,0,0,0,1,0,0,1,0,0]"
006622,voc/VOCdevkit/VOC2007/JPEGImages/006622.jpg,"[0,0,0,0,0,0,0,0,0,0,0,0,0,0,0,0,0,1,0,1]"
006626,voc/VOCdevkit/VOC2007/JPEGImages/006626.jpg,"[0,0,0,0,1,0,0,0,0,0,1,0,0,0,1,0,0,0,0,0]"
006627,voc/VOCdevkit/VOC2007/JPEGImages/006627.jpg,"[0,0,0,0,0,0,0,0,1,0,1,0,0,0,0,1,0,0,0,0]"
006631,voc/VOCdevkit/VOC2007/JPEGImages/006631.jpg,"[0,0,0,0,0,0,0,0,0,0,0,0,0,0,1,0,0,0,0,0]"
006632,voc/VOCdevkit/VOC2007/JPEGImages/006632.jpg,"[0,1,0,0,0,0,1,0,0,0,0,0,0,0,0,0,0,0,0,0]"
006635,voc/VOCdevkit/VOC2007/JPEGImages/006635.jpg,"[0,0,0,0,0,0,0,0,0,0,0,0,0,0,0,0,0,0,1,0]"
006637,voc/VOCdevkit/VOC2007/JPEGImages/006637.jpg,"[0,1,0,0,0,0,0,0,0,0,0,0,0,0,1,0,0,0,0,0]"
006638,voc/VOCdevkit/VOC2007/JPEGImages/006638.jpg,"[0,0,0,0,0,0,0,0,0,0,0,0,0,0,0,0,0,1,0,0]"
006645,voc/VOCdevkit/VOC2007/JPEGImages/006645.jpg,"[0,0,0,0,0,0,0,0,0,0,0,0,1,0,1,0,0,0,0,0]"
006647,voc/VOCdevkit/VOC2007/JPEGImages/006647.jpg,"[0,0,0,0,0,0,0,0,0,0,0,0,0,1,1,0,0,0,0,0]"
006648,voc/VOCdevkit/VOC2007/JPEGImages/006648.jpg,"[0,0,0,0,1,0,0,0,0,0,0,0,0,0,1,0,0,0,0,0]"
006652,voc/VOCdevkit/VOC2007/JPEGImages/006652.jpg,"[0,0,0,0,0,0,0,0,0,0,0,0,0,0,0,0,0,0,1,0]"
006654,voc/VOCdevkit/VOC2007/JPEGImages/006654.jpg,"[0,0,0,0,0,0,1,0,0,0,0,0,0,0,0,0,0,0,0,0]"
006658,voc/VOCdevkit/VOC2007/JPEGImages/006658.jpg,"[0,0,0,0,0,0,0,0,1,0,1,0,0,0,1,0,0,0,0,0]"
006660,voc/VOCdevkit/VOC2007/JPEGImages/006660.jpg,"[0,0,0,1,0,0,1,0,0,0,0,0,0,0,0,0,0,0,0,0]"
006661,voc/VOCdevkit/VOC2007/JPEGImages/006661.jpg,"[0,1,0,0,0,0,0,0,0,0,0,0,0,0,1,0,0,0,0,0]"
006664,voc/VOCdevkit/VOC2007/JPEGImages/006664.jpg,"[0,1,0,0,0,0,0,0,0,0,0,0,0,0,1,0,0,0,0,0]"
006666,voc/VOCdevkit/VOC2007/JPEGImages/006666.jpg,"[0,0,0,0,0,0,0,0,0,0,0,0,0,0,1,0,0,0,0,0]"
006667,voc/VOCdevkit/VOC2007/JPEGImages/006667.jpg,"[0,0,0,0,0,0,0,0,0,0,0,0,0,0,1,0,0,0,0,0]"
006668,voc/VOCdevkit/VOC2007/JPEGImages/006668.jpg,"[0,0,0,0,0,0,1,0,0,0,0,0,0,0,1,0,0,0,0,0]"
006670,voc/VOCdevkit/VOC2007/JPEGImages/006670.jpg,"[0,0,0,0,0,0,0,0,0,0,0,0,0,0,1,0,0,0,1,0]"
006671,voc/VOCdevkit/VOC2007/JPEGImages/006671.jpg,"[0,0,1,0,0,0,0,0,0,0,0,0,0,0,0,0,0,0,0,0]"
006673,voc/VOCdevkit/VOC2007/JPEGImages/006673.jpg,"[0,0,0,1,0,0,0,0,0,0,0,0,0,0,0,0,0,0,0,0]"
006674,voc/VOCdevkit/VOC2007/JPEGImages/006674.jpg,"[0,0,0,0,0,0,0,1,0,0,0,0,0,0,0,0,0,0,0,0]"
006677,voc/VOCdevkit/VOC2007/JPEGImages/006677.jpg,"[0,0,0,0,0,0,0,0,1,0,0,0,0,0,1,0,0,1,0,0]"
006678,voc/VOCdevkit/VOC2007/JPEGImages/006678.jpg,"[0,0,0,0,0,0,0,0,0,0,0,0,0,0,0,0,1,0,0,0]"
006679,voc/VOCdevkit/VOC2007/JPEGImages/006679.jpg,"[0,0,0,0,0,0,0,0,0,0,0,0,0,0,0,0,1,0,0,0]"
006681,voc/VOCdevkit/VOC2007/JPEGImages/006681.jpg,"[0,0,0,0,0,0,0,0,0,0,0,0,0,0,0,1,0,0,0,0]"
006682,voc/VOCdevkit/VOC2007/JPEGImages/006682.jpg,"[0,0,0,0,0,0,0,0,0,0,0,0,0,0,1,0,0,0,0,0]"
006684,voc/VOCdevkit/VOC2007/JPEGImages/006684.jpg,"[0,0,0,0,0,0,0,0,0,0,0,0,0,0,0,0,0,0,0,1]"
006689,voc/VOCdevkit/VOC2007/JPEGImages/006689.jpg,"[0,0,0,0,0,0,0,0,1,0,1,0,0,0,0,0,0,0,0,0]"
006690,voc/VOCdevkit/VOC2007/JPEGImages/006690.jpg,"[0,0,0,0,0,0,0,0,1,0,0,0,0,0,1,0,0,0,0,0]"
006694,voc/VOCdevkit/VOC2007/JPEGImages/006694.jpg,"[0,0,0,0,0,0,0,0,0,0,0,0,0,0,0,0,0,0,1,0]"
006695,voc/VOCdevkit/VOC2007/JPEGImages/006695.jpg,"[0,0,0,0,0,0,0,0,0,0,0,0,0,0,1,0,0,0,0,0]"
006696,voc/VOCdevkit/VOC2007/JPEGImages/006696.jpg,"[0,0,0,0,0,0,0,0,1,0,1,0,0,0,1,0,0,0,0,0]"
006697,voc/VOCdevkit/VOC2007/JPEGImages/006697.jpg,"[0,0,0,0,0,0,0,0,0,0,0,0,0,0,1,0,0,0,0,0]"
006698,voc/VOCdevkit/VOC2007/JPEGImages/006698.jpg,"[0,0,0,0,0,0,0,0,0,0,0,0,0,0,1,0,0,0,0,0]"
006699,voc/VOCdevkit/VOC2007/JPEGImages/006699.jpg,"[0,0,0,0,0,0,0,0,0,0,1,0,0,0,1,0,0,0,0,0]"
006702,voc/VOCdevkit/VOC2007/JPEGImages/006702.jpg,"[1,0,0,0,0,0,0,0,0,0,0,0,0,0,0,0,0,0,0,0]"
006704,voc/VOCdevkit/VOC2007/JPEGImages/006704.jpg,"[0,0,0,0,0,0,0,0,0,0,0,0,0,0,0,0,0,0,0,1]"
006707,voc/VOCdevkit/VOC2007/JPEGImages/006707.jpg,"[0,0,0,0,0,0,0,0,1,0,0,0,0,0,1,0,0,1,0,0]"
006708,voc/VOCdevkit/VOC2007/JPEGImages/006708.jpg,"[0,0,0,0,0,0,0,0,0,1,0,0,0,0,0,0,0,0,0,0]"
006709,voc/VOCdevkit/VOC2007/JPEGImages/006709.jpg,"[0,0,0,0,0,0,0,0,0,0,0,0,0,0,1,0,0,0,0,0]"
006714,voc/VOCdevkit/VOC2007/JPEGImages/006714.jpg,"[0,0,0,0,0,0,0,0,0,0,0,0,0,0,1,0,0,0,0,0]"
006718,voc/VOCdevkit/VOC2007/JPEGImages/006718.jpg,"[0,1,0,0,0,0,0,0,0,0,0,0,0,0,1,0,0,0,0,0]"
006722,voc/VOCdevkit/VOC2007/JPEGImages/006722.jpg,"[0,0,0,0,0,0,0,0,0,0,0,0,1,0,1,0,0,0,0,0]"
006725,voc/VOCdevkit/VOC2007/JPEGImages/006725.jpg,"[0,0,0,0,0,0,0,1,0,0,0,0,0,0,0,0,0,0,0,0]"
006726,voc/VOCdevkit/VOC2007/JPEGImages/006726.jpg,"[0,0,0,0,0,0,0,0,0,0,0,0,0,0,0,1,0,0,0,0]"
006731,voc/VOCdevkit/VOC2007/JPEGImages/006731.jpg,"[0,0,0,0,1,0,0,0,0,0,1,0,0,0,1,0,0,0,0,0]"
006734,voc/VOCdevkit/VOC2007/JPEGImages/006734.jpg,"[0,0,0,0,0,0,1,0,0,0,0,0,0,0,0,0,0,0,0,0]"
006735,voc/VOCdevkit/VOC2007/JPEGImages/006735.jpg,"[0,0,0,0,0,0,0,0,0,0,0,1,0,0,1,0,0,0,0,0]"
006738,voc/VOCdevkit/VOC2007/JPEGImages/006738.jpg,"[0,1,0,0,0,0,0,0,0,0,0,0,0,0,1,0,0,0,0,0]"
006739,voc/VOCdevkit/VOC2007/JPEGImages/006739.jpg,"[0,0,1,0,0,0,0,0,0,0,0,0,0,0,1,0,0,0,0,0]"
006740,voc/VOCdevkit/VOC2007/JPEGImages/006740.jpg,"[0,0,0,0,0,0,0,1,0,0,0,0,0,0,0,0,0,0,0,0]"
006748,voc/VOCdevkit/VOC2007/JPEGImages/006748.jpg,"[0,0,0,0,0,0,1,0,0,0,0,0,0,0,1,0,0,0,0,0]"
006751,voc/VOCdevkit/VOC2007/JPEGImages/006751.jpg,"[0,0,1,0,0,0,0,0,0,0,0,0,0,0,0,0,0,0,0,0]"
006753,voc/VOCdevkit/VOC2007/JPEGImages/006753.jpg,"[0,0,0,0,0,0,0,0,0,0,0,0,0,0,1,0,0,0,0,0]"
006755,voc/VOCdevkit/VOC2007/JPEGImages/006755.jpg,"[0,0,0,0,0,0,0,0,1,0,0,0,0,0,0,1,0,0,0,1]"
006759,voc/VOCdevkit/VOC2007/JPEGImages/006759.jpg,"[0,0,0,0,0,1,0,0,0,0,0,0,0,0,0,0,0,0,0,0]"
006760,voc/VOCdevkit/VOC2007/JPEGImages/006760.jpg,"[0,0,0,0,0,0,0,1,0,0,0,0,0,0,0,0,0,0,0,1]"
006761,voc/VOCdevkit/VOC2007/JPEGImages/006761.jpg,"[0,0,0,0,0,0,0,0,0,1,0,0,0,0,0,0,0,0,0,0]"
006765,voc/VOCdevkit/VOC2007/JPEGImages/006765.jpg,"[0,0,0,0,0,0,0,0,1,0,0,0,0,0,0,1,0,0,0,0]"
006769,voc/VOCdevkit/VOC2007/JPEGImages/006769.jpg,"[0,0,0,0,0,0,0,0,0,0,0,1,1,0,0,0,0,0,0,0]"
006772,voc/VOCdevkit/VOC2007/JPEGImages/006772.jpg,"[0,0,0,0,0,0,0,0,0,0,0,0,0,0,1,0,0,0,0,0]"
006777,voc/VOCdevkit/VOC2007/JPEGImages/006777.jpg,"[0,0,0,0,0,0,0,0,0,0,0,0,0,0,1,1,0,0,0,0]"
006781,voc/VOCdevkit/VOC2007/JPEGImages/006781.jpg,"[0,0,0,0,0,0,0,1,0,0,0,0,0,0,0,0,0,0,0,0]"
006782,voc/VOCdevkit/VOC2007/JPEGImages/006782.jpg,"[0,0,0,0,0,0,0,0,0,0,0,0,0,0,1,0,0,0,0,0]"
006783,voc/VOCdevkit/VOC2007/JPEGImages/006783.jpg,"[0,0,0,0,0,0,1,0,0,0,0,0,0,0,1,0,0,0,0,0]"
006784,voc/VOCdevkit/VOC2007/JPEGImages/006784.jpg,"[0,0,0,0,0,0,0,0,0,0,0,0,0,0,1,0,0,0,0,0]"
006786,voc/VOCdevkit/VOC2007/JPEGImages/006786.jpg,"[0,0,0,0,0,0,0,0,0,0,0,0,0,0,1,0,0,0,0,0]"
006789,voc/VOCdevkit/VOC2007/JPEGImages/006789.jpg,"[0,0,0,0,0,0,0,0,0,0,0,0,1,0,1,0,0,0,0,0]"
006794,voc/VOCdevkit/VOC2007/JPEGImages/006794.jpg,"[1,0,0,0,0,0,0,0,0,0,0,0,0,0,0,0,0,0,0,0]"
006797,voc/VOCdevkit/VOC2007/JPEGImages/006797.jpg,"[0,0,0,0,0,0,0,0,0,0,0,0,1,0,1,0,0,0,0,0]"
006799,voc/VOCdevkit/VOC2007/JPEGImages/006799.jpg,"[0,0,1,0,0,0,0,0,0,0,0,0,0,0,0,0,0,0,0,0]"
006800,voc/VOCdevkit/VOC2007/JPEGImages/006800.jpg,"[0,0,1,0,0,0,0,0,0,0,0,0,0,0,1,0,0,0,0,0]"
006802,voc/VOCdevkit/VOC2007/JPEGImages/006802.jpg,"[0,0,0,0,0,0,0,0,0,0,0,0,0,0,1,0,0,0,1,0]"
006803,voc/VOCdevkit/VOC2007/JPEGImages/006803.jpg,"[0,0,0,0,0,0,0,0,0,0,0,0,0,0,1,0,0,0,1,0]"
006805,voc/VOCdevkit/VOC2007/JPEGImages/006805.jpg,"[0,0,0,0,0,0,0,0,0,0,0,1,0,0,0,0,0,0,0,0]"
006806,voc/VOCdevkit/VOC2007/JPEGImages/006806.jpg,"[0,0,0,0,0,0,0,0,0,0,0,0,0,0,0,1,0,0,0,0]"
006810,voc/VOCdevkit/VOC2007/JPEGImages/006810.jpg,"[0,0,0,0,0,0,0,0,0,0,0,0,0,0,1,0,0,0,0,0]"
006813,voc/VOCdevkit/VOC2007/JPEGImages/006813.jpg,"[0,0,0,0,0,0,0,1,0,0,0,0,0,0,0,0,0,0,0,0]"
006821,voc/VOCdevkit/VOC2007/JPEGImages/006821.jpg,"[0,0,0,0,0,1,1,0,0,0,0,0,0,0,1,0,0,0,0,0]"
006822,voc/VOCdevkit/VOC2007/JPEGImages/006822.jpg,"[0,0,0,0,0,0,1,0,0,0,0,0,0,1,0,0,0,0,0,0]"
006824,voc/VOCdevkit/VOC2007/JPEGImages/006824.jpg,"[0,0,0,0,0,0,0,0,1,0,0,0,0,0,1,0,0,0,0,0]"
006827,voc/VOCdevkit/VOC2007/JPEGImages/006827.jpg,"[0,0,0,0,0,0,0,0,0,0,0,0,0,0,0,0,0,1,0,0]"
006828,voc/VOCdevkit/VOC2007/JPEGImages/006828.jpg,"[0,0,0,0,1,0,0,0,0,0,0,0,0,0,0,0,0,0,0,0]"
006829,voc/VOCdevkit/VOC2007/JPEGImages/006829.jpg,"[0,0,0,0,0,0,0,0,0,0,0,1,0,0,0,0,0,0,0,0]"
006833,voc/VOCdevkit/VOC2007/JPEGImages/006833.jpg,"[0,0,0,0,0,0,0,0,0,0,0,0,0,0,1,0,1,0,0,0]"
006835,voc/VOCdevkit/VOC2007/JPEGImages/006835.jpg,"[0,0,0,0,0,1,0,0,0,0,0,0,0,0,1,0,0,0,0,0]"
006836,voc/VOCdevkit/VOC2007/JPEGImages/006836.jpg,"[0,0,0,0,0,0,0,0,0,0,0,0,1,0,1,0,0,0,0,0]"
006839,voc/VOCdevkit/VOC2007/JPEGImages/006839.jpg,"[0,0,0,0,0,0,0,0,0,0,0,0,0,1,0,0,0,0,0,0]"
006840,voc/VOCdevkit/VOC2007/JPEGImages/006840.jpg,"[0,0,0,0,0,0,0,0,0,0,0,0,0,0,1,0,0,0,0,0]"
006841,voc/VOCdevkit/VOC2007/JPEGImages/006841.jpg,"[0,0,0,0,0,0,0,0,0,1,0,0,0,0,1,0,0,0,0,0]"
006842,voc/VOCdevkit/VOC2007/JPEGImages/006842.jpg,"[0,0,0,0,0,0,0,0,0,0,0,0,0,0,0,0,0,0,0,1]"
006844,voc/VOCdevkit/VOC2007/JPEGImages/006844.jpg,"[0,0,0,0,0,0,0,0,0,0,0,0,0,0,0,0,0,0,1,0]"
006845,voc/VOCdevkit/VOC2007/JPEGImages/006845.jpg,"[0,0,0,0,0,0,0,0,1,0,0,0,0,0,0,0,0,0,0,0]"
006847,voc/VOCdevkit/VOC2007/JPEGImages/006847.jpg,"[0,0,0,0,0,0,0,0,0,0,0,0,1,0,1,0,0,0,0,0]"
006848,voc/VOCdevkit/VOC2007/JPEGImages/006848.jpg,"[0,0,1,0,0,0,0,0,0,0,0,0,0,0,0,0,0,0,0,0]"
006849,voc/VOCdevkit/VOC2007/JPEGImages/006849.jpg,"[0,0,0,0,0,0,0,0,0,0,0,1,0,0,0,0,0,1,0,0]"
006850,voc/VOCdevkit/VOC2007/JPEGImages/006850.jpg,"[0,0,0,0,0,0,0,0,0,0,0,0,1,0,1,0,0,0,0,0]"
006852,voc/VOCdevkit/VOC2007/JPEGImages/006852.jpg,"[0,0,0,0,0,0,0,0,1,0,0,0,0,0,0,0,0,1,0,0]"
006855,voc/VOCdevkit/VOC2007/JPEGImages/006855.jpg,"[0,1,0,0,0,0,0,0,0,0,0,0,0,0,1,0,0,0,0,0]"
006858,voc/VOCdevkit/VOC2007/JPEGImages/006858.jpg,"[0,0,0,0,1,0,1,0,0,0,0,0,1,0,1,0,0,0,0,0]"
006859,voc/VOCdevkit/VOC2007/JPEGImages/006859.jpg,"[0,0,0,0,0,0,0,0,0,0,0,0,0,0,0,1,0,0,0,0]"
006860,voc/VOCdevkit/VOC2007/JPEGImages/006860.jpg,"[1,0,0,0,0,0,0,0,0,0,0,0,0,0,0,0,0,0,0,0]"
006862,voc/VOCdevkit/VOC2007/JPEGImages/006862.jpg,"[0,0,0,0,0,0,0,0,0,0,0,0,1,0,1,0,0,0,0,0]"
006864,voc/VOCdevkit/VOC2007/JPEGImages/006864.jpg,"[0,0,0,0,0,0,0,0,0,0,0,0,0,0,1,0,0,0,0,0]"
006865,voc/VOCdevkit/VOC2007/JPEGImages/006865.jpg,"[0,0,1,0,0,0,0,0,0,0,0,0,0,0,0,0,0,0,0,0]"
006866,voc/VOCdevkit/VOC2007/JPEGImages/006866.jpg,"[0,0,0,0,0,0,0,0,0,0,0,0,1,0,1,0,0,0,0,0]"
006868,voc/VOCdevkit/VOC2007/JPEGImages/006868.jpg,"[0,0,0,0,0,0,1,0,0,0,0,0,0,0,1,0,0,0,0,0]"
006869,voc/VOCdevkit/VOC2007/JPEGImages/006869.jpg,"[0,0,0,0,0,0,0,1,0,0,0,0,0,0,0,0,0,0,0,0]"
006874,voc/VOCdevkit/VOC2007/JPEGImages/006874.jpg,"[0,0,0,1,0,0,0,0,0,0,0,0,0,1,1,0,0,0,0,0]"
006876,voc/VOCdevkit/VOC2007/JPEGImages/006876.jpg,"[0,0,0,0,0,0,0,1,1,0,0,0,0,0,1,0,0,0,0,0]"
006878,voc/VOCdevkit/VOC2007/JPEGImages/006878.jpg,"[0,0,0,0,0,0,0,0,0,0,0,0,0,0,0,0,0,1,0,0]"
006880,voc/VOCdevkit/VOC2007/JPEGImages/006880.jpg,"[0,1,0,0,0,0,0,0,0,0,0,0,0,0,1,0,0,0,0,0]"
006883,voc/VOCdevkit/VOC2007/JPEGImages/006883.jpg,"[0,0,0,0,0,0,0,1,0,0,0,0,0,0,0,0,0,0,0,0]"
006884,voc/VOCdevkit/VOC2007/JPEGImages/006884.jpg,"[0,0,0,0,0,0,1,0,0,0,0,0,0,0,0,0,0,0,0,0]"
006886,voc/VOCdevkit/VOC2007/JPEGImages/006886.jpg,"[0,0,0,0,0,0,0,0,1,0,0,0,0,0,0,0,0,1,0,0]"
006893,voc/VOCdevkit/VOC2007/JPEGImages/006893.jpg,"[0,0,0,0,0,0,1,0,0,0,0,0,0,0,0,0,0,0,0,0]"
006896,voc/VOCdevkit/VOC2007/JPEGImages/006896.jpg,"[0,0,0,0,0,0,0,0,0,0,0,0,0,0,1,0,0,0,0,0]"
006899,voc/VOCdevkit/VOC2007/JPEGImages/006899.jpg,"[0,0,0,0,0,0,0,0,0,0,0,0,0,0,0,0,1,0,0,0]"
006900,voc/VOCdevkit/VOC2007/JPEGImages/006900.jpg,"[0,0,0,0,0,0,1,0,0,0,0,0,0,0,0,0,0,0,0,0]"
006903,voc/VOCdevkit/VOC2007/JPEGImages/006903.jpg,"[0,0,0,0,0,0,0,0,0,0,0,1,0,0,1,0,0,0,0,0]"
006908,voc/VOCdevkit/VOC2007/JPEGImages/006908.jpg,"[0,0,0,0,1,0,0,0,0,0,0,0,0,0,1,0,0,0,0,0]"
006909,voc/VOCdevkit/VOC2007/JPEGImages/006909.jpg,"[1,0,0,0,0,0,0,0,0,0,0,0,0,0,0,0,0,0,0,0]"
006911,voc/VOCdevkit/VOC2007/JPEGImages/006911.jpg,"[0,0,0,0,0,0,0,0,0,0,0,0,1,0,1,0,0,0,0,0]"
006912,voc/VOCdevkit/VOC2007/JPEGImages/006912.jpg,"[0,0,0,0,1,0,0,0,1,0,1,0,0,0,1,0,0,0,0,0]"
006914,voc/VOCdevkit/VOC2007/JPEGImages/006914.jpg,"[0,0,1,0,0,0,0,0,0,0,0,0,0,0,0,0,0,0,0,0]"
006916,voc/VOCdevkit/VOC2007/JPEGImages/006916.jpg,"[0,0,0,0,0,0,0,0,0,0,0,1,0,0,0,0,0,0,0,0]"
006917,voc/VOCdevkit/VOC2007/JPEGImages/006917.jpg,"[0,0,0,0,1,0,0,0,0,0,0,0,0,0,0,0,0,0,0,0]"
006918,voc/VOCdevkit/VOC2007/JPEGImages/006918.jpg,"[0,0,0,0,0,0,1,0,0,0,0,0,0,0,0,0,0,0,0,0]"
006919,voc/VOCdevkit/VOC2007/JPEGImages/006919.jpg,"[0,0,0,0,1,0,0,0,0,0,0,0,0,0,1,0,0,1,0,0]"
006922,voc/VOCdevkit/VOC2007/JPEGImages/006922.jpg,"[1,0,0,0,0,0,0,0,0,0,0,0,0,0,0,0,0,0,0,0]"
006924,voc/VOCdevkit/VOC2007/JPEGImages/006924.jpg,"[0,0,0,0,0,0,0,0,0,0,0,0,0,0,1,0,0,0,0,0]"
006930,voc/VOCdevkit/VOC2007/JPEGImages/006930.jpg,"[0,0,0,0,0,0,0,0,0,0,0,0,0,0,0,0,0,1,0,0]"
006931,voc/VOCdevkit/VOC2007/JPEGImages/006931.jpg,"[0,0,0,0,0,0,1,0,0,0,0,0,0,0,0,0,0,0,0,0]"
006932,voc/VOCdevkit/VOC2007/JPEGImages/006932.jpg,"[0,0,0,0,0,0,0,0,0,0,0,0,0,0,1,0,0,0,0,0]"
006933,voc/VOCdevkit/VOC2007/JPEGImages/006933.jpg,"[0,0,0,0,0,0,0,0,0,0,0,0,1,0,0,0,0,0,0,0]"
006934,voc/VOCdevkit/VOC2007/JPEGImages/006934.jpg,"[0,0,0,0,0,0,0,0,0,0,1,0,0,0,1,0,0,0,0,0]"
006935,voc/VOCdevkit/VOC2007/JPEGImages/006935.jpg,"[0,0,0,0,0,0,0,0,0,1,0,0,0,0,0,0,0,0,0,0]"
006939,voc/VOCdevkit/VOC2007/JPEGImages/006939.jpg,"[0,0,0,0,1,0,0,0,0,0,0,0,0,0,1,0,0,0,0,0]"
006940,voc/VOCdevkit/VOC2007/JPEGImages/006940.jpg,"[0,0,0,0,0,0,0,0,0,0,0,1,0,0,0,0,0,0,0,0]"
006943,voc/VOCdevkit/VOC2007/JPEGImages/006943.jpg,"[0,0,0,0,0,0,0,0,0,0,0,0,0,0,1,0,0,0,1,0]"
006944,voc/VOCdevkit/VOC2007/JPEGImages/006944.jpg,"[0,0,0,0,0,0,0,0,0,0,0,0,1,0,0,0,1,0,0,0]"
006945,voc/VOCdevkit/VOC2007/JPEGImages/006945.jpg,"[0,1,0,0,0,0,0,0,0,0,0,0,0,0,1,0,0,0,0,0]"
006948,voc/VOCdevkit/VOC2007/JPEGImages/006948.jpg,"[0,0,0,0,1,0,0,0,0,0,0,0,0,0,1,0,0,0,0,0]"
006949,voc/VOCdevkit/VOC2007/JPEGImages/006949.jpg,"[0,0,0,0,0,0,0,1,0,0,0,0,0,0,0,0,0,0,0,0]"
006953,voc/VOCdevkit/VOC2007/JPEGImages/006953.jpg,"[0,0,0,1,0,0,0,0,0,0,0,0,0,0,0,0,0,0,0,0]"
006956,voc/VOCdevkit/VOC2007/JPEGImages/006956.jpg,"[0,0,0,0,0,0,0,0,0,0,0,0,0,0,1,1,0,0,0,0]"
006958,voc/VOCdevkit/VOC2007/JPEGImages/006958.jpg,"[0,0,0,0,0,0,0,0,0,0,1,1,0,0,1,0,0,0,0,0]"
006959,voc/VOCdevkit/VOC2007/JPEGImages/006959.jpg,"[0,0,0,0,0,0,0,0,0,0,0,0,0,0,1,0,0,0,0,0]"
006962,voc/VOCdevkit/VOC2007/JPEGImages/006962.jpg,"[0,0,0,0,0,0,0,0,0,0,0,1,0,0,0,0,0,0,0,0]"
006963,voc/VOCdevkit/VOC2007/JPEGImages/006963.jpg,"[0,0,0,0,0,0,0,1,1,0,0,0,0,0,1,0,0,1,0,0]"
006965,voc/VOCdevkit/VOC2007/JPEGImages/006965.jpg,"[0,0,0,1,0,0,0,0,0,0,0,0,0,0,1,0,0,0,0,0]"
006966,voc/VOCdevkit/VOC2007/JPEGImages/006966.jpg,"[0,0,0,0,0,0,0,0,0,0,0,0,0,1,0,0,0,0,0,0]"
006972,voc/VOCdevkit/VOC2007/JPEGImages/006972.jpg,"[0,0,0,0,0,0,0,0,1,0,1,0,0,0,0,0,0,0,0,0]"
006976,voc/VOCdevkit/VOC2007/JPEGImages/006976.jpg,"[0,0,0,0,0,0,0,1,1,0,0,0,0,0,0,0,0,0,0,0]"
006981,voc/VOCdevkit/VOC2007/JPEGImages/006981.jpg,"[0,0,0,0,0,0,0,0,0,0,0,0,0,0,1,0,0,0,0,0]"
006983,voc/VOCdevkit/VOC2007/JPEGImages/006983.jpg,"[0,0,0,1,0,0,0,0,0,0,0,0,0,0,1,0,0,0,0,0]"
006987,voc/VOCdevkit/VOC2007/JPEGImages/006987.jpg,"[0,0,0,0,0,0,0,0,0,0,0,0,0,0,1,0,0,0,0,1]"
006988,voc/VOCdevkit/VOC2007/JPEGImages/006988.jpg,"[0,0,0,0,0,0,1,0,0,0,0,0,0,0,1,0,0,0,0,0]"
006989,voc/VOCdevkit/VOC2007/JPEGImages/006989.jpg,"[0,0,0,0,0,0,0,1,0,0,0,0,0,0,1,0,0,0,0,0]"
006994,voc/VOCdevkit/VOC2007/JPEGImages/006994.jpg,"[0,0,0,0,0,0,0,0,0,0,0,1,0,0,0,0,0,0,0,0]"
007002,voc/VOCdevkit/VOC2007/JPEGImages/007002.jpg,"[0,0,0,0,0,1,0,0,0,0,0,0,0,0,0,0,0,0,0,0]"
007003,voc/VOCdevkit/VOC2007/JPEGImages/007003.jpg,"[0,0,0,0,0,1,1,0,0,0,0,0,0,0,0,0,0,0,0,0]"
007004,voc/VOCdevkit/VOC2007/JPEGImages/007004.jpg,"[0,1,0,0,0,0,1,0,0,0,0,0,0,0,1,0,0,0,0,0]"
007007,voc/VOCdevkit/VOC2007/JPEGImages/007007.jpg,"[0,0,0,0,1,0,0,0,0,0,1,0,0,0,1,0,0,0,0,0]"
007008,voc/VOCdevkit/VOC2007/JPEGImages/007008.jpg,"[0,0,0,0,0,0,0,0,0,1,0,0,0,0,0,0,0,0,0,0]"
007009,voc/VOCdevkit/VOC2007/JPEGImages/007009.jpg,"[0,0,0,0,0,0,0,0,0,0,0,0,0,1,0,0,0,0,0,0]"
007011,voc/VOCdevkit/VOC2007/JPEGImages/007011.jpg,"[0,0,0,0,0,0,0,0,0,0,0,1,0,0,0,0,0,0,0,0]"
007016,voc/VOCdevkit/VOC2007/JPEGImages/007016.jpg,"[0,0,0,0,0,0,0,0,0,0,0,0,0,0,1,0,0,0,0,0]"
007018,voc/VOCdevkit/VOC2007/JPEGImages/007018.jpg,"[0,0,0,0,0,0,0,0,0,0,0,0,1,0,0,0,0,0,0,0]"
007020,voc/VOCdevkit/VOC2007/JPEGImages/007020.jpg,"[0,0,0,0,0,0,0,0,0,0,0,0,0,0,1,0,0,0,0,0]"
007021,voc/VOCdevkit/VOC2007/JPEGImages/007021.jpg,"[0,0,0,0,1,0,0,0,1,0,1,0,0,0,0,0,0,0,0,0]"
007022,voc/VOCdevkit/VOC2007/JPEGImages/007022.jpg,"[0,0,1,0,0,0,0,0,0,0,0,0,0,0,0,0,0,0,0,0]"
007031,voc/VOCdevkit/VOC2007/JPEGImages/007031.jpg,"[0,0,0,0,0,0,0,0,0,0,0,0,0,0,1,0,0,0,0,0]"
007033,voc/VOCdevkit/VOC2007/JPEGImages/007033.jpg,"[1,0,0,0,0,0,0,0,0,0,0,0,0,0,0,0,0,0,0,0]"
007035,voc/VOCdevkit/VOC2007/JPEGImages/007035.jpg,"[0,0,0,0,0,0,0,0,0,0,0,0,1,0,1,0,0,0,0,0]"
007036,voc/VOCdevkit/VOC2007/JPEGImages/007036.jpg,"[0,0,0,0,0,0,0,0,0,0,0,0,0,0,1,0,0,0,0,0]"
007038,voc/VOCdevkit/VOC2007/JPEGImages/007038.jpg,"[0,0,0,0,0,0,0,1,0,0,0,0,0,0,0,0,0,0,0,0]"
007039,voc/VOCdevkit/VOC2007/JPEGImages/007039.jpg,"[0,0,0,0,0,0,0,0,0,0,0,0,0,0,0,0,0,0,0,1]"
007040,voc/VOCdevkit/VOC2007/JPEGImages/007040.jpg,"[0,0,0,0,0,0,1,0,0,0,0,0,0,0,1,0,0,0,0,0]"
007042,voc/VOCdevkit/VOC2007/JPEGImages/007042.jpg,"[0,0,0,0,0,0,0,0,1,0,1,0,0,0,0,0,0,1,0,0]"
007045,voc/VOCdevkit/VOC2007/JPEGImages/007045.jpg,"[0,0,0,0,0,0,0,0,0,1,0,0,0,0,1,0,0,0,0,0]"
007046,voc/VOCdevkit/VOC2007/JPEGImages/007046.jpg,"[0,0,0,0,0,0,0,0,1,0,0,0,0,0,1,0,0,0,0,0]"
007048,voc/VOCdevkit/VOC2007/JPEGImages/007048.jpg,"[0,0,0,0,1,0,0,0,0,0,0,0,0,0,1,0,1,0,0,0]"
007049,voc/VOCdevkit/VOC2007/JPEGImages/007049.jpg,"[1,0,0,0,0,0,0,0,0,0,0,0,0,0,1,0,0,0,0,0]"
007052,voc/VOCdevkit/VOC2007/JPEGImages/007052.jpg,"[0,0,0,1,0,0,0,0,0,0,0,0,0,0,1,0,0,0,0,0]"
007054,voc/VOCdevkit/VOC2007/JPEGImages/007054.jpg,"[0,0,0,0,0,0,0,0,0,0,0,0,0,0,1,0,0,0,0,0]"
007056,voc/VOCdevkit/VOC2007/JPEGImages/007056.jpg,"[0,0,0,0,1,0,0,0,0,0,0,0,0,0,0,0,0,0,0,0]"
007058,voc/VOCdevkit/VOC2007/JPEGImages/007058.jpg,"[0,0,0,0,0,0,1,0,0,0,0,0,0,0,0,0,0,0,0,0]"
007059,voc/VOCdevkit/VOC2007/JPEGImages/007059.jpg,"[0,0,0,0,0,0,0,0,0,0,0,0,0,0,1,0,0,0,0,0]"
007062,voc/VOCdevkit/VOC2007/JPEGImages/007062.jpg,"[0,1,0,0,0,0,0,0,0,0,0,0,0,0,0,0,0,0,0,0]"
007064,voc/VOCdevkit/VOC2007/JPEGImages/007064.jpg,"[0,0,0,0,0,0,0,0,1,0,1,0,0,0,0,0,0,1,0,0]"
007065,voc/VOCdevkit/VOC2007/JPEGImages/007065.jpg,"[0,0,1,0,0,0,0,0,0,0,0,0,0,0,0,0,0,0,0,0]"
007068,voc/VOCdevkit/VOC2007/JPEGImages/007068.jpg,"[0,0,0,0,0,0,1,0,0,0,0,0,0,0,0,0,0,0,0,0]"
007070,voc/VOCdevkit/VOC2007/JPEGImages/007070.jpg,"[0,0,0,0,0,0,0,0,0,0,0,1,0,0,0,0,0,0,0,0]"
007071,voc/VOCdevkit/VOC2007/JPEGImages/007071.jpg,"[0,0,0,0,0,0,0,1,0,0,0,0,0,0,0,0,0,0,0,0]"
007072,voc/VOCdevkit/VOC2007/JPEGImages/007072.jpg,"[0,0,0,0,0,0,0,0,0,1,0,0,0,0,0,0,0,0,0,0]"
007073,voc/VOCdevkit/VOC2007/JPEGImages/007073.jpg,"[0,0,0,0,0,0,0,0,0,0,0,0,0,1,1,0,0,0,0,0]"
007074,voc/VOCdevkit/VOC2007/JPEGImages/007074.jpg,"[0,0,0,0,0,1,1,0,0,0,0,0,0,0,0,0,0,0,0,0]"
007075,voc/VOCdevkit/VOC2007/JPEGImages/007075.jpg,"[0,0,0,0,0,0,0,0,0,1,0,0,0,0,0,0,0,0,0,0]"
007077,voc/VOCdevkit/VOC2007/JPEGImages/007077.jpg,"[0,0,0,0,0,0,0,0,1,0,0,0,0,0,0,0,0,0,0,0]"
007078,voc/VOCdevkit/VOC2007/JPEGImages/007078.jpg,"[0,0,0,0,0,0,0,0,1,0,0,0,0,0,0,1,0,1,0,0]"
007079,voc/VOCdevkit/VOC2007/JPEGImages/007079.jpg,"[0,0,0,0,0,0,0,0,0,0,0,0,0,0,1,0,0,0,0,0]"
007080,voc/VOCdevkit/VOC2007/JPEGImages/007080.jpg,"[0,0,0,0,0,0,0,0,0,0,0,0,0,0,1,0,0,0,0,0]"
007086,voc/VOCdevkit/VOC2007/JPEGImages/007086.jpg,"[1,0,0,0,0,0,0,0,0,0,0,0,0,0,0,0,0,0,0,0]"
007090,voc/VOCdevkit/VOC2007/JPEGImages/007090.jpg,"[0,0,0,0,0,0,1,0,0,0,0,0,0,0,0,0,0,0,0,0]"
007093,voc/VOCdevkit/VOC2007/JPEGImages/007093.jpg,"[0,0,0,0,0,0,0,0,1,0,0,0,0,0,1,0,0,0,0,0]"
007095,voc/VOCdevkit/VOC2007/JPEGImages/007095.jpg,"[0,0,0,0,0,1,0,0,0,0,0,0,0,0,0,0,0,0,0,0]"
007100,voc/VOCdevkit/VOC2007/JPEGImages/007100.jpg,"[0,0,0,0,0,0,0,0,0,0,0,0,0,0,0,0,0,0,0,1]"
007101,voc/VOCdevkit/VOC2007/JPEGImages/007101.jpg,"[0,0,0,0,0,0,0,0,0,0,0,0,0,0,0,0,0,0,1,0]"
007104,voc/VOCdevkit/VOC2007/JPEGImages/007104.jpg,"[0,0,0,0,1,0,0,0,0,0,0,0,0,0,0,0,0,0,0,0]"
007105,voc/VOCdevkit/VOC2007/JPEGImages/007105.jpg,"[0,0,0,0,0,0,0,0,0,0,0,0,0,0,0,0,0,1,0,0]"
007108,voc/VOCdevkit/VOC2007/JPEGImages/007108.jpg,"[0,1,0,0,0,0,0,0,0,0,0,0,0,0,1,0,0,0,0,0]"
007113,voc/VOCdevkit/VOC2007/JPEGImages/007113.jpg,"[0,0,0,0,0,0,0,0,0,0,0,0,0,0,0,0,0,0,0,1]"
007114,voc/VOCdevkit/VOC2007/JPEGImages/007114.jpg,"[0,0,0,0,0,0,0,0,0,0,0,0,0,0,1,0,0,1,0,0]"
007117,voc/VOCdevkit/VOC2007/JPEGImages/007117.jpg,"[0,0,0,0,1,0,0,0,1,0,0,0,0,0,1,0,0,0,0,0]"
007121,voc/VOCdevkit/VOC2007/JPEGImages/007121.jpg,"[0,0,0,0,1,0,0,0,0,0,0,0,0,0,1,0,0,0,0,0]"
007122,voc/VOCdevkit/VOC2007/JPEGImages/007122.jpg,"[0,0,0,0,0,0,0,0,0,0,0,0,0,0,1,0,0,0,0,0]"
007125,voc/VOCdevkit/VOC2007/JPEGImages/007125.jpg,"[0,0,0,1,0,0,0,0,0,0,0,0,0,0,0,0,0,0,0,0]"
007128,voc/VOCdevkit/VOC2007/JPEGImages/007128.jpg,"[0,0,0,0,0,0,0,0,0,0,0,0,0,0,1,0,0,0,0,0]"
007129,voc/VOCdevkit/VOC2007/JPEGImages/007129.jpg,"[0,0,0,0,0,0,0,0,0,0,0,1,0,0,1,0,0,0,0,0]"
007130,voc/VOCdevkit/VOC2007/JPEGImages/007130.jpg,"[0,0,0,0,0,0,0,0,0,0,0,0,0,0,0,1,0,0,0,1]"
007132,voc/VOCdevkit/VOC2007/JPEGImages/007132.jpg,"[0,0,0,0,0,0,0,0,0,0,0,0,0,0,0,0,0,0,1,0]"
007133,voc/VOCdevkit/VOC2007/JPEGImages/007133.jpg,"[0,0,0,0,0,0,1,0,0,0,0,0,0,0,0,0,0,0,0,0]"
007138,voc/VOCdevkit/VOC2007/JPEGImages/007138.jpg,"[0,0,0,0,0,0,0,0,0,0,0,0,1,0,1,0,0,0,0,0]"
007139,voc/VOCdevkit/VOC2007/JPEGImages/007139.jpg,"[0,0,0,1,0,0,0,0,0,0,0,0,0,0,1,0,0,0,0,0]"
007140,voc/VOCdevkit/VOC2007/JPEGImages/007140.jpg,"[0,1,0,0,0,0,0,0,0,0,0,0,0,0,1,0,0,0,0,0]"
007141,voc/VOCdevkit/VOC2007/JPEGImages/007141.jpg,"[0,0,0,0,1,0,0,0,0,0,0,0,0,0,0,0,0,0,0,0]"
007144,voc/VOCdevkit/VOC2007/JPEGImages/007144.jpg,"[0,0,0,0,0,1,0,0,0,0,0,0,0,0,0,0,0,0,0,0]"
007146,voc/VOCdevkit/VOC2007/JPEGImages/007146.jpg,"[0,0,1,0,0,0,0,0,0,0,0,0,0,0,0,0,0,0,0,0]"
007147,voc/VOCdevkit/VOC2007/JPEGImages/007147.jpg,"[0,0,0,0,0,0,0,0,0,0,0,0,0,0,1,0,0,0,0,0]"
007148,voc/VOCdevkit/VOC2007/JPEGImages/007148.jpg,"[0,0,0,0,0,0,0,0,0,0,0,0,0,0,1,0,0,0,0,0]"
007149,voc/VOCdevkit/VOC2007/JPEGImages/007149.jpg,"[0,0,0,0,0,0,0,0,0,0,0,1,0,0,0,0,0,0,0,0]"
007152,voc/VOCdevkit/VOC2007/JPEGImages/007152.jpg,"[1,0,0,0,0,0,0,0,0,0,0,0,0,0,0,0,0,0,0,0]"
007153,voc/VOCdevkit/VOC2007/JPEGImages/007153.jpg,"[0,0,0,0,0,0,1,0,0,1,0,0,0,0,1,0,0,0,0,0]"
007154,voc/VOCdevkit/VOC2007/JPEGImages/007154.jpg,"[0,0,0,0,0,0,0,0,0,0,0,0,0,0,1,0,0,0,0,0]"
007159,voc/VOCdevkit/VOC2007/JPEGImages/007159.jpg,"[0,0,0,0,0,0,1,0,0,0,0,0,0,0,1,0,0,0,0,0]"
007162,voc/VOCdevkit/VOC2007/JPEGImages/007162.jpg,"[0,0,0,0,0,0,0,0,0,0,0,0,0,0,0,0,0,1,0,0]"
007163,voc/VOCdevkit/VOC2007/JPEGImages/007163.jpg,"[0,0,0,0,0,0,0,0,0,0,0,0,1,0,1,0,0,0,0,0]"
007165,voc/VOCdevkit/VOC2007/JPEGImages/007165.jpg,"[0,0,0,0,0,0,0,0,0,0,0,0,0,0,0,0,1,0,0,0]"
007166,voc/VOCdevkit/VOC2007/JPEGImages/007166.jpg,"[0,0,0,0,0,0,0,0,0,0,0,1,0,0,0,0,0,0,0,1]"
007167,voc/VOCdevkit/VOC2007/JPEGImages/007167.jpg,"[0,0,0,0,0,0,1,0,0,0,0,0,0,0,1,0,0,0,0,0]"
007168,voc/VOCdevkit/VOC2007/JPEGImages/007168.jpg,"[0,0,0,0,0,0,0,0,0,0,0,0,0,0,0,0,0,0,1,0]"
007180,voc/VOCdevkit/VOC2007/JPEGImages/007180.jpg,"[0,0,0,0,0,0,0,1,1,0,0,0,0,0,0,1,0,1,0,0]"
007182,voc/VOCdevkit/VOC2007/JPEGImages/007182.jpg,"[0,0,0,0,0,0,0,0,0,0,0,0,0,0,1,0,0,0,0,0]"
007184,voc/VOCdevkit/VOC2007/JPEGImages/007184.jpg,"[0,0,0,0,0,0,0,0,0,0,0,0,0,0,1,0,0,0,0,0]"
007185,voc/VOCdevkit/VOC2007/JPEGImages/007185.jpg,"[0,0,0,0,0,0,0,0,0,0,0,0,1,0,0,0,0,0,0,0]"
007187,voc/VOCdevkit/VOC2007/JPEGImages/007187.jpg,"[0,0,0,0,0,0,0,0,0,0,0,0,0,0,1,0,0,1,0,0]"
007189,voc/VOCdevkit/VOC2007/JPEGImages/007189.jpg,"[0,0,0,0,0,0,0,0,0,0,0,0,0,0,1,0,0,0,0,1]"
007191,voc/VOCdevkit/VOC2007/JPEGImages/007191.jpg,"[0,0,0,0,1,0,0,0,1,0,1,0,0,0,0,0,0,0,0,0]"
007193,voc/VOCdevkit/VOC2007/JPEGImages/007193.jpg,"[0,0,0,0,0,0,0,0,0,0,0,0,0,0,0,0,0,1,0,0]"
007194,voc/VOCdevkit/VOC2007/JPEGImages/007194.jpg,"[0,0,1,0,0,0,0,0,0,0,0,0,0,0,0,0,0,0,0,0]"
007200,voc/VOCdevkit/VOC2007/JPEGImages/007200.jpg,"[0,0,0,0,0,0,0,0,0,0,0,0,0,1,1,0,0,0,0,0]"
007204,voc/VOCdevkit/VOC2007/JPEGImages/007204.jpg,"[0,0,0,0,0,0,0,1,0,0,0,0,0,0,0,0,0,0,0,0]"
007205,voc/VOCdevkit/VOC2007/JPEGImages/007205.jpg,"[0,0,0,0,0,0,1,0,0,0,0,0,0,0,0,0,0,0,0,0]"
007208,voc/VOCdevkit/VOC2007/JPEGImages/007208.jpg,"[0,0,0,0,0,0,1,0,0,0,0,0,0,0,1,0,0,0,0,0]"
007211,voc/VOCdevkit/VOC2007/JPEGImages/007211.jpg,"[0,0,0,0,0,0,0,0,0,0,0,0,0,1,0,0,0,0,0,0]"
007212,voc/VOCdevkit/VOC2007/JPEGImages/007212.jpg,"[0,0,0,0,0,0,0,0,1,0,0,1,0,0,0,0,0,0,0,0]"
007213,voc/VOCdevkit/VOC2007/JPEGImages/007213.jpg,"[0,0,0,0,0,0,0,0,1,0,1,0,0,0,1,0,0,0,0,0]"
007214,voc/VOCdevkit/VOC2007/JPEGImages/007214.jpg,"[0,0,0,0,0,0,0,0,0,0,0,1,0,0,1,0,0,0,0,0]"
007215,voc/VOCdevkit/VOC2007/JPEGImages/007215.jpg,"[0,0,0,0,0,0,0,0,0,1,0,0,0,0,0,0,0,0,0,0]"
007216,voc/VOCdevkit/VOC2007/JPEGImages/007216.jpg,"[0,0,0,0,0,0,0,0,0,0,0,0,1,0,1,0,0,0,0,0]"
007217,voc/VOCdevkit/VOC2007/JPEGImages/007217.jpg,"[0,0,0,0,0,0,0,0,0,0,0,0,0,0,0,0,1,0,0,0]"
007219,voc/VOCdevkit/VOC2007/JPEGImages/007219.jpg,"[0,0,0,0,0,0,0,0,1,0,0,0,0,0,0,0,0,0,0,1]"
007222,voc/VOCdevkit/VOC2007/JPEGImages/007222.jpg,"[0,0,0,0,0,0,0,0,0,0,0,0,0,0,0,0,0,0,1,0]"
007223,voc/VOCdevkit/VOC2007/JPEGImages/007223.jpg,"[0,0,0,0,0,0,0,1,0,0,0,0,0,0,0,0,0,0,0,0]"
007227,voc/VOCdevkit/VOC2007/JPEGImages/007227.jpg,"[0,0,0,0,0,0,0,0,0,0,0,0,0,0,1,0,0,1,0,0]"
007230,voc/VOCdevkit/VOC2007/JPEGImages/007230.jpg,"[0,0,0,0,0,0,0,0,0,0,0,0,0,0,0,0,1,0,0,0]"
007234,voc/VOCdevkit/VOC2007/JPEGImages/007234.jpg,"[0,0,0,0,0,0,0,0,0,0,0,0,1,0,1,0,0,0,0,0]"
007241,voc/VOCdevkit/VOC2007/JPEGImages/007241.jpg,"[0,0,0,0,0,1,0,0,0,0,0,0,0,0,0,0,0,0,0,0]"
007243,voc/VOCdevkit/VOC2007/JPEGImages/007243.jpg,"[0,0,0,0,0,0,0,0,0,0,0,0,1,0,1,0,0,0,0,0]"
007244,voc/VOCdevkit/VOC2007/JPEGImages/007244.jpg,"[0,1,0,0,0,0,0,0,0,0,0,0,0,0,1,0,0,0,0,0]"
007245,voc/VOCdevkit/VOC2007/JPEGImages/007245.jpg,"[0,0,0,0,0,0,0,0,0,0,0,1,0,0,0,0,0,0,0,0]"
007247,voc/VOCdevkit/VOC2007/JPEGImages/007247.jpg,"[0,0,0,0,0,0,1,0,0,0,0,0,0,0,0,0,0,0,0,0]"
007259,voc/VOCdevkit/VOC2007/JPEGImages/007259.jpg,"[0,0,0,0,0,0,0,0,1,0,0,0,0,0,0,0,0,0,0,0]"
007261,voc/VOCdevkit/VOC2007/JPEGImages/007261.jpg,"[0,0,0,0,0,0,1,0,0,0,0,0,0,0,1,0,0,0,0,0]"
007263,voc/VOCdevkit/VOC2007/JPEGImages/007263.jpg,"[0,0,0,0,0,0,0,0,1,0,0,0,0,0,0,0,0,1,0,1]"
007266,voc/VOCdevkit/VOC2007/JPEGImages/007266.jpg,"[0,0,0,0,0,0,0,0,1,0,1,0,0,0,1,0,0,0,0,0]"
007270,voc/VOCdevkit/VOC2007/JPEGImages/007270.jpg,"[0,0,0,0,0,0,1,0,0,0,0,0,0,0,1,0,0,0,0,0]"
007275,voc/VOCdevkit/VOC2007/JPEGImages/007275.jpg,"[0,0,0,0,0,0,0,0,0,0,0,0,0,0,0,0,0,1,0,0]"
007276,voc/VOCdevkit/VOC2007/JPEGImages/007276.jpg,"[0,0,0,0,0,0,0,0,0,0,0,0,0,0,1,0,0,0,1,0]"
007280,voc/VOCdevkit/VOC2007/JPEGImages/007280.jpg,"[1,0,0,0,0,0,0,0,0,0,0,0,0,0,0,0,0,0,0,0]"
007283,voc/VOCdevkit/VOC2007/JPEGImages/007283.jpg,"[0,1,0,0,0,0,1,0,0,0,0,0,0,0,0,0,0,0,0,0]"
007284,voc/VOCdevkit/VOC2007/JPEGImages/007284.jpg,"[0,0,0,0,0,0,1,0,0,0,0,0,0,0,1,0,0,0,0,0]"
007285,voc/VOCdevkit/VOC2007/JPEGImages/007285.jpg,"[0,0,0,0,0,0,1,0,0,0,0,0,0,0,0,0,0,0,0,0]"
007289,voc/VOCdevkit/VOC2007/JPEGImages/007289.jpg,"[0,0,0,1,0,0,0,0,0,0,0,0,0,0,0,0,0,0,0,0]"
007292,voc/VOCdevkit/VOC2007/JPEGImages/007292.jpg,"[1,0,0,0,0,0,0,0,0,0,0,0,0,0,1,0,0,0,0,0]"
007294,voc/VOCdevkit/VOC2007/JPEGImages/007294.jpg,"[0,0,0,0,0,0,1,0,0,0,0,0,0,0,0,0,0,0,0,0]"
007296,voc/VOCdevkit/VOC2007/JPEGImages/007296.jpg,"[0,0,1,0,0,0,0,0,0,0,0,0,0,0,1,0,0,0,0,0]"
007297,voc/VOCdevkit/VOC2007/JPEGImages/007297.jpg,"[1,0,0,0,0,0,0,0,0,0,0,0,0,0,0,0,0,0,0,0]"
007298,voc/VOCdevkit/VOC2007/JPEGImages/007298.jpg,"[0,0,0,0,0,1,0,0,0,0,0,0,0,0,1,0,0,0,0,0]"
007299,voc/VOCdevkit/VOC2007/JPEGImages/007299.jpg,"[0,0,1,0,0,0,0,0,0,0,0,0,0,0,0,0,0,0,0,0]"
007300,voc/VOCdevkit/VOC2007/JPEGImages/007300.jpg,"[0,0,1,0,0,0,0,0,0,0,0,0,0,0,0,0,0,0,0,0]"
007302,voc/VOCdevkit/VOC2007/JPEGImages/007302.jpg,"[0,0,0,0,0,0,0,0,0,0,0,0,0,0,0,1,0,1,0,0]"
007305,voc/VOCdevkit/VOC2007/JPEGImages/007305.jpg,"[0,0,0,0,0,0,1,0,0,0,0,0,0,1,1,0,0,0,0,0]"
007308,voc/VOCdevkit/VOC2007/JPEGImages/007308.jpg,"[0,0,0,0,0,0,0,0,0,0,0,0,1,0,1,0,0,0,0,0]"
007311,voc/VOCdevkit/VOC2007/JPEGImages/007311.jpg,"[0,0,0,0,0,0,0,0,1,0,0,0,0,0,0,0,0,0,0,0]"
007314,voc/VOCdevkit/VOC2007/JPEGImages/007314.jpg,"[0,0,0,0,0,0,0,0,0,0,0,0,0,1,1,0,0,0,0,0]"
007322,voc/VOCdevkit/VOC2007/JPEGImages/007322.jpg,"[0,0,0,0,0,0,0,0,0,0,0,1,0,0,0,0,0,0,0,0]"
007323,voc/VOCdevkit/VOC2007/JPEGImages/007323.jpg,"[0,0,0,0,1,0,0,0,0,0,0,0,0,0,0,0,0,0,0,0]"
007329,voc/VOCdevkit/VOC2007/JPEGImages/007329.jpg,"[0,0,0,0,0,0,0,1,0,0,0,0,0,0,0,0,0,0,0,0]"
007336,voc/VOCdevkit/VOC2007/JPEGImages/007336.jpg,"[0,0,0,0,0,0,0,0,0,0,0,0,0,0,1,0,0,0,0,0]"
007343,voc/VOCdevkit/VOC2007/JPEGImages/007343.jpg,"[0,0,0,0,0,0,0,1,0,0,0,0,0,0,0,0,0,0,0,0]"
007344,voc/VOCdevkit/VOC2007/JPEGImages/007344.jpg,"[0,0,0,0,0,0,0,1,0,0,0,0,0,0,0,1,0,0,0,0]"
007346,voc/VOCdevkit/VOC2007/JPEGImages/007346.jpg,"[0,0,0,0,0,1,1,0,0,0,0,0,0,0,1,0,0,0,0,0]"
007350,voc/VOCdevkit/VOC2007/JPEGImages/007350.jpg,"[0,0,0,0,0,0,0,0,1,0,1,0,0,0,1,0,0,0,0,0]"
007351,voc/VOCdevkit/VOC2007/JPEGImages/007351.jpg,"[0,0,0,0,1,0,0,0,0,0,0,0,0,0,0,0,0,0,0,0]"
007356,voc/VOCdevkit/VOC2007/JPEGImages/007356.jpg,"[0,1,0,0,0,0,0,0,0,0,0,0,0,0,0,1,0,0,0,0]"
007359,voc/VOCdevkit/VOC2007/JPEGImages/007359.jpg,"[0,0,0,0,0,0,0,0,0,0,0,0,0,0,1,0,0,0,0,1]"
007361,voc/VOCdevkit/VOC2007/JPEGImages/007361.jpg,"[0,0,0,1,0,0,0,0,0,0,0,0,0,0,0,0,0,0,1,0]"
007365,voc/VOCdevkit/VOC2007/JPEGImages/007365.jpg,"[0,0,0,1,0,0,0,0,0,0,0,0,0,0,0,0,0,0,0,0]"
007369,voc/VOCdevkit/VOC2007/JPEGImages/007369.jpg,"[0,0,0,0,0,0,0,0,1,0,0,0,0,0,1,0,0,0,0,0]"
007370,voc/VOCdevkit/VOC2007/JPEGImages/007370.jpg,"[0,0,0,0,1,0,0,0,0,0,0,0,0,0,0,0,0,0,0,0]"
007372,voc/VOCdevkit/VOC2007/JPEGImages/007372.jpg,"[1,0,0,0,0,0,0,0,0,0,0,0,0,0,0,0,0,0,0,0]"
007373,voc/VOCdevkit/VOC2007/JPEGImages/007373.jpg,"[0,0,0,0,0,0,0,0,1,0,1,0,0,0,0,0,0,0,0,0]"
007374,voc/VOCdevkit/VOC2007/JPEGImages/007374.jpg,"[0,0,0,0,0,0,1,0,0,0,0,0,0,0,0,0,0,0,0,0]"
007375,voc/VOCdevkit/VOC2007/JPEGImages/007375.jpg,"[1,0,0,0,0,0,0,0,0,0,0,0,0,0,1,0,0,0,0,0]"
007376,voc/VOCdevkit/VOC2007/JPEGImages/007376.jpg,"[0,0,0,0,0,1,1,0,0,0,0,0,0,0,0,0,0,0,0,0]"
007381,voc/VOCdevkit/VOC2007/JPEGImages/007381.jpg,"[0,0,0,0,0,0,0,0,0,0,0,0,0,0,1,0,0,0,0,0]"
007383,voc/VOCdevkit/VOC2007/JPEGImages/007383.jpg,"[0,0,0,0,0,0,1,0,0,0,0,0,0,0,0,0,0,0,0,0]"
007385,voc/VOCdevkit/VOC2007/JPEGImages/007385.jpg,"[0,0,0,0,0,0,0,0,0,0,0,0,0,0,0,0,0,1,0,0]"
007388,voc/VOCdevkit/VOC2007/JPEGImages/007388.jpg,"[0,0,0,0,0,0,0,0,0,0,0,0,0,0,1,0,0,0,0,0]"
007389,voc/VOCdevkit/VOC2007/JPEGImages/007389.jpg,"[0,0,0,0,0,0,0,0,0,1,0,0,0,0,0,0,0,0,0,0]"
007390,voc/VOCdevkit/VOC2007/JPEGImages/007390.jpg,"[0,0,0,0,0,0,0,0,1,0,0,0,0,0,0,1,0,1,0,1]"
007394,voc/VOCdevkit/VOC2007/JPEGImages/007394.jpg,"[0,0,0,0,0,0,0,0,0,0,0,0,0,0,0,0,0,0,0,1]"
007396,voc/VOCdevkit/VOC2007/JPEGImages/007396.jpg,"[0,0,0,0,0,0,1,0,0,0,0,0,0,1,0,1,0,0,0,0]"
007398,voc/VOCdevkit/VOC2007/JPEGImages/007398.jpg,"[0,0,0,0,0,1,0,0,0,0,0,0,0,0,1,0,0,0,0,0]"
007408,voc/VOCdevkit/VOC2007/JPEGImages/007408.jpg,"[0,0,0,0,0,0,0,0,0,0,0,0,0,0,1,0,0,0,1,0]"
007410,voc/VOCdevkit/VOC2007/JPEGImages/007410.jpg,"[0,0,0,0,1,0,0,0,0,0,0,0,0,0,1,0,0,0,0,0]"
007411,voc/VOCdevkit/VOC2007/JPEGImages/007411.jpg,"[0,0,0,0,0,0,0,0,0,0,0,1,0,0,0,0,0,0,0,0]"
007413,voc/VOCdevkit/VOC2007/JPEGImages/007413.jpg,"[1,0,0,0,0,0,0,0,0,0,0,0,0,0,1,0,0,0,0,0]"
007414,voc/VOCdevkit/VOC2007/JPEGImages/007414.jpg,"[0,0,0,0,0,0,1,0,0,0,0,0,0,0,1,0,0,0,0,0]"
007416,voc/VOCdevkit/VOC2007/JPEGImages/007416.jpg,"[0,0,0,0,0,0,0,1,1,0,0,0,0,0,0,0,0,0,0,0]"
007417,voc/VOCdevkit/VOC2007/JPEGImages/007417.jpg,"[0,0,0,0,0,0,0,1,0,0,0,1,0,0,0,0,0,1,0,0]"
007421,voc/VOCdevkit/VOC2007/JPEGImages/007421.jpg,"[0,0,1,0,0,0,0,0,0,0,0,0,0,0,0,0,0,0,0,0]"
007427,voc/VOCdevkit/VOC2007/JPEGImages/007427.jpg,"[0,0,0,0,0,0,1,0,0,0,0,0,0,0,0,0,0,0,0,0]"
007431,voc/VOCdevkit/VOC2007/JPEGImages/007431.jpg,"[0,0,1,0,0,0,0,0,0,0,0,0,0,0,0,0,0,0,0,0]"
007432,voc/VOCdevkit/VOC2007/JPEGImages/007432.jpg,"[0,0,0,0,0,0,0,0,1,0,0,0,0,0,0,0,0,0,0,1]"
007433,voc/VOCdevkit/VOC2007/JPEGImages/007433.jpg,"[0,0,0,0,0,0,0,0,0,0,0,1,0,0,0,0,0,1,0,0]"
007435,voc/VOCdevkit/VOC2007/JPEGImages/007435.jpg,"[0,0,0,0,0,0,0,0,1,0,1,0,0,0,0,0,0,0,0,0]"
007436,voc/VOCdevkit/VOC2007/JPEGImages/007436.jpg,"[0,0,0,0,0,0,0,0,0,0,0,0,0,0,1,0,0,0,0,0]"
007437,voc/VOCdevkit/VOC2007/JPEGImages/007437.jpg,"[0,0,0,0,0,1,0,0,0,0,0,0,0,0,0,0,0,0,0,0]"
007438,voc/VOCdevkit/VOC2007/JPEGImages/007438.jpg,"[0,0,0,0,0,0,0,0,0,0,0,0,0,0,1,0,0,0,0,0]"
007439,voc/VOCdevkit/VOC2007/JPEGImages/007439.jpg,"[0,0,0,0,0,0,0,0,0,0,0,0,1,0,0,0,0,0,0,0]"
007443,voc/VOCdevkit/VOC2007/JPEGImages/007443.jpg,"[0,0,0,0,0,0,0,0,1,0,0,0,0,0,0,0,0,1,0,0]"
007445,voc/VOCdevkit/VOC2007/JPEGImages/007445.jpg,"[0,0,0,0,0,0,0,0,0,0,0,0,0,0,1,0,0,0,1,0]"
007446,voc/VOCdevkit/VOC2007/JPEGImages/007446.jpg,"[0,1,0,0,0,0,1,0,0,0,0,0,0,0,1,0,0,0,0,0]"
007449,voc/VOCdevkit/VOC2007/JPEGImages/007449.jpg,"[0,0,0,1,0,0,0,0,0,0,0,0,0,0,1,0,0,0,0,0]"
007451,voc/VOCdevkit/VOC2007/JPEGImages/007451.jpg,"[0,0,0,0,0,0,0,0,0,0,0,0,0,0,0,1,0,0,0,0]"
007454,voc/VOCdevkit/VOC2007/JPEGImages/007454.jpg,"[0,0,0,0,0,0,0,1,0,0,0,0,0,0,0,0,0,0,0,0]"
007457,voc/VOCdevkit/VOC2007/JPEGImages/007457.jpg,"[0,0,0,0,1,0,0,0,0,0,0,0,0,0,1,0,0,0,0,0]"
007458,voc/VOCdevkit/VOC2007/JPEGImages/007458.jpg,"[0,0,0,0,0,0,0,0,1,0,1,0,0,0,0,0,0,0,0,1]"
007460,voc/VOCdevkit/VOC2007/JPEGImages/007460.jpg,"[0,0,0,1,0,0,0,0,0,0,0,0,0,0,0,0,0,0,0,0]"
007461,voc/VOCdevkit/VOC2007/JPEGImages/007461.jpg,"[0,0,0,0,1,0,0,0,0,0,0,0,0,0,0,0,0,0,0,0]"
007465,voc/VOCdevkit/VOC2007/JPEGImages/007465.jpg,"[0,0,0,0,0,0,0,0,0,0,0,0,0,0,0,0,0,0,0,1]"
007466,voc/VOCdevkit/VOC2007/JPEGImages/007466.jpg,"[0,1,0,0,0,0,0,0,1,0,0,0,0,1,1,0,0,0,0,0]"
007468,voc/VOCdevkit/VOC2007/JPEGImages/007468.jpg,"[0,0,0,0,0,0,1,0,0,0,0,0,0,0,0,0,0,0,0,0]"
007474,voc/VOCdevkit/VOC2007/JPEGImages/007474.jpg,"[0,0,0,0,0,0,0,0,0,0,0,1,0,0,0,0,0,0,0,0]"
007475,voc/VOCdevkit/VOC2007/JPEGImages/007475.jpg,"[0,0,0,0,0,0,1,0,0,0,0,0,0,0,1,0,0,0,0,0]"
007477,voc/VOCdevkit/VOC2007/JPEGImages/007477.jpg,"[0,0,0,1,0,0,0,0,0,0,0,0,0,0,0,0,0,0,0,0]"
007479,voc/VOCdevkit/VOC2007/JPEGImages/007479.jpg,"[0,0,0,0,0,0,1,0,0,0,0,0,0,0,0,0,0,0,0,0]"
007480,voc/VOCdevkit/VOC2007/JPEGImages/007480.jpg,"[0,0,0,0,0,1,0,0,0,0,0,0,0,0,1,0,0,0,0,0]"
007482,voc/VOCdevkit/VOC2007/JPEGImages/007482.jpg,"[0,0,0,0,0,0,0,0,0,0,0,0,0,0,1,0,0,1,0,0]"
007483,voc/VOCdevkit/VOC2007/JPEGImages/007483.jpg,"[0,0,0,0,0,0,0,0,0,0,0,0,0,0,1,0,0,0,0,0]"
007486,voc/VOCdevkit/VOC2007/JPEGImages/007486.jpg,"[1,0,0,0,0,0,0,0,0,0,0,0,0,0,0,0,0,0,0,0]"
007490,voc/VOCdevkit/VOC2007/JPEGImages/007490.jpg,"[0,0,0,0,0,0,1,0,0,0,0,0,0,0,0,0,0,0,0,0]"
007491,voc/VOCdevkit/VOC2007/JPEGImages/007491.jpg,"[0,0,0,0,0,0,0,0,0,0,0,0,0,0,0,0,0,1,0,0]"
007493,voc/VOCdevkit/VOC2007/JPEGImages/007493.jpg,"[0,0,0,0,1,0,0,0,1,0,0,0,0,0,1,0,0,0,0,0]"
007497,voc/VOCdevkit/VOC2007/JPEGImages/007497.jpg,"[0,0,0,0,0,0,1,0,0,0,0,0,0,0,1,0,0,0,0,0]"
007498,voc/VOCdevkit/VOC2007/JPEGImages/007498.jpg,"[0,0,0,0,0,0,0,0,0,0,1,0,0,0,1,0,0,0,0,0]"
007503,voc/VOCdevkit/VOC2007/JPEGImages/007503.jpg,"[1,0,0,0,0,0,0,0,0,0,0,0,0,0,0,0,0,0,0,0]"
007506,voc/VOCdevkit/VOC2007/JPEGImages/007506.jpg,"[0,0,0,0,0,0,0,0,0,0,0,0,0,0,0,0,0,0,0,1]"
007511,voc/VOCdevkit/VOC2007/JPEGImages/007511.jpg,"[0,0,0,0,1,0,0,0,0,0,1,0,0,0,1,1,0,0,0,0]"
007513,voc/VOCdevkit/VOC2007/JPEGImages/007513.jpg,"[0,0,0,0,0,0,0,0,0,0,0,0,0,0,0,0,0,0,1,0]"
007517,voc/VOCdevkit/VOC2007/JPEGImages/007517.jpg,"[0,0,0,0,0,0,0,1,0,0,0,0,0,0,0,0,0,0,0,0]"
007519,voc/VOCdevkit/VOC2007/JPEGImages/007519.jpg,"[0,0,0,0,0,0,0,0,0,0,0,0,0,0,0,1,0,0,0,0]"
007521,voc/VOCdevkit/VOC2007/JPEGImages/007521.jpg,"[0,0,0,1,0,0,0,0,0,0,0,0,0,0,0,0,0,0,0,0]"
007524,voc/VOCdevkit/VOC2007/JPEGImages/007524.jpg,"[0,0,0,0,0,0,0,1,0,0,0,0,0,0,0,0,0,0,0,0]"
007525,voc/VOCdevkit/VOC2007/JPEGImages/007525.jpg,"[0,0,0,0,0,0,1,0,0,0,0,0,0,0,0,0,0,0,0,0]"
007526,voc/VOCdevkit/VOC2007/JPEGImages/007526.jpg,"[0,0,0,0,0,0,0,0,0,0,0,0,1,0,1,0,0,0,0,0]"
007527,voc/VOCdevkit/VOC2007/JPEGImages/007527.jpg,"[0,0,0,0,0,0,1,0,0,0,0,0,0,0,0,0,0,0,0,0]"
007528,voc/VOCdevkit/VOC2007/JPEGImages/007528.jpg,"[0,0,0,0,0,0,0,0,0,1,0,0,0,0,0,0,0,0,0,0]"
007530,voc/VOCdevkit/VOC2007/JPEGImages/007530.jpg,"[0,0,0,0,0,0,0,1,1,0,0,0,0,0,0,0,0,0,0,1]"
007535,voc/VOCdevkit/VOC2007/JPEGImages/007535.jpg,"[0,0,0,0,0,0,0,0,0,0,0,0,0,0,1,0,0,0,0,0]"
007536,voc/VOCdevkit/VOC2007/JPEGImages/007536.jpg,"[0,0,0,0,0,0,0,0,0,0,0,0,0,0,0,0,0,1,0,0]"
007537,voc/VOCdevkit/VOC2007/JPEGImages/007537.jpg,"[0,0,0,0,0,0,0,0,0,0,0,1,0,0,0,0,0,0,0,0]"
007540,voc/VOCdevkit/VOC2007/JPEGImages/007540.jpg,"[0,0,0,0,0,0,0,0,0,0,0,0,0,0,1,0,0,1,0,0]"
007543,voc/VOCdevkit/VOC2007/JPEGImages/007543.jpg,"[0,1,0,0,0,0,0,0,0,0,0,0,0,0,1,0,0,0,0,0]"
007544,voc/VOCdevkit/VOC2007/JPEGImages/007544.jpg,"[0,0,0,0,0,0,0,0,1,0,1,0,0,0,0,0,0,0,0,1]"
007546,voc/VOCdevkit/VOC2007/JPEGImages/007546.jpg,"[0,0,0,0,0,1,0,0,0,0,0,0,0,0,0,0,0,0,0,0]"
007547,voc/VOCdevkit/VOC2007/JPEGImages/007547.jpg,"[0,0,0,0,0,0,0,0,0,0,0,0,1,0,1,0,0,0,0,0]"
007555,voc/VOCdevkit/VOC2007/JPEGImages/007555.jpg,"[0,0,0,0,0,0,0,0,0,0,0,0,0,0,0,0,0,0,1,0]"
007558,voc/VOCdevkit/VOC2007/JPEGImages/007558.jpg,"[0,0,0,0,1,0,0,0,1,0,0,0,0,0,1,1,0,0,0,0]"
007559,voc/VOCdevkit/VOC2007/JPEGImages/007559.jpg,"[0,0,0,0,0,0,0,0,0,0,0,0,0,0,1,0,0,0,0,1]"
007563,voc/VOCdevkit/VOC2007/JPEGImages/007563.jpg,"[0,0,0,0,0,0,0,0,0,0,0,0,0,0,1,0,0,0,0,0]"
007565,voc/VOCdevkit/VOC2007/JPEGImages/007565.jpg,"[0,0,0,0,0,0,0,1,0,0,0,0,0,0,0,0,0,0,0,0]"
007566,voc/VOCdevkit/VOC2007/JPEGImages/007566.jpg,"[0,0,0,0,0,0,1,0,0,0,0,0,0,0,1,0,0,0,0,0]"
007568,voc/VOCdevkit/VOC2007/JPEGImages/007568.jpg,"[0,0,0,0,0,0,0,0,0,0,0,0,0,0,1,0,0,0,0,0]"
007570,voc/VOCdevkit/VOC2007/JPEGImages/007570.jpg,"[0,0,0,0,0,0,0,0,0,0,0,0,1,0,1,0,0,0,0,0]"
007571,voc/VOCdevkit/VOC2007/JPEGImages/007571.jpg,"[0,1,0,0,0,0,0,0,0,0,0,0,0,0,1,0,0,0,0,0]"
007575,voc/VOCdevkit/VOC2007/JPEGImages/007575.jpg,"[0,0,0,0,0,1,0,0,0,0,0,0,0,0,0,0,0,0,0,0]"
007576,voc/VOCdevkit/VOC2007/JPEGImages/007576.jpg,"[0,0,0,0,0,0,0,0,0,0,0,0,1,0,1,0,0,0,0,0]"
007578,voc/VOCdevkit/VOC2007/JPEGImages/007578.jpg,"[0,0,0,0,0,0,0,0,0,0,0,1,0,0,1,0,0,0,0,0]"
007579,voc/VOCdevkit/VOC2007/JPEGImages/007579.jpg,"[0,0,0,0,0,0,0,0,0,0,0,0,0,0,1,0,0,0,0,0]"
007585,voc/VOCdevkit/VOC2007/JPEGImages/007585.jpg,"[0,0,0,0,0,0,0,0,0,0,0,1,0,0,0,0,0,0,0,0]"
007586,voc/VOCdevkit/VOC2007/JPEGImages/007586.jpg,"[0,0,0,0,0,0,0,0,0,0,0,0,0,0,1,0,0,0,1,0]"
007590,voc/VOCdevkit/VOC2007/JPEGImages/007590.jpg,"[0,0,0,0,0,0,0,0,0,0,0,0,0,0,1,0,0,0,0,0]"
007592,voc/VOCdevkit/VOC2007/JPEGImages/007592.jpg,"[0,0,0,0,0,0,1,0,0,0,0,0,0,0,1,0,0,0,0,0]"
007594,voc/VOCdevkit/VOC2007/JPEGImages/007594.jpg,"[0,0,0,0,0,0,0,0,0,0,0,0,1,0,1,0,0,0,0,0]"
007600,voc/VOCdevkit/VOC2007/JPEGImages/007600.jpg,"[0,0,0,0,0,0,0,0,0,0,0,0,0,0,0,1,0,0,0,0]"
007601,voc/VOCdevkit/VOC2007/JPEGImages/007601.jpg,"[0,0,0,0,0,0,1,0,0,0,0,0,0,0,0,0,0,0,0,0]"
007605,voc/VOCdevkit/VOC2007/JPEGImages/007605.jpg,"[0,0,0,0,0,0,0,0,0,0,0,0,0,0,1,0,0,0,0,0]"
007606,voc/VOCdevkit/VOC2007/JPEGImages/007606.jpg,"[0,0,0,0,0,0,0,0,0,0,0,0,0,0,1,0,0,0,0,0]"
007611,voc/VOCdevkit/VOC2007/JPEGImages/007611.jpg,"[0,0,0,0,0,0,0,0,0,0,0,0,1,0,1,0,0,0,0,0]"
007614,voc/VOCdevkit/VOC2007/JPEGImages/007614.jpg,"[0,0,0,0,0,0,1,0,0,0,0,0,0,0,0,0,0,0,0,0]"
007615,voc/VOCdevkit/VOC2007/JPEGImages/007615.jpg,"[0,0,1,0,0,0,0,0,0,0,0,0,0,0,0,0,0,0,0,0]"
007619,voc/VOCdevkit/VOC2007/JPEGImages/007619.jpg,"[0,0,0,0,0,0,0,0,1,0,0,0,0,0,1,1,0,0,0,0]"
007621,voc/VOCdevkit/VOC2007/JPEGImages/007621.jpg,"[0,0,0,0,0,0,0,0,0,0,0,0,0,0,0,0,1,0,0,0]"
007622,voc/VOCdevkit/VOC2007/JPEGImages/007622.jpg,"[0,0,0,0,0,0,1,0,0,0,0,0,0,0,0,0,0,0,0,0]"
007624,voc/VOCdevkit/VOC2007/JPEGImages/007624.jpg,"[0,0,0,0,0,0,0,0,0,0,0,0,0,0,0,1,0,0,0,0]"
007626,voc/VOCdevkit/VOC2007/JPEGImages/007626.jpg,"[1,0,0,0,0,0,0,0,0,0,0,0,0,0,0,0,0,0,0,0]"
007629,voc/VOCdevkit/VOC2007/JPEGImages/007629.jpg,"[0,0,0,0,0,0,0,0,0,0,0,0,0,0,1,0,0,0,0,0]"
007631,voc/VOCdevkit/VOC2007/JPEGImages/007631.jpg,"[0,0,0,0,1,0,0,0,1,0,0,0,0,0,1,0,0,0,0,0]"
007637,voc/VOCdevkit/VOC2007/JPEGImages/007637.jpg,"[0,0,0,0,0,0,0,0,0,0,0,0,1,0,0,0,0,0,0,0]"
007639,voc/VOCdevkit/VOC2007/JPEGImages/007639.jpg,"[0,0,0,0,0,0,0,0,0,0,0,0,0,0,1,0,0,1,0,0]"
007640,voc/VOCdevkit/VOC2007/JPEGImages/007640.jpg,"[0,0,0,0,0,0,0,1,0,0,0,0,0,0,0,0,0,0,0,0]"
007642,voc/VOCdevkit/VOC2007/JPEGImages/007642.jpg,"[0,0,0,0,0,0,0,0,0,0,0,0,0,1,0,0,0,0,0,0]"
007649,voc/VOCdevkit/VOC2007/JPEGImages/007649.jpg,"[0,0,0,0,1,0,0,0,0,0,0,0,0,0,1,0,0,0,0,0]"
007650,voc/VOCdevkit/VOC2007/JPEGImages/007650.jpg,"[0,0,0,0,0,1,1,0,0,0,0,0,0,0,0,0,0,0,0,0]"
007653,voc/VOCdevkit/VOC2007/JPEGImages/007653.jpg,"[0,0,0,0,0,0,1,0,0,0,0,0,0,0,1,0,0,0,0,0]"
007655,voc/VOCdevkit/VOC2007/JPEGImages/007655.jpg,"[0,1,0,0,0,0,0,0,0,0,0,0,0,0,0,0,0,0,0,0]"
007656,voc/VOCdevkit/VOC2007/JPEGImages/007656.jpg,"[0,1,0,0,0,0,0,0,0,0,0,0,0,0,1,0,0,0,0,0]"
007657,voc/VOCdevkit/VOC2007/JPEGImages/007657.jpg,"[0,0,0,0,0,0,0,0,0,0,0,0,0,0,1,0,0,0,0,0]"
007662,voc/VOCdevkit/VOC2007/JPEGImages/007662.jpg,"[0,0,1,0,0,0,0,0,0,0,0,0,0,0,0,0,0,0,0,0]"
007664,voc/VOCdevkit/VOC2007/JPEGImages/007664.jpg,"[0,0,0,0,0,0,0,0,1,0,1,0,0,0,0,1,0,0,0,0]"
007666,voc/VOCdevkit/VOC2007/JPEGImages/007666.jpg,"[0,0,0,0,0,0,0,0,0,0,0,0,0,0,0,0,0,0,1,0]"
007667,voc/VOCdevkit/VOC2007/JPEGImages/007667.jpg,"[0,0,0,0,0,0,1,0,0,0,0,0,0,0,0,0,0,0,0,0]"
007668,voc/VOCdevkit/VOC2007/JPEGImages/007668.jpg,"[0,0,0,0,0,0,0,0,0,0,0,0,0,0,1,0,0,0,0,0]"
007670,voc/VOCdevkit/VOC2007/JPEGImages/007670.jpg,"[0,0,0,0,0,0,0,0,0,0,0,0,0,1,0,0,0,0,0,0]"
007673,voc/VOCdevkit/VOC2007/JPEGImages/007673.jpg,"[0,0,0,0,0,0,0,0,0,0,1,0,0,0,0,1,0,1,0,0]"
007675,voc/VOCdevkit/VOC2007/JPEGImages/007675.jpg,"[0,0,0,0,0,0,0,0,0,0,0,0,0,0,1,0,0,0,0,0]"
007677,voc/VOCdevkit/VOC2007/JPEGImages/007677.jpg,"[1,0,0,0,0,0,0,0,0,0,0,0,0,0,0,0,0,0,0,0]"
007680,voc/VOCdevkit/VOC2007/JPEGImages/007680.jpg,"[0,0,1,0,0,0,0,0,0,0,0,0,0,0,0,0,0,0,0,0]"
007682,voc/VOCdevkit/VOC2007/JPEGImages/007682.jpg,"[0,0,0,0,0,0,0,1,0,0,0,0,0,0,0,0,0,0,0,0]"
007683,voc/VOCdevkit/VOC2007/JPEGImages/007683.jpg,"[0,0,0,0,0,0,0,0,0,0,0,1,0,0,1,0,0,0,0,0]"
007685,voc/VOCdevkit/VOC2007/JPEGImages/007685.jpg,"[0,0,0,1,0,0,0,0,0,0,0,0,0,0,0,0,0,0,0,0]"
007687,voc/VOCdevkit/VOC2007/JPEGImages/007687.jpg,"[0,0,0,0,0,0,0,0,0,0,0,1,0,0,1,0,0,0,0,0]"
007688,voc/VOCdevkit/VOC2007/JPEGImages/007688.jpg,"[0,0,0,0,0,0,0,0,0,0,0,0,0,1,0,0,0,0,0,0]"
007692,voc/VOCdevkit/VOC2007/JPEGImages/007692.jpg,"[0,0,0,0,0,0,0,0,0,0,0,1,0,0,0,0,0,0,0,0]"
007694,voc/VOCdevkit/VOC2007/JPEGImages/007694.jpg,"[0,0,0,0,0,0,0,0,0,0,0,1,0,0,1,0,0,0,0,0]"
007696,voc/VOCdevkit/VOC2007/JPEGImages/007696.jpg,"[0,0,0,0,0,0,0,0,0,0,0,0,0,0,0,0,0,0,1,0]"
007697,voc/VOCdevkit/VOC2007/JPEGImages/007697.jpg,"[0,0,0,0,0,0,0,0,0,0,0,0,1,0,1,0,0,0,0,0]"
007699,voc/VOCdevkit/VOC2007/JPEGImages/007699.jpg,"[0,0,0,0,0,0,1,0,0,0,0,0,0,0,1,0,0,0,0,0]"
007704,voc/VOCdevkit/VOC2007/JPEGImages/007704.jpg,"[0,0,0,0,0,0,0,0,0,0,0,0,0,0,0,1,0,1,0,0]"
007705,voc/VOCdevkit/VOC2007/JPEGImages/007705.jpg,"[0,0,0,0,0,0,0,0,0,0,0,1,1,0,0,0,0,0,0,0]"
007709,voc/VOCdevkit/VOC2007/JPEGImages/007709.jpg,"[0,1,0,0,0,0,1,0,0,0,0,0,0,0,1,0,0,0,0,0]"
007713,voc/VOCdevkit/VOC2007/JPEGImages/007713.jpg,"[0,0,1,0,0,0,0,0,0,0,0,0,0,0,0,0,0,0,0,0]"
007715,voc/VOCdevkit/VOC2007/JPEGImages/007715.jpg,"[0,0,0,0,0,0,0,0,0,0,0,0,0,0,0,1,0,0,0,0]"
007718,voc/VOCdevkit/VOC2007/JPEGImages/007718.jpg,"[0,0,0,1,0,0,0,0,0,0,0,0,0,0,1,0,0,0,0,0]"
007720,voc/VOCdevkit/VOC2007/JPEGImages/007720.jpg,"[0,0,0,0,0,0,0,1,1,0,1,0,0,0,0,0,0,0,0,0]"
007721,voc/VOCdevkit/VOC2007/JPEGImages/007721.jpg,"[0,0,1,0,0,0,1,0,0,0,0,0,0,0,0,0,0,0,0,0]"
007723,voc/VOCdevkit/VOC2007/JPEGImages/007723.jpg,"[1,0,0,0,0,0,0,0,0,0,0,0,0,0,1,0,0,0,0,0]"
007724,voc/VOCdevkit/VOC2007/JPEGImages/007724.jpg,"[0,0,0,0,0,0,0,0,1,0,0,0,0,0,0,0,0,0,0,0]"
007727,voc/VOCdevkit/VOC2007/JPEGImages/007727.jpg,"[0,0,0,0,0,0,0,0,0,0,0,0,1,0,1,0,0,0,0,0]"
007729,voc/VOCdevkit/VOC2007/JPEGImages/007729.jpg,"[0,0,0,0,0,0,0,0,0,0,0,0,0,0,0,0,0,0,0,1]"
007731,voc/VOCdevkit/VOC2007/JPEGImages/007731.jpg,"[0,0,0,0,0,0,1,0,0,0,0,0,0,0,0,0,0,0,0,0]"
007732,voc/VOCdevkit/VOC2007/JPEGImages/007732.jpg,"[0,0,0,0,0,0,0,0,1,0,0,0,0,0,0,0,0,0,0,1]"
007735,voc/VOCdevkit/VOC2007/JPEGImages/007735.jpg,"[0,0,0,0,0,0,0,0,1,0,1,0,0,0,1,0,0,0,0,0]"
007736,voc/VOCdevkit/VOC2007/JPEGImages/007736.jpg,"[0,0,0,0,0,1,1,0,0,0,0,0,0,0,0,0,0,0,0,0]"
007740,voc/VOCdevkit/VOC2007/JPEGImages/007740.jpg,"[0,0,0,0,1,0,0,0,0,0,0,0,0,0,0,0,0,0,0,0]"
007742,voc/VOCdevkit/VOC2007/JPEGImages/007742.jpg,"[0,0,0,0,0,0,0,0,0,0,0,0,0,0,0,0,0,0,1,0]"
007745,voc/VOCdevkit/VOC2007/JPEGImages/007745.jpg,"[0,0,0,0,0,0,1,0,0,0,0,0,0,0,1,0,0,0,0,0]"
007746,voc/VOCdevkit/VOC2007/JPEGImages/007746.jpg,"[0,0,0,0,0,0,0,0,0,0,0,0,0,0,1,0,0,0,0,0]"
007748,voc/VOCdevkit/VOC2007/JPEGImages/007748.jpg,"[0,0,0,0,0,0,0,0,0,0,0,0,1,0,1,0,0,0,0,0]"
007749,voc/VOCdevkit/VOC2007/JPEGImages/007749.jpg,"[0,0,0,0,0,0,0,0,0,0,0,1,0,0,0,0,0,0,0,0]"
007753,voc/VOCdevkit/VOC2007/JPEGImages/007753.jpg,"[0,0,0,0,0,0,0,1,0,0,0,0,0,0,0,0,0,0,0,0]"
007754,voc/VOCdevkit/VOC2007/JPEGImages/007754.jpg,"[0,0,0,0,0,0,0,0,1,0,0,0,0,0,0,0,0,0,0,1]"
007760,voc/VOCdevkit/VOC2007/JPEGImages/007760.jpg,"[0,0,0,0,0,0,0,0,0,0,0,1,0,0,1,0,0,0,0,0]"
007762,voc/VOCdevkit/VOC2007/JPEGImages/007762.jpg,"[0,0,0,0,1,0,0,1,1,0,0,0,0,0,0,0,0,0,0,1]"
007763,voc/VOCdevkit/VOC2007/JPEGImages/007763.jpg,"[0,0,0,0,0,0,0,0,0,0,0,0,0,0,1,0,0,0,0,0]"
007765,voc/VOCdevkit/VOC2007/JPEGImages/007765.jpg,"[0,0,1,0,0,0,0,0,0,0,0,0,0,0,0,0,0,0,0,0]"
007768,voc/VOCdevkit/VOC2007/JPEGImages/007768.jpg,"[0,0,0,0,0,0,0,0,0,0,0,0,0,0,1,0,0,0,0,0]"
007773,voc/VOCdevkit/VOC2007/JPEGImages/007773.jpg,"[0,0,0,0,0,1,0,0,0,0,0,0,0,0,0,0,0,0,0,0]"
007775,voc/VOCdevkit/VOC2007/JPEGImages/007775.jpg,"[0,0,0,0,0,0,0,0,0,0,0,1,0,0,0,0,0,0,0,0]"
007776,voc/VOCdevkit/VOC2007/JPEGImages/007776.jpg,"[0,0,0,0,0,0,0,0,0,0,0,0,0,0,0,0,0,0,1,0]"
007777,voc/VOCdevkit/VOC2007/JPEGImages/007777.jpg,"[0,0,0,0,0,0,0,0,0,0,1,0,0,0,1,0,0,0,0,0]"
007779,voc/VOCdevkit/VOC2007/JPEGImages/007779.jpg,"[0,0,0,0,0,0,1,0,0,0,0,0,0,0,0,0,0,0,0,0]"
007781,voc/VOCdevkit/VOC2007/JPEGImages/007781.jpg,"[0,0,0,0,0,0,0,0,0,0,0,0,0,0,0,1,0,0,0,0]"
007786,voc/VOCdevkit/VOC2007/JPEGImages/007786.jpg,"[0,0,0,0,0,0,0,0,0,1,0,0,0,0,1,0,0,0,0,0]"
007790,voc/VOCdevkit/VOC2007/JPEGImages/007790.jpg,"[0,0,0,0,1,0,1,0,1,0,0,0,0,0,0,0,0,0,0,0]"
007791,voc/VOCdevkit/VOC2007/JPEGImages/007791.jpg,"[0,0,0,0,0,0,0,0,0,0,0,1,0,0,0,0,0,0,0,0]"
007793,voc/VOCdevkit/VOC2007/JPEGImages/007793.jpg,"[0,0,0,0,0,0,0,0,0,0,0,0,0,1,1,0,0,0,0,0]"
007795,voc/VOCdevkit/VOC2007/JPEGImages/007795.jpg,"[0,0,0,0,0,0,0,0,1,0,0,0,0,0,1,1,0,0,0,0]"
007798,voc/VOCdevkit/VOC2007/JPEGImages/007798.jpg,"[0,0,0,0,1,0,0,0,0,0,0,0,0,0,0,0,0,0,0,0]"
007799,voc/VOCdevkit/VOC2007/JPEGImages/007799.jpg,"[0,0,0,0,0,0,0,0,1,0,1,0,0,0,1,0,0,1,0,0]"
007803,voc/VOCdevkit/VOC2007/JPEGImages/007803.jpg,"[0,0,0,1,0,0,0,0,0,0,0,0,0,0,0,0,0,0,0,0]"
007809,voc/VOCdevkit/VOC2007/JPEGImages/007809.jpg,"[0,0,0,0,0,0,0,0,0,0,0,0,1,0,1,0,0,0,0,0]"
007810,voc/VOCdevkit/VOC2007/JPEGImages/007810.jpg,"[0,0,0,0,0,0,0,0,0,0,1,0,0,0,1,0,0,0,0,0]"
007812,voc/VOCdevkit/VOC2007/JPEGImages/007812.jpg,"[0,0,0,0,0,0,0,0,1,0,0,0,0,0,0,0,0,0,0,0]"
007813,voc/VOCdevkit/VOC2007/JPEGImages/007813.jpg,"[0,0,0,0,0,0,0,0,0,0,1,1,0,0,1,0,0,0,0,0]"
007814,voc/VOCdevkit/VOC2007/JPEGImages/007814.jpg,"[0,0,0,0,0,0,0,0,0,0,0,0,0,0,1,1,0,0,0,0]"
007815,voc/VOCdevkit/VOC2007/JPEGImages/007815.jpg,"[0,0,0,0,0,0,1,0,0,0,0,0,0,0,1,0,0,0,0,0]"
007819,voc/VOCdevkit/VOC2007/JPEGImages/007819.jpg,"[0,0,0,0,0,0,1,0,0,0,0,0,0,0,0,0,0,0,1,0]"
007820,voc/VOCdevkit/VOC2007/JPEGImages/007820.jpg,"[1,0,0,0,0,0,0,0,0,0,0,0,0,0,0,0,0,0,0,0]"
007821,voc/VOCdevkit/VOC2007/JPEGImages/007821.jpg,"[0,0,0,0,0,0,1,0,0,0,0,0,0,0,1,0,0,0,0,0]"
007824,voc/VOCdevkit/VOC2007/JPEGImages/007824.jpg,"[0,0,0,0,0,0,0,1,0,0,0,0,0,0,0,0,0,0,0,0]"
007831,voc/VOCdevkit/VOC2007/JPEGImages/007831.jpg,"[0,0,1,0,0,0,0,0,0,0,0,0,0,0,0,0,0,0,0,0]"
007833,voc/VOCdevkit/VOC2007/JPEGImages/007833.jpg,"[0,0,1,1,0,0,0,0,0,0,0,0,0,0,0,0,0,0,0,0]"
007834,voc/VOCdevkit/VOC2007/JPEGImages/007834.jpg,"[0,0,0,0,0,0,0,0,0,0,0,1,0,0,0,0,0,0,0,0]"
007836,voc/VOCdevkit/VOC2007/JPEGImages/007836.jpg,"[0,1,0,0,0,0,0,0,0,0,0,0,0,0,1,0,0,0,0,0]"
007838,voc/VOCdevkit/VOC2007/JPEGImages/007838.jpg,"[0,0,0,0,0,0,0,0,0,0,0,1,0,0,0,0,0,0,0,0]"
007840,voc/VOCdevkit/VOC2007/JPEGImages/007840.jpg,"[0,0,1,0,0,0,0,0,0,0,0,0,0,0,0,0,0,0,0,0]"
007841,voc/VOCdevkit/VOC2007/JPEGImages/007841.jpg,"[0,0,0,0,0,0,0,0,0,0,0,1,0,0,1,0,0,0,0,0]"
007845,voc/VOCdevkit/VOC2007/JPEGImages/007845.jpg,"[0,0,1,0,0,0,0,0,0,0,0,0,0,0,0,0,0,0,0,0]"
007854,voc/VOCdevkit/VOC2007/JPEGImages/007854.jpg,"[0,1,0,0,0,0,0,0,0,0,0,0,0,0,0,0,0,0,0,0]"
007855,voc/VOCdevkit/VOC2007/JPEGImages/007855.jpg,"[0,0,0,0,0,1,1,0,0,0,0,0,0,0,0,0,0,0,0,0]"
007856,voc/VOCdevkit/VOC2007/JPEGImages/007856.jpg,"[0,0,0,0,0,0,1,0,0,0,0,0,0,0,1,0,0,0,0,0]"
007857,voc/VOCdevkit/VOC2007/JPEGImages/007857.jpg,"[1,0,0,0,0,0,0,0,0,0,0,0,0,0,0,0,0,0,0,0]"
007859,voc/VOCdevkit/VOC2007/JPEGImages/007859.jpg,"[0,0,0,0,0,0,0,0,0,0,0,0,0,0,0,0,1,0,0,0]"
007865,voc/VOCdevkit/VOC2007/JPEGImages/007865.jpg,"[0,0,0,0,0,0,0,0,1,0,0,0,0,0,0,1,0,0,0,0]"
007868,voc/VOCdevkit/VOC2007/JPEGImages/007868.jpg,"[0,0,0,0,0,0,0,1,0,0,0,0,0,0,0,0,0,0,0,0]"
007869,voc/VOCdevkit/VOC2007/JPEGImages/007869.jpg,"[0,0,1,0,0,0,0,0,0,0,0,0,0,0,0,0,0,0,0,0]"
007872,voc/VOCdevkit/VOC2007/JPEGImages/007872.jpg,"[0,0,0,0,0,0,0,0,0,0,1,0,0,0,1,0,0,0,0,0]"
007873,voc/VOCdevkit/VOC2007/JPEGImages/007873.jpg,"[0,0,0,0,0,0,0,0,0,0,0,0,0,0,0,0,0,1,0,0]"
007877,voc/VOCdevkit/VOC2007/JPEGImages/007877.jpg,"[0,0,0,0,0,0,0,0,0,0,0,0,0,0,1,0,0,0,0,0]"
007884,voc/VOCdevkit/VOC2007/JPEGImages/007884.jpg,"[0,1,0,0,0,0,0,0,0,0,0,0,0,0,1,0,0,0,0,0]"
007885,voc/VOCdevkit/VOC2007/JPEGImages/007885.jpg,"[0,0,0,0,0,0,0,1,0,0,0,0,0,0,0,0,0,0,0,0]"
007886,voc/VOCdevkit/VOC2007/JPEGImages/007886.jpg,"[0,0,1,0,0,0,0,0,0,0,0,0,0,0,0,0,0,0,0,0]"
007890,voc/VOCdevkit/VOC2007/JPEGImages/007890.jpg,"[0,0,0,0,0,0,0,0,0,0,0,0,0,0,0,1,0,0,0,0]"
007897,voc/VOCdevkit/VOC2007/JPEGImages/007897.jpg,"[0,0,0,0,0,0,0,0,0,0,0,0,0,1,1,0,0,0,0,0]"
007898,voc/VOCdevkit/VOC2007/JPEGImages/007898.jpg,"[0,0,0,0,0,0,1,0,0,0,0,0,0,0,0,0,0,0,0,0]"
007900,voc/VOCdevkit/VOC2007/JPEGImages/007900.jpg,"[0,0,0,0,0,0,0,0,0,0,0,1,0,0,0,0,0,1,0,0]"
007901,voc/VOCdevkit/VOC2007/JPEGImages/007901.jpg,"[0,0,0,0,0,0,0,0,0,0,0,0,0,0,1,0,0,0,0,0]"
007902,voc/VOCdevkit/VOC2007/JPEGImages/007902.jpg,"[0,0,0,0,0,0,0,0,0,0,0,0,0,1,1,0,0,0,0,0]"
007905,voc/VOCdevkit/VOC2007/JPEGImages/007905.jpg,"[0,0,0,0,0,0,1,0,0,0,0,0,0,0,0,0,0,0,0,0]"
007908,voc/VOCdevkit/VOC2007/JPEGImages/007908.jpg,"[0,0,0,0,0,1,0,0,0,0,0,0,0,0,0,0,0,0,0,0]"
007911,voc/VOCdevkit/VOC2007/JPEGImages/007911.jpg,"[0,0,0,0,0,0,0,0,0,0,0,0,0,1,1,0,0,0,0,0]"
007915,voc/VOCdevkit/VOC2007/JPEGImages/007915.jpg,"[0,0,0,0,0,0,0,0,0,0,0,0,0,0,1,0,0,0,0,1]"
007916,voc/VOCdevkit/VOC2007/JPEGImages/007916.jpg,"[1,0,0,0,0,0,0,0,0,0,0,0,0,0,0,0,0,0,0,0]"
007919,voc/VOCdevkit/VOC2007/JPEGImages/007919.jpg,"[0,0,0,0,0,0,0,0,0,0,0,0,1,0,1,0,0,0,0,0]"
007920,voc/VOCdevkit/VOC2007/JPEGImages/007920.jpg,"[0,0,0,0,0,1,0,0,0,0,0,0,0,0,0,0,0,0,0,0]"
007923,voc/VOCdevkit/VOC2007/JPEGImages/007923.jpg,"[0,0,0,0,0,0,0,0,1,0,0,0,0,0,0,0,0,1,0,0]"
007924,voc/VOCdevkit/VOC2007/JPEGImages/007924.jpg,"[0,0,1,0,0,0,0,0,0,0,0,0,0,0,0,0,0,0,0,0]"
007925,voc/VOCdevkit/VOC2007/JPEGImages/007925.jpg,"[0,1,0,0,0,0,0,0,0,0,0,0,0,0,0,1,0,0,0,0]"
007926,voc/VOCdevkit/VOC2007/JPEGImages/007926.jpg,"[0,0,0,0,0,0,0,0,0,0,0,0,0,0,0,0,0,0,1,0]"
007928,voc/VOCdevkit/VOC2007/JPEGImages/007928.jpg,"[0,0,0,0,0,0,0,0,0,0,0,0,0,0,1,0,0,0,0,0]"
007931,voc/VOCdevkit/VOC2007/JPEGImages/007931.jpg,"[0,0,0,0,0,0,1,0,0,0,0,0,0,0,1,0,0,0,1,0]"
007932,voc/VOCdevkit/VOC2007/JPEGImages/007932.jpg,"[0,0,0,0,0,0,1,0,0,0,0,0,0,0,1,0,0,0,0,0]"
007933,voc/VOCdevkit/VOC2007/JPEGImages/007933.jpg,"[0,1,0,0,0,0,0,0,0,0,0,0,0,0,0,0,0,0,0,0]"
007935,voc/VOCdevkit/VOC2007/JPEGImages/007935.jpg,"[0,0,0,0,0,0,0,0,0,0,0,1,0,0,0,0,0,1,0,0]"
007939,voc/VOCdevkit/VOC2007/JPEGImages/007939.jpg,"[0,0,0,0,0,0,0,0,0,1,0,0,0,0,0,0,0,0,0,0]"
007940,voc/VOCdevkit/VOC2007/JPEGImages/007940.jpg,"[0,0,0,0,0,0,0,0,0,0,0,0,0,0,1,0,0,0,0,0]"
007943,voc/VOCdevkit/VOC2007/JPEGImages/007943.jpg,"[0,0,0,0,0,0,0,0,0,0,0,0,0,0,1,0,0,0,0,0]"
007946,voc/VOCdevkit/VOC2007/JPEGImages/007946.jpg,"[0,0,0,0,0,0,0,0,0,0,0,1,0,0,1,0,0,0,0,0]"
007947,voc/VOCdevkit/VOC2007/JPEGImages/007947.jpg,"[0,0,0,0,0,0,0,0,0,0,0,0,0,0,0,0,0,0,1,0]"
007950,voc/VOCdevkit/VOC2007/JPEGImages/007950.jpg,"[0,0,0,0,0,0,1,0,0,0,0,0,0,0,0,0,0,0,0,0]"
007953,voc/VOCdevkit/VOC2007/JPEGImages/007953.jpg,"[0,1,0,0,0,0,0,0,0,0,0,0,0,0,1,0,0,0,0,0]"
007956,voc/VOCdevkit/VOC2007/JPEGImages/007956.jpg,"[0,0,0,0,0,0,0,0,0,0,1,0,0,0,0,1,0,0,0,0]"
007958,voc/VOCdevkit/VOC2007/JPEGImages/007958.jpg,"[0,0,0,0,0,0,0,1,0,0,0,0,0,0,0,0,0,1,0,0]"
007964,voc/VOCdevkit/VOC2007/JPEGImages/007964.jpg,"[0,0,0,0,0,0,1,0,0,0,0,0,0,0,1,0,0,0,0,0]"
007970,voc/VOCdevkit/VOC2007/JPEGImages/007970.jpg,"[0,0,0,0,0,0,1,0,0,0,0,0,0,0,1,0,0,0,0,0]"
007971,voc/VOCdevkit/VOC2007/JPEGImages/007971.jpg,"[0,0,0,0,0,0,1,0,0,0,0,0,0,0,1,0,0,0,0,0]"
007974,voc/VOCdevkit/VOC2007/JPEGImages/007974.jpg,"[0,0,0,0,0,0,0,1,0,0,0,0,0,0,0,0,0,0,0,0]"
007976,voc/VOCdevkit/VOC2007/JPEGImages/007976.jpg,"[1,0,0,0,0,0,0,0,0,0,0,0,0,0,0,0,0,0,0,0]"
007979,voc/VOCdevkit/VOC2007/JPEGImages/007979.jpg,"[0,0,0,0,0,0,0,0,0,1,0,0,0,0,1,0,0,0,0,0]"
007980,voc/VOCdevkit/VOC2007/JPEGImages/007980.jpg,"[0,0,0,1,0,0,0,0,0,0,0,0,0,0,0,0,0,0,0,0]"
007984,voc/VOCdevkit/VOC2007/JPEGImages/007984.jpg,"[0,0,0,0,0,0,0,0,0,0,0,0,0,1,1,0,0,0,0,0]"
007991,voc/VOCdevkit/VOC2007/JPEGImages/007991.jpg,"[0,0,1,0,0,0,0,0,0,0,0,0,0,0,0,0,0,0,0,0]"
007996,voc/VOCdevkit/VOC2007/JPEGImages/007996.jpg,"[0,0,0,0,0,0,0,0,1,0,0,0,0,0,1,0,0,1,0,1]"
007997,voc/VOCdevkit/VOC2007/JPEGImages/007997.jpg,"[0,0,0,0,0,0,0,0,0,0,0,0,0,0,1,0,0,0,0,0]"
007998,voc/VOCdevkit/VOC2007/JPEGImages/007998.jpg,"[0,0,0,0,0,0,0,0,0,0,0,0,0,0,1,0,0,0,0,0]"
008001,voc/VOCdevkit/VOC2007/JPEGImages/008001.jpg,"[0,0,0,0,0,0,1,0,0,0,0,0,0,0,0,0,0,0,0,0]"
008002,voc/VOCdevkit/VOC2007/JPEGImages/008002.jpg,"[0,0,0,0,0,0,0,0,0,0,0,0,0,0,1,0,0,0,0,0]"
008004,voc/VOCdevkit/VOC2007/JPEGImages/008004.jpg,"[0,0,0,0,0,1,0,0,0,0,0,0,0,0,0,0,0,0,0,0]"
008008,voc/VOCdevkit/VOC2007/JPEGImages/008008.jpg,"[0,0,0,0,0,0,0,0,0,0,0,0,0,1,1,0,0,0,0,0]"
008009,voc/VOCdevkit/VOC2007/JPEGImages/008009.jpg,"[0,0,0,0,0,0,0,0,0,0,0,1,0,0,0,0,0,0,0,0]"
008012,voc/VOCdevkit/VOC2007/JPEGImages/008012.jpg,"[0,0,0,0,0,0,0,0,0,0,0,0,0,0,0,1,0,0,0,0]"
008017,voc/VOCdevkit/VOC2007/JPEGImages/008017.jpg,"[0,0,1,0,0,0,0,0,0,0,0,0,0,0,0,0,0,0,0,0]"
008023,voc/VOCdevkit/VOC2007/JPEGImages/008023.jpg,"[0,1,0,0,0,1,0,0,0,0,0,0,0,0,1,0,0,0,0,0]"
008024,voc/VOCdevkit/VOC2007/JPEGImages/008024.jpg,"[1,0,0,0,0,0,0,0,0,0,0,0,0,0,1,0,0,0,0,0]"
008031,voc/VOCdevkit/VOC2007/JPEGImages/008031.jpg,"[0,0,0,0,0,0,1,0,0,0,0,0,0,0,0,0,0,0,0,0]"
008036,voc/VOCdevkit/VOC2007/JPEGImages/008036.jpg,"[0,0,0,0,0,0,0,0,0,0,0,1,0,0,0,0,0,0,0,0]"
008040,voc/VOCdevkit/VOC2007/JPEGImages/008040.jpg,"[0,0,0,0,0,0,0,0,0,0,0,0,1,0,1,0,0,0,0,0]"
008042,voc/VOCdevkit/VOC2007/JPEGImages/008042.jpg,"[0,0,0,0,1,0,0,0,0,0,0,0,0,0,1,0,0,1,0,0]"
008043,voc/VOCdevkit/VOC2007/JPEGImages/008043.jpg,"[0,0,0,0,0,0,0,0,0,0,0,0,0,0,1,1,0,0,0,0]"
008044,voc/VOCdevkit/VOC2007/JPEGImages/008044.jpg,"[0,0,0,0,0,1,1,0,0,0,0,0,0,0,0,0,0,0,0,0]"
008048,voc/VOCdevkit/VOC2007/JPEGImages/008048.jpg,"[0,0,0,0,0,0,0,0,0,0,0,0,0,0,1,0,0,0,0,0]"
008051,voc/VOCdevkit/VOC2007/JPEGImages/008051.jpg,"[0,0,1,0,0,0,0,0,0,0,0,0,0,0,0,0,0,0,0,0]"
008053,voc/VOCdevkit/VOC2007/JPEGImages/008053.jpg,"[0,0,1,0,0,0,0,0,0,0,0,0,0,0,1,0,0,0,0,0]"
008057,voc/VOCdevkit/VOC2007/JPEGImages/008057.jpg,"[0,0,0,0,0,0,1,0,0,0,0,0,0,0,0,0,0,0,0,0]"
008060,voc/VOCdevkit/VOC2007/JPEGImages/008060.jpg,"[0,0,0,0,0,0,1,0,0,0,0,0,0,0,0,0,0,0,0,0]"
008061,voc/VOCdevkit/VOC2007/JPEGImages/008061.jpg,"[0,0,0,0,1,0,0,0,0,0,0,0,0,0,0,0,0,0,0,0]"
008062,voc/VOCdevkit/VOC2007/JPEGImages/008062.jpg,"[0,0,1,0,0,0,0,0,0,0,0,0,0,0,0,0,0,0,0,0]"
008063,voc/VOCdevkit/VOC2007/JPEGImages/008063.jpg,"[0,0,0,0,0,0,0,0,1,0,0,0,0,0,0,0,0,0,0,0]"
008064,voc/VOCdevkit/VOC2007/JPEGImages/008064.jpg,"[0,0,1,0,0,0,0,0,0,0,0,0,0,0,0,1,0,0,0,0]"
008067,voc/VOCdevkit/VOC2007/JPEGImages/008067.jpg,"[0,0,0,0,0,0,0,0,0,0,0,0,0,0,0,0,0,0,0,1]"
008068,voc/VOCdevkit/VOC2007/JPEGImages/008068.jpg,"[0,0,1,0,0,0,0,0,0,0,0,0,0,0,0,0,0,0,0,0]"
008069,voc/VOCdevkit/VOC2007/JPEGImages/008069.jpg,"[0,0,0,0,0,0,0,0,0,0,0,0,1,0,1,0,0,0,0,0]"
008072,voc/VOCdevkit/VOC2007/JPEGImages/008072.jpg,"[0,0,0,0,0,0,0,0,1,0,1,0,0,0,1,0,0,0,0,0]"
008079,voc/VOCdevkit/VOC2007/JPEGImages/008079.jpg,"[0,0,0,0,0,0,1,0,0,0,0,1,0,0,1,0,0,0,0,0]"
008083,voc/VOCdevkit/VOC2007/JPEGImages/008083.jpg,"[0,0,0,0,0,0,0,0,0,0,0,0,0,0,1,0,0,1,0,0]"
008084,voc/VOCdevkit/VOC2007/JPEGImages/008084.jpg,"[0,0,1,0,0,0,0,0,0,0,0,0,0,0,0,0,0,0,0,0]"
008086,voc/VOCdevkit/VOC2007/JPEGImages/008086.jpg,"[0,0,0,0,0,0,0,0,0,0,0,0,0,0,1,0,0,0,1,0]"
008087,voc/VOCdevkit/VOC2007/JPEGImages/008087.jpg,"[0,0,0,0,0,0,1,0,0,0,0,0,0,0,0,0,0,0,0,0]"
008095,voc/VOCdevkit/VOC2007/JPEGImages/008095.jpg,"[0,0,0,0,0,0,0,0,0,0,0,0,0,0,0,0,0,0,1,0]"
008096,voc/VOCdevkit/VOC2007/JPEGImages/008096.jpg,"[0,1,0,0,0,0,0,0,0,0,0,0,0,0,1,0,0,0,0,0]"
008098,voc/VOCdevkit/VOC2007/JPEGImages/008098.jpg,"[0,0,0,0,0,1,1,0,0,0,0,0,0,0,0,0,0,0,0,0]"
008100,voc/VOCdevkit/VOC2007/JPEGImages/008100.jpg,"[0,0,0,0,0,0,0,1,0,0,0,0,0,0,0,0,0,0,0,0]"
008101,voc/VOCdevkit/VOC2007/JPEGImages/008101.jpg,"[1,0,0,0,0,0,0,0,0,0,0,0,0,0,0,0,0,0,0,0]"
008103,voc/VOCdevkit/VOC2007/JPEGImages/008103.jpg,"[0,0,0,0,0,0,0,0,0,0,0,0,0,0,1,0,0,1,0,0]"
008105,voc/VOCdevkit/VOC2007/JPEGImages/008105.jpg,"[0,0,0,0,0,0,1,0,0,0,0,0,0,0,1,0,0,0,0,0]"
008107,voc/VOCdevkit/VOC2007/JPEGImages/008107.jpg,"[1,0,0,0,0,0,0,0,0,0,0,0,0,0,0,0,0,0,0,0]"
008108,voc/VOCdevkit/VOC2007/JPEGImages/008108.jpg,"[0,0,0,0,0,0,1,0,0,0,0,0,0,1,1,0,0,0,0,0]"
008112,voc/VOCdevkit/VOC2007/JPEGImages/008112.jpg,"[0,0,0,1,0,0,0,0,0,0,0,0,0,0,0,0,0,0,0,0]"
008115,voc/VOCdevkit/VOC2007/JPEGImages/008115.jpg,"[0,0,0,0,0,0,0,0,0,0,0,1,0,0,0,0,0,0,0,0]"
008116,voc/VOCdevkit/VOC2007/JPEGImages/008116.jpg,"[0,0,0,0,0,0,0,0,0,0,0,0,0,0,0,0,1,0,0,0]"
008117,voc/VOCdevkit/VOC2007/JPEGImages/008117.jpg,"[0,0,1,0,0,0,0,0,0,0,0,0,0,0,0,0,0,0,0,0]"
008122,voc/VOCdevkit/VOC2007/JPEGImages/008122.jpg,"[0,0,0,0,0,0,0,0,1,0,1,0,0,0,1,0,0,0,0,0]"
008125,voc/VOCdevkit/VOC2007/JPEGImages/008125.jpg,"[0,0,0,0,0,1,0,0,0,0,0,0,0,0,1,0,0,0,0,0]"
008127,voc/VOCdevkit/VOC2007/JPEGImages/008127.jpg,"[0,0,0,0,0,0,0,0,1,0,1,0,0,0,1,1,0,0,0,0]"
008132,voc/VOCdevkit/VOC2007/JPEGImages/008132.jpg,"[1,0,0,0,0,0,0,0,0,0,0,0,0,0,1,0,0,0,0,0]"
008137,voc/VOCdevkit/VOC2007/JPEGImages/008137.jpg,"[0,0,0,0,1,0,0,0,0,0,0,0,0,0,1,0,0,0,0,0]"
008138,voc/VOCdevkit/VOC2007/JPEGImages/008138.jpg,"[0,0,1,0,0,0,0,0,0,0,0,0,0,0,0,0,0,0,0,0]"
008139,voc/VOCdevkit/VOC2007/JPEGImages/008139.jpg,"[0,0,0,0,1,0,0,0,0,0,0,0,0,0,1,0,0,0,0,0]"
008140,voc/VOCdevkit/VOC2007/JPEGImages/008140.jpg,"[0,0,0,0,0,0,0,0,0,0,0,0,0,0,0,1,0,0,0,0]"
008141,voc/VOCdevkit/VOC2007/JPEGImages/008141.jpg,"[0,0,0,0,1,0,0,0,1,0,0,0,0,0,0,0,0,0,0,0]"
008142,voc/VOCdevkit/VOC2007/JPEGImages/008142.jpg,"[0,0,0,0,0,0,0,0,0,0,0,0,1,0,1,0,0,0,0,0]"
008150,voc/VOCdevkit/VOC2007/JPEGImages/008150.jpg,"[0,0,0,0,0,0,0,0,0,0,0,0,0,0,0,0,1,0,0,0]"
008151,voc/VOCdevkit/VOC2007/JPEGImages/008151.jpg,"[0,0,0,0,0,0,0,0,1,0,0,0,0,0,0,0,0,1,0,0]"
008159,voc/VOCdevkit/VOC2007/JPEGImages/008159.jpg,"[0,0,0,0,0,0,0,0,1,0,1,0,0,0,0,0,0,0,0,0]"
008160,voc/VOCdevkit/VOC2007/JPEGImages/008160.jpg,"[0,0,0,0,0,0,1,0,0,0,0,0,0,0,1,0,0,0,0,0]"
008163,voc/VOCdevkit/VOC2007/JPEGImages/008163.jpg,"[0,0,0,1,0,0,0,0,0,0,0,0,0,0,1,0,0,0,0,0]"
008164,voc/VOCdevkit/VOC2007/JPEGImages/008164.jpg,"[0,0,0,0,1,0,0,0,0,0,0,0,0,0,1,0,0,0,0,0]"
008166,voc/VOCdevkit/VOC2007/JPEGImages/008166.jpg,"[0,0,0,1,0,0,0,0,0,0,0,0,0,0,0,0,0,0,0,0]"
008169,voc/VOCdevkit/VOC2007/JPEGImages/008169.jpg,"[0,0,0,0,0,0,1,1,0,0,0,0,0,0,0,0,0,0,0,0]"
008171,voc/VOCdevkit/VOC2007/JPEGImages/008171.jpg,"[0,0,0,0,0,0,0,0,1,0,1,0,0,0,1,1,0,0,0,0]"
008174,voc/VOCdevkit/VOC2007/JPEGImages/008174.jpg,"[0,0,0,0,0,0,1,0,0,0,0,0,0,0,0,0,0,0,0,0]"
008175,voc/VOCdevkit/VOC2007/JPEGImages/008175.jpg,"[0,0,0,0,0,0,0,0,0,0,0,0,0,0,1,0,0,1,0,0]"
008177,voc/VOCdevkit/VOC2007/JPEGImages/008177.jpg,"[0,0,0,0,0,0,0,0,0,0,0,0,0,0,1,0,0,0,0,1]"
008180,voc/VOCdevkit/VOC2007/JPEGImages/008180.jpg,"[0,1,0,0,0,0,0,0,0,0,0,0,0,0,1,0,0,0,0,0]"
008186,voc/VOCdevkit/VOC2007/JPEGImages/008186.jpg,"[0,0,0,0,0,0,0,0,0,0,0,1,0,0,0,0,0,0,0,0]"
008188,voc/VOCdevkit/VOC2007/JPEGImages/008188.jpg,"[0,0,0,0,0,0,1,0,0,0,0,0,0,0,1,0,0,0,0,0]"
008189,voc/VOCdevkit/VOC2007/JPEGImages/008189.jpg,"[0,0,0,0,0,0,0,0,0,1,0,0,0,0,0,0,0,0,0,0]"
008190,voc/VOCdevkit/VOC2007/JPEGImages/008190.jpg,"[0,1,0,0,0,0,0,0,1,0,0,0,0,0,1,0,0,0,0,0]"
008197,voc/VOCdevkit/VOC2007/JPEGImages/008197.jpg,"[0,0,0,0,0,0,1,0,0,0,0,0,0,0,0,0,0,0,0,0]"
008202,voc/VOCdevkit/VOC2007/JPEGImages/008202.jpg,"[0,0,0,0,0,0,0,0,0,1,0,0,0,0,0,0,0,0,0,0]"
008204,voc/VOCdevkit/VOC2007/JPEGImages/008204.jpg,"[0,0,0,0,1,0,0,0,0,0,0,0,0,0,1,0,0,0,0,1]"
008208,voc/VOCdevkit/VOC2007/JPEGImages/008208.jpg,"[0,0,0,0,0,0,0,0,0,1,0,0,0,0,0,0,0,0,0,0]"
008209,voc/VOCdevkit/VOC2007/JPEGImages/008209.jpg,"[0,0,0,0,0,0,0,0,0,0,0,0,1,0,1,0,0,0,0,0]"
008216,voc/VOCdevkit/VOC2007/JPEGImages/008216.jpg,"[0,0,0,0,0,0,0,0,1,0,1,0,0,0,1,1,0,0,0,0]"
008218,voc/VOCdevkit/VOC2007/JPEGImages/008218.jpg,"[0,0,0,0,0,0,0,0,0,0,0,0,0,0,1,0,0,0,0,0]"
008220,voc/VOCdevkit/VOC2007/JPEGImages/008220.jpg,"[0,0,0,0,0,0,0,0,0,0,0,0,0,0,1,0,0,0,1,0]"
008223,voc/VOCdevkit/VOC2007/JPEGImages/008223.jpg,"[0,0,0,0,0,0,0,0,0,0,0,0,0,0,0,0,1,0,0,0]"
008224,voc/VOCdevkit/VOC2007/JPEGImages/008224.jpg,"[0,0,0,0,0,0,0,0,0,0,0,0,0,0,1,0,0,0,0,0]"
008225,voc/VOCdevkit/VOC2007/JPEGImages/008225.jpg,"[0,0,0,0,0,0,1,0,0,0,0,0,0,0,1,0,0,0,0,0]"
008229,voc/VOCdevkit/VOC2007/JPEGImages/008229.jpg,"[0,0,0,0,0,0,0,1,0,0,1,0,0,0,0,0,0,0,0,0]"
008236,voc/VOCdevkit/VOC2007/JPEGImages/008236.jpg,"[1,0,0,0,0,0,0,0,0,0,0,0,0,0,0,0,0,0,0,0]"
008241,voc/VOCdevkit/VOC2007/JPEGImages/008241.jpg,"[0,0,0,0,0,0,0,0,0,0,0,0,0,1,1,0,0,0,0,0]"
008244,voc/VOCdevkit/VOC2007/JPEGImages/008244.jpg,"[0,0,0,0,0,0,0,0,0,0,0,0,0,0,0,0,0,0,1,0]"
008248,voc/VOCdevkit/VOC2007/JPEGImages/008248.jpg,"[0,0,0,0,0,0,0,0,0,0,0,0,1,0,1,0,0,0,0,0]"
008250,voc/VOCdevkit/VOC2007/JPEGImages/008250.jpg,"[0,0,0,0,0,0,0,0,0,0,0,0,0,1,0,0,0,0,0,0]"
008251,voc/VOCdevkit/VOC2007/JPEGImages/008251.jpg,"[0,0,0,1,0,0,0,0,0,0,0,0,0,0,0,0,0,0,0,0]"
008252,voc/VOCdevkit/VOC2007/JPEGImages/008252.jpg,"[1,0,0,0,0,0,0,0,0,0,0,0,0,0,0,0,0,0,0,0]"
008253,voc/VOCdevkit/VOC2007/JPEGImages/008253.jpg,"[0,1,0,0,0,0,0,0,0,0,0,0,0,0,1,0,0,0,0,0]"
008254,voc/VOCdevkit/VOC2007/JPEGImages/008254.jpg,"[0,0,0,0,0,0,0,1,0,0,0,0,0,0,0,0,0,0,0,0]"
008260,voc/VOCdevkit/VOC2007/JPEGImages/008260.jpg,"[0,0,0,0,0,0,0,0,0,0,0,1,0,0,0,0,0,1,0,0]"
008261,voc/VOCdevkit/VOC2007/JPEGImages/008261.jpg,"[0,0,0,1,0,0,0,0,0,0,0,0,0,0,1,0,0,0,0,0]"
008262,voc/VOCdevkit/VOC2007/JPEGImages/008262.jpg,"[0,0,0,0,0,1,0,0,0,0,0,0,0,0,0,0,0,0,0,0]"
008263,voc/VOCdevkit/VOC2007/JPEGImages/008263.jpg,"[0,0,0,0,0,0,0,0,0,0,0,0,0,0,1,0,0,0,1,0]"
008268,voc/VOCdevkit/VOC2007/JPEGImages/008268.jpg,"[0,0,0,0,0,0,1,0,0,0,0,0,0,0,0,0,0,0,0,0]"
008269,voc/VOCdevkit/VOC2007/JPEGImages/008269.jpg,"[0,0,0,0,0,0,0,1,0,0,0,0,0,0,0,0,0,0,0,0]"
008275,voc/VOCdevkit/VOC2007/JPEGImages/008275.jpg,"[1,0,0,0,0,0,0,0,0,0,0,0,0,0,0,0,0,0,0,0]"
008279,voc/VOCdevkit/VOC2007/JPEGImages/008279.jpg,"[0,0,0,0,0,0,1,0,0,0,0,0,1,0,1,0,0,0,0,0]"
008281,voc/VOCdevkit/VOC2007/JPEGImages/008281.jpg,"[0,0,0,0,0,0,0,0,0,0,0,0,0,0,1,0,0,0,0,0]"
008282,voc/VOCdevkit/VOC2007/JPEGImages/008282.jpg,"[0,0,0,0,0,0,0,0,0,0,0,0,0,0,0,0,0,1,0,1]"
008284,voc/VOCdevkit/VOC2007/JPEGImages/008284.jpg,"[0,0,0,0,0,0,0,0,1,0,0,1,0,0,1,0,0,0,0,0]"
008285,voc/VOCdevkit/VOC2007/JPEGImages/008285.jpg,"[0,0,0,0,0,0,0,0,0,0,0,0,0,0,1,0,0,0,0,1]"
008292,voc/VOCdevkit/VOC2007/JPEGImages/008292.jpg,"[0,0,0,0,0,0,0,0,0,0,0,0,0,0,0,0,1,0,0,0]"
008293,voc/VOCdevkit/VOC2007/JPEGImages/008293.jpg,"[0,0,0,0,0,1,0,0,0,0,0,0,0,0,1,0,0,0,0,0]"
008294,voc/VOCdevkit/VOC2007/JPEGImages/008294.jpg,"[0,0,0,0,0,0,1,0,0,0,0,0,0,1,1,0,0,0,0,0]"
008295,voc/VOCdevkit/VOC2007/JPEGImages/008295.jpg,"[0,0,0,0,0,0,0,0,0,0,0,0,0,0,0,0,0,0,1,0]"
008296,voc/VOCdevkit/VOC2007/JPEGImages/008296.jpg,"[0,0,0,0,0,0,1,0,0,0,0,0,0,0,0,0,0,0,0,0]"
008297,voc/VOCdevkit/VOC2007/JPEGImages/008297.jpg,"[0,0,1,0,0,0,0,0,0,0,0,0,0,0,0,0,0,0,0,0]"
008300,voc/VOCdevkit/VOC2007/JPEGImages/008300.jpg,"[1,0,0,0,0,0,0,0,0,0,0,0,0,0,0,0,0,0,0,0]"
008301,voc/VOCdevkit/VOC2007/JPEGImages/008301.jpg,"[0,0,0,0,0,0,0,0,0,0,0,0,0,0,1,0,0,0,0,0]"
008302,voc/VOCdevkit/VOC2007/JPEGImages/008302.jpg,"[0,0,0,0,0,0,0,0,0,0,0,0,0,0,1,0,0,0,0,1]"
008306,voc/VOCdevkit/VOC2007/JPEGImages/008306.jpg,"[0,0,0,1,0,0,0,0,0,0,0,0,0,0,0,0,0,0,0,0]"
008307,voc/VOCdevkit/VOC2007/JPEGImages/008307.jpg,"[0,0,0,0,0,0,0,0,0,0,0,0,1,0,1,0,0,0,0,0]"
008310,voc/VOCdevkit/VOC2007/JPEGImages/008310.jpg,"[1,0,0,0,0,0,0,0,0,0,0,0,0,0,0,0,0,0,0,0]"
008311,voc/VOCdevkit/VOC2007/JPEGImages/008311.jpg,"[0,0,0,0,0,0,0,0,0,0,0,0,1,0,0,0,0,0,0,0]"
008312,voc/VOCdevkit/VOC2007/JPEGImages/008312.jpg,"[0,0,0,0,0,0,0,0,0,0,0,0,0,1,1,0,0,0,0,0]"
008313,voc/VOCdevkit/VOC2007/JPEGImages/008313.jpg,"[0,1,0,0,0,0,0,0,0,0,0,0,0,0,1,0,0,0,0,0]"
008315,voc/VOCdevkit/VOC2007/JPEGImages/008315.jpg,"[0,0,0,0,0,1,1,0,0,0,0,0,0,1,1,0,0,0,0,0]"
008316,voc/VOCdevkit/VOC2007/JPEGImages/008316.jpg,"[0,0,0,0,0,0,0,0,0,0,0,0,0,0,0,0,0,0,1,0]"
008317,voc/VOCdevkit/VOC2007/JPEGImages/008317.jpg,"[0,0,1,0,0,0,0,0,0,0,0,0,0,0,0,0,0,0,0,0]"
008318,voc/VOCdevkit/VOC2007/JPEGImages/008318.jpg,"[0,0,0,0,0,0,0,0,0,0,0,0,0,0,0,1,0,0,0,0]"
008319,voc/VOCdevkit/VOC2007/JPEGImages/008319.jpg,"[0,0,0,0,1,0,0,0,0,0,0,0,0,0,0,0,0,0,0,0]"
008320,voc/VOCdevkit/VOC2007/JPEGImages/008320.jpg,"[0,0,0,0,0,0,0,0,0,0,0,0,1,0,0,0,0,0,0,0]"
008322,voc/VOCdevkit/VOC2007/JPEGImages/008322.jpg,"[0,0,0,0,0,0,0,0,0,0,0,1,0,0,0,0,0,0,0,0]"
008323,voc/VOCdevkit/VOC2007/JPEGImages/008323.jpg,"[0,0,0,0,0,0,0,0,0,0,0,0,0,0,0,0,0,1,0,0]"
008327,voc/VOCdevkit/VOC2007/JPEGImages/008327.jpg,"[0,0,0,0,0,0,0,0,0,0,0,0,0,0,1,0,0,0,0,0]"
008332,voc/VOCdevkit/VOC2007/JPEGImages/008332.jpg,"[0,0,0,0,0,0,0,0,0,0,0,1,0,0,1,0,0,0,0,0]"
008335,voc/VOCdevkit/VOC2007/JPEGImages/008335.jpg,"[0,0,0,0,0,0,0,0,0,0,0,0,0,0,0,0,0,0,1,0]"
008336,voc/VOCdevkit/VOC2007/JPEGImages/008336.jpg,"[0,0,0,0,0,0,1,0,0,0,0,0,0,0,0,0,0,0,0,0]"
008338,voc/VOCdevkit/VOC2007/JPEGImages/008338.jpg,"[0,0,0,0,0,1,0,0,0,0,0,0,0,0,0,0,0,0,0,0]"
008341,voc/VOCdevkit/VOC2007/JPEGImages/008341.jpg,"[0,0,0,0,0,0,0,0,1,0,0,0,0,0,1,1,0,1,0,0]"
008342,voc/VOCdevkit/VOC2007/JPEGImages/008342.jpg,"[0,0,0,0,0,0,0,0,0,1,0,0,0,0,0,0,1,0,0,0]"
008345,voc/VOCdevkit/VOC2007/JPEGImages/008345.jpg,"[0,0,0,0,0,0,0,0,0,1,0,0,0,0,0,0,0,0,0,0]"
008346,voc/VOCdevkit/VOC2007/JPEGImages/008346.jpg,"[0,0,0,0,0,0,0,0,0,0,0,1,0,0,0,0,0,0,0,0]"
008349,voc/VOCdevkit/VOC2007/JPEGImages/008349.jpg,"[0,0,0,0,0,0,0,0,0,0,0,0,0,0,0,0,1,0,0,0]"
008351,voc/VOCdevkit/VOC2007/JPEGImages/008351.jpg,"[0,0,0,0,0,0,0,0,0,0,0,0,0,0,0,0,0,0,1,0]"
008355,voc/VOCdevkit/VOC2007/JPEGImages/008355.jpg,"[0,0,0,0,0,0,0,1,0,0,0,0,0,0,0,0,0,0,0,0]"
008360,voc/VOCdevkit/VOC2007/JPEGImages/008360.jpg,"[0,0,0,0,0,1,1,0,0,0,0,0,0,0,1,0,0,0,0,0]"
008365,voc/VOCdevkit/VOC2007/JPEGImages/008365.jpg,"[0,0,0,0,0,0,0,0,0,0,0,0,0,0,0,0,0,1,0,1]"
008368,voc/VOCdevkit/VOC2007/JPEGImages/008368.jpg,"[0,0,0,0,0,0,0,0,0,0,0,0,0,0,1,0,0,1,0,0]"
008370,voc/VOCdevkit/VOC2007/JPEGImages/008370.jpg,"[0,0,1,0,0,0,0,0,0,0,0,0,0,0,0,0,0,0,0,0]"
008372,voc/VOCdevkit/VOC2007/JPEGImages/008372.jpg,"[1,0,0,0,0,0,0,0,0,0,0,0,0,0,0,0,0,0,0,0]"
008374,voc/VOCdevkit/VOC2007/JPEGImages/008374.jpg,"[0,0,0,0,0,0,0,0,0,0,0,0,0,0,1,0,0,0,0,1]"
008376,voc/VOCdevkit/VOC2007/JPEGImages/008376.jpg,"[0,0,0,0,0,0,1,0,0,0,0,0,0,0,1,0,0,0,0,0]"
008381,voc/VOCdevkit/VOC2007/JPEGImages/008381.jpg,"[0,0,0,0,0,0,0,0,0,0,0,0,0,0,1,0,0,0,0,0]"
008384,voc/VOCdevkit/VOC2007/JPEGImages/008384.jpg,"[0,0,1,0,0,0,0,0,0,0,0,0,0,0,0,0,0,0,0,0]"
008386,voc/VOCdevkit/VOC2007/JPEGImages/008386.jpg,"[0,0,0,0,0,0,0,0,1,0,0,0,0,0,0,0,0,0,0,1]"
008387,voc/VOCdevkit/VOC2007/JPEGImages/008387.jpg,"[0,0,0,0,0,1,0,0,0,0,0,0,0,0,1,0,0,0,0,0]"
008388,voc/VOCdevkit/VOC2007/JPEGImages/008388.jpg,"[0,0,0,0,0,0,1,0,0,0,0,0,0,0,0,0,0,0,0,0]"
008390,voc/VOCdevkit/VOC2007/JPEGImages/008390.jpg,"[0,0,0,0,0,0,0,0,1,0,0,0,0,0,1,0,0,0,0,0]"
008391,voc/VOCdevkit/VOC2007/JPEGImages/008391.jpg,"[0,0,0,0,0,0,1,0,0,0,0,0,0,0,1,0,0,0,0,0]"
008397,voc/VOCdevkit/VOC2007/JPEGImages/008397.jpg,"[0,0,0,0,0,1,1,0,0,0,0,0,0,0,1,0,0,0,0,0]"
008398,voc/VOCdevkit/VOC2007/JPEGImages/008398.jpg,"[0,0,0,0,0,0,0,0,0,0,0,0,0,0,1,0,0,0,0,0]"
008409,voc/VOCdevkit/VOC2007/JPEGImages/008409.jpg,"[0,0,0,0,0,0,0,0,0,0,0,0,0,0,0,0,0,1,0,1]"
008413,voc/VOCdevkit/VOC2007/JPEGImages/008413.jpg,"[0,0,0,0,0,0,0,0,1,0,0,0,0,0,1,0,0,0,0,0]"
008415,voc/VOCdevkit/VOC2007/JPEGImages/008415.jpg,"[0,0,0,0,0,0,0,0,0,0,0,1,0,0,0,0,0,0,0,0]"
008416,voc/VOCdevkit/VOC2007/JPEGImages/008416.jpg,"[0,0,0,0,0,0,0,0,0,0,0,1,0,0,0,0,0,0,0,0]"
008422,voc/VOCdevkit/VOC2007/JPEGImages/008422.jpg,"[0,0,0,0,0,0,0,0,0,0,0,0,0,0,0,0,0,0,0,1]"
008423,voc/VOCdevkit/VOC2007/JPEGImages/008423.jpg,"[0,0,1,0,0,0,0,0,0,0,0,0,0,0,0,0,0,0,0,0]"
008426,voc/VOCdevkit/VOC2007/JPEGImages/008426.jpg,"[0,0,1,0,0,0,0,0,0,0,0,0,0,0,0,0,0,0,0,0]"
008427,voc/VOCdevkit/VOC2007/JPEGImages/008427.jpg,"[0,0,0,0,0,0,0,0,0,0,0,0,1,0,0,0,0,0,0,0]"
008429,voc/VOCdevkit/VOC2007/JPEGImages/008429.jpg,"[0,0,0,0,0,0,1,0,0,0,0,0,0,0,0,0,0,0,0,0]"
008430,voc/VOCdevkit/VOC2007/JPEGImages/008430.jpg,"[0,0,0,0,0,0,0,0,0,0,0,0,0,0,1,0,0,0,0,0]"
008433,voc/VOCdevkit/VOC2007/JPEGImages/008433.jpg,"[0,1,0,0,0,0,0,0,0,0,0,0,0,0,1,0,0,0,0,0]"
008434,voc/VOCdevkit/VOC2007/JPEGImages/008434.jpg,"[0,0,0,0,0,0,0,0,0,0,0,0,0,0,0,0,0,0,1,0]"
008437,voc/VOCdevkit/VOC2007/JPEGImages/008437.jpg,"[0,0,0,0,0,0,0,0,0,0,0,0,1,0,1,0,0,0,0,0]"
008445,voc/VOCdevkit/VOC2007/JPEGImages/008445.jpg,"[0,0,0,0,0,0,0,0,0,0,0,0,0,0,1,0,0,0,1,0]"
008449,voc/VOCdevkit/VOC2007/JPEGImages/008449.jpg,"[0,0,0,1,0,0,1,0,0,0,0,0,0,0,1,0,0,0,0,0]"
008452,voc/VOCdevkit/VOC2007/JPEGImages/008452.jpg,"[0,0,0,0,0,0,0,0,0,0,0,0,0,0,1,0,0,1,0,0]"
008461,voc/VOCdevkit/VOC2007/JPEGImages/008461.jpg,"[0,0,0,0,0,0,1,0,0,0,0,0,0,0,1,0,0,0,0,0]"
008462,voc/VOCdevkit/VOC2007/JPEGImages/008462.jpg,"[0,0,0,0,0,0,0,0,1,0,0,0,0,0,0,0,0,0,0,1]"
008465,voc/VOCdevkit/VOC2007/JPEGImages/008465.jpg,"[0,0,0,0,0,0,0,0,0,0,0,0,0,0,0,1,0,0,0,0]"
008466,voc/VOCdevkit/VOC2007/JPEGImages/008466.jpg,"[0,0,0,0,0,0,1,0,0,0,0,0,0,0,0,0,0,0,0,0]"
008470,voc/VOCdevkit/VOC2007/JPEGImages/008470.jpg,"[0,0,0,0,0,0,0,0,1,0,1,0,0,0,1,0,0,0,0,0]"
008472,voc/VOCdevkit/VOC2007/JPEGImages/008472.jpg,"[1,0,0,0,0,0,0,0,0,0,0,0,0,0,0,0,0,0,0,0]"
008475,voc/VOCdevkit/VOC2007/JPEGImages/008475.jpg,"[0,0,0,0,0,0,0,0,0,1,0,0,0,0,1,0,0,0,0,0]"
008477,voc/VOCdevkit/VOC2007/JPEGImages/008477.jpg,"[0,0,0,0,0,0,0,0,0,0,0,1,0,0,0,0,0,0,0,0]"
008482,voc/VOCdevkit/VOC2007/JPEGImages/008482.jpg,"[0,0,0,0,0,0,1,0,0,0,0,0,0,0,1,0,0,0,0,0]"
008484,voc/VOCdevkit/VOC2007/JPEGImages/008484.jpg,"[0,0,0,0,0,0,1,0,0,0,0,0,0,0,0,0,0,0,0,0]"
008495,voc/VOCdevkit/VOC2007/JPEGImages/008495.jpg,"[1,0,0,0,0,0,0,0,0,0,0,0,0,0,0,0,0,0,0,0]"
008498,voc/VOCdevkit/VOC2007/JPEGImages/008498.jpg,"[0,0,0,1,0,0,0,0,0,0,0,0,0,0,0,0,0,0,0,0]"
008502,voc/VOCdevkit/VOC2007/JPEGImages/008502.jpg,"[0,0,0,0,0,0,1,0,0,0,0,0,0,0,0,0,0,0,0,0]"
008503,voc/VOCdevkit/VOC2007/JPEGImages/008503.jpg,"[0,0,0,0,0,1,1,0,0,0,0,0,0,0,1,0,0,0,0,0]"
008506,voc/VOCdevkit/VOC2007/JPEGImages/008506.jpg,"[0,0,0,0,0,0,0,0,0,0,0,0,0,0,0,0,0,0,1,0]"
008509,voc/VOCdevkit/VOC2007/JPEGImages/008509.jpg,"[0,0,0,0,0,0,0,0,0,0,0,1,1,0,1,0,0,0,0,0]"
008513,voc/VOCdevkit/VOC2007/JPEGImages/008513.jpg,"[0,0,0,0,0,0,0,0,0,0,0,0,0,0,1,0,0,0,0,0]"
008514,voc/VOCdevkit/VOC2007/JPEGImages/008514.jpg,"[0,1,0,0,0,0,0,0,0,0,0,0,0,0,1,0,0,0,0,0]"
008517,voc/VOCdevkit/VOC2007/JPEGImages/008517.jpg,"[0,0,0,0,0,0,1,0,0,0,0,0,0,0,0,0,0,0,0,0]"
008518,voc/VOCdevkit/VOC2007/JPEGImages/008518.jpg,"[0,0,0,0,0,0,0,0,0,0,0,1,0,0,0,0,0,0,0,0]"
008521,voc/VOCdevkit/VOC2007/JPEGImages/008521.jpg,"[0,0,0,0,0,0,0,1,0,0,0,0,0,0,0,0,0,0,0,0]"
008522,voc/VOCdevkit/VOC2007/JPEGImages/008522.jpg,"[1,0,0,0,0,0,0,0,0,0,0,0,0,0,0,0,0,0,0,0]"
008523,voc/VOCdevkit/VOC2007/JPEGImages/008523.jpg,"[1,0,0,0,0,0,0,0,0,0,0,0,0,0,0,0,0,0,0,0]"
008524,voc/VOCdevkit/VOC2007/JPEGImages/008524.jpg,"[0,0,0,0,0,0,1,0,0,0,0,0,1,0,0,0,0,0,0,0]"
008526,voc/VOCdevkit/VOC2007/JPEGImages/008526.jpg,"[0,0,0,0,0,0,0,0,0,0,0,0,1,0,1,0,0,0,0,0]"
008529,voc/VOCdevkit/VOC2007/JPEGImages/008529.jpg,"[0,0,0,0,0,0,0,0,0,0,1,0,0,0,1,0,0,0,0,0]"
008530,voc/VOCdevkit/VOC2007/JPEGImages/008530.jpg,"[0,0,0,0,0,0,0,0,0,0,0,1,0,0,0,0,0,0,0,0]"
008533,voc/VOCdevkit/VOC2007/JPEGImages/008533.jpg,"[0,0,0,0,0,0,0,1,0,0,0,0,0,0,0,0,0,1,0,0]"
008534,voc/VOCdevkit/VOC2007/JPEGImages/008534.jpg,"[0,0,0,0,0,0,0,1,0,0,0,0,0,0,0,0,0,0,0,0]"
008536,voc/VOCdevkit/VOC2007/JPEGImages/008536.jpg,"[0,0,0,0,0,0,0,0,0,0,0,0,0,0,0,1,0,0,0,0]"
008541,voc/VOCdevkit/VOC2007/JPEGImages/008541.jpg,"[0,0,0,0,0,0,0,0,0,0,0,0,0,0,1,0,0,0,0,0]"
008542,voc/VOCdevkit/VOC2007/JPEGImages/008542.jpg,"[0,0,0,0,0,0,0,1,1,0,0,0,0,0,0,0,0,0,0,0]"
008549,voc/VOCdevkit/VOC2007/JPEGImages/008549.jpg,"[0,0,0,0,0,0,1,0,0,0,0,0,0,0,0,1,0,0,0,0]"
008550,voc/VOCdevkit/VOC2007/JPEGImages/008550.jpg,"[0,0,0,0,0,0,1,0,0,0,0,0,0,0,1,0,0,0,0,0]"
008553,voc/VOCdevkit/VOC2007/JPEGImages/008553.jpg,"[0,0,0,0,0,0,0,0,0,0,0,0,0,0,0,0,0,0,1,0]"
008557,voc/VOCdevkit/VOC2007/JPEGImages/008557.jpg,"[0,0,0,0,0,0,0,0,0,0,0,0,0,0,0,1,0,1,0,1]"
008558,voc/VOCdevkit/VOC2007/JPEGImages/008558.jpg,"[0,0,0,0,0,0,0,0,0,0,0,1,0,0,0,0,0,0,0,0]"
008559,voc/VOCdevkit/VOC2007/JPEGImages/008559.jpg,"[0,0,0,0,0,0,0,0,0,0,0,0,0,0,1,0,0,0,0,0]"
008562,voc/VOCdevkit/VOC2007/JPEGImages/008562.jpg,"[0,0,0,0,0,1,1,0,0,0,0,0,0,1,1,0,0,0,0,0]"
008564,voc/VOCdevkit/VOC2007/JPEGImages/008564.jpg,"[0,0,0,0,0,0,0,0,0,0,0,0,1,0,0,0,0,0,0,0]"
008568,voc/VOCdevkit/VOC2007/JPEGImages/008568.jpg,"[0,0,0,1,0,0,0,0,0,0,0,0,0,0,0,0,0,0,0,0]"
008572,voc/VOCdevkit/VOC2007/JPEGImages/008572.jpg,"[0,0,0,0,0,0,1,0,0,0,0,0,0,0,0,0,0,0,0,0]"
008573,voc/VOCdevkit/VOC2007/JPEGImages/008573.jpg,"[0,0,0,0,0,0,0,0,0,0,0,0,0,0,1,0,0,1,0,0]"
008576,voc/VOCdevkit/VOC2007/JPEGImages/008576.jpg,"[0,0,0,0,0,0,0,0,0,0,0,0,0,0,1,0,0,0,0,0]"
008581,voc/VOCdevkit/VOC2007/JPEGImages/008581.jpg,"[0,0,0,0,0,0,1,0,0,0,0,0,0,0,0,0,0,0,0,0]"
008582,voc/VOCdevkit/VOC2007/JPEGImages/008582.jpg,"[0,0,0,0,0,0,0,0,1,0,0,0,0,0,1,0,0,0,0,0]"
008584,voc/VOCdevkit/VOC2007/JPEGImages/008584.jpg,"[0,0,0,1,0,0,0,0,0,0,0,0,0,0,0,0,0,0,0,0]"
008585,voc/VOCdevkit/VOC2007/JPEGImages/008585.jpg,"[0,0,0,0,0,0,0,0,0,0,0,0,0,0,1,0,0,0,0,0]"
008586,voc/VOCdevkit/VOC2007/JPEGImages/008586.jpg,"[0,0,0,0,0,0,1,0,0,0,0,0,0,0,0,0,0,0,0,0]"
008587,voc/VOCdevkit/VOC2007/JPEGImages/008587.jpg,"[0,0,0,0,0,0,0,0,0,0,0,0,0,0,1,1,0,1,0,0]"
008588,voc/VOCdevkit/VOC2007/JPEGImages/008588.jpg,"[0,0,1,0,0,0,0,0,0,0,0,0,0,0,0,0,0,0,0,0]"
008592,voc/VOCdevkit/VOC2007/JPEGImages/008592.jpg,"[0,0,0,0,1,0,0,0,0,0,0,0,0,0,1,0,1,0,0,0]"
008595,voc/VOCdevkit/VOC2007/JPEGImages/008595.jpg,"[0,0,0,0,0,0,0,0,0,0,0,0,0,1,0,0,0,0,0,0]"
008596,voc/VOCdevkit/VOC2007/JPEGImages/008596.jpg,"[0,0,0,0,0,0,0,0,0,0,0,0,1,0,1,0,0,0,0,0]"
008602,voc/VOCdevkit/VOC2007/JPEGImages/008602.jpg,"[0,0,0,0,0,0,0,0,0,0,0,0,0,0,1,0,0,1,0,0]"
008604,voc/VOCdevkit/VOC2007/JPEGImages/008604.jpg,"[0,0,0,1,0,0,0,0,0,0,0,0,0,0,1,0,0,0,0,0]"
008607,voc/VOCdevkit/VOC2007/JPEGImages/008607.jpg,"[0,0,0,0,0,0,0,0,0,1,0,0,0,0,0,0,0,0,0,0]"
008608,voc/VOCdevkit/VOC2007/JPEGImages/008608.jpg,"[0,0,0,0,0,0,0,0,0,0,1,0,0,0,0,0,0,0,0,0]"
008610,voc/VOCdevkit/VOC2007/JPEGImages/008610.jpg,"[0,0,0,0,0,0,0,0,0,0,0,0,1,0,0,0,0,0,0,0]"
008612,voc/VOCdevkit/VOC2007/JPEGImages/008612.jpg,"[0,0,0,0,0,0,0,0,0,0,0,0,1,0,1,0,0,0,0,0]"
008617,voc/VOCdevkit/VOC2007/JPEGImages/008617.jpg,"[0,0,0,0,0,0,0,0,0,0,0,0,0,0,1,0,0,0,0,0]"
008618,voc/VOCdevkit/VOC2007/JPEGImages/008618.jpg,"[0,0,0,0,0,0,0,0,0,0,0,0,0,0,1,0,1,0,0,0]"
008620,voc/VOCdevkit/VOC2007/JPEGImages/008620.jpg,"[0,0,0,0,0,0,0,0,0,0,0,1,0,0,0,0,0,0,0,0]"
008621,voc/VOCdevkit/VOC2007/JPEGImages/008621.jpg,"[0,0,0,0,0,0,0,0,0,0,0,0,0,0,0,0,0,0,1,0]"
008624,voc/VOCdevkit/VOC2007/JPEGImages/008624.jpg,"[0,0,0,0,0,0,0,0,1,0,0,0,0,0,0,0,0,0,0,0]"
008628,voc/VOCdevkit/VOC2007/JPEGImages/008628.jpg,"[0,0,0,0,0,0,0,0,1,0,0,0,0,0,1,0,0,1,0,0]"
008633,voc/VOCdevkit/VOC2007/JPEGImages/008633.jpg,"[0,1,0,0,0,0,1,0,0,0,0,0,0,0,0,0,0,0,0,0]"
008636,voc/VOCdevkit/VOC2007/JPEGImages/008636.jpg,"[0,0,0,0,0,0,0,0,0,1,0,0,0,0,0,0,0,0,0,0]"
008638,voc/VOCdevkit/VOC2007/JPEGImages/008638.jpg,"[0,0,0,0,0,0,0,0,0,0,0,0,0,0,1,0,0,0,1,0]"
008639,voc/VOCdevkit/VOC2007/JPEGImages/008639.jpg,"[0,0,0,0,0,0,0,0,0,0,0,1,0,0,0,0,0,0,0,0]"
008644,voc/VOCdevkit/VOC2007/JPEGImages/008644.jpg,"[0,0,0,0,0,0,0,0,0,0,0,0,0,0,1,0,0,0,0,0]"
008645,voc/VOCdevkit/VOC2007/JPEGImages/008645.jpg,"[0,0,0,1,0,0,0,0,0,0,0,0,0,0,0,0,0,0,0,0]"
008665,voc/VOCdevkit/VOC2007/JPEGImages/008665.jpg,"[0,0,0,0,0,0,1,0,0,0,0,0,0,0,1,0,0,1,0,0]"
008667,voc/VOCdevkit/VOC2007/JPEGImages/008667.jpg,"[1,0,0,0,0,0,0,0,0,0,0,0,0,0,0,0,0,0,0,0]"
008670,voc/VOCdevkit/VOC2007/JPEGImages/008670.jpg,"[0,0,1,0,0,0,0,0,0,0,0,0,0,0,0,0,0,0,0,0]"
008676,voc/VOCdevkit/VOC2007/JPEGImages/008676.jpg,"[0,0,0,0,0,0,1,0,0,0,0,0,0,1,1,0,0,0,0,0]"
008680,voc/VOCdevkit/VOC2007/JPEGImages/008680.jpg,"[0,0,0,0,0,1,1,0,0,0,0,0,0,0,0,0,0,0,0,0]"
008688,voc/VOCdevkit/VOC2007/JPEGImages/008688.jpg,"[0,0,0,0,0,0,0,0,0,0,0,0,0,0,0,1,0,0,0,0]"
008691,voc/VOCdevkit/VOC2007/JPEGImages/008691.jpg,"[0,0,0,0,0,0,0,0,0,0,0,0,0,0,0,0,0,0,1,0]"
008692,voc/VOCdevkit/VOC2007/JPEGImages/008692.jpg,"[1,0,0,0,0,0,0,0,0,0,0,0,0,0,1,0,0,0,0,0]"
008695,voc/VOCdevkit/VOC2007/JPEGImages/008695.jpg,"[0,0,0,0,0,0,0,0,0,0,0,0,0,1,0,0,0,0,0,0]"
008698,voc/VOCdevkit/VOC2007/JPEGImages/008698.jpg,"[0,0,0,0,0,0,0,0,0,0,0,0,0,0,1,0,0,0,0,0]"
008699,voc/VOCdevkit/VOC2007/JPEGImages/008699.jpg,"[0,0,0,0,0,0,0,0,0,0,0,0,1,0,1,0,0,0,0,0]"
008701,voc/VOCdevkit/VOC2007/JPEGImages/008701.jpg,"[0,0,0,0,0,0,0,0,0,0,0,0,0,0,1,0,0,1,0,0]"
008702,voc/VOCdevkit/VOC2007/JPEGImages/008702.jpg,"[0,1,0,0,0,1,0,0,0,0,0,0,0,0,1,0,0,0,0,0]"
008706,voc/VOCdevkit/VOC2007/JPEGImages/008706.jpg,"[0,0,0,0,0,0,1,0,0,1,0,0,0,0,1,0,0,0,0,0]"
008709,voc/VOCdevkit/VOC2007/JPEGImages/008709.jpg,"[0,0,0,0,0,0,0,0,0,0,0,0,0,0,0,0,0,0,0,1]"
008710,voc/VOCdevkit/VOC2007/JPEGImages/008710.jpg,"[0,0,0,0,0,0,0,0,0,0,0,0,0,0,0,0,0,0,1,0]"
008713,voc/VOCdevkit/VOC2007/JPEGImages/008713.jpg,"[0,0,0,0,0,0,0,0,0,0,0,0,0,0,0,0,0,1,0,0]"
008717,voc/VOCdevkit/VOC2007/JPEGImages/008717.jpg,"[0,0,0,0,0,0,0,0,1,0,1,0,0,0,0,0,0,0,0,0]"
008718,voc/VOCdevkit/VOC2007/JPEGImages/008718.jpg,"[0,0,0,0,0,0,0,0,0,0,0,0,0,0,1,0,0,0,1,0]"
008722,voc/VOCdevkit/VOC2007/JPEGImages/008722.jpg,"[0,0,0,0,0,0,0,0,0,1,0,0,0,0,0,0,0,0,0,0]"
008723,voc/VOCdevkit/VOC2007/JPEGImages/008723.jpg,"[1,0,0,0,0,0,0,0,0,0,0,0,0,0,0,0,0,0,0,0]"
008725,voc/VOCdevkit/VOC2007/JPEGImages/008725.jpg,"[0,0,0,1,0,0,0,0,0,0,0,0,0,0,0,0,0,0,0,0]"
008730,voc/VOCdevkit/VOC2007/JPEGImages/008730.jpg,"[0,0,0,1,0,0,0,0,0,0,0,0,0,0,0,0,0,0,0,0]"
008731,voc/VOCdevkit/VOC2007/JPEGImages/008731.jpg,"[0,0,0,0,0,0,0,0,0,0,0,0,1,0,1,0,0,0,0,0]"
008732,voc/VOCdevkit/VOC2007/JPEGImages/008732.jpg,"[0,0,1,0,0,0,0,0,0,0,0,0,0,0,0,0,0,0,0,0]"
008733,voc/VOCdevkit/VOC2007/JPEGImages/008733.jpg,"[0,0,0,0,0,0,0,0,1,0,1,0,0,0,0,1,0,0,0,0]"
008738,voc/VOCdevkit/VOC2007/JPEGImages/008738.jpg,"[0,0,0,0,0,0,0,0,0,0,0,1,0,0,1,0,0,0,0,0]"
008739,voc/VOCdevkit/VOC2007/JPEGImages/008739.jpg,"[0,0,0,0,0,0,1,0,0,0,0,0,0,0,1,0,0,0,0,0]"
008741,voc/VOCdevkit/VOC2007/JPEGImages/008741.jpg,"[0,1,0,0,0,0,0,0,0,0,0,0,0,0,0,0,0,0,0,0]"
008742,voc/VOCdevkit/VOC2007/JPEGImages/008742.jpg,"[0,1,0,0,0,0,0,0,0,0,0,0,0,1,1,0,0,0,0,0]"
008744,voc/VOCdevkit/VOC2007/JPEGImages/008744.jpg,"[0,0,0,0,0,0,0,0,0,0,0,0,1,0,1,0,0,0,0,0]"
008747,voc/VOCdevkit/VOC2007/JPEGImages/008747.jpg,"[0,0,0,0,0,1,1,0,0,0,0,0,0,0,0,0,0,0,0,0]"
008748,voc/VOCdevkit/VOC2007/JPEGImages/008748.jpg,"[0,0,0,0,0,0,0,0,0,0,0,0,0,0,1,0,0,0,0,0]"
008749,voc/VOCdevkit/VOC2007/JPEGImages/008749.jpg,"[0,0,0,0,0,0,0,0,0,0,0,0,0,0,0,1,0,0,0,0]"
008750,voc/VOCdevkit/VOC2007/JPEGImages/008750.jpg,"[0,0,0,0,0,0,1,0,0,0,0,0,0,0,0,0,0,0,0,0]"
008752,voc/VOCdevkit/VOC2007/JPEGImages/008752.jpg,"[0,0,0,0,0,0,0,0,0,0,0,0,0,1,1,0,0,0,0,0]"
008753,voc/VOCdevkit/VOC2007/JPEGImages/008753.jpg,"[0,0,1,0,0,0,0,0,0,0,0,0,0,0,0,0,0,0,0,0]"
008755,voc/VOCdevkit/VOC2007/JPEGImages/008755.jpg,"[0,0,1,0,0,0,0,0,0,0,0,0,0,0,0,0,0,0,0,0]"
008757,voc/VOCdevkit/VOC2007/JPEGImages/008757.jpg,"[0,1,0,0,0,0,0,0,0,0,0,0,0,0,0,0,0,0,0,0]"
008760,voc/VOCdevkit/VOC2007/JPEGImages/008760.jpg,"[0,0,0,0,0,0,0,0,1,0,0,0,0,0,0,0,0,1,0,0]"
008764,voc/VOCdevkit/VOC2007/JPEGImages/008764.jpg,"[0,0,1,0,0,0,0,0,0,0,0,0,0,0,0,0,0,0,0,0]"
008766,voc/VOCdevkit/VOC2007/JPEGImages/008766.jpg,"[0,0,0,0,0,0,0,0,0,0,0,0,0,0,1,0,0,0,1,0]"
008768,voc/VOCdevkit/VOC2007/JPEGImages/008768.jpg,"[0,0,0,0,0,0,1,0,0,0,0,0,0,0,1,0,0,0,0,0]"
008769,voc/VOCdevkit/VOC2007/JPEGImages/008769.jpg,"[0,0,0,0,0,0,0,0,0,0,0,0,0,0,1,0,0,0,0,0]"
008770,voc/VOCdevkit/VOC2007/JPEGImages/008770.jpg,"[1,0,0,0,0,0,0,0,0,0,0,0,0,0,0,0,0,0,0,0]"
008771,voc/VOCdevkit/VOC2007/JPEGImages/008771.jpg,"[0,0,0,0,0,1,0,0,0,0,0,0,0,0,1,0,0,0,0,0]"
008772,voc/VOCdevkit/VOC2007/JPEGImages/008772.jpg,"[0,0,0,0,0,0,0,1,0,0,0,0,0,0,0,0,0,0,0,0]"
008773,voc/VOCdevkit/VOC2007/JPEGImages/008773.jpg,"[0,0,1,0,0,0,0,0,0,0,0,0,0,0,0,0,0,0,0,0]"
008775,voc/VOCdevkit/VOC2007/JPEGImages/008775.jpg,"[0,0,0,0,0,0,0,0,0,0,0,0,0,0,1,0,0,0,0,0]"
008783,voc/VOCdevkit/VOC2007/JPEGImages/008783.jpg,"[0,0,0,0,1,0,0,0,1,0,1,0,0,0,0,0,0,0,0,0]"
008784,voc/VOCdevkit/VOC2007/JPEGImages/008784.jpg,"[0,0,0,1,0,0,1,0,0,0,0,0,0,0,0,0,0,0,0,0]"
008790,voc/VOCdevkit/VOC2007/JPEGImages/008790.jpg,"[0,0,0,0,0,0,0,0,0,0,0,0,0,0,0,0,0,0,1,0]"
008793,voc/VOCdevkit/VOC2007/JPEGImages/008793.jpg,"[0,0,0,0,0,1,1,0,0,0,0,0,0,0,0,0,0,0,0,0]"
008794,voc/VOCdevkit/VOC2007/JPEGImages/008794.jpg,"[0,0,0,0,0,0,1,0,0,0,0,0,0,0,1,0,0,0,0,0]"
008799,voc/VOCdevkit/VOC2007/JPEGImages/008799.jpg,"[1,0,0,0,0,0,0,0,0,0,0,0,0,0,0,0,0,0,0,0]"
008801,voc/VOCdevkit/VOC2007/JPEGImages/008801.jpg,"[0,0,0,0,0,0,1,0,0,0,0,0,0,1,1,0,0,0,0,0]"
008805,voc/VOCdevkit/VOC2007/JPEGImages/008805.jpg,"[0,0,0,0,0,0,0,0,0,0,0,0,1,0,1,0,0,0,0,0]"
008806,voc/VOCdevkit/VOC2007/JPEGImages/008806.jpg,"[0,0,0,0,0,0,0,0,0,0,0,0,0,0,0,1,0,0,0,0]"
008810,voc/VOCdevkit/VOC2007/JPEGImages/008810.jpg,"[0,0,0,0,0,0,0,0,0,0,0,0,0,1,1,0,0,0,0,0]"
008811,voc/VOCdevkit/VOC2007/JPEGImages/008811.jpg,"[0,1,0,0,0,0,0,0,0,0,0,0,0,0,0,0,0,0,0,0]"
008813,voc/VOCdevkit/VOC2007/JPEGImages/008813.jpg,"[0,0,1,0,0,0,0,0,0,0,0,0,0,0,1,0,0,0,0,0]"
008814,voc/VOCdevkit/VOC2007/JPEGImages/008814.jpg,"[0,0,0,0,0,0,0,0,1,0,1,0,0,0,0,0,0,0,0,0]"
008815,voc/VOCdevkit/VOC2007/JPEGImages/008815.jpg,"[0,0,0,0,0,0,0,1,0,0,0,0,0,0,0,0,0,0,0,0]"
008817,voc/VOCdevkit/VOC2007/JPEGImages/008817.jpg,"[0,0,0,0,0,0,0,0,0,0,0,0,0,1,1,0,0,0,0,0]"
008819,voc/VOCdevkit/VOC2007/JPEGImages/008819.jpg,"[0,0,0,0,0,0,0,0,0,0,0,1,0,0,0,0,0,0,0,0]"
008822,voc/VOCdevkit/VOC2007/JPEGImages/008822.jpg,"[0,0,0,0,0,0,0,0,0,0,0,1,0,0,0,0,0,0,0,0]"
008831,voc/VOCdevkit/VOC2007/JPEGImages/008831.jpg,"[0,1,0,0,0,0,0,0,0,0,0,0,0,0,0,0,0,0,0,0]"
008835,voc/VOCdevkit/VOC2007/JPEGImages/008835.jpg,"[0,0,0,0,0,0,0,0,0,0,0,0,0,0,0,1,0,0,0,0]"
008836,voc/VOCdevkit/VOC2007/JPEGImages/008836.jpg,"[0,0,0,0,0,0,0,0,0,0,0,0,0,0,1,0,0,0,0,0]"
008837,voc/VOCdevkit/VOC2007/JPEGImages/008837.jpg,"[0,0,0,0,0,0,0,0,0,0,0,0,0,0,0,0,0,0,0,1]"
008840,voc/VOCdevkit/VOC2007/JPEGImages/008840.jpg,"[0,0,0,0,0,0,0,0,0,0,0,1,0,0,0,0,0,0,0,0]"
008841,voc/VOCdevkit/VOC2007/JPEGImages/008841.jpg,"[0,0,0,0,1,0,0,0,0,0,0,1,0,0,0,0,0,0,0,0]"
008843,voc/VOCdevkit/VOC2007/JPEGImages/008843.jpg,"[0,0,0,0,0,0,1,0,0,0,0,0,0,0,0,0,0,0,0,0]"
008848,voc/VOCdevkit/VOC2007/JPEGImages/008848.jpg,"[0,0,0,0,0,1,1,0,0,0,0,0,0,0,0,0,0,0,0,0]"
008849,voc/VOCdevkit/VOC2007/JPEGImages/008849.jpg,"[0,0,0,0,0,0,0,0,0,0,0,1,0,0,0,0,0,1,0,0]"
008854,voc/VOCdevkit/VOC2007/JPEGImages/008854.jpg,"[0,0,0,0,0,0,0,1,0,0,0,0,0,0,0,0,0,0,0,0]"
008856,voc/VOCdevkit/VOC2007/JPEGImages/008856.jpg,"[0,0,0,0,0,0,0,1,0,0,0,0,0,0,0,0,0,0,0,0]"
008862,voc/VOCdevkit/VOC2007/JPEGImages/008862.jpg,"[0,0,0,0,0,0,0,0,0,0,0,0,1,0,1,0,0,0,0,0]"
008865,voc/VOCdevkit/VOC2007/JPEGImages/008865.jpg,"[0,0,0,0,0,0,0,0,0,0,0,0,0,0,1,0,0,1,0,0]"
008867,voc/VOCdevkit/VOC2007/JPEGImages/008867.jpg,"[0,0,0,0,0,0,0,0,0,0,0,0,1,0,1,0,0,0,0,0]"
008871,voc/VOCdevkit/VOC2007/JPEGImages/008871.jpg,"[0,0,0,0,0,0,0,0,0,0,0,0,0,0,0,0,1,0,0,0]"
008873,voc/VOCdevkit/VOC2007/JPEGImages/008873.jpg,"[1,0,0,0,0,0,0,0,0,0,0,0,0,0,0,0,0,0,0,0]"
008874,voc/VOCdevkit/VOC2007/JPEGImages/008874.jpg,"[0,0,0,0,0,0,0,0,1,0,0,0,0,0,0,0,0,1,0,1]"
008876,voc/VOCdevkit/VOC2007/JPEGImages/008876.jpg,"[0,0,0,0,0,0,0,0,0,0,0,0,1,0,1,0,0,0,0,0]"
008879,voc/VOCdevkit/VOC2007/JPEGImages/008879.jpg,"[0,0,0,0,0,0,0,0,0,0,0,0,0,0,1,0,0,1,0,0]"
008880,voc/VOCdevkit/VOC2007/JPEGImages/008880.jpg,"[0,0,0,0,0,0,0,1,0,0,0,0,0,0,0,0,0,0,0,0]"
008883,voc/VOCdevkit/VOC2007/JPEGImages/008883.jpg,"[0,0,0,0,0,1,0,0,0,0,0,0,0,0,0,0,0,0,0,0]"
008884,voc/VOCdevkit/VOC2007/JPEGImages/008884.jpg,"[0,0,0,1,0,0,0,0,0,0,0,0,0,0,1,0,0,0,0,0]"
008885,voc/VOCdevkit/VOC2007/JPEGImages/008885.jpg,"[0,0,0,0,0,0,0,1,0,0,0,0,0,0,0,0,0,0,0,0]"
008886,voc/VOCdevkit/VOC2007/JPEGImages/008886.jpg,"[0,0,0,0,0,0,0,0,0,0,0,0,1,0,1,0,0,0,0,0]"
008888,voc/VOCdevkit/VOC2007/JPEGImages/008888.jpg,"[0,0,0,0,0,0,0,0,1,0,0,0,0,0,0,0,0,0,0,1]"
008891,voc/VOCdevkit/VOC2007/JPEGImages/008891.jpg,"[0,0,0,0,0,0,1,0,0,0,0,0,0,0,1,0,0,0,0,0]"
008892,voc/VOCdevkit/VOC2007/JPEGImages/008892.jpg,"[0,0,0,0,0,0,1,0,0,0,0,0,0,0,1,0,0,0,0,0]"
008900,voc/VOCdevkit/VOC2007/JPEGImages/008900.jpg,"[0,0,0,1,0,0,0,0,0,0,0,1,0,0,1,0,0,0,0,0]"
008905,voc/VOCdevkit/VOC2007/JPEGImages/008905.jpg,"[1,0,0,0,0,0,0,0,0,0,0,0,0,0,0,0,0,0,0,0]"
008909,voc/VOCdevkit/VOC2007/JPEGImages/008909.jpg,"[0,0,0,0,0,0,1,0,0,0,0,0,0,0,0,0,0,0,0,0]"
008911,voc/VOCdevkit/VOC2007/JPEGImages/008911.jpg,"[0,0,0,0,0,1,1,0,0,0,0,0,0,0,1,0,0,0,0,0]"
008913,voc/VOCdevkit/VOC2007/JPEGImages/008913.jpg,"[0,0,0,0,0,0,0,0,0,0,0,0,0,0,0,0,0,0,0,1]"
008914,voc/VOCdevkit/VOC2007/JPEGImages/008914.jpg,"[0,0,0,0,0,0,0,0,0,0,0,0,1,0,0,0,0,0,0,0]"
008917,voc/VOCdevkit/VOC2007/JPEGImages/008917.jpg,"[0,0,0,0,0,0,0,1,0,0,0,0,0,0,0,0,0,0,0,0]"
008921,voc/VOCdevkit/VOC2007/JPEGImages/008921.jpg,"[0,0,0,0,0,0,0,0,0,0,0,0,0,0,1,0,0,0,0,0]"
008929,voc/VOCdevkit/VOC2007/JPEGImages/008929.jpg,"[0,0,0,0,0,0,1,0,0,0,0,0,0,0,0,0,0,0,0,0]"
008930,voc/VOCdevkit/VOC2007/JPEGImages/008930.jpg,"[0,0,0,0,0,0,0,1,0,0,0,0,0,0,0,0,0,0,0,0]"
008931,voc/VOCdevkit/VOC2007/JPEGImages/008931.jpg,"[0,0,0,0,1,0,0,0,1,0,0,0,0,0,1,0,0,0,0,0]"
008932,voc/VOCdevkit/VOC2007/JPEGImages/008932.jpg,"[0,0,0,0,0,0,0,0,0,0,1,0,0,0,1,0,0,0,0,0]"
008933,voc/VOCdevkit/VOC2007/JPEGImages/008933.jpg,"[0,0,0,0,0,0,0,1,0,0,0,0,0,0,0,1,0,0,0,0]"
008936,voc/VOCdevkit/VOC2007/JPEGImages/008936.jpg,"[0,0,0,0,0,0,0,0,1,0,0,0,0,0,0,0,0,0,0,0]"
008942,voc/VOCdevkit/VOC2007/JPEGImages/008942.jpg,"[0,0,0,0,0,0,0,0,0,0,0,0,0,0,0,0,1,0,0,0]"
008944,voc/VOCdevkit/VOC2007/JPEGImages/008944.jpg,"[0,0,0,0,0,0,0,0,0,0,0,0,0,0,1,0,0,0,0,0]"
008948,voc/VOCdevkit/VOC2007/JPEGImages/008948.jpg,"[0,0,0,0,0,0,0,0,1,0,0,0,0,0,0,0,0,0,0,1]"
008951,voc/VOCdevkit/VOC2007/JPEGImages/008951.jpg,"[0,0,0,0,0,0,0,0,0,0,0,1,0,0,0,0,0,0,0,0]"
008953,voc/VOCdevkit/VOC2007/JPEGImages/008953.jpg,"[0,0,0,0,1,0,0,0,0,0,0,0,0,0,1,0,0,0,0,0]"
008958,voc/VOCdevkit/VOC2007/JPEGImages/008958.jpg,"[0,0,0,0,0,0,1,0,0,0,0,0,0,0,0,0,0,0,0,0]"
008960,voc/VOCdevkit/VOC2007/JPEGImages/008960.jpg,"[0,0,0,0,0,0,1,0,0,0,0,0,0,0,1,0,0,0,0,0]"
008961,voc/VOCdevkit/VOC2007/JPEGImages/008961.jpg,"[0,0,0,0,0,0,0,0,1,0,0,0,0,0,1,0,0,0,0,0]"
008962,voc/VOCdevkit/VOC2007/JPEGImages/008962.jpg,"[0,0,0,0,1,0,0,0,0,0,0,0,0,0,0,0,0,0,0,0]"
008965,voc/VOCdevkit/VOC2007/JPEGImages/008965.jpg,"[0,0,0,0,0,0,0,0,0,0,0,0,0,0,1,0,0,0,0,0]"
008966,voc/VOCdevkit/VOC2007/JPEGImages/008966.jpg,"[0,0,0,0,0,1,1,0,0,0,0,0,0,0,0,0,0,0,0,0]"
008968,voc/VOCdevkit/VOC2007/JPEGImages/008968.jpg,"[0,0,0,0,0,0,1,0,0,0,0,0,0,0,0,0,0,0,0,0]"
008969,voc/VOCdevkit/VOC2007/JPEGImages/008969.jpg,"[0,0,0,0,0,0,1,0,0,0,0,0,0,0,0,0,0,0,0,0]"
008970,voc/VOCdevkit/VOC2007/JPEGImages/008970.jpg,"[0,0,0,0,0,0,0,0,0,0,0,0,0,0,0,1,0,0,0,1]"
008971,voc/VOCdevkit/VOC2007/JPEGImages/008971.jpg,"[1,0,0,0,0,0,0,0,0,0,0,0,0,0,0,0,0,0,0,0]"
008973,voc/VOCdevkit/VOC2007/JPEGImages/008973.jpg,"[0,0,0,0,0,0,0,0,0,1,0,0,0,0,0,0,0,0,0,0]"
008975,voc/VOCdevkit/VOC2007/JPEGImages/008975.jpg,"[0,0,0,0,0,0,0,0,1,0,0,0,0,0,1,0,0,1,0,0]"
008976,voc/VOCdevkit/VOC2007/JPEGImages/008976.jpg,"[0,0,0,0,0,0,0,1,0,0,0,0,0,0,0,0,0,1,0,0]"
008979,voc/VOCdevkit/VOC2007/JPEGImages/008979.jpg,"[0,0,0,0,0,0,0,0,0,0,0,0,0,1,1,0,0,0,0,0]"
008980,voc/VOCdevkit/VOC2007/JPEGImages/008980.jpg,"[0,0,0,0,0,0,0,0,0,0,0,1,0,0,0,0,0,0,0,0]"
008982,voc/VOCdevkit/VOC2007/JPEGImages/008982.jpg,"[0,0,0,0,1,0,0,0,0,0,0,0,0,0,0,0,0,0,0,1]"
008983,voc/VOCdevkit/VOC2007/JPEGImages/008983.jpg,"[0,0,0,0,0,0,0,0,1,0,1,0,0,0,1,0,0,1,0,0]"
008985,voc/VOCdevkit/VOC2007/JPEGImages/008985.jpg,"[0,0,1,0,0,0,0,0,0,0,0,0,0,0,0,0,0,0,0,0]"
008987,voc/VOCdevkit/VOC2007/JPEGImages/008987.jpg,"[0,0,0,0,0,0,0,0,0,0,0,0,0,0,0,1,0,1,0,0]"
008989,voc/VOCdevkit/VOC2007/JPEGImages/008989.jpg,"[0,0,0,0,1,0,0,0,0,0,0,0,0,0,0,0,0,0,0,0]"
008997,voc/VOCdevkit/VOC2007/JPEGImages/008997.jpg,"[0,0,0,0,0,0,0,0,1,0,1,0,0,0,0,1,0,0,0,1]"
008999,voc/VOCdevkit/VOC2007/JPEGImages/008999.jpg,"[0,0,0,1,0,0,0,0,0,0,0,0,0,0,0,0,0,0,0,0]"
009002,voc/VOCdevkit/VOC2007/JPEGImages/009002.jpg,"[0,0,0,0,0,0,0,0,0,0,0,0,0,0,0,0,0,0,1,0]"
009005,voc/VOCdevkit/VOC2007/JPEGImages/009005.jpg,"[0,1,0,0,0,0,0,0,0,0,0,0,0,0,1,0,0,0,0,0]"
009006,voc/VOCdevkit/VOC2007/JPEGImages/009006.jpg,"[0,0,0,0,0,0,1,0,0,0,0,0,0,0,0,0,0,0,0,0]"
009007,voc/VOCdevkit/VOC2007/JPEGImages/009007.jpg,"[0,0,0,0,0,0,0,0,0,0,0,0,0,1,0,0,0,0,0,0]"
009015,voc/VOCdevkit/VOC2007/JPEGImages/009015.jpg,"[0,0,0,0,0,1,1,0,0,0,0,0,0,0,0,0,0,0,0,0]"
009016,voc/VOCdevkit/VOC2007/JPEGImages/009016.jpg,"[0,0,0,0,1,0,0,0,0,0,0,0,0,0,0,0,0,0,0,0]"
009018,voc/VOCdevkit/VOC2007/JPEGImages/009018.jpg,"[0,0,1,0,0,0,0,0,0,0,0,0,0,0,0,0,0,0,0,0]"
009019,voc/VOCdevkit/VOC2007/JPEGImages/009019.jpg,"[0,0,0,0,0,0,0,0,0,0,0,1,0,0,0,0,0,1,0,0]"
009020,voc/VOCdevkit/VOC2007/JPEGImages/009020.jpg,"[0,0,0,0,0,0,0,0,0,0,0,0,1,0,1,0,0,0,0,0]"
009022,voc/VOCdevkit/VOC2007/JPEGImages/009022.jpg,"[0,0,0,0,0,0,0,0,0,0,0,1,0,0,1,0,0,0,0,0]"
009024,voc/VOCdevkit/VOC2007/JPEGImages/009024.jpg,"[0,0,0,0,0,0,0,0,0,0,0,0,1,0,1,0,0,0,0,0]"
009027,voc/VOCdevkit/VOC2007/JPEGImages/009027.jpg,"[0,0,0,0,1,0,0,0,0,0,0,0,0,0,0,0,0,0,0,0]"
009032,voc/VOCdevkit/VOC2007/JPEGImages/009032.jpg,"[0,0,0,0,0,0,0,0,0,0,0,0,0,0,0,1,0,0,0,1]"
009034,voc/VOCdevkit/VOC2007/JPEGImages/009034.jpg,"[0,0,0,0,0,0,0,0,0,0,0,0,0,1,1,0,0,0,0,0]"
009035,voc/VOCdevkit/VOC2007/JPEGImages/009035.jpg,"[0,0,0,0,0,0,0,1,0,0,0,0,0,0,0,0,0,0,0,0]"
009036,voc/VOCdevkit/VOC2007/JPEGImages/009036.jpg,"[0,1,0,0,0,0,0,0,0,0,0,0,0,0,1,0,0,0,0,0]"
009039,voc/VOCdevkit/VOC2007/JPEGImages/009039.jpg,"[1,0,0,0,0,0,0,0,0,0,0,0,0,0,0,0,0,0,0,0]"
009048,voc/VOCdevkit/VOC2007/JPEGImages/009048.jpg,"[0,0,0,0,0,0,0,1,1,0,0,0,0,0,0,0,0,0,0,0]"
009049,voc/VOCdevkit/VOC2007/JPEGImages/009049.jpg,"[0,0,0,0,0,0,0,0,0,0,0,0,0,1,1,0,0,0,0,0]"
009051,voc/VOCdevkit/VOC2007/JPEGImages/009051.jpg,"[0,0,0,0,0,0,0,0,1,0,0,0,0,0,0,0,0,1,0,1]"
009053,voc/VOCdevkit/VOC2007/JPEGImages/009053.jpg,"[0,0,0,0,0,0,1,0,0,0,0,0,0,0,0,0,0,0,0,0]"
009058,voc/VOCdevkit/VOC2007/JPEGImages/009058.jpg,"[0,0,0,0,0,0,1,0,0,0,0,0,0,0,0,0,0,0,0,0]"
009060,voc/VOCdevkit/VOC2007/JPEGImages/009060.jpg,"[0,0,0,0,0,0,1,0,0,0,0,0,0,0,0,0,0,0,0,0]"
009063,voc/VOCdevkit/VOC2007/JPEGImages/009063.jpg,"[1,0,0,0,0,0,0,0,0,0,0,0,0,0,0,0,0,0,0,0]"
009064,voc/VOCdevkit/VOC2007/JPEGImages/009064.jpg,"[0,0,0,0,0,0,1,0,0,0,0,0,0,0,1,0,0,0,0,0]"
009066,voc/VOCdevkit/VOC2007/JPEGImages/009066.jpg,"[0,0,0,0,0,0,0,0,0,0,0,1,0,0,0,0,0,0,0,0]"
009068,voc/VOCdevkit/VOC2007/JPEGImages/009068.jpg,"[0,0,0,0,0,0,0,0,1,0,0,0,0,0,1,1,0,1,0,0]"
009072,voc/VOCdevkit/VOC2007/JPEGImages/009072.jpg,"[0,0,0,0,0,0,0,0,1,0,0,0,0,0,0,0,0,0,0,0]"
009073,voc/VOCdevkit/VOC2007/JPEGImages/009073.jpg,"[0,0,0,0,0,1,1,0,0,0,0,0,0,0,1,0,0,0,0,0]"
009078,voc/VOCdevkit/VOC2007/JPEGImages/009078.jpg,"[0,0,0,0,0,0,1,0,0,0,0,0,0,0,1,1,0,0,0,0]"
009079,voc/VOCdevkit/VOC2007/JPEGImages/009079.jpg,"[0,0,0,0,0,0,0,0,0,0,0,0,0,0,1,0,0,0,0,0]"
009080,voc/VOCdevkit/VOC2007/JPEGImages/009080.jpg,"[0,0,1,0,0,0,0,0,0,0,0,0,0,0,0,0,0,0,0,0]"
009085,voc/VOCdevkit/VOC2007/JPEGImages/009085.jpg,"[1,0,0,0,0,0,0,0,0,0,0,0,0,0,0,0,0,0,0,0]"
009089,voc/VOCdevkit/VOC2007/JPEGImages/009089.jpg,"[0,0,0,0,0,0,0,0,0,0,0,0,0,0,1,0,0,0,0,0]"
009091,voc/VOCdevkit/VOC2007/JPEGImages/009091.jpg,"[0,0,0,0,0,0,0,0,0,0,0,0,0,0,1,0,0,0,0,0]"
009094,voc/VOCdevkit/VOC2007/JPEGImages/009094.jpg,"[0,0,0,0,0,0,0,0,0,0,0,0,0,0,0,0,0,0,0,1]"
009098,voc/VOCdevkit/VOC2007/JPEGImages/009098.jpg,"[0,0,0,0,0,0,0,1,0,0,0,0,0,0,0,0,0,0,0,0]"
009099,voc/VOCdevkit/VOC2007/JPEGImages/009099.jpg,"[0,0,1,0,0,0,0,0,0,0,0,0,0,0,0,0,0,0,0,0]"
009100,voc/VOCdevkit/VOC2007/JPEGImages/009100.jpg,"[0,0,0,0,1,0,0,0,0,0,0,0,0,0,0,0,0,0,0,0]"
009105,voc/VOCdevkit/VOC2007/JPEGImages/009105.jpg,"[0,0,0,0,0,1,0,0,0,0,0,0,0,0,0,0,0,0,0,0]"
009106,voc/VOCdevkit/VOC2007/JPEGImages/009106.jpg,"[0,0,0,0,0,0,1,0,0,0,0,0,0,0,0,0,0,0,0,0]"
009108,voc/VOCdevkit/VOC2007/JPEGImages/009108.jpg,"[0,0,0,0,1,0,0,0,0,0,0,0,0,0,0,0,0,0,0,0]"
009113,voc/VOCdevkit/VOC2007/JPEGImages/009113.jpg,"[0,0,0,0,0,0,0,0,0,1,0,0,0,0,0,0,0,0,0,0]"
009114,voc/VOCdevkit/VOC2007/JPEGImages/009114.jpg,"[0,0,0,0,0,0,0,0,0,0,0,0,1,0,1,0,0,0,0,0]"
009116,voc/VOCdevkit/VOC2007/JPEGImages/009116.jpg,"[0,0,0,0,0,0,1,0,0,0,0,0,0,0,0,0,0,0,0,0]"
009117,voc/VOCdevkit/VOC2007/JPEGImages/009117.jpg,"[0,0,0,0,0,0,0,0,0,0,0,1,0,0,0,0,0,0,0,0]"
009121,voc/VOCdevkit/VOC2007/JPEGImages/009121.jpg,"[0,0,0,0,0,0,1,0,0,0,0,0,0,0,0,0,0,0,0,0]"
009123,voc/VOCdevkit/VOC2007/JPEGImages/009123.jpg,"[0,0,0,0,0,0,0,0,1,0,1,0,0,0,1,1,0,0,0,0]"
009126,voc/VOCdevkit/VOC2007/JPEGImages/009126.jpg,"[0,0,0,0,0,1,0,0,0,0,0,0,0,0,0,0,0,0,0,0]"
009128,voc/VOCdevkit/VOC2007/JPEGImages/009128.jpg,"[0,0,0,0,0,0,0,0,0,0,0,0,0,0,1,0,0,0,0,0]"
009131,voc/VOCdevkit/VOC2007/JPEGImages/009131.jpg,"[0,0,0,1,0,0,0,0,0,0,0,0,0,0,0,0,0,0,0,0]"
009133,voc/VOCdevkit/VOC2007/JPEGImages/009133.jpg,"[0,0,0,0,0,0,0,0,0,1,0,0,0,0,0,0,0,0,0,0]"
009136,voc/VOCdevkit/VOC2007/JPEGImages/009136.jpg,"[0,0,0,0,0,0,0,0,1,0,0,0,0,0,1,0,0,0,0,0]"
009138,voc/VOCdevkit/VOC2007/JPEGImages/009138.jpg,"[0,0,0,0,0,0,0,0,0,0,0,0,1,0,0,0,0,0,0,0]"
009141,voc/VOCdevkit/VOC2007/JPEGImages/009141.jpg,"[0,0,0,0,0,0,0,0,0,0,0,0,0,0,1,0,0,0,0,0]"
009147,voc/VOCdevkit/VOC2007/JPEGImages/009147.jpg,"[0,0,0,0,0,0,0,1,0,0,0,0,0,0,0,0,0,0,0,0]"
009148,voc/VOCdevkit/VOC2007/JPEGImages/009148.jpg,"[0,0,0,0,0,0,0,0,0,0,0,0,1,0,0,0,0,0,0,0]"
009150,voc/VOCdevkit/VOC2007/JPEGImages/009150.jpg,"[0,0,1,0,0,0,0,0,0,0,0,0,0,0,0,0,0,0,0,0]"
009151,voc/VOCdevkit/VOC2007/JPEGImages/009151.jpg,"[0,0,0,0,0,0,0,0,1,0,0,0,0,0,0,0,0,0,0,1]"
009153,voc/VOCdevkit/VOC2007/JPEGImages/009153.jpg,"[0,0,0,0,0,0,0,0,0,0,0,0,0,0,1,0,0,0,0,0]"
009155,voc/VOCdevkit/VOC2007/JPEGImages/009155.jpg,"[0,0,0,0,0,0,0,0,0,0,0,0,0,0,0,0,0,0,0,1]"
009157,voc/VOCdevkit/VOC2007/JPEGImages/009157.jpg,"[0,0,0,0,0,0,0,0,1,0,1,0,0,0,0,0,0,0,0,0]"
009159,voc/VOCdevkit/VOC2007/JPEGImages/009159.jpg,"[0,0,0,0,0,0,0,0,1,0,0,0,0,0,0,0,0,0,0,0]"
009160,voc/VOCdevkit/VOC2007/JPEGImages/009160.jpg,"[0,0,0,0,0,0,0,0,0,0,0,0,0,1,1,0,0,0,0,0]"
009163,voc/VOCdevkit/VOC2007/JPEGImages/009163.jpg,"[0,0,0,0,0,1,1,0,0,0,0,0,0,0,0,0,0,0,0,0]"
009166,voc/VOCdevkit/VOC2007/JPEGImages/009166.jpg,"[0,0,1,0,0,0,0,0,0,0,0,0,0,0,0,0,0,0,0,0]"
009173,voc/VOCdevkit/VOC2007/JPEGImages/009173.jpg,"[0,0,0,0,0,0,0,0,0,0,0,0,0,0,0,0,0,0,0,1]"
009175,voc/VOCdevkit/VOC2007/JPEGImages/009175.jpg,"[0,0,0,0,0,0,0,1,0,0,0,0,0,0,0,1,0,0,0,0]"
009177,voc/VOCdevkit/VOC2007/JPEGImages/009177.jpg,"[0,0,0,1,0,0,0,0,0,0,0,0,0,0,0,0,0,0,0,0]"
009178,voc/VOCdevkit/VOC2007/JPEGImages/009178.jpg,"[0,0,0,0,0,0,1,0,0,0,0,0,0,0,0,0,0,0,0,0]"
009180,voc/VOCdevkit/VOC2007/JPEGImages/009180.jpg,"[0,0,0,0,0,0,0,0,0,0,0,0,0,1,1,0,0,0,0,0]"
009181,voc/VOCdevkit/VOC2007/JPEGImages/009181.jpg,"[0,0,0,0,0,0,0,0,0,0,0,0,0,0,0,1,0,0,0,0]"
009184,voc/VOCdevkit/VOC2007/JPEGImages/009184.jpg,"[0,0,0,0,0,0,0,0,0,0,0,0,0,0,1,0,0,0,0,0]"
009186,voc/VOCdevkit/VOC2007/JPEGImages/009186.jpg,"[0,0,0,0,0,0,1,0,0,0,0,0,0,0,0,0,0,0,0,0]"
009187,voc/VOCdevkit/VOC2007/JPEGImages/009187.jpg,"[0,0,0,0,0,0,0,0,0,0,0,0,0,0,0,0,0,0,1,0]"
009189,voc/VOCdevkit/VOC2007/JPEGImages/009189.jpg,"[0,0,0,0,0,0,0,0,0,1,0,0,0,0,0,0,0,0,0,0]"
009192,voc/VOCdevkit/VOC2007/JPEGImages/009192.jpg,"[0,0,0,0,0,0,0,0,0,0,0,0,0,0,0,0,0,0,0,1]"
009194,voc/VOCdevkit/VOC2007/JPEGImages/009194.jpg,"[0,0,0,0,0,0,0,0,0,0,0,0,0,0,0,1,0,0,0,0]"
009196,voc/VOCdevkit/VOC2007/JPEGImages/009196.jpg,"[0,0,0,0,0,0,0,0,0,0,0,0,0,0,0,0,0,0,0,1]"
009197,voc/VOCdevkit/VOC2007/JPEGImages/009197.jpg,"[0,0,0,0,0,0,0,0,0,0,0,1,0,0,1,0,0,0,0,0]"
009200,voc/VOCdevkit/VOC2007/JPEGImages/009200.jpg,"[0,0,0,0,0,0,0,0,1,0,0,0,0,0,0,0,0,1,0,1]"
009202,voc/VOCdevkit/VOC2007/JPEGImages/009202.jpg,"[0,0,0,0,0,0,0,0,0,0,0,0,1,0,1,0,0,0,0,0]"
009205,voc/VOCdevkit/VOC2007/JPEGImages/009205.jpg,"[0,0,0,0,0,0,1,0,0,0,0,0,0,0,0,0,0,0,0,0]"
009208,voc/VOCdevkit/VOC2007/JPEGImages/009208.jpg,"[0,0,0,0,0,0,0,0,0,0,0,0,1,0,1,0,0,0,0,0]"
009209,voc/VOCdevkit/VOC2007/JPEGImages/009209.jpg,"[0,0,0,0,0,0,0,0,0,0,0,0,0,1,1,0,0,0,0,0]"
009212,voc/VOCdevkit/VOC2007/JPEGImages/009212.jpg,"[0,0,0,0,0,0,0,0,0,0,0,1,0,0,0,0,0,0,0,0]"
009213,voc/VOCdevkit/VOC2007/JPEGImages/009213.jpg,"[0,0,0,0,0,0,1,0,0,0,0,0,0,0,0,0,0,0,0,0]"
009214,voc/VOCdevkit/VOC2007/JPEGImages/009214.jpg,"[0,1,0,0,0,0,1,0,0,0,0,0,0,0,1,0,0,0,0,0]"
009215,voc/VOCdevkit/VOC2007/JPEGImages/009215.jpg,"[0,0,0,0,0,0,0,0,0,0,0,0,0,0,0,1,0,0,0,0]"
009218,voc/VOCdevkit/VOC2007/JPEGImages/009218.jpg,"[0,0,0,0,0,0,0,0,0,0,0,0,0,0,0,0,0,0,1,0]"
009221,voc/VOCdevkit/VOC2007/JPEGImages/009221.jpg,"[0,0,0,0,0,0,0,1,0,0,0,0,0,0,0,0,0,0,0,0]"
009224,voc/VOCdevkit/VOC2007/JPEGImages/009224.jpg,"[0,0,0,0,0,0,0,0,0,0,0,0,0,0,1,0,0,0,0,0]"
009227,voc/VOCdevkit/VOC2007/JPEGImages/009227.jpg,"[0,0,0,0,0,0,0,0,0,0,0,1,0,0,0,0,1,0,0,0]"
009230,voc/VOCdevkit/VOC2007/JPEGImages/009230.jpg,"[0,0,0,0,0,0,0,0,0,0,0,0,0,1,1,0,0,0,0,0]"
009236,voc/VOCdevkit/VOC2007/JPEGImages/009236.jpg,"[0,0,0,0,0,0,0,0,0,0,0,0,1,0,1,0,0,0,0,0]"
009238,voc/VOCdevkit/VOC2007/JPEGImages/009238.jpg,"[0,0,0,0,0,0,0,0,0,0,0,0,0,0,1,0,0,0,0,0]"
009239,voc/VOCdevkit/VOC2007/JPEGImages/009239.jpg,"[0,0,0,0,0,0,0,0,0,0,0,0,0,0,1,0,0,0,0,0]"
009244,voc/VOCdevkit/VOC2007/JPEGImages/009244.jpg,"[0,0,0,0,0,0,0,1,0,0,0,0,0,0,0,0,0,0,0,0]"
009245,voc/VOCdevkit/VOC2007/JPEGImages/009245.jpg,"[0,0,0,0,0,0,0,0,0,1,0,0,0,0,0,0,0,0,0,0]"
009247,voc/VOCdevkit/VOC2007/JPEGImages/009247.jpg,"[0,0,0,0,0,0,0,0,1,0,1,0,0,0,0,0,0,0,0,0]"
009250,voc/VOCdevkit/VOC2007/JPEGImages/009250.jpg,"[0,1,0,0,0,0,0,0,0,0,0,0,0,0,0,0,0,0,0,0]"
009251,voc/VOCdevkit/VOC2007/JPEGImages/009251.jpg,"[0,0,0,0,0,0,0,0,0,0,0,0,1,0,1,0,0,0,0,0]"
009252,voc/VOCdevkit/VOC2007/JPEGImages/009252.jpg,"[0,0,0,0,0,0,0,0,1,0,0,0,0,0,0,1,0,1,0,0]"
009254,voc/VOCdevkit/VOC2007/JPEGImages/009254.jpg,"[0,0,0,0,0,0,1,0,0,0,0,0,0,0,0,0,0,0,1,0]"
009255,voc/VOCdevkit/VOC2007/JPEGImages/009255.jpg,"[0,0,0,0,0,0,0,0,0,0,0,0,1,0,0,0,0,0,0,0]"
009259,voc/VOCdevkit/VOC2007/JPEGImages/009259.jpg,"[0,0,0,0,0,0,0,0,0,0,0,0,0,1,1,0,0,0,0,0]"
009271,voc/VOCdevkit/VOC2007/JPEGImages/009271.jpg,"[0,0,0,0,0,0,0,0,0,0,0,0,0,0,0,0,1,0,0,0]"
009273,voc/VOCdevkit/VOC2007/JPEGImages/009273.jpg,"[0,0,0,0,0,0,0,0,1,0,1,0,0,0,1,0,0,0,0,0]"
009278,voc/VOCdevkit/VOC2007/JPEGImages/009278.jpg,"[0,1,0,0,0,0,0,0,0,0,0,0,0,0,0,0,0,0,0,0]"
009279,voc/VOCdevkit/VOC2007/JPEGImages/009279.jpg,"[0,0,0,0,0,0,0,0,1,0,0,0,0,0,0,1,0,0,0,1]"
009281,voc/VOCdevkit/VOC2007/JPEGImages/009281.jpg,"[0,1,0,0,0,0,0,0,0,0,0,0,0,0,0,0,0,0,0,0]"
009282,voc/VOCdevkit/VOC2007/JPEGImages/009282.jpg,"[0,0,0,0,0,0,1,0,0,0,0,0,0,0,0,0,0,0,0,0]"
009283,voc/VOCdevkit/VOC2007/JPEGImages/009283.jpg,"[0,0,0,0,0,1,1,0,0,0,0,0,0,0,1,0,0,0,0,0]"
009286,voc/VOCdevkit/VOC2007/JPEGImages/009286.jpg,"[0,0,0,0,0,0,1,0,0,0,0,0,0,0,1,0,0,0,0,0]"
009287,voc/VOCdevkit/VOC2007/JPEGImages/009287.jpg,"[0,0,0,0,0,0,0,0,0,0,0,0,0,1,1,0,0,0,0,0]"
009288,voc/VOCdevkit/VOC2007/JPEGImages/009288.jpg,"[0,0,0,0,0,0,0,0,0,0,0,0,0,0,1,0,0,0,0,0]"
009289,voc/VOCdevkit/VOC2007/JPEGImages/009289.jpg,"[0,0,0,0,0,0,0,0,0,0,0,0,0,0,0,0,0,0,1,0]"
009290,voc/VOCdevkit/VOC2007/JPEGImages/009290.jpg,"[0,0,0,0,1,0,0,0,1,0,0,0,0,0,1,0,0,1,0,0]"
009291,voc/VOCdevkit/VOC2007/JPEGImages/009291.jpg,"[0,0,0,0,0,0,0,0,0,0,0,0,0,1,1,0,0,0,0,0]"
009295,voc/VOCdevkit/VOC2007/JPEGImages/009295.jpg,"[0,1,0,0,0,0,0,0,0,0,0,0,0,0,1,0,0,0,0,1]"
009299,voc/VOCdevkit/VOC2007/JPEGImages/009299.jpg,"[0,0,0,0,1,0,0,0,0,0,1,0,0,0,1,0,0,0,0,0]"
009303,voc/VOCdevkit/VOC2007/JPEGImages/009303.jpg,"[0,0,0,0,0,0,0,0,0,0,1,0,0,0,1,0,0,0,0,0]"
009306,voc/VOCdevkit/VOC2007/JPEGImages/009306.jpg,"[0,0,0,0,0,0,0,1,0,0,0,0,0,0,1,0,0,1,0,0]"
009307,voc/VOCdevkit/VOC2007/JPEGImages/009307.jpg,"[1,0,0,0,0,0,0,0,0,0,0,0,0,0,0,0,0,0,0,0]"
009308,voc/VOCdevkit/VOC2007/JPEGImages/009308.jpg,"[0,0,0,0,0,0,0,0,0,1,0,0,0,0,1,0,0,0,0,0]"
009309,voc/VOCdevkit/VOC2007/JPEGImages/009309.jpg,"[0,0,1,0,0,0,0,0,0,0,0,0,0,0,0,0,0,0,0,0]"
009312,voc/VOCdevkit/VOC2007/JPEGImages/009312.jpg,"[0,0,0,0,0,0,0,0,0,0,0,0,0,1,1,0,0,0,0,0]"
009315,voc/VOCdevkit/VOC2007/JPEGImages/009315.jpg,"[0,0,0,0,0,1,0,0,0,0,0,0,0,0,0,0,0,0,0,0]"
009316,voc/VOCdevkit/VOC2007/JPEGImages/009316.jpg,"[0,0,0,0,0,0,0,0,0,0,0,0,0,0,1,0,0,0,0,0]"
009323,voc/VOCdevkit/VOC2007/JPEGImages/009323.jpg,"[0,0,1,0,0,0,0,0,0,0,0,0,0,0,0,0,0,0,0,0]"
009324,voc/VOCdevkit/VOC2007/JPEGImages/009324.jpg,"[0,0,1,0,0,0,0,0,0,0,0,0,0,0,0,0,0,0,0,0]"
009327,voc/VOCdevkit/VOC2007/JPEGImages/009327.jpg,"[0,0,0,0,0,0,0,0,0,0,0,1,0,0,1,0,0,0,0,0]"
009330,voc/VOCdevkit/VOC2007/JPEGImages/009330.jpg,"[0,0,0,0,0,0,0,0,0,0,0,0,0,0,1,0,0,0,0,0]"
009331,voc/VOCdevkit/VOC2007/JPEGImages/009331.jpg,"[0,0,0,0,0,0,0,0,0,0,0,1,1,0,1,0,0,0,0,0]"
009333,voc/VOCdevkit/VOC2007/JPEGImages/009333.jpg,"[0,0,0,0,0,0,0,0,1,0,0,1,0,0,0,0,0,1,0,1]"
009334,voc/VOCdevkit/VOC2007/JPEGImages/009334.jpg,"[0,1,0,0,0,0,0,0,0,0,0,0,0,0,0,0,0,0,0,0]"
009336,voc/VOCdevkit/VOC2007/JPEGImages/009336.jpg,"[0,0,0,0,0,0,1,0,0,0,0,0,0,0,1,0,0,0,0,0]"
009337,voc/VOCdevkit/VOC2007/JPEGImages/009337.jpg,"[0,0,0,0,0,0,0,0,0,0,0,0,1,0,0,0,0,0,0,0]"
009342,voc/VOCdevkit/VOC2007/JPEGImages/009342.jpg,"[0,0,0,0,0,0,0,1,0,0,0,0,0,0,1,1,0,1,0,0]"
009343,voc/VOCdevkit/VOC2007/JPEGImages/009343.jpg,"[0,0,0,0,0,0,0,0,1,0,0,0,0,0,1,0,0,1,0,0]"
009347,voc/VOCdevkit/VOC2007/JPEGImages/009347.jpg,"[0,0,0,1,0,0,0,0,0,0,0,0,0,0,0,0,0,0,0,0]"
009349,voc/VOCdevkit/VOC2007/JPEGImages/009349.jpg,"[0,0,0,0,0,0,0,0,0,0,0,0,0,0,1,0,1,0,0,0]"
009351,voc/VOCdevkit/VOC2007/JPEGImages/009351.jpg,"[1,0,0,0,0,0,0,0,0,0,0,0,0,0,0,0,0,0,0,0]"
009354,voc/VOCdevkit/VOC2007/JPEGImages/009354.jpg,"[0,0,0,0,0,0,0,0,0,0,0,0,0,0,0,0,0,0,1,0]"
009362,voc/VOCdevkit/VOC2007/JPEGImages/009362.jpg,"[0,0,0,0,0,0,0,0,0,0,0,0,0,0,1,0,0,0,0,0]"
009365,voc/VOCdevkit/VOC2007/JPEGImages/009365.jpg,"[1,0,0,0,0,0,0,0,0,0,0,0,0,0,0,0,0,0,0,0]"
009368,voc/VOCdevkit/VOC2007/JPEGImages/009368.jpg,"[0,0,0,0,0,0,1,0,0,0,0,0,0,0,1,0,0,0,0,0]"
009371,voc/VOCdevkit/VOC2007/JPEGImages/009371.jpg,"[1,0,0,0,0,0,0,0,0,0,0,0,0,0,0,0,0,0,0,0]"
009373,voc/VOCdevkit/VOC2007/JPEGImages/009373.jpg,"[0,0,0,0,0,0,0,0,0,0,0,0,0,0,0,0,0,0,0,1]"
009374,voc/VOCdevkit/VOC2007/JPEGImages/009374.jpg,"[0,0,0,0,0,0,0,0,1,0,0,0,0,0,1,0,0,0,0,0]"
009375,voc/VOCdevkit/VOC2007/JPEGImages/009375.jpg,"[0,0,0,0,1,0,0,0,0,1,0,0,0,0,1,0,0,0,0,0]"
009386,voc/VOCdevkit/VOC2007/JPEGImages/009386.jpg,"[0,0,0,0,0,1,0,0,0,0,0,0,0,0,0,0,0,0,0,0]"
009388,voc/VOCdevkit/VOC2007/JPEGImages/009388.jpg,"[0,0,0,0,1,0,0,0,1,0,0,0,0,0,0,0,0,0,0,1]"
009389,voc/VOCdevkit/VOC2007/JPEGImages/009389.jpg,"[0,0,0,0,0,0,0,0,0,0,0,0,0,0,0,0,0,0,1,0]"
009392,voc/VOCdevkit/VOC2007/JPEGImages/009392.jpg,"[0,0,0,0,0,1,1,0,0,0,0,0,0,0,0,0,0,0,0,0]"
009393,voc/VOCdevkit/VOC2007/JPEGImages/009393.jpg,"[0,1,0,0,0,0,0,0,0,0,0,0,0,1,1,0,0,0,0,0]"
009398,voc/VOCdevkit/VOC2007/JPEGImages/009398.jpg,"[0,0,0,0,0,0,0,1,0,0,0,0,0,0,0,0,0,0,0,0]"
009401,voc/VOCdevkit/VOC2007/JPEGImages/009401.jpg,"[0,0,0,0,0,0,0,0,0,0,0,0,0,0,0,0,0,0,1,0]"
009405,voc/VOCdevkit/VOC2007/JPEGImages/009405.jpg,"[0,0,0,0,0,0,0,0,0,0,0,1,0,0,0,0,0,0,0,0]"
009406,voc/VOCdevkit/VOC2007/JPEGImages/009406.jpg,"[0,0,0,0,0,0,1,0,0,0,0,0,0,0,0,0,0,0,0,0]"
009408,voc/VOCdevkit/VOC2007/JPEGImages/009408.jpg,"[1,0,0,0,0,0,0,0,0,0,0,0,0,0,0,0,0,0,0,0]"
009409,voc/VOCdevkit/VOC2007/JPEGImages/009409.jpg,"[0,0,0,0,0,1,1,0,0,0,0,0,0,0,0,0,0,0,0,0]"
009410,voc/VOCdevkit/VOC2007/JPEGImages/009410.jpg,"[0,0,0,0,0,0,0,0,0,0,0,0,0,0,1,0,0,0,0,0]"
009411,voc/VOCdevkit/VOC2007/JPEGImages/009411.jpg,"[0,0,0,0,0,0,1,0,0,0,0,0,0,0,1,0,0,0,0,0]"
009412,voc/VOCdevkit/VOC2007/JPEGImages/009412.jpg,"[0,0,0,0,0,1,0,0,0,0,0,0,0,0,1,0,0,0,0,0]"
009413,voc/VOCdevkit/VOC2007/JPEGImages/009413.jpg,"[0,0,0,0,0,0,0,0,1,0,1,0,0,0,1,0,0,0,0,0]"
009414,voc/VOCdevkit/VOC2007/JPEGImages/009414.jpg,"[0,0,0,0,0,0,0,0,0,0,0,0,0,0,1,0,0,1,0,0]"
009417,voc/VOCdevkit/VOC2007/JPEGImages/009417.jpg,"[0,0,0,0,0,0,0,0,0,0,0,0,0,0,0,0,1,0,0,0]"
009418,voc/VOCdevkit/VOC2007/JPEGImages/009418.jpg,"[0,0,0,0,0,0,0,0,0,0,0,1,0,0,1,0,0,0,0,0]"
009419,voc/VOCdevkit/VOC2007/JPEGImages/009419.jpg,"[0,0,0,0,0,0,0,0,0,0,0,0,0,0,0,1,0,0,0,0]"
009421,voc/VOCdevkit/VOC2007/JPEGImages/009421.jpg,"[0,0,0,0,0,0,0,0,0,0,0,0,0,0,1,0,0,1,0,0]"
009422,voc/VOCdevkit/VOC2007/JPEGImages/009422.jpg,"[0,0,1,0,0,0,0,0,0,0,0,0,0,0,0,0,0,0,0,0]"
009432,voc/VOCdevkit/VOC2007/JPEGImages/009432.jpg,"[1,0,0,0,0,0,0,0,0,0,0,0,0,0,0,0,0,0,0,0]"
009433,voc/VOCdevkit/VOC2007/JPEGImages/009433.jpg,"[0,0,0,0,0,0,0,0,0,0,0,0,0,0,1,0,0,0,1,0]"
009434,voc/VOCdevkit/VOC2007/JPEGImages/009434.jpg,"[0,0,0,0,0,0,1,0,0,0,0,0,0,0,1,0,0,0,0,0]"
009437,voc/VOCdevkit/VOC2007/JPEGImages/009437.jpg,"[0,0,0,0,0,0,0,0,1,0,1,0,0,0,1,0,0,0,0,0]"
009438,voc/VOCdevkit/VOC2007/JPEGImages/009438.jpg,"[0,0,0,0,0,0,0,0,0,0,0,0,1,0,0,0,0,0,0,0]"
009439,voc/VOCdevkit/VOC2007/JPEGImages/009439.jpg,"[0,0,1,0,0,0,0,0,0,0,0,0,0,0,0,0,0,0,0,0]"
009440,voc/VOCdevkit/VOC2007/JPEGImages/009440.jpg,"[0,0,0,0,0,0,0,0,0,0,0,0,0,0,1,0,0,0,0,0]"
009443,voc/VOCdevkit/VOC2007/JPEGImages/009443.jpg,"[0,0,0,0,0,0,0,0,0,0,0,0,0,0,0,1,0,0,0,0]"
009448,voc/VOCdevkit/VOC2007/JPEGImages/009448.jpg,"[0,0,0,0,0,0,1,0,0,0,0,0,0,0,1,0,0,0,0,0]"
009455,voc/VOCdevkit/VOC2007/JPEGImages/009455.jpg,"[0,0,0,0,0,0,0,1,0,0,0,0,0,0,0,0,0,0,0,0]"
009456,voc/VOCdevkit/VOC2007/JPEGImages/009456.jpg,"[0,1,0,0,0,0,0,0,0,0,0,0,0,0,1,0,0,0,0,0]"
009457,voc/VOCdevkit/VOC2007/JPEGImages/009457.jpg,"[0,0,0,0,0,0,0,0,0,0,0,0,0,1,0,0,0,0,0,0]"
009458,voc/VOCdevkit/VOC2007/JPEGImages/009458.jpg,"[0,0,0,0,1,0,0,0,0,0,0,0,0,0,0,0,0,0,0,0]"
009459,voc/VOCdevkit/VOC2007/JPEGImages/009459.jpg,"[0,0,1,0,0,0,0,0,0,0,0,0,0,0,0,0,0,0,0,0]"
009460,voc/VOCdevkit/VOC2007/JPEGImages/009460.jpg,"[0,0,0,0,0,0,0,0,0,0,0,0,0,0,1,0,0,0,0,0]"
009461,voc/VOCdevkit/VOC2007/JPEGImages/009461.jpg,"[1,0,0,0,0,0,0,0,0,0,0,0,0,0,0,0,0,0,0,0]"
009464,voc/VOCdevkit/VOC2007/JPEGImages/009464.jpg,"[0,0,0,0,0,0,0,1,0,0,0,0,0,0,0,0,0,0,0,0]"
009465,voc/VOCdevkit/VOC2007/JPEGImages/009465.jpg,"[0,0,0,0,0,0,0,0,0,0,0,0,1,0,0,0,0,0,0,0]"
009468,voc/VOCdevkit/VOC2007/JPEGImages/009468.jpg,"[0,0,0,0,0,0,0,0,0,0,0,0,1,0,1,0,0,0,0,0]"
009469,voc/VOCdevkit/VOC2007/JPEGImages/009469.jpg,"[0,0,0,0,0,0,1,0,0,0,0,0,0,0,1,0,0,0,0,0]"
009470,voc/VOCdevkit/VOC2007/JPEGImages/009470.jpg,"[0,0,0,0,0,0,0,1,0,0,0,0,0,0,0,0,0,1,0,0]"
009477,voc/VOCdevkit/VOC2007/JPEGImages/009477.jpg,"[0,0,0,0,0,0,1,0,0,0,0,0,0,0,1,0,0,0,0,0]"
009479,voc/VOCdevkit/VOC2007/JPEGImages/009479.jpg,"[0,0,0,0,0,0,0,1,0,0,0,0,0,0,1,0,0,1,0,0]"
009480,voc/VOCdevkit/VOC2007/JPEGImages/009480.jpg,"[1,0,0,0,0,0,0,0,0,0,0,0,0,0,0,0,0,0,0,0]"
009481,voc/VOCdevkit/VOC2007/JPEGImages/009481.jpg,"[0,0,0,0,1,0,0,0,1,0,0,0,0,0,1,0,0,0,0,1]"
009484,voc/VOCdevkit/VOC2007/JPEGImages/009484.jpg,"[0,0,0,0,0,0,0,0,1,0,1,0,0,0,0,0,0,0,0,1]"
009490,voc/VOCdevkit/VOC2007/JPEGImages/009490.jpg,"[0,0,0,0,0,0,0,0,0,0,0,0,0,0,1,0,0,0,0,0]"
009491,voc/VOCdevkit/VOC2007/JPEGImages/009491.jpg,"[0,0,0,0,0,0,0,0,0,0,0,0,0,0,0,1,0,1,0,0]"
009494,voc/VOCdevkit/VOC2007/JPEGImages/009494.jpg,"[0,0,0,0,0,0,0,0,0,0,0,0,0,1,1,0,0,0,0,0]"
009496,voc/VOCdevkit/VOC2007/JPEGImages/009496.jpg,"[0,0,0,0,0,0,0,0,0,0,0,0,0,0,1,0,0,0,0,0]"
009497,voc/VOCdevkit/VOC2007/JPEGImages/009497.jpg,"[0,0,0,0,1,0,0,0,0,0,0,0,0,0,1,0,0,0,0,0]"
009499,voc/VOCdevkit/VOC2007/JPEGImages/009499.jpg,"[0,0,0,0,0,0,0,0,0,0,0,0,0,0,1,0,0,0,0,0]"
009500,voc/VOCdevkit/VOC2007/JPEGImages/009500.jpg,"[0,0,0,0,0,0,0,0,0,0,0,0,0,0,1,0,0,0,0,0]"
009502,voc/VOCdevkit/VOC2007/JPEGImages/009502.jpg,"[0,0,0,0,0,0,0,0,0,0,0,1,0,0,0,0,0,0,0,0]"
009504,voc/VOCdevkit/VOC2007/JPEGImages/009504.jpg,"[0,0,0,0,0,0,0,0,0,0,0,0,0,1,1,0,0,0,0,0]"
009507,voc/VOCdevkit/VOC2007/JPEGImages/009507.jpg,"[0,0,0,0,0,0,1,0,0,0,0,0,0,0,0,0,0,0,0,0]"
009515,voc/VOCdevkit/VOC2007/JPEGImages/009515.jpg,"[0,0,0,0,0,0,1,0,0,0,0,0,0,0,0,0,0,0,0,0]"
009516,voc/VOCdevkit/VOC2007/JPEGImages/009516.jpg,"[0,0,0,0,0,0,0,1,0,0,0,0,0,0,0,0,0,0,0,0]"
009517,voc/VOCdevkit/VOC2007/JPEGImages/009517.jpg,"[0,0,0,0,0,0,1,0,0,0,0,0,0,0,1,0,0,0,0,0]"
009518,voc/VOCdevkit/VOC2007/JPEGImages/009518.jpg,"[0,0,0,0,0,0,0,0,0,0,0,1,0,0,1,0,0,0,0,0]"
009519,voc/VOCdevkit/VOC2007/JPEGImages/009519.jpg,"[0,0,0,0,0,0,0,0,0,0,0,0,0,0,0,1,0,0,0,0]"
009520,voc/VOCdevkit/VOC2007/JPEGImages/009520.jpg,"[0,0,0,0,0,0,0,0,1,0,0,0,0,0,1,0,0,0,0,0]"
009526,voc/VOCdevkit/VOC2007/JPEGImages/009526.jpg,"[0,0,0,0,0,0,0,0,1,0,1,0,0,0,1,0,0,0,0,0]"
009528,voc/VOCdevkit/VOC2007/JPEGImages/009528.jpg,"[0,0,0,0,0,0,0,1,0,0,0,0,0,0,0,0,0,0,0,0]"
009532,voc/VOCdevkit/VOC2007/JPEGImages/009532.jpg,"[0,0,0,0,0,0,1,0,0,0,0,0,0,0,1,0,0,0,0,0]"
009533,voc/VOCdevkit/VOC2007/JPEGImages/009533.jpg,"[0,0,0,1,0,0,0,0,0,0,0,0,0,0,0,0,0,0,0,0]"
009537,voc/VOCdevkit/VOC2007/JPEGImages/009537.jpg,"[0,0,0,0,0,0,0,0,0,0,0,0,0,0,1,0,0,0,1,0]"
009540,voc/VOCdevkit/VOC2007/JPEGImages/009540.jpg,"[0,0,0,0,0,0,0,0,0,0,0,0,0,1,0,0,0,0,0,0]"
009541,voc/VOCdevkit/VOC2007/JPEGImages/009541.jpg,"[0,0,0,0,0,0,0,0,1,0,0,0,0,0,1,0,0,0,0,0]"
009543,voc/VOCdevkit/VOC2007/JPEGImages/009543.jpg,"[0,0,0,0,0,0,0,0,1,0,0,1,0,0,0,0,0,0,0,0]"
009546,voc/VOCdevkit/VOC2007/JPEGImages/009546.jpg,"[0,0,0,0,0,0,0,0,0,0,0,0,0,0,1,0,0,1,0,0]"
009549,voc/VOCdevkit/VOC2007/JPEGImages/009549.jpg,"[0,0,0,0,0,0,0,1,0,0,0,0,0,0,0,0,0,0,0,0]"
009550,voc/VOCdevkit/VOC2007/JPEGImages/009550.jpg,"[0,0,0,0,0,0,0,0,1,0,1,0,0,0,0,0,0,0,0,0]"
009557,voc/VOCdevkit/VOC2007/JPEGImages/009557.jpg,"[0,1,0,0,0,0,0,0,0,0,0,0,0,0,1,0,0,0,0,0]"
009558,voc/VOCdevkit/VOC2007/JPEGImages/009558.jpg,"[0,0,0,0,0,0,1,0,0,0,0,0,0,0,1,0,0,0,0,0]"
009560,voc/VOCdevkit/VOC2007/JPEGImages/009560.jpg,"[0,0,0,0,0,0,0,1,0,0,0,0,0,0,0,0,0,0,0,0]"
009562,voc/VOCdevkit/VOC2007/JPEGImages/009562.jpg,"[0,0,0,0,0,0,0,0,0,0,0,1,0,0,0,0,0,0,0,0]"
009565,voc/VOCdevkit/VOC2007/JPEGImages/009565.jpg,"[0,0,0,0,0,0,0,0,0,0,0,0,0,0,1,0,0,1,0,0]"
009567,voc/VOCdevkit/VOC2007/JPEGImages/009567.jpg,"[0,0,0,0,0,0,0,0,0,0,0,0,0,0,1,0,0,1,0,0]"
009568,voc/VOCdevkit/VOC2007/JPEGImages/009568.jpg,"[0,1,0,0,0,0,0,0,0,0,0,0,0,0,1,0,0,0,0,0]"
009573,voc/VOCdevkit/VOC2007/JPEGImages/009573.jpg,"[0,0,0,0,0,0,0,0,0,0,0,0,0,1,1,0,0,0,0,0]"
009576,voc/VOCdevkit/VOC2007/JPEGImages/009576.jpg,"[0,0,0,0,0,0,0,0,0,0,0,0,0,0,0,0,0,0,0,1]"
009577,voc/VOCdevkit/VOC2007/JPEGImages/009577.jpg,"[0,0,0,0,0,0,0,0,1,0,1,0,0,0,1,0,0,0,0,0]"
009579,voc/VOCdevkit/VOC2007/JPEGImages/009579.jpg,"[0,0,0,0,0,0,0,0,0,0,0,0,0,0,1,0,0,0,0,0]"
009580,voc/VOCdevkit/VOC2007/JPEGImages/009580.jpg,"[0,0,0,0,0,0,0,0,0,0,0,0,0,0,0,0,0,0,1,0]"
009584,voc/VOCdevkit/VOC2007/JPEGImages/009584.jpg,"[0,0,0,0,0,0,0,1,0,0,0,0,0,0,0,0,0,0,0,0]"
009586,voc/VOCdevkit/VOC2007/JPEGImages/009586.jpg,"[0,0,0,0,0,0,0,0,0,1,0,0,0,0,0,0,0,0,0,0]"
009587,voc/VOCdevkit/VOC2007/JPEGImages/009587.jpg,"[0,0,0,0,0,0,0,0,0,0,0,1,0,0,0,0,0,0,0,0]"
009591,voc/VOCdevkit/VOC2007/JPEGImages/009591.jpg,"[0,0,0,0,0,0,0,0,0,0,0,0,0,1,1,0,0,0,0,0]"
009597,voc/VOCdevkit/VOC2007/JPEGImages/009597.jpg,"[0,0,0,0,0,0,0,0,0,0,0,0,0,0,0,0,0,0,1,0]"
009598,voc/VOCdevkit/VOC2007/JPEGImages/009598.jpg,"[0,0,1,0,0,0,0,0,0,0,0,0,0,0,0,0,0,0,0,0]"
009600,voc/VOCdevkit/VOC2007/JPEGImages/009600.jpg,"[0,1,0,0,0,0,0,0,0,0,0,0,0,0,1,0,0,0,0,0]"
009603,voc/VOCdevkit/VOC2007/JPEGImages/009603.jpg,"[0,0,0,1,0,0,0,0,0,0,0,0,0,0,1,0,0,0,0,0]"
009605,voc/VOCdevkit/VOC2007/JPEGImages/009605.jpg,"[0,0,0,0,0,0,0,0,0,0,0,1,0,0,0,0,0,0,0,0]"
009609,voc/VOCdevkit/VOC2007/JPEGImages/009609.jpg,"[0,0,1,0,0,0,0,0,0,0,0,0,0,0,1,0,0,0,0,0]"
009611,voc/VOCdevkit/VOC2007/JPEGImages/009611.jpg,"[0,0,0,0,0,0,0,0,0,0,0,0,0,0,1,0,0,0,0,1]"
009613,voc/VOCdevkit/VOC2007/JPEGImages/009613.jpg,"[0,0,0,0,1,0,0,0,1,0,1,0,0,0,1,0,0,1,0,0]"
009614,voc/VOCdevkit/VOC2007/JPEGImages/009614.jpg,"[0,0,0,0,0,0,1,0,0,0,0,0,0,0,1,0,0,0,0,0]"
009615,voc/VOCdevkit/VOC2007/JPEGImages/009615.jpg,"[1,0,0,0,0,0,0,0,0,0,0,0,0,0,0,0,0,0,0,0]"
009617,voc/VOCdevkit/VOC2007/JPEGImages/009617.jpg,"[0,0,0,0,0,0,0,0,1,0,1,0,0,0,1,0,0,0,0,0]"
009618,voc/VOCdevkit/VOC2007/JPEGImages/009618.jpg,"[0,1,0,0,0,0,0,0,0,0,0,0,0,0,1,0,0,0,0,0]"
009620,voc/VOCdevkit/VOC2007/JPEGImages/009620.jpg,"[1,0,0,0,0,0,1,0,0,0,0,0,0,0,0,0,0,0,0,0]"
009627,voc/VOCdevkit/VOC2007/JPEGImages/009627.jpg,"[0,0,0,0,0,1,0,0,0,0,0,0,0,0,0,0,0,0,0,0]"
009629,voc/VOCdevkit/VOC2007/JPEGImages/009629.jpg,"[1,0,0,0,0,0,0,0,0,0,0,0,0,0,0,0,0,0,0,0]"
009634,voc/VOCdevkit/VOC2007/JPEGImages/009634.jpg,"[0,0,0,0,0,0,0,0,0,0,0,0,0,0,0,1,0,0,0,0]"
009636,voc/VOCdevkit/VOC2007/JPEGImages/009636.jpg,"[0,1,0,0,0,0,0,0,0,0,0,0,0,0,0,0,0,0,0,0]"
009637,voc/VOCdevkit/VOC2007/JPEGImages/009637.jpg,"[0,0,0,0,0,0,0,0,0,0,0,0,0,0,0,0,0,0,1,0]"
009638,voc/VOCdevkit/VOC2007/JPEGImages/009638.jpg,"[0,0,0,0,0,0,0,0,1,0,1,0,0,0,1,1,0,0,0,0]"
009641,voc/VOCdevkit/VOC2007/JPEGImages/009641.jpg,"[0,1,0,0,0,1,1,0,0,0,0,0,0,0,1,0,0,0,0,0]"
009644,voc/VOCdevkit/VOC2007/JPEGImages/009644.jpg,"[0,0,0,0,0,0,1,0,0,0,0,0,0,0,0,0,0,0,0,0]"
009647,voc/VOCdevkit/VOC2007/JPEGImages/009647.jpg,"[0,0,0,0,1,0,0,0,1,0,0,0,0,0,1,1,0,0,0,0]"
009649,voc/VOCdevkit/VOC2007/JPEGImages/009649.jpg,"[0,0,0,0,0,0,0,0,1,0,0,0,0,0,1,0,0,0,0,1]"
009650,voc/VOCdevkit/VOC2007/JPEGImages/009650.jpg,"[0,0,0,0,0,0,0,0,0,1,0,0,0,0,0,0,0,0,0,0]"
009654,voc/VOCdevkit/VOC2007/JPEGImages/009654.jpg,"[0,0,0,0,1,0,0,0,0,0,0,0,0,0,1,0,0,0,0,0]"
009655,voc/VOCdevkit/VOC2007/JPEGImages/009655.jpg,"[0,0,0,0,0,0,0,0,0,0,0,0,0,0,1,0,0,1,0,0]"
009656,voc/VOCdevkit/VOC2007/JPEGImages/009656.jpg,"[0,1,0,0,0,0,0,0,0,0,0,0,0,0,1,0,0,0,0,1]"
009658,voc/VOCdevkit/VOC2007/JPEGImages/009658.jpg,"[0,0,0,0,0,0,0,1,0,0,0,0,0,0,0,0,0,0,0,0]"
009659,voc/VOCdevkit/VOC2007/JPEGImages/009659.jpg,"[0,0,0,0,0,0,0,0,1,0,0,0,0,0,1,0,0,0,0,0]"
009664,voc/VOCdevkit/VOC2007/JPEGImages/009664.jpg,"[0,0,0,0,1,0,0,0,0,0,0,0,0,0,0,0,0,0,0,0]"
009666,voc/VOCdevkit/VOC2007/JPEGImages/009666.jpg,"[0,0,0,0,1,0,0,0,0,0,0,0,0,0,1,0,0,0,0,0]"
009667,voc/VOCdevkit/VOC2007/JPEGImages/009667.jpg,"[0,1,0,0,0,0,0,0,0,0,0,0,0,0,0,0,0,0,0,0]"
009668,voc/VOCdevkit/VOC2007/JPEGImages/009668.jpg,"[0,0,0,0,0,0,0,0,0,0,0,1,0,0,1,0,0,0,0,0]"
009670,voc/VOCdevkit/VOC2007/JPEGImages/009670.jpg,"[0,0,0,0,0,0,0,1,0,0,0,0,0,0,0,0,0,0,0,0]"
009671,voc/VOCdevkit/VOC2007/JPEGImages/009671.jpg,"[0,0,0,0,0,0,1,0,0,0,0,0,0,0,1,0,0,0,0,0]"
009676,voc/VOCdevkit/VOC2007/JPEGImages/009676.jpg,"[0,0,0,0,0,0,1,0,0,0,0,0,0,0,1,0,0,0,0,0]"
009678,voc/VOCdevkit/VOC2007/JPEGImages/009678.jpg,"[0,0,0,0,0,1,0,0,0,0,0,0,0,0,0,0,0,0,0,0]"
009684,voc/VOCdevkit/VOC2007/JPEGImages/009684.jpg,"[0,0,0,0,0,0,0,0,0,0,0,0,0,0,1,0,0,1,0,0]"
009686,voc/VOCdevkit/VOC2007/JPEGImages/009686.jpg,"[0,0,0,0,0,0,0,0,0,0,0,0,0,0,0,1,0,0,0,0]"
009687,voc/VOCdevkit/VOC2007/JPEGImages/009687.jpg,"[0,0,0,0,1,0,0,0,0,0,0,0,0,0,1,0,0,0,0,0]"
009692,voc/VOCdevkit/VOC2007/JPEGImages/009692.jpg,"[0,0,1,0,0,0,0,0,0,0,0,0,0,0,0,0,0,0,0,0]"
009693,voc/VOCdevkit/VOC2007/JPEGImages/009693.jpg,"[0,0,0,0,0,0,0,0,0,0,0,0,0,0,1,0,0,1,0,0]"
009695,voc/VOCdevkit/VOC2007/JPEGImages/009695.jpg,"[0,0,0,0,0,0,0,0,0,0,0,0,0,0,0,0,0,0,1,0]"
009698,voc/VOCdevkit/VOC2007/JPEGImages/009698.jpg,"[0,0,0,0,0,0,0,0,0,0,0,0,1,0,1,0,0,0,0,0]"
009699,voc/VOCdevkit/VOC2007/JPEGImages/009699.jpg,"[0,0,0,0,0,0,1,0,0,0,0,0,0,0,0,0,0,0,0,0]"
009702,voc/VOCdevkit/VOC2007/JPEGImages/009702.jpg,"[1,0,0,0,0,0,0,0,0,0,0,0,0,0,0,0,0,0,0,0]"
009703,voc/VOCdevkit/VOC2007/JPEGImages/009703.jpg,"[0,1,0,0,0,0,0,0,0,0,0,0,0,0,1,0,0,0,0,0]"
009706,voc/VOCdevkit/VOC2007/JPEGImages/009706.jpg,"[0,0,0,0,0,0,0,0,0,0,1,0,0,0,0,0,0,0,0,0]"
009709,voc/VOCdevkit/VOC2007/JPEGImages/009709.jpg,"[0,0,0,0,1,0,0,0,0,0,0,0,0,0,0,0,0,0,0,0]"
009710,voc/VOCdevkit/VOC2007/JPEGImages/009710.jpg,"[0,0,0,0,0,0,0,0,0,1,0,0,0,0,0,0,0,0,0,0]"
009711,voc/VOCdevkit/VOC2007/JPEGImages/009711.jpg,"[0,0,0,0,0,0,1,0,0,0,0,0,0,0,1,0,0,0,0,0]"
009712,voc/VOCdevkit/VOC2007/JPEGImages/009712.jpg,"[0,0,0,0,0,0,0,0,0,0,0,0,0,0,1,0,0,0,0,0]"
009713,voc/VOCdevkit/VOC2007/JPEGImages/009713.jpg,"[0,0,0,0,0,0,0,0,1,0,0,1,0,0,1,0,0,0,0,0]"
009718,voc/VOCdevkit/VOC2007/JPEGImages/009718.jpg,"[0,0,0,0,0,0,1,0,0,0,0,0,0,0,1,0,0,0,1,0]"
009719,voc/VOCdevkit/VOC2007/JPEGImages/009719.jpg,"[0,0,0,0,0,0,0,0,0,0,0,0,1,0,0,0,0,0,0,0]"
009721,voc/VOCdevkit/VOC2007/JPEGImages/009721.jpg,"[0,0,0,0,0,0,0,0,1,0,0,0,0,0,1,0,0,0,0,0]"
009724,voc/VOCdevkit/VOC2007/JPEGImages/009724.jpg,"[0,0,0,0,0,0,0,1,0,0,0,0,0,0,0,0,0,0,0,0]"
009732,voc/VOCdevkit/VOC2007/JPEGImages/009732.jpg,"[0,0,0,0,0,0,0,0,0,0,0,0,1,0,1,0,0,0,0,0]"
009733,voc/VOCdevkit/VOC2007/JPEGImages/009733.jpg,"[0,0,0,0,0,0,1,0,0,0,0,0,0,0,0,0,0,0,0,0]"
009737,voc/VOCdevkit/VOC2007/JPEGImages/009737.jpg,"[0,0,0,0,0,0,1,0,0,0,0,0,0,0,0,0,0,1,0,0]"
009745,voc/VOCdevkit/VOC2007/JPEGImages/009745.jpg,"[0,0,0,0,0,0,1,0,0,0,0,0,0,0,0,0,0,0,0,0]"
009746,voc/VOCdevkit/VOC2007/JPEGImages/009746.jpg,"[0,0,0,0,0,0,0,0,1,0,0,0,0,0,0,0,0,0,0,1]"
009747,voc/VOCdevkit/VOC2007/JPEGImages/009747.jpg,"[0,1,0,0,0,0,0,0,0,0,0,0,0,0,1,0,0,0,0,0]"
009748,voc/VOCdevkit/VOC2007/JPEGImages/009748.jpg,"[0,0,0,0,0,0,0,0,0,0,0,1,0,0,0,0,0,0,0,0]"
009749,voc/VOCdevkit/VOC2007/JPEGImages/009749.jpg,"[0,0,1,0,0,0,0,0,0,0,0,0,0,0,0,0,0,0,0,0]"
009755,voc/VOCdevkit/VOC2007/JPEGImages/009755.jpg,"[0,0,0,0,0,0,0,0,0,0,0,0,0,0,1,0,0,1,0,0]"
009756,voc/VOCdevkit/VOC2007/JPEGImages/009756.jpg,"[0,0,0,0,0,0,0,0,0,0,0,0,0,1,1,0,0,0,0,0]"
009758,voc/VOCdevkit/VOC2007/JPEGImages/009758.jpg,"[0,0,0,0,0,0,0,0,1,0,1,0,0,0,0,0,0,0,0,0]"
009761,voc/VOCdevkit/VOC2007/JPEGImages/009761.jpg,"[0,1,0,0,0,0,0,0,0,0,0,0,0,0,0,0,0,0,0,0]"
009763,voc/VOCdevkit/VOC2007/JPEGImages/009763.jpg,"[0,0,0,0,0,0,0,1,0,0,0,1,0,0,0,0,0,1,0,0]"
009764,voc/VOCdevkit/VOC2007/JPEGImages/009764.jpg,"[0,0,0,0,0,1,0,0,0,0,0,0,0,0,0,0,0,0,0,0]"
009772,voc/VOCdevkit/VOC2007/JPEGImages/009772.jpg,"[0,0,0,0,0,0,0,1,0,0,0,0,0,0,0,0,0,0,0,0]"
009773,voc/VOCdevkit/VOC2007/JPEGImages/009773.jpg,"[0,0,0,0,0,0,0,0,1,0,0,0,0,0,1,0,0,0,0,0]"
009774,voc/VOCdevkit/VOC2007/JPEGImages/009774.jpg,"[0,0,0,0,0,0,1,0,0,0,0,0,0,0,0,0,0,0,0,0]"
009778,voc/VOCdevkit/VOC2007/JPEGImages/009778.jpg,"[0,0,0,0,0,0,0,0,0,0,0,0,0,0,0,0,0,0,1,0]"
009781,voc/VOCdevkit/VOC2007/JPEGImages/009781.jpg,"[0,0,0,0,0,0,0,0,0,0,0,0,0,1,1,0,0,0,0,0]"
009789,voc/VOCdevkit/VOC2007/JPEGImages/009789.jpg,"[0,0,0,0,0,0,0,0,0,0,0,0,0,0,1,0,0,0,0,0]"
009790,voc/VOCdevkit/VOC2007/JPEGImages/009790.jpg,"[0,0,0,0,0,0,0,0,0,0,0,0,0,0,0,0,0,0,1,0]"
009792,voc/VOCdevkit/VOC2007/JPEGImages/009792.jpg,"[0,0,0,0,0,0,0,0,1,0,0,0,0,0,1,0,0,0,0,0]"
009794,voc/VOCdevkit/VOC2007/JPEGImages/009794.jpg,"[0,0,0,0,0,0,0,1,0,0,0,0,0,0,0,0,0,0,0,0]"
009796,voc/VOCdevkit/VOC2007/JPEGImages/009796.jpg,"[0,0,0,0,0,0,0,0,0,0,0,0,0,0,1,0,0,0,0,0]"
009797,voc/VOCdevkit/VOC2007/JPEGImages/009797.jpg,"[0,0,0,0,0,0,0,0,0,0,0,1,0,0,0,0,0,0,0,0]"
009800,voc/VOCdevkit/VOC2007/JPEGImages/009800.jpg,"[0,0,1,0,0,0,0,0,0,0,0,0,0,0,1,0,0,0,0,0]"
009801,voc/VOCdevkit/VOC2007/JPEGImages/009801.jpg,"[0,0,0,0,0,0,1,0,0,0,0,0,0,0,0,0,0,0,0,0]"
009808,voc/VOCdevkit/VOC2007/JPEGImages/009808.jpg,"[0,0,0,0,0,0,0,0,0,0,0,0,1,0,0,0,0,0,0,0]"
009809,voc/VOCdevkit/VOC2007/JPEGImages/009809.jpg,"[0,0,0,0,0,0,0,0,0,0,0,0,0,0,1,0,0,0,0,0]"
009810,voc/VOCdevkit/VOC2007/JPEGImages/009810.jpg,"[0,0,0,0,0,0,1,0,0,0,0,0,0,0,0,0,0,0,0,0]"
009813,voc/VOCdevkit/VOC2007/JPEGImages/009813.jpg,"[0,0,0,0,0,0,0,0,0,0,0,0,0,0,1,0,0,1,0,0]"
009816,voc/VOCdevkit/VOC2007/JPEGImages/009816.jpg,"[0,0,0,0,0,0,0,0,0,0,0,0,0,0,0,0,1,0,0,0]"
009819,voc/VOCdevkit/VOC2007/JPEGImages/009819.jpg,"[0,0,0,0,0,0,0,1,1,0,1,0,0,0,0,0,0,0,0,0]"
009822,voc/VOCdevkit/VOC2007/JPEGImages/009822.jpg,"[0,0,0,0,0,1,1,0,0,0,0,0,0,1,1,0,0,0,0,0]"
009823,voc/VOCdevkit/VOC2007/JPEGImages/009823.jpg,"[0,0,0,0,0,0,0,0,0,0,0,1,0,0,0,0,0,0,0,0]"
009828,voc/VOCdevkit/VOC2007/JPEGImages/009828.jpg,"[0,0,0,0,0,0,0,0,1,0,0,0,0,0,1,0,0,0,0,0]"
009831,voc/VOCdevkit/VOC2007/JPEGImages/009831.jpg,"[0,0,0,0,0,0,0,0,0,0,0,0,0,0,0,0,0,0,1,0]"
009832,voc/VOCdevkit/VOC2007/JPEGImages/009832.jpg,"[0,0,0,0,0,1,0,0,0,0,0,0,0,0,0,0,0,0,0,0]"
009833,voc/VOCdevkit/VOC2007/JPEGImages/009833.jpg,"[0,0,0,0,0,0,0,0,1,0,0,0,0,0,0,0,0,0,0,0]"
009836,voc/VOCdevkit/VOC2007/JPEGImages/009836.jpg,"[0,0,0,1,0,0,0,0,0,0,0,0,0,0,0,0,0,0,0,0]"
009839,voc/VOCdevkit/VOC2007/JPEGImages/009839.jpg,"[0,0,0,0,0,0,1,0,0,0,0,0,0,0,0,0,0,0,0,0]"
009841,voc/VOCdevkit/VOC2007/JPEGImages/009841.jpg,"[0,0,0,0,0,0,0,0,0,0,0,0,1,0,1,0,0,0,0,0]"
009842,voc/VOCdevkit/VOC2007/JPEGImages/009842.jpg,"[0,0,0,0,0,0,0,0,0,0,0,0,0,0,0,0,1,0,0,0]"
009845,voc/VOCdevkit/VOC2007/JPEGImages/009845.jpg,"[0,0,0,0,0,1,1,0,0,0,0,0,0,0,1,0,0,0,0,0]"
009848,voc/VOCdevkit/VOC2007/JPEGImages/009848.jpg,"[0,1,0,0,0,0,1,0,0,0,0,0,0,0,1,0,0,0,0,0]"
009851,voc/VOCdevkit/VOC2007/JPEGImages/009851.jpg,"[0,0,0,0,0,0,0,0,0,0,0,0,1,0,1,0,0,0,0,0]"
009855,voc/VOCdevkit/VOC2007/JPEGImages/009855.jpg,"[0,0,0,0,0,0,0,0,0,0,0,0,0,0,0,0,0,0,1,0]"
009858,voc/VOCdevkit/VOC2007/JPEGImages/009858.jpg,"[1,0,0,0,0,0,0,0,0,0,0,0,0,0,0,0,0,0,0,0]"
009859,voc/VOCdevkit/VOC2007/JPEGImages/009859.jpg,"[0,0,0,0,0,0,0,0,0,0,0,0,0,0,1,0,0,0,0,0]"
009860,voc/VOCdevkit/VOC2007/JPEGImages/009860.jpg,"[0,0,0,0,0,0,0,0,0,0,0,0,0,0,0,0,0,0,1,0]"
009862,voc/VOCdevkit/VOC2007/JPEGImages/009862.jpg,"[0,0,0,0,0,0,1,0,0,0,0,0,0,0,0,0,0,0,0,0]"
009863,voc/VOCdevkit/VOC2007/JPEGImages/009863.jpg,"[0,0,0,0,0,0,1,0,0,0,0,0,0,0,0,0,0,0,0,0]"
009865,voc/VOCdevkit/VOC2007/JPEGImages/009865.jpg,"[0,0,0,0,0,0,0,0,0,1,0,0,0,0,0,0,0,0,0,0]"
009867,voc/VOCdevkit/VOC2007/JPEGImages/009867.jpg,"[0,0,0,0,0,0,0,0,0,0,0,0,0,0,1,0,0,0,0,1]"
009869,voc/VOCdevkit/VOC2007/JPEGImages/009869.jpg,"[0,0,0,0,0,0,0,0,0,0,0,0,0,0,1,0,0,0,0,0]"
009870,voc/VOCdevkit/VOC2007/JPEGImages/009870.jpg,"[0,0,0,0,0,0,0,0,0,0,0,1,0,0,0,0,0,0,0,0]"
009872,voc/VOCdevkit/VOC2007/JPEGImages/009872.jpg,"[0,0,0,0,0,0,0,0,1,0,0,0,0,0,0,0,0,0,0,0]"
009874,voc/VOCdevkit/VOC2007/JPEGImages/009874.jpg,"[0,0,0,0,0,0,0,0,0,0,0,0,1,0,1,0,0,0,0,0]"
009877,voc/VOCdevkit/VOC2007/JPEGImages/009877.jpg,"[0,0,0,0,0,0,0,0,0,0,0,0,0,0,1,0,0,0,0,0]"
009878,voc/VOCdevkit/VOC2007/JPEGImages/009878.jpg,"[0,0,0,0,1,0,0,0,0,0,0,0,0,0,1,1,0,1,0,0]"
009879,voc/VOCdevkit/VOC2007/JPEGImages/009879.jpg,"[0,0,0,0,0,0,1,0,0,0,0,0,0,0,1,0,0,0,0,0]"
009880,voc/VOCdevkit/VOC2007/JPEGImages/009880.jpg,"[0,0,0,0,0,0,0,0,0,0,0,0,0,0,1,0,0,0,0,0]"
009881,voc/VOCdevkit/VOC2007/JPEGImages/009881.jpg,"[0,0,0,0,0,0,0,0,0,0,0,0,0,0,1,0,0,0,0,1]"
009882,voc/VOCdevkit/VOC2007/JPEGImages/009882.jpg,"[0,0,0,0,0,0,0,0,0,0,0,0,0,0,1,0,0,0,0,1]"
009884,voc/VOCdevkit/VOC2007/JPEGImages/009884.jpg,"[0,0,0,0,0,0,0,0,0,0,0,0,0,0,0,1,0,0,0,0]"
009886,voc/VOCdevkit/VOC2007/JPEGImages/009886.jpg,"[0,0,0,0,0,0,0,1,0,0,0,0,0,0,0,0,0,0,0,0]"
009887,voc/VOCdevkit/VOC2007/JPEGImages/009887.jpg,"[0,0,0,0,0,0,0,0,0,0,0,0,0,0,0,1,0,0,0,0]"
009894,voc/VOCdevkit/VOC2007/JPEGImages/009894.jpg,"[0,0,0,0,0,0,0,0,0,0,0,0,0,0,0,0,0,0,1,0]"
009897,voc/VOCdevkit/VOC2007/JPEGImages/009897.jpg,"[0,0,0,0,0,0,0,0,0,1,0,0,0,0,0,0,0,0,0,0]"
009898,voc/VOCdevkit/VOC2007/JPEGImages/009898.jpg,"[0,0,0,0,0,0,1,0,0,0,0,0,0,0,0,0,0,0,0,0]"
009900,voc/VOCdevkit/VOC2007/JPEGImages/009900.jpg,"[0,0,0,0,0,0,1,0,0,0,0,0,0,0,1,0,0,0,0,0]"
009902,voc/VOCdevkit/VOC2007/JPEGImages/009902.jpg,"[0,0,0,0,1,0,0,0,0,0,0,0,0,0,1,0,0,0,0,0]"
009904,voc/VOCdevkit/VOC2007/JPEGImages/009904.jpg,"[0,0,0,0,0,0,1,0,0,0,0,0,0,0,0,0,0,0,0,0]"
009905,voc/VOCdevkit/VOC2007/JPEGImages/009905.jpg,"[1,0,0,0,0,0,0,0,0,0,0,0,0,0,0,0,0,0,0,0]"
009908,voc/VOCdevkit/VOC2007/JPEGImages/009908.jpg,"[0,0,1,0,0,0,0,0,0,1,0,0,0,0,0,0,0,0,0,0]"
009917,voc/VOCdevkit/VOC2007/JPEGImages/009917.jpg,"[0,0,0,0,1,0,0,0,1,0,1,0,0,0,1,0,0,0,0,0]"
009918,voc/VOCdevkit/VOC2007/JPEGImages/009918.jpg,"[0,0,0,0,0,0,0,0,0,0,0,1,0,0,1,0,0,0,0,0]"
009920,voc/VOCdevkit/VOC2007/JPEGImages/009920.jpg,"[0,0,0,0,0,0,1,0,0,0,0,0,0,0,0,0,0,0,0,0]"
009923,voc/VOCdevkit/VOC2007/JPEGImages/009923.jpg,"[0,0,0,0,0,0,0,1,0,0,0,0,0,0,0,0,0,0,0,0]"
009926,voc/VOCdevkit/VOC2007/JPEGImages/009926.jpg,"[0,1,0,0,0,0,0,0,0,0,0,0,0,0,1,0,0,0,0,0]"
009932,voc/VOCdevkit/VOC2007/JPEGImages/009932.jpg,"[0,0,0,0,0,0,1,0,0,0,0,0,0,0,0,0,0,0,0,0]"
009935,voc/VOCdevkit/VOC2007/JPEGImages/009935.jpg,"[0,0,0,0,0,0,0,0,1,0,0,0,0,0,1,0,0,0,0,1]"
009938,voc/VOCdevkit/VOC2007/JPEGImages/009938.jpg,"[0,0,0,0,0,0,1,0,0,0,0,0,0,1,0,0,0,0,0,0]"
009939,voc/VOCdevkit/VOC2007/JPEGImages/009939.jpg,"[0,0,0,0,0,0,0,0,0,0,0,0,0,0,0,0,0,1,0,0]"
009940,voc/VOCdevkit/VOC2007/JPEGImages/009940.jpg,"[0,0,1,0,0,0,0,0,0,0,0,0,0,0,0,0,0,0,0,0]"
009942,voc/VOCdevkit/VOC2007/JPEGImages/009942.jpg,"[0,0,0,0,0,0,0,0,0,0,0,0,0,0,1,0,0,0,0,0]"
009944,voc/VOCdevkit/VOC2007/JPEGImages/009944.jpg,"[0,0,0,0,0,0,0,0,0,0,0,0,0,1,1,0,0,0,0,0]"
009945,voc/VOCdevkit/VOC2007/JPEGImages/009945.jpg,"[0,0,0,0,0,0,0,0,0,0,0,0,0,0,0,0,1,0,0,0]"
009946,voc/VOCdevkit/VOC2007/JPEGImages/009946.jpg,"[0,0,0,0,0,0,0,0,0,0,0,0,0,0,1,0,0,0,1,0]"
009947,voc/VOCdevkit/VOC2007/JPEGImages/009947.jpg,"[0,0,0,1,0,0,0,0,0,0,0,0,0,0,1,0,0,0,0,0]"
009949,voc/VOCdevkit/VOC2007/JPEGImages/009949.jpg,"[0,0,0,0,0,0,0,0,1,0,0,0,0,0,1,0,0,1,0,0]"
009950,voc/VOCdevkit/VOC2007/JPEGImages/009950.jpg,"[0,0,0,0,0,0,0,0,0,0,0,0,0,0,1,0,0,0,1,0]"
009954,voc/VOCdevkit/VOC2007/JPEGImages/009954.jpg,"[0,0,0,0,0,0,0,0,0,0,0,0,1,0,1,0,0,0,0,0]"
009955,voc/VOCdevkit/VOC2007/JPEGImages/009955.jpg,"[0,0,0,1,0,0,0,0,0,0,0,0,0,0,0,0,0,0,0,0]"
009958,voc/VOCdevkit/VOC2007/JPEGImages/009958.jpg,"[0,1,0,0,0,0,0,0,0,0,0,0,0,0,1,0,0,0,0,0]"
009959,voc/VOCdevkit/VOC2007/JPEGImages/009959.jpg,"[0,0,0,0,0,0,1,0,0,0,0,0,0,0,0,0,0,0,0,0]"
009961,voc/VOCdevkit/VOC2007/JPEGImages/009961.jpg,"[0,0,0,0,0,0,0,0,0,0,0,1,0,0,0,0,0,0,0,0]"
